booking_id,tournament_id,match_id,team_id,home_team,away_team,player_id,minute_label,match_period,yellow_card,red_card,second_yellow_card,sending_off
B-0001,WC-1970,M-1970-01,T-72,0,1,P-33189,30',first half,1,0,0,0
B-0002,WC-1970,M-1970-01,T-72,0,1,P-43733,31',first half,1,0,0,0
B-0003,WC-1970,M-1970-01,T-72,0,1,P-52906,34',first half,1,0,0,0
B-0004,WC-1970,M-1970-01,T-46,1,0,P-64553,60',second half,1,0,0,0
B-0005,WC-1970,M-1970-01,T-72,0,1,P-70408,72',second half,1,0,0,0
B-0006,WC-1970,M-1970-06,T-74,0,1,P-20172,56',second half,1,0,0,0
B-0007,WC-1970,M-1970-07,T-09,1,0,P-04354,31',first half,1,0,0,0
B-0008,WC-1970,M-1970-11,T-61,1,0,P-41601,82',second half,1,0,0,0
B-0009,WC-1970,M-1970-11,T-21,0,1,P-25708,82',second half,1,0,0,0
B-0010,WC-1970,M-1970-13,T-27,0,1,P-54377,13',first half,1,0,0,0
B-0011,WC-1970,M-1970-13,T-27,0,1,P-60582,33',first half,1,0,0,0
B-0012,WC-1970,M-1970-13,T-27,0,1,P-08268,45',first half,1,0,0,0
B-0013,WC-1970,M-1970-13,T-27,0,1,P-10096,57',second half,1,0,0,0
B-0014,WC-1970,M-1970-14,T-40,0,1,P-08449,38',first half,1,0,0,0
B-0015,WC-1970,M-1970-14,T-74,1,0,P-61494,72',second half,1,0,0,0
B-0016,WC-1970,M-1970-14,T-40,0,1,P-87631,89',second half,1,0,0,0
B-0017,WC-1970,M-1970-15,T-28,0,1,P-88728,30',first half,1,0,0,0
B-0018,WC-1970,M-1970-17,T-72,1,0,P-98262,90',second half,1,0,0,0
B-0019,WC-1970,M-1970-19,T-61,0,1,P-26224,44',first half,1,0,0,0
B-0020,WC-1970,M-1970-19,T-61,0,1,P-61942,78',second half,1,0,0,0
B-0021,WC-1970,M-1970-21,T-06,0,1,P-94646,15',first half,1,0,0,0
B-0022,WC-1970,M-1970-21,T-46,1,0,P-07812,19',first half,1,0,0,0
B-0023,WC-1970,M-1970-21,T-46,1,0,P-64553,29',first half,1,0,0,0
B-0024,WC-1970,M-1970-21,T-06,0,1,P-98745,29',first half,1,0,0,0
B-0025,WC-1970,M-1970-21,T-06,0,1,P-42364,62',second half,1,0,0,0
B-0026,WC-1970,M-1970-22,T-40,0,1,P-87631,62',second half,1,0,0,0
B-0027,WC-1970,M-1970-22,T-40,0,1,P-92635,67',second half,1,0,0,0
B-0028,WC-1970,M-1970-22,T-41,1,0,P-92154,90',second half,1,0,0,0
B-0029,WC-1970,M-1970-23,T-21,0,1,P-49133,78',second half,1,0,0,0
B-0030,WC-1970,M-1970-26,T-41,1,0,P-62214,67',second half,1,0,0,0
B-0031,WC-1970,M-1970-27,T-84,0,1,P-83747,9',first half,1,0,0,0
B-0032,WC-1970,M-1970-27,T-84,0,1,P-83931,17',first half,1,0,0,0
B-0033,WC-1970,M-1970-27,T-72,1,0,P-33189,32',first half,1,0,0,0
B-0034,WC-1970,M-1970-27,T-84,0,1,P-63224,59',second half,1,0,0,0
B-0035,WC-1970,M-1970-27,T-72,1,0,P-17002,76',second half,1,0,0,0
B-0036,WC-1970,M-1970-27,T-72,1,0,P-02102,118',"extra time, second half",1,0,0,0
B-0037,WC-1970,M-1970-28,T-28,0,1,P-88728,10',first half,1,0,0,0
B-0038,WC-1970,M-1970-28,T-86,1,0,P-72441,18',first half,1,0,0,0
B-0039,WC-1970,M-1970-29,T-84,0,1,P-50162,5',first half,1,0,0,0
B-0040,WC-1970,M-1970-29,T-84,0,1,P-48169,18',first half,1,0,0,0
B-0041,WC-1970,M-1970-29,T-84,0,1,P-40429,37',first half,1,0,0,0
B-0042,WC-1970,M-1970-29,T-09,1,0,P-25829,44',first half,1,0,0,0
B-0043,WC-1970,M-1970-30,T-41,1,0,P-45085,38',first half,1,0,0,0
B-0044,WC-1970,M-1970-30,T-86,0,1,P-60896,53',second half,1,0,0,0
B-0045,WC-1970,M-1970-30,T-86,0,1,P-72441,66',second half,1,0,0,0
B-0046,WC-1970,M-1970-30,T-41,1,0,P-73673,73',second half,1,0,0,0
B-0047,WC-1970,M-1970-30,T-41,1,0,P-77530,103',"extra time, first half",1,0,0,0
B-0048,WC-1970,M-1970-30,T-41,1,0,P-67671,114',"extra time, second half",1,0,0,0
B-0049,WC-1970,M-1970-31,T-86,1,0,P-86015,64',second half,1,0,0,0
B-0050,WC-1970,M-1970-31,T-84,0,1,P-63224,89',second half,1,0,0,0
B-0051,WC-1970,M-1970-32,T-41,0,1,P-42540,27',first half,1,0,0,0
B-0052,WC-1970,M-1970-32,T-09,1,0,P-85778,33',first half,1,0,0,0
B-0053,WC-1974,M-1974-01,T-87,0,1,P-26214,17',first half,1,0,0,0
B-0054,WC-1974,M-1974-01,T-87,0,1,P-67954,49',second half,1,0,0,0
B-0055,WC-1974,M-1974-02,T-13,0,1,P-57208,13',first half,1,1,0,1
B-0056,WC-1974,M-1974-02,T-13,0,1,P-34664,47',second half,1,0,0,0
B-0057,WC-1974,M-1974-02,T-13,0,1,P-51910,59',second half,1,0,0,0
B-0058,WC-1974,M-1974-03,T-24,1,0,P-57266,32',first half,1,0,0,0
B-0059,WC-1974,M-1974-03,T-24,1,0,P-53970,58',second half,1,0,0,0
B-0060,WC-1974,M-1974-03,T-24,1,0,P-12102,61',second half,1,0,0,0
B-0061,WC-1974,M-1974-04,T-88,1,0,P-49087,40',first half,1,0,0,0
B-0062,WC-1974,M-1974-04,T-64,0,1,P-87058,48',second half,1,0,0,0
B-0063,WC-1974,M-1974-06,T-84,1,0,P-11707,25',first half,1,0,0,0
B-0064,WC-1974,M-1974-06,T-84,1,0,P-34358,50',second half,1,0,0,0
B-0065,WC-1974,M-1974-06,T-84,1,0,P-32274,65',second half,1,0,0,0
B-0066,WC-1974,M-1974-06,T-84,1,0,P-83931,69',second half,0,1,0,1
B-0067,WC-1974,M-1974-07,T-34,0,1,P-28084,65',second half,1,0,0,0
B-0068,WC-1974,M-1974-08,T-03,0,1,P-94783,21',first half,1,0,0,0
B-0069,WC-1974,M-1974-08,T-03,0,1,P-33365,47',second half,1,0,0,0
B-0070,WC-1974,M-1974-10,T-13,1,0,P-54736,56',second half,1,0,0,0
B-0071,WC-1974,M-1974-10,T-13,1,0,P-27772,60',second half,1,0,0,0
B-0072,WC-1974,M-1974-10,T-24,0,1,P-12102,65',second half,1,0,0,0
B-0073,WC-1974,M-1974-11,T-09,0,1,P-85778,35',first half,1,0,0,0
B-0074,WC-1974,M-1974-11,T-09,0,1,P-81415,81',second half,1,0,0,0
B-0075,WC-1974,M-1974-11,T-09,0,1,P-89772,87',second half,1,0,0,0
B-0076,WC-1974,M-1974-12,T-88,0,1,P-88955,22',first half,0,1,0,1
B-0077,WC-1974,M-1974-12,T-87,1,0,P-00262,54',second half,1,0,0,0
B-0078,WC-1974,M-1974-13,T-10,1,0,P-76230,9',first half,1,0,0,0
B-0079,WC-1974,M-1974-13,T-84,0,1,P-99710,44',first half,1,0,0,0
B-0080,WC-1974,M-1974-14,T-74,0,1,P-29454,36',first half,1,0,0,0
B-0081,WC-1974,M-1974-14,T-74,0,1,P-61494,68',second half,1,0,0,0
B-0082,WC-1974,M-1974-14,T-48,1,0,P-89554,72',second half,1,0,0,0
B-0083,WC-1974,M-1974-14,T-74,0,1,P-90911,74',second half,1,0,0,0
B-0084,WC-1974,M-1974-14,T-74,0,1,P-37575,86',second half,1,0,0,0
B-0085,WC-1974,M-1974-15,T-41,0,1,P-12030,48',second half,1,0,0,0
B-0086,WC-1974,M-1974-15,T-03,1,0,P-33365,54',second half,1,0,0,0
B-0087,WC-1974,M-1974-16,T-34,1,0,P-28084,71',second half,1,0,0,0
B-0088,WC-1974,M-1974-17,T-04,1,0,P-06541,37',first half,1,1,0,1
B-0089,WC-1974,M-1974-18,T-87,0,1,P-26214,21',first half,1,0,0,0
B-0090,WC-1974,M-1974-18,T-87,0,1,P-20553,55',second half,1,0,0,0
B-0091,WC-1974,M-1974-18,T-64,1,0,P-22480,60',second half,1,0,0,0
B-0092,WC-1974,M-1974-18,T-64,1,0,P-47050,70',second half,1,0,0,0
B-0093,WC-1974,M-1974-18,T-87,0,1,P-74389,70',second half,1,0,0,0
B-0094,WC-1974,M-1974-19,T-09,0,1,P-01779,77',second half,1,0,0,0
B-0095,WC-1974,M-1974-19,T-88,1,0,P-99200,78',second half,1,0,0,0
B-0096,WC-1974,M-1974-20,T-24,1,0,P-27040,27',first half,1,0,0,0
B-0097,WC-1974,M-1974-20,T-24,1,0,P-79032,81',second half,1,0,0,0
B-0098,WC-1974,M-1974-20,T-24,1,0,P-87788,84',second half,1,0,0,0
B-0099,WC-1974,M-1974-21,T-48,0,1,P-89311,5',first half,1,0,0,0
B-0100,WC-1974,M-1974-21,T-48,0,1,P-65100,22',first half,1,0,0,0
B-0101,WC-1974,M-1974-21,T-48,0,1,P-50564,29',first half,1,0,0,0
B-0102,WC-1974,M-1974-21,T-10,1,0,P-75999,44',first half,1,0,0,0
B-0103,WC-1974,M-1974-21,T-10,1,0,P-04554,67',second half,1,0,0,0
B-0104,WC-1974,M-1974-22,T-84,0,1,P-50198,21',first half,1,0,0,0
B-0105,WC-1974,M-1974-23,T-03,1,0,P-33365,26',first half,1,0,0,0
B-0106,WC-1974,M-1974-23,T-03,1,0,P-82218,60',second half,1,0,0,0
B-0107,WC-1974,M-1974-23,T-34,0,1,P-16092,85',second half,1,0,0,0
B-0108,WC-1974,M-1974-24,T-57,1,0,P-97548,25',first half,1,0,0,0
B-0109,WC-1974,M-1974-24,T-41,0,1,P-92154,71',second half,1,0,0,0
B-0110,WC-1974,M-1974-24,T-57,1,0,P-39234,84',second half,1,0,0,0
B-0111,WC-1974,M-1974-25,T-86,0,1,P-60896,16',first half,1,0,0,0
B-0112,WC-1974,M-1974-25,T-86,0,1,P-69695,35',first half,1,0,0,0
B-0113,WC-1974,M-1974-25,T-87,1,0,P-47694,36',first half,1,0,0,0
B-0114,WC-1974,M-1974-25,T-87,1,0,P-00262,61',second half,1,0,0,0
B-0115,WC-1974,M-1974-26,T-24,0,1,P-73193,11',first half,1,0,0,0
B-0116,WC-1974,M-1974-26,T-09,1,0,P-77430,27',first half,1,0,0,0
B-0117,WC-1974,M-1974-26,T-09,1,0,P-07188,28',first half,1,0,0,0
B-0118,WC-1974,M-1974-26,T-09,1,0,P-89519,75',second half,1,0,0,0
B-0119,WC-1974,M-1974-26,T-24,0,1,P-91963,84',second half,1,0,0,0
B-0120,WC-1974,M-1974-27,T-48,1,0,P-16991,22',first half,1,0,0,0
B-0121,WC-1974,M-1974-27,T-03,0,1,P-94783,35',first half,1,0,0,0
B-0122,WC-1974,M-1974-27,T-48,1,0,P-45370,58',second half,1,0,0,0
B-0123,WC-1974,M-1974-28,T-57,0,1,P-92867,44',first half,1,0,0,0
B-0124,WC-1974,M-1974-28,T-57,0,1,P-95634,49',second half,1,0,0,0
B-0125,WC-1974,M-1974-29,T-03,1,0,P-04739,72',second half,1,0,0,0
B-0126,WC-1974,M-1974-32,T-74,0,1,P-37575,45',first half,1,0,0,0
B-0127,WC-1974,M-1974-34,T-24,0,1,P-27040,23',first half,1,0,0,0
B-0128,WC-1974,M-1974-34,T-03,1,0,P-56518,68',second half,1,0,0,0
B-0129,WC-1974,M-1974-35,T-48,1,0,P-45370,29',first half,1,0,0,0
B-0130,WC-1974,M-1974-35,T-09,0,1,P-87744,29',first half,1,1,0,1
B-0131,WC-1974,M-1974-35,T-09,0,1,P-72683,37',first half,1,0,0,0
B-0132,WC-1974,M-1974-35,T-09,0,1,P-89772,44',first half,1,0,0,0
B-0133,WC-1974,M-1974-35,T-48,1,0,P-89554,69',second half,1,0,0,0
B-0134,WC-1974,M-1974-36,T-87,0,1,P-20553,26',first half,1,0,0,0
B-0135,WC-1974,M-1974-36,T-87,0,1,P-80725,86',second half,1,0,0,0
B-0136,WC-1974,M-1974-37,T-57,0,1,P-97548,71',second half,1,0,0,0
B-0137,WC-1974,M-1974-37,T-09,1,0,P-77430,76',second half,1,0,0,0
B-0138,WC-1974,M-1974-38,T-86,0,1,P-69695,4',first half,1,0,0,0
B-0139,WC-1974,M-1974-38,T-48,1,0,P-65100,23',first half,1,0,0,0
B-0140,WC-1974,M-1974-38,T-48,1,0,P-16991,40',first half,1,0,0,0
B-0141,WC-1974,M-1974-38,T-48,1,0,P-50564,45',first half,1,0,0,0
B-0142,WC-1978,M-1978-02,T-41,1,0,P-93788,35',first half,1,0,0,0
B-0143,WC-1978,M-1978-02,T-30,0,1,P-08939,60',second half,1,0,0,0
B-0144,WC-1978,M-1978-02,T-30,0,1,P-48925,81',second half,1,0,0,0
B-0145,WC-1978,M-1978-04,T-36,0,1,P-34326,21',first half,1,0,0,0
B-0146,WC-1978,M-1978-04,T-36,0,1,P-86777,48',second half,1,0,0,0
B-0147,WC-1978,M-1978-04,T-03,1,0,P-80376,77',second half,1,0,0,0
B-0148,WC-1978,M-1978-04,T-36,0,1,P-86777,88',second half,0,1,0,1
B-0149,WC-1978,M-1978-04,T-36,0,1,P-34326,89',second half,0,1,0,1
B-0150,WC-1978,M-1978-06,T-74,0,1,P-03989,74',second half,1,0,0,0
B-0151,WC-1978,M-1978-06,T-09,1,0,P-69644,87',second half,1,0,0,0
B-0152,WC-1978,M-1978-08,T-56,1,0,P-72529,19',first half,1,0,0,0
B-0153,WC-1978,M-1978-09,T-36,0,1,P-12183,26',first half,1,0,0,0
B-0154,WC-1978,M-1978-09,T-36,0,1,P-70353,64',second half,1,0,0,0
B-0155,WC-1978,M-1978-11,T-86,1,0,P-41102,43',first half,1,0,0,0
B-0156,WC-1978,M-1978-11,T-46,0,1,P-84173,44',first half,1,0,0,0
B-0157,WC-1978,M-1978-12,T-30,0,1,P-74565,88',second half,1,0,0,0
B-0158,WC-1978,M-1978-14,T-73,0,1,P-15195,60',second half,1,0,0,0
B-0159,WC-1978,M-1978-15,T-48,1,0,P-25337,25',first half,1,0,0,0
B-0160,WC-1978,M-1978-19,T-79,0,1,P-12467,68',second half,1,0,0,0
B-0161,WC-1978,M-1978-19,T-86,1,0,P-95747,87',second half,1,0,0,0
B-0162,WC-1978,M-1978-20,T-41,0,1,P-12030,60',second half,1,0,0,0
B-0163,WC-1978,M-1978-22,T-74,0,1,P-59590,39',first half,1,0,0,0
B-0164,WC-1978,M-1978-24,T-64,1,0,P-16479,35',first half,1,0,0,0
B-0165,WC-1978,M-1978-28,T-57,0,1,P-56499,75',second half,1,0,0,0
B-0166,WC-1978,M-1978-28,T-03,1,0,P-99593,80',second half,1,0,0,0
B-0167,WC-1978,M-1978-29,T-56,1,0,P-32373,7',first half,1,0,0,0
B-0168,WC-1978,M-1978-29,T-57,0,1,P-95634,59',second half,1,0,0,0
B-0169,WC-1978,M-1978-29,T-57,0,1,P-03652,75',second half,1,0,0,0
B-0170,WC-1978,M-1978-29,T-56,1,0,P-07978,89',second half,1,0,0,0
B-0171,WC-1978,M-1978-31,T-48,1,0,P-48712,6',first half,1,0,0,0
B-0172,WC-1978,M-1978-31,T-86,0,1,P-14080,84',second half,1,0,0,0
B-0173,WC-1978,M-1978-31,T-48,1,0,P-48111,87',second half,1,1,0,1
B-0174,WC-1978,M-1978-33,T-05,1,0,P-03451,69',second half,1,0,0,0
B-0175,WC-1978,M-1978-33,T-86,0,1,P-64134,69',second half,1,0,0,0
B-0176,WC-1978,M-1978-33,T-05,1,0,P-47233,85',second half,1,0,0,0
B-0177,WC-1978,M-1978-34,T-48,0,1,P-89554,35',first half,1,0,0,0
B-0178,WC-1978,M-1978-34,T-41,1,0,P-12030,40',first half,1,0,0,0
B-0179,WC-1978,M-1978-34,T-48,0,1,P-01582,50',second half,1,0,0,0
B-0180,WC-1978,M-1978-34,T-41,1,0,P-03775,65',second half,1,0,0,0
B-0181,WC-1978,M-1978-34,T-41,1,0,P-93788,70',second half,1,0,0,0
B-0182,WC-1978,M-1978-37,T-09,1,0,P-48382,35',first half,1,0,0,0
B-0183,WC-1978,M-1978-37,T-09,1,0,P-99975,44',first half,1,0,0,0
B-0184,WC-1978,M-1978-37,T-41,0,1,P-21248,72',second half,1,0,0,0
B-0185,WC-1978,M-1978-38,T-48,0,1,P-31830,15',first half,1,0,0,0
B-0186,WC-1978,M-1978-38,T-03,1,0,P-66254,40',first half,1,0,0,0
B-0187,WC-1978,M-1978-38,T-03,1,0,P-23168,93',"extra time, first half",1,0,0,0
B-0188,WC-1978,M-1978-38,T-48,0,1,P-45370,94',"extra time, first half",1,0,0,0
B-0189,WC-1978,M-1978-38,T-48,0,1,P-03270,96',"extra time, first half",1,0,0,0
B-0190,WC-1982,M-1982-01,T-06,0,1,P-07663,50',second half,1,0,0,0
B-0191,WC-1982,M-1982-01,T-03,1,0,P-61157,55',second half,1,0,0,0
B-0192,WC-1982,M-1982-02,T-41,1,0,P-06193,2',first half,1,0,0,0
B-0193,WC-1982,M-1982-02,T-57,0,1,P-03652,12',first half,1,0,0,0
B-0194,WC-1982,M-1982-02,T-41,1,0,P-99788,47',second half,1,0,0,0
B-0195,WC-1982,M-1982-04,T-11,0,1,P-95667,80',second half,1,0,0,0
B-0196,WC-1982,M-1982-05,T-36,1,0,P-99185,32',first half,1,0,0,0
B-0197,WC-1982,M-1982-05,T-36,1,0,P-34326,74',second half,1,0,0,0
B-0198,WC-1982,M-1982-07,T-86,1,0,P-89949,57',second half,1,0,0,0
B-0199,WC-1982,M-1982-07,T-01,0,1,P-45774,83',second half,1,0,0,0
B-0200,WC-1982,M-1982-08,T-28,1,0,P-49962,34',first half,1,0,0,0
B-0201,WC-1982,M-1982-10,T-05,0,1,P-32042,12',first half,1,0,0,0
B-0202,WC-1982,M-1982-10,T-13,1,0,P-93218,29',first half,1,0,0,0
B-0203,WC-1982,M-1982-10,T-05,0,1,P-31109,66',second half,1,0,0,0
B-0204,WC-1982,M-1982-12,T-52,0,1,P-62599,62',second half,1,0,0,0
B-0205,WC-1982,M-1982-13,T-41,1,0,P-93788,52',second half,1,0,0,0
B-0206,WC-1982,M-1982-13,T-56,0,1,P-32834,76',second half,1,0,0,0
B-0207,WC-1982,M-1982-16,T-57,1,0,P-98924,34',first half,1,0,0,0
B-0208,WC-1982,M-1982-16,T-11,0,1,P-18610,40',first half,1,0,0,0
B-0209,WC-1982,M-1982-16,T-11,0,1,P-58080,80',second half,1,0,0,0
B-0210,WC-1982,M-1982-17,T-27,0,1,P-86679,17',first half,1,0,0,0
B-0211,WC-1982,M-1982-17,T-27,0,1,P-47601,74',second half,1,0,0,0
B-0212,WC-1982,M-1982-19,T-13,0,1,P-26922,11',first half,1,0,0,0
B-0213,WC-1982,M-1982-19,T-13,0,1,P-03126,29',first half,1,0,0,0
B-0214,WC-1982,M-1982-20,T-21,0,1,P-54028,40',first half,1,0,0,0
B-0215,WC-1982,M-1982-21,T-87,0,1,P-17336,35',first half,1,0,0,0
B-0216,WC-1982,M-1982-21,T-87,0,1,P-67521,78',second half,1,0,0,0
B-0217,WC-1982,M-1982-21,T-73,1,0,P-92317,80',second half,1,0,0,0
B-0218,WC-1982,M-1982-21,T-73,1,0,P-19020,87',second half,1,0,0,0
B-0219,WC-1982,M-1982-22,T-01,1,0,P-63564,67',second half,1,0,0,0
B-0220,WC-1982,M-1982-23,T-45,0,1,P-88607,30',first half,1,0,0,0
B-0221,WC-1982,M-1982-23,T-30,1,0,P-69834,68',second half,1,0,0,0
B-0222,WC-1982,M-1982-23,T-45,0,1,P-20299,85',second half,1,0,0,0
B-0223,WC-1982,M-1982-25,T-56,0,1,P-72529,31',first half,1,0,0,0
B-0224,WC-1982,M-1982-26,T-06,1,0,P-84816,65',second half,1,0,0,0
B-0225,WC-1982,M-1982-26,T-06,1,0,P-86900,79',second half,1,0,0,0
B-0226,WC-1982,M-1982-27,T-64,0,1,P-91562,5',first half,1,0,0,0
B-0227,WC-1982,M-1982-28,T-41,1,0,P-88467,36',first half,1,0,0,0
B-0228,WC-1982,M-1982-28,T-11,0,1,P-59682,36',first half,1,0,0,0
B-0229,WC-1982,M-1982-29,T-27,0,1,P-86679,20',first half,1,0,0,0
B-0230,WC-1982,M-1982-29,T-27,0,1,P-41807,26',first half,1,0,0,0
B-0231,WC-1982,M-1982-29,T-03,1,0,P-06976,31',first half,1,0,0,0
B-0232,WC-1982,M-1982-29,T-03,1,0,P-99593,44',first half,1,0,0,0
B-0233,WC-1982,M-1982-29,T-27,0,1,P-98609,45',first half,1,0,0,0
B-0234,WC-1982,M-1982-31,T-13,0,1,P-43905,88',second half,1,0,0,0
B-0235,WC-1982,M-1982-32,T-30,1,0,P-69834,47',second half,1,0,0,0
B-0236,WC-1982,M-1982-32,T-21,0,1,P-19209,75',second half,1,0,0,0
B-0237,WC-1982,M-1982-32,T-21,0,1,P-95927,87',second half,0,1,0,1
B-0238,WC-1982,M-1982-33,T-87,0,1,P-85024,81',second half,1,0,0,0
B-0239,WC-1982,M-1982-33,T-35,1,0,P-33765,85',second half,1,0,0,0
B-0240,WC-1982,M-1982-33,T-35,1,0,P-06989,89',second half,0,1,0,1
B-0241,WC-1982,M-1982-34,T-05,0,1,P-43037,32',first half,1,0,0,0
B-0242,WC-1982,M-1982-34,T-05,0,1,P-99989,74',second half,1,0,0,0
B-0243,WC-1982,M-1982-35,T-28,1,0,P-83210,43',first half,1,0,0,0
B-0244,WC-1982,M-1982-35,T-45,0,1,P-71779,44',first half,1,0,0,0
B-0245,WC-1982,M-1982-36,T-73,1,0,P-03571,20',first half,1,0,0,0
B-0246,WC-1982,M-1982-36,T-52,0,1,P-76882,41',first half,1,0,0,0
B-0247,WC-1982,M-1982-36,T-52,0,1,P-32829,42',first half,1,0,0,0
B-0248,WC-1982,M-1982-36,T-52,0,1,P-40771,60',second half,0,1,0,1
B-0249,WC-1982,M-1982-37,T-05,1,0,P-61365,60',second half,1,0,0,0
B-0250,WC-1982,M-1982-38,T-57,1,0,P-57931,48',second half,1,0,0,0
B-0251,WC-1982,M-1982-39,T-41,1,0,P-91717,15',first half,1,0,0,0
B-0252,WC-1982,M-1982-39,T-03,0,1,P-35082,32',first half,1,0,0,0
B-0253,WC-1982,M-1982-39,T-03,0,1,P-80404,35',first half,1,0,0,0
B-0254,WC-1982,M-1982-39,T-03,0,1,P-66254,39',first half,1,0,0,0
B-0255,WC-1982,M-1982-39,T-41,1,0,P-21248,43',first half,1,0,0,0
B-0256,WC-1982,M-1982-39,T-03,0,1,P-99593,84',second half,0,1,0,1
B-0257,WC-1982,M-1982-40,T-86,1,0,P-45695,68',second half,1,0,0,0
B-0258,WC-1982,M-1982-41,T-05,1,0,P-96650,86',second half,1,0,0,0
B-0259,WC-1982,M-1982-42,T-72,0,1,P-64968,77',second half,1,0,0,0
B-0260,WC-1982,M-1982-43,T-03,1,0,P-80376,33',first half,1,0,0,0
B-0261,WC-1982,M-1982-43,T-09,0,1,P-60866,77',second half,1,0,0,0
B-0262,WC-1982,M-1982-43,T-03,1,0,P-80404,85',second half,0,1,0,1
B-0263,WC-1982,M-1982-43,T-09,0,1,P-35736,85',second half,1,0,0,0
B-0264,WC-1982,M-1982-44,T-73,0,1,P-22433,9',first half,1,0,0,0
B-0265,WC-1982,M-1982-44,T-86,1,0,P-52461,10',first half,1,0,0,0
B-0266,WC-1982,M-1982-44,T-73,0,1,P-96996,83',second half,1,0,0,0
B-0267,WC-1982,M-1982-44,T-86,1,0,P-79689,84',second half,1,0,0,0
B-0268,WC-1982,M-1982-44,T-73,0,1,P-70703,84',second half,1,0,0,0
B-0269,WC-1982,M-1982-45,T-30,1,0,P-76592,57',second half,1,0,0,0
B-0270,WC-1982,M-1982-45,T-52,0,1,P-76882,59',second half,1,0,0,0
B-0271,WC-1982,M-1982-46,T-72,1,0,P-66593,38',first half,1,0,0,0
B-0272,WC-1982,M-1982-46,T-57,0,1,P-40684,65',second half,1,0,0,0
B-0273,WC-1982,M-1982-46,T-72,1,0,P-10493,87',second half,1,0,0,0
B-0274,WC-1982,M-1982-46,T-57,0,1,P-03652,88',second half,1,0,0,0
B-0275,WC-1982,M-1982-46,T-72,1,0,P-47456,90',second half,1,0,0,0
B-0276,WC-1982,M-1982-47,T-41,1,0,P-21248,13',first half,1,0,0,0
B-0277,WC-1982,M-1982-47,T-41,1,0,P-75736,78',second half,1,0,0,0
B-0278,WC-1982,M-1982-48,T-28,0,1,P-34141,15',first half,1,0,0,0
B-0279,WC-1982,M-1982-49,T-57,1,0,P-01165,43',first half,1,0,0,0
B-0280,WC-1982,M-1982-49,T-57,1,0,P-48883,51',second half,1,0,0,0
B-0281,WC-1982,M-1982-49,T-57,1,0,P-57931,57',second half,1,0,0,0
B-0282,WC-1982,M-1982-49,T-41,0,1,P-30672,57',second half,1,0,0,0
B-0283,WC-1982,M-1982-50,T-30,0,1,P-79617,35',first half,1,0,0,0
B-0284,WC-1982,M-1982-50,T-30,0,1,P-05511,40',first half,1,0,0,0
B-0285,WC-1982,M-1982-50,T-86,1,0,P-31123,46',second half,1,0,0,0
B-0286,WC-1982,M-1982-51,T-57,1,0,P-40684,62',second half,1,0,0,0
B-0287,WC-1982,M-1982-51,T-57,1,0,P-22126,71',second half,1,0,0,0
B-0288,WC-1982,M-1982-51,T-30,0,1,P-06095,79',second half,1,0,0,0
B-0289,WC-1982,M-1982-52,T-41,1,0,P-66365,31',first half,1,0,0,0
B-0290,WC-1982,M-1982-52,T-86,0,1,P-29426,61',second half,1,0,0,0
B-0291,WC-1982,M-1982-52,T-41,1,0,P-75736,73',second half,1,0,0,0
B-0292,WC-1982,M-1982-52,T-86,0,1,P-45695,73',second half,1,0,0,0
B-0293,WC-1982,M-1982-52,T-86,0,1,P-89975,88',second half,1,0,0,0
B-0294,WC-1986,M-1986-01,T-41,0,1,P-29143,48',second half,1,0,0,0
B-0295,WC-1986,M-1986-01,T-10,1,0,P-62546,51',second half,1,0,0,0
B-0296,WC-1986,M-1986-01,T-41,0,1,P-03775,64',second half,1,0,0,0
B-0297,WC-1986,M-1986-02,T-73,1,0,P-70569,4',first half,1,0,0,0
B-0298,WC-1986,M-1986-02,T-09,0,1,P-90842,82',second half,1,0,0,0
B-0299,WC-1986,M-1986-04,T-71,0,1,P-64475,44',first half,1,0,0,0
B-0300,WC-1986,M-1986-04,T-71,0,1,P-99813,50',second half,1,0,0,0
B-0301,WC-1986,M-1986-06,T-47,1,0,P-04834,33',first half,1,0,0,0
B-0302,WC-1986,M-1986-07,T-46,0,1,P-26316,23',first half,1,0,0,0
B-0303,WC-1986,M-1986-07,T-06,1,0,P-08623,56',second half,1,0,0,0
B-0304,WC-1986,M-1986-07,T-46,0,1,P-67053,83',second half,1,0,0,0
B-0305,WC-1986,M-1986-08,T-01,1,0,P-63564,36',first half,1,0,0,0
B-0306,WC-1986,M-1986-08,T-52,0,1,P-19672,58',second half,1,0,0,0
B-0307,WC-1986,M-1986-08,T-52,0,1,P-32829,78',second half,1,0,0,0
B-0308,WC-1986,M-1986-08,T-52,0,1,P-62599,79',second half,1,0,0,0
B-0309,WC-1986,M-1986-09,T-28,0,1,P-87821,17',first half,1,0,0,0
B-0310,WC-1986,M-1986-09,T-28,0,1,P-49962,78',second half,1,0,0,0
B-0311,WC-1986,M-1986-09,T-58,1,0,P-97302,88',second half,1,0,0,0
B-0312,WC-1986,M-1986-10,T-39,0,1,P-15649,29',first half,1,0,0,0
B-0313,WC-1986,M-1986-10,T-55,1,0,P-77194,45',first half,1,0,0,0
B-0314,WC-1986,M-1986-11,T-84,1,0,P-29429,28',first half,1,0,0,0
B-0315,WC-1986,M-1986-11,T-84,1,0,P-66014,62',second half,1,0,0,0
B-0316,WC-1986,M-1986-12,T-22,0,1,P-77330,84',second half,1,0,0,0
B-0317,WC-1986,M-1986-13,T-41,1,0,P-29143,54',second half,1,0,0,0
B-0318,WC-1986,M-1986-13,T-03,0,1,P-49676,58',second half,1,0,0,0
B-0319,WC-1986,M-1986-13,T-03,0,1,P-69165,65',second half,1,0,0,0
B-0320,WC-1986,M-1986-14,T-72,0,1,P-16126,30',first half,1,0,0,0
B-0321,WC-1986,M-1986-14,T-72,0,1,P-10855,33',first half,1,0,0,0
B-0322,WC-1986,M-1986-14,T-30,1,0,P-00643,40',first half,1,0,0,0
B-0323,WC-1986,M-1986-14,T-30,1,0,P-69834,43',first half,1,0,0,0
B-0324,WC-1986,M-1986-15,T-71,1,0,P-95664,31',first half,1,0,0,0
B-0325,WC-1986,M-1986-15,T-10,0,1,P-32755,49',second half,1,0,0,0
B-0326,WC-1986,M-1986-15,T-71,1,0,P-46375,60',second half,1,0,0,0
B-0327,WC-1986,M-1986-16,T-12,0,1,P-05935,52',second half,1,0,1,1
B-0328,WC-1986,M-1986-16,T-12,0,1,P-97018,83',second half,1,0,0,0
B-0329,WC-1986,M-1986-18,T-28,1,0,P-34141,40',first half,1,1,0,1
B-0330,WC-1986,M-1986-18,T-47,0,1,P-92676,50',second half,1,0,0,0
B-0331,WC-1986,M-1986-18,T-28,1,0,P-65174,69',second half,1,0,0,0
B-0332,WC-1986,M-1986-18,T-47,0,1,P-21024,76',second half,1,0,0,0
B-0333,WC-1986,M-1986-19,T-55,0,1,P-97522,5',first half,1,0,0,0
B-0334,WC-1986,M-1986-19,T-46,1,0,P-66199,26',first half,1,0,0,0
B-0335,WC-1986,M-1986-19,T-55,0,1,P-77194,30',first half,1,0,0,0
B-0336,WC-1986,M-1986-19,T-46,1,0,P-26316,75',second half,1,0,0,0
B-0337,WC-1986,M-1986-19,T-46,1,0,P-47178,80',second half,1,0,0,0
B-0338,WC-1986,M-1986-20,T-73,0,1,P-91970,50',second half,1,0,0,0
B-0339,WC-1986,M-1986-20,T-52,1,0,P-76882,85',second half,1,0,0,0
B-0340,WC-1986,M-1986-21,T-57,1,0,P-22126,46',second half,1,0,0,0
B-0341,WC-1986,M-1986-21,T-57,1,0,P-17582,89',second half,1,0,0,0
B-0342,WC-1986,M-1986-22,T-06,0,1,P-47038,16',first half,1,0,0,0
B-0343,WC-1986,M-1986-22,T-39,1,0,P-20424,20',first half,1,0,0,0
B-0344,WC-1986,M-1986-22,T-39,1,0,P-62944,29',first half,1,0,0,0
B-0345,WC-1986,M-1986-22,T-39,1,0,P-97678,42',first half,1,0,0,0
B-0346,WC-1986,M-1986-22,T-39,1,0,P-15649,48',second half,1,0,0,0
B-0347,WC-1986,M-1986-22,T-39,1,0,P-76810,52',second half,1,1,0,1
B-0348,WC-1986,M-1986-22,T-39,1,0,P-72587,65',second half,1,0,0,0
B-0349,WC-1986,M-1986-23,T-64,0,1,P-56094,30',first half,1,0,0,0
B-0350,WC-1986,M-1986-23,T-64,0,1,P-65888,44',first half,1,0,0,0
B-0351,WC-1986,M-1986-23,T-64,0,1,P-64688,74',second half,1,0,0,0
B-0352,WC-1986,M-1986-24,T-22,1,0,P-62631,7',first half,1,0,0,0
B-0353,WC-1986,M-1986-24,T-84,0,1,P-89543,13',first half,1,0,1,1
B-0354,WC-1986,M-1986-24,T-84,0,1,P-94995,35',first half,1,0,0,0
B-0355,WC-1986,M-1986-25,T-30,0,1,P-29650,41',first half,1,0,0,0
B-0356,WC-1986,M-1986-25,T-30,0,1,P-99991,69',second half,1,0,0,0
B-0357,WC-1986,M-1986-27,T-03,1,0,P-22755,25',first half,1,0,0,0
B-0358,WC-1986,M-1986-28,T-71,1,0,P-95664,17',first half,1,0,0,0
B-0359,WC-1986,M-1986-28,T-41,0,1,P-49669,31',first half,1,0,0,0
B-0360,WC-1986,M-1986-28,T-71,1,0,P-43950,35',first half,1,0,0,0
B-0361,WC-1986,M-1986-28,T-41,0,1,P-99788,65',second half,1,0,0,0
B-0362,WC-1986,M-1986-28,T-41,0,1,P-73911,70',second half,1,0,0,0
B-0363,WC-1986,M-1986-28,T-71,1,0,P-46375,71',second half,1,0,0,0
B-0364,WC-1986,M-1986-29,T-39,1,0,P-34556,30',first half,1,0,0,0
B-0365,WC-1986,M-1986-29,T-39,1,0,P-08949,73',second half,1,0,0,0
B-0366,WC-1986,M-1986-30,T-55,1,0,P-73704,55',second half,1,0,0,0
B-0367,WC-1986,M-1986-30,T-06,0,1,P-25456,55',second half,1,0,0,0
B-0368,WC-1986,M-1986-31,T-28,1,0,P-87821,52',second half,1,0,0,0
B-0369,WC-1986,M-1986-32,T-58,1,0,P-31762,64',second half,1,0,0,0
B-0370,WC-1986,M-1986-33,T-01,1,0,P-45774,33',first half,1,0,0,0
B-0371,WC-1986,M-1986-33,T-73,0,1,P-93792,89',second half,1,0,0,0
B-0372,WC-1986,M-1986-34,T-52,1,0,P-40771,12',first half,1,0,0,0
B-0373,WC-1986,M-1986-35,T-22,1,0,P-00445,36',first half,1,0,1,1
B-0374,WC-1986,M-1986-35,T-86,0,1,P-36201,48',second half,1,0,0,0
B-0375,WC-1986,M-1986-35,T-86,0,1,P-91180,51',second half,1,0,0,0
B-0376,WC-1986,M-1986-36,T-84,0,1,P-57952,1',first half,0,1,0,1
B-0377,WC-1986,M-1986-36,T-84,0,1,P-18562,32',first half,1,0,0,0
B-0378,WC-1986,M-1986-36,T-64,1,0,P-12472,48',second half,1,0,0,0
B-0379,WC-1986,M-1986-36,T-64,1,0,P-36038,62',second half,1,0,0,0
B-0380,WC-1986,M-1986-36,T-84,0,1,P-29429,72',second half,1,0,0,0
B-0381,WC-1986,M-1986-36,T-84,0,1,P-22385,87',second half,1,0,0,0
B-0382,WC-1986,M-1986-37,T-10,0,1,P-86608,58',second half,1,0,0,0
B-0383,WC-1986,M-1986-38,T-06,0,1,P-88903,65',second half,1,0,0,0
B-0384,WC-1986,M-1986-39,T-57,0,1,P-17582,13',first half,1,0,0,0
B-0385,WC-1986,M-1986-39,T-57,0,1,P-03652,30',first half,1,0,0,0
B-0386,WC-1986,M-1986-39,T-57,0,1,P-57931,32',first half,1,0,0,0
B-0387,WC-1986,M-1986-39,T-09,1,0,P-90635,36',first half,1,0,0,0
B-0388,WC-1986,M-1986-39,T-09,1,0,P-12950,83',second half,1,0,0,0
B-0389,WC-1986,M-1986-40,T-03,1,0,P-69165,30',first half,1,0,0,0
B-0390,WC-1986,M-1986-40,T-84,0,1,P-36582,35',first half,1,0,0,0
B-0391,WC-1986,M-1986-40,T-03,1,0,P-62815,49',second half,1,0,0,0
B-0392,WC-1986,M-1986-40,T-84,0,1,P-48167,58',second half,1,0,0,0
B-0393,WC-1986,M-1986-40,T-84,0,1,P-37351,68',second half,1,0,0,0
B-0394,WC-1986,M-1986-40,T-03,1,0,P-15637,83',second half,1,0,0,0
B-0395,WC-1986,M-1986-40,T-84,0,1,P-94995,85',second half,1,0,0,0
B-0396,WC-1986,M-1986-41,T-41,1,0,P-32608,16',first half,1,0,0,0
B-0397,WC-1986,M-1986-41,T-30,0,1,P-29650,40',first half,1,0,0,0
B-0398,WC-1986,M-1986-41,T-41,1,0,P-69913,67',second half,1,0,0,0
B-0399,WC-1986,M-1986-42,T-47,1,0,P-40516,29',first half,1,0,0,0
B-0400,WC-1986,M-1986-42,T-47,1,0,P-92676,65',second half,1,0,0,0
B-0401,WC-1986,M-1986-43,T-28,1,0,P-29522,37',first half,1,0,0,0
B-0402,WC-1986,M-1986-43,T-55,0,1,P-56811,60',second half,1,0,0,0
B-0403,WC-1986,M-1986-43,T-28,1,0,P-78807,67',second half,1,0,0,0
B-0404,WC-1986,M-1986-44,T-22,1,0,P-04488,26',first half,1,0,0,0
B-0405,WC-1986,M-1986-44,T-73,0,1,P-93792,27',first half,1,0,0,0
B-0406,WC-1986,M-1986-44,T-73,0,1,P-96996,32',first half,1,0,0,0
B-0407,WC-1986,M-1986-44,T-73,0,1,P-06498,60',second half,1,0,0,0
B-0408,WC-1986,M-1986-46,T-46,0,1,P-59792,20',first half,1,0,1,1
B-0409,WC-1986,M-1986-46,T-86,1,0,P-95392,27',first half,1,0,0,0
B-0410,WC-1986,M-1986-46,T-46,0,1,P-28996,27',first half,1,0,0,0
B-0411,WC-1986,M-1986-46,T-86,1,0,P-27251,56',second half,1,0,0,0
B-0412,WC-1986,M-1986-46,T-86,1,0,P-59388,65',second half,0,1,0,1
B-0413,WC-1986,M-1986-46,T-46,0,1,P-10537,75',second half,1,0,0,0
B-0414,WC-1986,M-1986-46,T-46,0,1,P-89412,83',second half,1,0,0,0
B-0415,WC-1986,M-1986-46,T-86,1,0,P-49502,86',second half,1,0,0,0
B-0416,WC-1986,M-1986-46,T-46,0,1,P-26316,94',"extra time, first half",1,0,0,0
B-0417,WC-1986,M-1986-47,T-28,0,1,P-87821,9',first half,1,0,0,0
B-0418,WC-1986,M-1986-47,T-03,1,0,P-22408,60',second half,1,0,0,0
B-0419,WC-1986,M-1986-48,T-06,0,1,P-95299,24',first half,1,0,0,0
B-0420,WC-1986,M-1986-48,T-73,1,0,P-72141,39',first half,1,0,0,0
B-0421,WC-1986,M-1986-48,T-73,1,0,P-14296,44',first half,1,0,0,0
B-0422,WC-1986,M-1986-48,T-06,0,1,P-99499,115',"extra time, second half",1,0,0,0
B-0423,WC-1986,M-1986-49,T-86,0,1,P-79344,59',second half,1,0,0,0
B-0424,WC-1986,M-1986-49,T-30,1,0,P-00643,89',second half,1,0,0,0
B-0425,WC-1986,M-1986-50,T-06,0,1,P-24703,27',first half,1,0,0,0
B-0426,WC-1986,M-1986-50,T-03,1,0,P-02464,33',first half,1,0,0,0
B-0427,WC-1986,M-1986-51,T-06,1,0,P-84816,63',second half,1,0,0,0
B-0428,WC-1986,M-1986-52,T-03,1,0,P-80404,17',first half,1,0,0,0
B-0429,WC-1986,M-1986-52,T-86,0,1,P-49502,21',first half,1,0,0,0
B-0430,WC-1986,M-1986-52,T-86,0,1,P-79689,62',second half,1,0,0,0
B-0431,WC-1986,M-1986-52,T-03,1,0,P-46907,77',second half,1,0,0,0
B-0432,WC-1986,M-1986-52,T-03,1,0,P-70033,81',second half,1,0,0,0
B-0433,WC-1986,M-1986-52,T-03,1,0,P-15637,85',second half,1,0,0,0
B-0434,WC-1990,M-1990-01,T-11,0,1,P-31657,9',first half,1,1,0,1
B-0435,WC-1990,M-1990-01,T-11,0,1,P-53341,23',first half,1,0,0,0
B-0436,WC-1990,M-1990-01,T-03,1,0,P-82949,27',first half,1,0,0,0
B-0437,WC-1990,M-1990-01,T-11,0,1,P-12458,54',second half,1,0,0,0
B-0438,WC-1990,M-1990-01,T-11,0,1,P-84420,61',second half,0,1,0,1
B-0439,WC-1990,M-1990-02,T-72,1,0,P-56334,11',first half,1,0,0,0
B-0440,WC-1990,M-1990-02,T-61,0,1,P-01137,44',first half,1,0,0,0
B-0441,WC-1990,M-1990-03,T-82,1,0,P-27206,5',first half,1,0,0,0
B-0442,WC-1990,M-1990-03,T-82,1,0,P-50458,55',second half,1,0,0,0
B-0443,WC-1990,M-1990-03,T-82,1,0,P-99834,70',second half,1,0,0,0
B-0444,WC-1990,M-1990-04,T-05,0,1,P-46897,6',first half,1,0,0,0
B-0445,WC-1990,M-1990-05,T-21,0,1,P-16313,30',first half,1,0,0,0
B-0446,WC-1990,M-1990-05,T-83,1,0,P-43736,39',first half,1,0,0,0
B-0447,WC-1990,M-1990-05,T-83,1,0,P-28361,43',first half,1,0,0,0
B-0448,WC-1990,M-1990-05,T-83,1,0,P-67232,52',second half,0,1,0,1
B-0449,WC-1990,M-1990-05,T-21,0,1,P-40265,61',second half,1,0,0,0
B-0450,WC-1990,M-1990-06,T-09,1,0,P-62375,38',first half,1,0,0,0
B-0451,WC-1990,M-1990-06,T-09,1,0,P-90842,60',second half,1,0,0,0
B-0452,WC-1990,M-1990-06,T-74,0,1,P-71492,83',second half,1,0,0,0
B-0453,WC-1990,M-1990-06,T-09,1,0,P-32466,88',second half,1,0,0,0
B-0454,WC-1990,M-1990-07,T-86,1,0,P-67713,5',first half,1,0,0,0
B-0455,WC-1990,M-1990-09,T-28,1,0,P-27404,75',second half,1,0,0,0
B-0456,WC-1990,M-1990-10,T-71,0,1,P-51349,39',first half,1,0,0,0
B-0457,WC-1990,M-1990-11,T-26,0,1,P-53055,55',second half,1,0,0,0
B-0458,WC-1990,M-1990-11,T-48,1,0,P-11241,58',second half,1,0,0,0
B-0459,WC-1990,M-1990-12,T-84,1,0,P-69960,10',first half,1,0,0,0
B-0460,WC-1990,M-1990-12,T-73,0,1,P-80363,23',first half,1,0,0,0
B-0461,WC-1990,M-1990-12,T-73,0,1,P-81270,70',second half,1,0,0,0
B-0462,WC-1990,M-1990-12,T-84,1,0,P-36582,80',second half,1,0,0,0
B-0463,WC-1990,M-1990-13,T-72,0,1,P-64968,48',second half,0,1,0,1
B-0464,WC-1990,M-1990-13,T-72,0,1,P-05885,51',second half,1,0,0,0
B-0465,WC-1990,M-1990-13,T-03,1,0,P-80379,55',second half,1,0,0,0
B-0466,WC-1990,M-1990-13,T-03,1,0,P-35873,57',second half,1,0,0,0
B-0467,WC-1990,M-1990-13,T-03,1,0,P-80404,70',second half,1,0,0,0
B-0468,WC-1990,M-1990-13,T-03,1,0,P-31161,77',second half,1,0,0,0
B-0469,WC-1990,M-1990-14,T-11,1,0,P-56577,20',first half,1,0,0,0
B-0470,WC-1990,M-1990-14,T-61,0,1,P-99719,44',first half,1,0,0,0
B-0471,WC-1990,M-1990-14,T-11,1,0,P-95667,68',second half,1,0,0,0
B-0472,WC-1990,M-1990-15,T-87,1,0,P-93318,86',second half,1,0,0,0
B-0473,WC-1990,M-1990-16,T-83,0,1,P-85296,62',second half,1,0,0,0
B-0474,WC-1990,M-1990-16,T-41,1,0,P-47366,69',second half,1,0,0,0
B-0475,WC-1990,M-1990-17,T-05,1,0,P-57468,22',first half,1,0,0,0
B-0476,WC-1990,M-1990-17,T-21,0,1,P-85306,52',second half,1,0,0,0
B-0477,WC-1990,M-1990-17,T-21,0,1,P-16313,62',second half,1,0,0,0
B-0478,WC-1990,M-1990-17,T-05,1,0,P-69681,71',second half,1,0,0,0
B-0479,WC-1990,M-1990-17,T-05,1,0,P-46006,85',second half,1,0,0,0
B-0480,WC-1990,M-1990-18,T-82,0,1,P-50458,26',first half,1,0,0,0
B-0481,WC-1990,M-1990-18,T-82,0,1,P-16899,30',first half,1,0,0,0
B-0482,WC-1990,M-1990-18,T-86,1,0,P-67713,31',first half,1,0,0,0
B-0483,WC-1990,M-1990-19,T-17,0,1,P-01259,16',first half,1,0,0,0
B-0484,WC-1990,M-1990-19,T-17,0,1,P-16382,59',second half,1,0,0,0
B-0485,WC-1990,M-1990-19,T-09,1,0,P-26340,88',second half,1,0,0,0
B-0486,WC-1990,M-1990-19,T-09,1,0,P-62375,90',second half,1,0,0,0
B-0487,WC-1990,M-1990-20,T-74,1,0,P-92339,59',second half,1,0,0,0
B-0488,WC-1990,M-1990-20,T-64,0,1,P-95626,65',second half,1,0,0,0
B-0489,WC-1990,M-1990-22,T-60,1,0,P-24199,51',second half,1,0,0,0
B-0490,WC-1990,M-1990-22,T-26,0,1,P-42749,72',second half,1,0,0,0
B-0491,WC-1990,M-1990-23,T-06,1,0,P-73390,35',first half,1,0,1,1
B-0492,WC-1990,M-1990-23,T-84,0,1,P-68611,40',first half,1,0,0,0
B-0493,WC-1990,M-1990-24,T-71,1,0,P-43076,29',first half,1,0,0,0
B-0494,WC-1990,M-1990-24,T-71,1,0,P-99575,52',second half,1,0,0,0
B-0495,WC-1990,M-1990-24,T-71,1,0,P-76411,69',second half,1,0,0,0
B-0496,WC-1990,M-1990-25,T-61,0,1,P-01137,4',first half,1,0,0,0
B-0497,WC-1990,M-1990-25,T-61,0,1,P-30739,8',first half,1,0,0,0
B-0498,WC-1990,M-1990-25,T-61,0,1,P-86528,32',first half,1,0,0,0
B-0499,WC-1990,M-1990-25,T-03,1,0,P-80379,72',second half,1,0,0,0
B-0500,WC-1990,M-1990-25,T-03,1,0,P-22408,86',second half,1,0,0,0
B-0501,WC-1990,M-1990-26,T-11,1,0,P-84420,61',second half,1,0,0,0
B-0502,WC-1990,M-1990-26,T-11,1,0,P-58080,66',second half,1,0,0,0
B-0503,WC-1990,M-1990-26,T-72,0,1,P-10906,75',second half,1,0,0,0
B-0504,WC-1990,M-1990-27,T-16,0,1,P-43980,15',first half,1,0,0,0
B-0505,WC-1990,M-1990-27,T-16,0,1,P-31825,30',first half,1,0,0,0
B-0506,WC-1990,M-1990-27,T-16,0,1,P-10890,38',first half,1,0,0,0
B-0507,WC-1990,M-1990-27,T-86,1,0,P-59388,63',second half,1,0,0,0
B-0508,WC-1990,M-1990-28,T-87,1,0,P-71107,20',first half,1,0,0,0
B-0509,WC-1990,M-1990-28,T-82,0,1,P-23285,36',first half,1,0,0,0
B-0510,WC-1990,M-1990-28,T-87,1,0,P-48922,71',second half,1,0,0,0
B-0511,WC-1990,M-1990-28,T-87,1,0,P-31892,76',second half,1,0,0,0
B-0512,WC-1990,M-1990-28,T-82,0,1,P-23285,76',second half,1,0,1,1
B-0513,WC-1990,M-1990-29,T-05,1,0,P-69681,21',first half,1,0,0,0
B-0514,WC-1990,M-1990-29,T-83,0,1,P-82723,26',first half,1,0,0,0
B-0515,WC-1990,M-1990-29,T-83,0,1,P-85296,28',first half,1,0,0,0
B-0516,WC-1990,M-1990-29,T-05,1,0,P-57468,31',first half,1,0,0,0
B-0517,WC-1990,M-1990-29,T-05,1,0,P-67942,33',first half,0,1,0,1
B-0518,WC-1990,M-1990-29,T-83,0,1,P-93627,42',first half,1,0,0,0
B-0519,WC-1990,M-1990-29,T-05,1,0,P-67426,50',second half,1,0,0,0
B-0520,WC-1990,M-1990-29,T-83,0,1,P-51936,58',second half,1,0,0,0
B-0521,WC-1990,M-1990-29,T-05,1,0,P-29893,84',second half,1,0,0,0
B-0522,WC-1990,M-1990-29,T-05,1,0,P-57682,90',second half,1,0,0,0
B-0523,WC-1990,M-1990-30,T-21,0,1,P-52500,26',first half,1,0,0,0
B-0524,WC-1990,M-1990-30,T-21,0,1,P-71260,30',first half,1,0,0,0
B-0525,WC-1990,M-1990-30,T-41,1,0,P-78756,44',first half,1,0,0,0
B-0526,WC-1990,M-1990-30,T-41,1,0,P-67585,70',second half,1,0,0,0
B-0527,WC-1990,M-1990-31,T-64,0,1,P-17223,5',first half,1,0,0,0
B-0528,WC-1990,M-1990-31,T-64,0,1,P-10435,8',first half,1,0,0,0
B-0529,WC-1990,M-1990-32,T-74,1,0,P-67329,20',first half,1,0,0,0
B-0530,WC-1990,M-1990-32,T-17,0,1,P-16382,28',first half,1,0,0,0
B-0531,WC-1990,M-1990-32,T-17,0,1,P-37790,53',second half,1,0,0,0
B-0532,WC-1990,M-1990-32,T-74,1,0,P-63692,74',second half,1,0,0,0
B-0533,WC-1990,M-1990-34,T-71,1,0,P-86017,22',first half,1,0,0,0
B-0534,WC-1990,M-1990-34,T-84,0,1,P-68471,23',first half,1,0,0,0
B-0535,WC-1990,M-1990-34,T-84,0,1,P-53299,44',first half,1,0,0,0
B-0536,WC-1990,M-1990-34,T-71,1,0,P-99575,49',second half,1,0,1,1
B-0537,WC-1990,M-1990-34,T-71,1,0,P-35322,62',second half,1,0,0,0
B-0538,WC-1990,M-1990-35,T-26,0,1,P-62193,38',first half,1,0,0,0
B-0539,WC-1990,M-1990-35,T-26,0,1,P-41175,47',second half,1,0,0,0
B-0540,WC-1990,M-1990-35,T-28,1,0,P-18335,85',second half,1,0,0,0
B-0541,WC-1990,M-1990-36,T-48,0,1,P-92391,43',first half,1,0,0,0
B-0542,WC-1990,M-1990-37,T-11,1,0,P-84420,44',first half,1,0,0,0
B-0543,WC-1990,M-1990-37,T-11,1,0,P-53341,47',second half,1,0,0,0
B-0544,WC-1990,M-1990-37,T-11,1,0,P-12458,68',second half,1,0,0,0
B-0545,WC-1990,M-1990-37,T-16,0,1,P-92695,72',second half,1,0,0,0
B-0546,WC-1990,M-1990-37,T-16,0,1,P-31825,74',second half,1,0,0,0
B-0547,WC-1990,M-1990-37,T-11,1,0,P-56577,117',"extra time, second half",1,0,0,0
B-0548,WC-1990,M-1990-38,T-17,0,1,P-74237,6',first half,1,0,0,0
B-0549,WC-1990,M-1990-38,T-21,1,0,P-73737,53',second half,1,0,0,0
B-0550,WC-1990,M-1990-38,T-21,1,0,P-57995,56',second half,1,0,0,0
B-0551,WC-1990,M-1990-38,T-21,1,0,P-20647,68',second half,1,0,0,0
B-0552,WC-1990,M-1990-38,T-17,0,1,P-37790,75',second half,1,0,0,0
B-0553,WC-1990,M-1990-39,T-03,0,1,P-31161,27',first half,1,0,0,0
B-0554,WC-1990,M-1990-39,T-03,0,1,P-49676,28',first half,1,0,0,0
B-0555,WC-1990,M-1990-39,T-09,1,0,P-61247,40',first half,1,0,0,0
B-0556,WC-1990,M-1990-39,T-09,1,0,P-06573,50',second half,1,0,0,0
B-0557,WC-1990,M-1990-39,T-09,1,0,P-88506,85',second half,0,1,0,1
B-0558,WC-1990,M-1990-39,T-03,0,1,P-34056,87',second half,1,0,0,0
B-0559,WC-1990,M-1990-40,T-86,1,0,P-04572,21',first half,1,1,0,1
B-0560,WC-1990,M-1990-40,T-48,0,1,P-92391,21',first half,1,1,0,1
B-0561,WC-1990,M-1990-40,T-48,0,1,P-50869,32',first half,1,0,0,0
B-0562,WC-1990,M-1990-40,T-48,0,1,P-76874,72',second half,1,0,0,0
B-0563,WC-1990,M-1990-40,T-86,1,0,P-49502,77',second half,1,0,0,0
B-0564,WC-1990,M-1990-41,T-60,1,0,P-42603,17',first half,1,0,0,0
B-0565,WC-1990,M-1990-41,T-60,1,0,P-96122,108',"extra time, second half",1,0,0,0
B-0566,WC-1990,M-1990-41,T-61,0,1,P-30739,111',"extra time, second half",1,0,0,0
B-0567,WC-1990,M-1990-41,T-61,0,1,P-49988,114',"extra time, second half",1,0,0,0
B-0568,WC-1990,M-1990-42,T-84,0,1,P-02668,14',first half,1,0,0,0
B-0569,WC-1990,M-1990-42,T-84,0,1,P-22385,26',first half,1,0,0,0
B-0570,WC-1990,M-1990-42,T-84,0,1,P-69960,35',first half,1,0,0,0
B-0571,WC-1990,M-1990-42,T-41,1,0,P-67585,36',first half,1,0,0,0
B-0572,WC-1990,M-1990-42,T-84,0,1,P-86817,65',second half,1,0,0,0
B-0573,WC-1990,M-1990-43,T-87,0,1,P-54317,7',first half,1,0,0,0
B-0574,WC-1990,M-1990-43,T-87,0,1,P-83693,60',second half,1,0,0,0
B-0575,WC-1990,M-1990-43,T-73,1,0,P-61508,92',"extra time, first half",1,0,0,0
B-0576,WC-1990,M-1990-43,T-87,0,1,P-09094,97',"extra time, first half",1,0,0,0
B-0577,WC-1990,M-1990-43,T-73,1,0,P-31693,110',"extra time, second half",1,0,0,0
B-0578,WC-1990,M-1990-44,T-28,1,0,P-06127,85',second half,1,0,0,0
B-0579,WC-1990,M-1990-45,T-03,1,0,P-80379,21',first half,1,0,0,0
B-0580,WC-1990,M-1990-45,T-87,0,1,P-48922,24',first half,1,0,1,1
B-0581,WC-1990,M-1990-45,T-03,1,0,P-46907,41',first half,1,0,0,0
B-0582,WC-1990,M-1990-45,T-03,1,0,P-30977,61',second half,1,0,0,0
B-0583,WC-1990,M-1990-45,T-03,1,0,P-14628,111',"extra time, second half",1,0,0,0
B-0584,WC-1990,M-1990-46,T-41,0,1,P-35719,36',first half,1,0,0,0
B-0585,WC-1990,M-1990-46,T-60,1,0,P-15882,43',first half,1,0,0,0
B-0586,WC-1990,M-1990-47,T-21,1,0,P-85306,11',first half,1,0,1,1
B-0587,WC-1990,M-1990-47,T-21,1,0,P-08239,14',first half,1,0,0,0
B-0588,WC-1990,M-1990-47,T-86,0,1,P-91373,28',first half,1,0,0,0
B-0589,WC-1990,M-1990-47,T-21,1,0,P-20647,38',first half,1,0,0,0
B-0590,WC-1990,M-1990-47,T-21,1,0,P-65434,88',second half,1,0,0,0
B-0591,WC-1990,M-1990-48,T-11,1,0,P-31657,28',first half,1,0,0,0
B-0592,WC-1990,M-1990-48,T-28,0,1,P-67307,70',second half,1,0,0,0
B-0593,WC-1990,M-1990-48,T-11,1,0,P-95667,104',"extra time, first half",1,0,0,0
B-0594,WC-1990,M-1990-48,T-11,1,0,P-58080,120',"extra time, second half",1,0,0,0
B-0595,WC-1990,M-1990-49,T-41,0,1,P-75545,22',first half,1,0,0,0
B-0596,WC-1990,M-1990-49,T-03,1,0,P-49676,30',first half,1,0,1,1
B-0597,WC-1990,M-1990-49,T-03,1,0,P-79080,71',second half,1,0,0,0
B-0598,WC-1990,M-1990-49,T-03,1,0,P-46907,76',second half,1,0,0,0
B-0599,WC-1990,M-1990-49,T-03,1,0,P-35873,82',second half,1,0,0,0
B-0600,WC-1990,M-1990-49,T-03,1,0,P-22408,118',"extra time, second half",1,0,0,0
B-0601,WC-1990,M-1990-50,T-28,0,1,P-96960,66',second half,1,0,0,0
B-0602,WC-1990,M-1990-50,T-28,0,1,P-06127,99',"extra time, first half",1,0,0,0
B-0603,WC-1990,M-1990-50,T-86,1,0,P-67713,109',"extra time, second half",1,0,0,0
B-0604,WC-1990,M-1990-52,T-03,0,1,P-53936,5',first half,1,1,0,1
B-0605,WC-1990,M-1990-52,T-86,1,0,P-04572,52',second half,1,0,0,0
B-0606,WC-1990,M-1990-52,T-03,0,1,P-31161,65',second half,0,1,0,1
B-0607,WC-1990,M-1990-52,T-03,0,1,P-30977,84',second half,1,0,0,0
B-0608,WC-1990,M-1990-52,T-03,0,1,P-80404,87',second half,1,0,0,0
B-0609,WC-1991,M-1991-04,T-09,0,1,P-48120,58',second half,1,0,0,0
B-0610,WC-1991,M-1991-04,T-09,0,1,P-41343,67',second half,1,0,0,0
B-0611,WC-1991,M-1991-04,T-09,0,1,P-21261,79',second half,1,0,0,0
B-0612,WC-1991,M-1991-05,T-83,0,1,P-28901,24',first half,1,0,0,0
B-0613,WC-1991,M-1991-05,T-74,1,0,P-57215,64',second half,1,0,0,0
B-0614,WC-1991,M-1991-06,T-41,0,1,P-12901,59',second half,1,0,0,0
B-0615,WC-1991,M-1991-07,T-53,1,0,P-58688,34',first half,1,0,0,0
B-0616,WC-1991,M-1991-08,T-50,0,1,P-24476,75',second half,1,0,0,0
B-0617,WC-1991,M-1991-09,T-14,1,0,P-24862,50',second half,1,0,0,0
B-0618,WC-1991,M-1991-10,T-09,1,0,P-18032,70',second half,1,0,0,0
B-0619,WC-1991,M-1991-11,T-44,1,0,P-85493,55',second half,1,0,0,0
B-0620,WC-1991,M-1991-14,T-83,0,1,P-56906,31',first half,1,0,0,0
B-0621,WC-1991,M-1991-16,T-53,1,0,P-58688,30',first half,1,0,0,0
B-0622,WC-1991,M-1991-16,T-53,1,0,P-36817,33',first half,1,0,0,0
B-0623,WC-1991,M-1991-17,T-15,1,0,P-54286,6',first half,0,1,0,1
B-0624,WC-1991,M-1991-17,T-50,0,1,P-32241,48',second half,1,0,0,0
B-0625,WC-1991,M-1991-18,T-41,1,0,P-65393,50',second half,1,0,0,0
B-0626,WC-1991,M-1991-18,T-31,0,1,P-51730,50',second half,1,0,0,0
B-0627,WC-1991,M-1991-19,T-22,1,0,P-43536,17',first half,1,0,0,0
B-0628,WC-1991,M-1991-19,T-31,0,1,P-63276,37',first half,1,0,0,0
B-0629,WC-1991,M-1991-19,T-22,1,0,P-65510,70',second half,1,0,0,0
B-0630,WC-1991,M-1991-20,T-74,0,1,P-08153,39',first half,1,0,0,0
B-0631,WC-1991,M-1991-20,T-74,0,1,P-57215,57',second half,1,0,0,0
B-0632,WC-1991,M-1991-20,T-74,0,1,P-81571,58',second half,1,0,0,0
B-0633,WC-1991,M-1991-20,T-14,1,0,P-84060,66',second half,1,0,0,0
B-0634,WC-1991,M-1991-21,T-41,0,1,P-10951,20',first half,1,0,0,0
B-0635,WC-1991,M-1991-21,T-53,1,0,P-84389,97',"extra time, first half",1,0,0,0
B-0636,WC-1991,M-1991-22,T-15,0,1,P-54832,23',first half,1,0,0,0
B-0637,WC-1991,M-1991-24,T-31,1,0,P-44228,59',second half,1,0,0,0
B-0638,WC-1991,M-1991-24,T-83,0,1,P-54794,67',second half,1,0,0,0
B-0639,WC-1991,M-1991-25,T-74,1,0,P-98080,53',second half,1,0,0,0
B-0640,WC-1991,M-1991-25,T-74,1,0,P-81571,60',second half,1,0,0,0
B-0641,WC-1991,M-1991-26,T-83,0,1,P-54794,54',second half,1,0,0,0
B-0642,WC-1994,M-1994-01,T-31,1,0,P-83968,6',first half,1,0,0,0
B-0643,WC-1994,M-1994-01,T-07,0,1,P-61814,37',first half,1,0,0,0
B-0644,WC-1994,M-1994-01,T-07,0,1,P-84079,39',first half,1,0,0,0
B-0645,WC-1994,M-1994-01,T-31,1,0,P-37963,54',second half,1,0,0,0
B-0646,WC-1994,M-1994-01,T-07,0,1,P-92800,66',second half,1,0,0,0
B-0647,WC-1994,M-1994-01,T-07,0,1,P-22812,83',second half,0,1,0,1
B-0648,WC-1994,M-1994-01,T-07,0,1,P-74977,89',second half,1,0,0,0
B-0649,WC-1994,M-1994-02,T-73,1,0,P-38878,24',first half,1,0,0,0
B-0650,WC-1994,M-1994-02,T-73,1,0,P-03307,25',first half,0,1,0,1
B-0651,WC-1994,M-1994-02,T-71,0,1,P-95664,37',first half,1,0,0,0
B-0652,WC-1994,M-1994-02,T-71,0,1,P-51868,61',second half,1,0,0,0
B-0653,WC-1994,M-1994-02,T-73,1,0,P-97666,83',second half,1,0,0,0
B-0654,WC-1994,M-1994-03,T-75,0,1,P-94830,26',first half,1,0,0,0
B-0655,WC-1994,M-1994-03,T-75,0,1,P-76790,82',second half,1,0,0,0
B-0656,WC-1994,M-1994-03,T-83,1,0,P-14008,89',second half,1,0,0,0
B-0657,WC-1994,M-1994-04,T-60,0,1,P-99685,30',first half,1,0,0,0
B-0658,WC-1994,M-1994-04,T-60,0,1,P-90357,50',second half,1,0,0,0
B-0659,WC-1994,M-1994-04,T-60,0,1,P-25274,80',second half,1,0,0,0
B-0660,WC-1994,M-1994-05,T-16,1,0,P-43980,36',first half,1,0,0,0
B-0661,WC-1994,M-1994-05,T-61,0,1,P-69340,39',first half,1,0,0,0
B-0662,WC-1994,M-1994-05,T-16,1,0,P-49600,53',second half,1,0,0,0
B-0663,WC-1994,M-1994-05,T-16,1,0,P-10890,70',second half,1,0,0,0
B-0664,WC-1994,M-1994-06,T-47,0,1,P-96824,23',first half,1,0,0,0
B-0665,WC-1994,M-1994-06,T-47,0,1,P-08730,26',first half,1,0,0,0
B-0666,WC-1994,M-1994-06,T-06,1,0,P-99499,81',second half,1,0,0,0
B-0667,WC-1994,M-1994-06,T-06,1,0,P-83199,85',second half,1,0,0,0
B-0668,WC-1994,M-1994-06,T-47,0,1,P-84885,89',second half,1,0,0,0
B-0669,WC-1994,M-1994-07,T-53,1,0,P-93679,16',first half,1,0,0,0
B-0670,WC-1994,M-1994-07,T-53,1,0,P-61579,26',first half,1,0,0,0
B-0671,WC-1994,M-1994-07,T-46,0,1,P-78308,62',second half,1,0,0,0
B-0672,WC-1994,M-1994-08,T-11,1,0,P-12458,5',first half,1,0,0,0
B-0673,WC-1994,M-1994-08,T-74,0,1,P-63429,72',second half,1,0,0,0
B-0674,WC-1994,M-1994-09,T-62,0,1,P-70700,61',second half,1,0,0,0
B-0675,WC-1994,M-1994-09,T-62,0,1,P-69635,65',second half,1,0,0,0
B-0676,WC-1994,M-1994-09,T-62,0,1,P-82492,78',second half,1,0,0,0
B-0677,WC-1994,M-1994-10,T-63,0,1,P-60332,28',first half,1,0,0,0
B-0678,WC-1994,M-1994-10,T-63,0,1,P-29132,31',first half,1,0,0,0
B-0679,WC-1994,M-1994-10,T-48,1,0,P-49163,36',first half,1,0,0,0
B-0680,WC-1994,M-1994-10,T-63,0,1,P-21550,61',second half,1,0,0,0
B-0681,WC-1994,M-1994-10,T-48,1,0,P-32212,75',second half,1,0,0,0
B-0682,WC-1994,M-1994-11,T-33,0,1,P-06459,25',first half,1,0,0,0
B-0683,WC-1994,M-1994-11,T-03,1,0,P-41616,40',first half,1,0,0,0
B-0684,WC-1994,M-1994-11,T-33,0,1,P-43850,55',second half,1,0,0,0
B-0685,WC-1994,M-1994-12,T-73,0,1,P-18314,15',first half,1,0,0,0
B-0686,WC-1994,M-1994-12,T-73,0,1,P-24945,38',first half,1,0,0,0
B-0687,WC-1994,M-1994-12,T-73,0,1,P-35246,53',second half,1,0,0,0
B-0688,WC-1994,M-1994-12,T-31,1,0,P-61872,70',second half,1,0,0,0
B-0689,WC-1994,M-1994-13,T-10,0,1,P-19567,54',second half,1,0,0,0
B-0690,WC-1994,M-1994-13,T-50,1,0,P-22820,73',second half,1,0,0,0
B-0691,WC-1994,M-1994-14,T-61,1,0,P-81047,32',first half,1,0,0,0
B-0692,WC-1994,M-1994-14,T-61,1,0,P-86528,40',first half,1,0,0,0
B-0693,WC-1994,M-1994-14,T-61,1,0,P-43639,47',second half,1,0,0,0
B-0694,WC-1994,M-1994-14,T-61,1,0,P-15773,73',second half,0,1,0,1
B-0695,WC-1994,M-1994-15,T-16,0,1,P-23692,24',first half,1,0,0,0
B-0696,WC-1994,M-1994-15,T-83,1,0,P-79863,48',second half,1,0,0,0
B-0697,WC-1994,M-1994-16,T-41,1,0,P-88002,21',first half,0,1,0,1
B-0698,WC-1994,M-1994-16,T-53,0,1,P-52878,32',first half,1,0,0,0
B-0699,WC-1994,M-1994-16,T-41,1,0,P-26730,34',first half,1,0,0,0
B-0700,WC-1994,M-1994-16,T-53,0,1,P-93679,68',second half,1,0,0,0
B-0701,WC-1994,M-1994-17,T-07,0,1,P-49642,22',first half,1,0,0,0
B-0702,WC-1994,M-1994-17,T-07,0,1,P-26034,22',first half,1,0,1,1
B-0703,WC-1994,M-1994-17,T-07,0,1,P-84079,32',first half,1,0,0,0
B-0704,WC-1994,M-1994-17,T-71,1,0,P-39863,38',first half,1,0,0,0
B-0705,WC-1994,M-1994-17,T-71,1,0,P-97902,62',second half,1,0,0,0
B-0706,WC-1994,M-1994-17,T-71,1,0,P-92215,89',second half,1,0,0,0
B-0707,WC-1994,M-1994-18,T-60,0,1,P-25274,26',first half,1,0,0,0
B-0708,WC-1994,M-1994-18,T-46,1,0,P-97610,45',first half,1,0,0,0
B-0709,WC-1994,M-1994-18,T-46,1,0,P-50787,57',second half,1,0,0,0
B-0710,WC-1994,M-1994-18,T-60,0,1,P-99685,70',second half,1,0,0,0
B-0711,WC-1994,M-1994-19,T-11,0,1,P-08703,8',first half,1,0,0,0
B-0712,WC-1994,M-1994-19,T-11,0,1,P-07520,37',first half,1,0,0,0
B-0713,WC-1994,M-1994-19,T-09,1,0,P-12551,44',first half,1,0,0,0
B-0714,WC-1994,M-1994-19,T-11,0,1,P-98173,63',second half,0,1,0,1
B-0715,WC-1994,M-1994-20,T-62,0,1,P-06372,1',first half,1,0,1,1
B-0716,WC-1994,M-1994-20,T-62,0,1,P-54805,34',first half,1,0,0,0
B-0717,WC-1994,M-1994-20,T-74,1,0,P-60371,42',first half,1,0,0,0
B-0718,WC-1994,M-1994-20,T-74,1,0,P-63692,52',second half,1,0,0,0
B-0719,WC-1994,M-1994-20,T-74,1,0,P-63429,58',second half,1,0,0,0
B-0720,WC-1994,M-1994-21,T-48,0,1,P-50869,19',first half,1,0,0,0
B-0721,WC-1994,M-1994-21,T-06,1,0,P-10129,20',first half,1,0,0,0
B-0722,WC-1994,M-1994-21,T-48,0,1,P-27957,39',first half,1,0,0,0
B-0723,WC-1994,M-1994-21,T-48,0,1,P-51357,49',second half,1,0,0,0
B-0724,WC-1994,M-1994-21,T-48,0,1,P-92391,81',second half,1,0,0,0
B-0725,WC-1994,M-1994-21,T-48,0,1,P-22409,88',second half,1,0,0,0
B-0726,WC-1994,M-1994-22,T-47,0,1,P-19991,34',first half,1,0,0,0
B-0727,WC-1994,M-1994-22,T-63,1,0,P-75079,50',second half,1,0,0,0
B-0728,WC-1994,M-1994-22,T-63,1,0,P-21550,75',second half,1,0,0,0
B-0729,WC-1994,M-1994-22,T-63,1,0,P-78753,78',second half,1,0,0,0
B-0730,WC-1994,M-1994-22,T-47,0,1,P-96824,83',second half,1,0,0,0
B-0731,WC-1994,M-1994-22,T-63,1,0,P-12996,90',second half,1,0,0,0
B-0732,WC-1994,M-1994-23,T-50,0,1,P-39450,20',first half,1,0,0,0
B-0733,WC-1994,M-1994-23,T-50,0,1,P-74911,53',second half,1,0,0,0
B-0734,WC-1994,M-1994-23,T-03,1,0,P-35873,54',second half,1,0,0,0
B-0735,WC-1994,M-1994-24,T-33,0,1,P-98623,6',first half,1,0,0,0
B-0736,WC-1994,M-1994-24,T-10,1,0,P-07517,17',first half,1,0,0,0
B-0737,WC-1994,M-1994-24,T-10,1,0,P-47670,26',first half,1,0,0,0
B-0738,WC-1994,M-1994-24,T-10,1,0,P-56496,33',first half,1,0,0,0
B-0739,WC-1994,M-1994-24,T-33,0,1,P-38731,42',first half,1,0,0,0
B-0740,WC-1994,M-1994-24,T-33,0,1,P-12695,59',second half,1,0,0,0
B-0741,WC-1994,M-1994-24,T-33,0,1,P-35810,70',second half,1,0,0,0
B-0742,WC-1994,M-1994-24,T-10,1,0,P-40793,84',second half,1,0,0,0
B-0743,WC-1994,M-1994-25,T-75,1,0,P-01678,39',first half,1,0,0,0
B-0744,WC-1994,M-1994-25,T-16,0,1,P-42991,58',second half,1,0,0,0
B-0745,WC-1994,M-1994-25,T-16,0,1,P-49600,62',second half,1,0,0,0
B-0746,WC-1994,M-1994-25,T-16,0,1,P-10890,80',second half,1,0,0,0
B-0747,WC-1994,M-1994-25,T-75,1,0,P-26437,85',second half,1,0,0,0
B-0748,WC-1994,M-1994-26,T-83,1,0,P-14008,41',first half,1,0,0,0
B-0749,WC-1994,M-1994-26,T-83,1,0,P-34393,48',second half,1,0,0,0
B-0750,WC-1994,M-1994-26,T-61,0,1,P-69340,62',second half,1,0,0,0
B-0751,WC-1994,M-1994-26,T-61,0,1,P-12625,73',second half,1,0,0,0
B-0752,WC-1994,M-1994-27,T-73,0,1,P-59647,46',second half,1,0,0,0
B-0753,WC-1994,M-1994-27,T-73,0,1,P-97666,90',second half,1,0,0,0
B-0754,WC-1994,M-1994-28,T-31,1,0,P-67713,24',first half,1,0,0,0
B-0755,WC-1994,M-1994-28,T-31,1,0,P-91373,28',first half,1,0,0,0
B-0756,WC-1994,M-1994-28,T-31,1,0,P-61872,44',first half,1,0,0,0
B-0757,WC-1994,M-1994-28,T-71,0,1,P-51868,89',second half,1,0,0,0
B-0758,WC-1994,M-1994-29,T-46,0,1,P-97610,25',first half,1,0,0,0
B-0759,WC-1994,M-1994-29,T-41,1,0,P-87231,33',first half,1,0,0,0
B-0760,WC-1994,M-1994-29,T-46,0,1,P-46904,63',second half,1,0,0,0
B-0761,WC-1994,M-1994-29,T-46,0,1,P-21495,66',second half,1,0,0,0
B-0762,WC-1994,M-1994-30,T-60,1,0,P-91106,3',first half,1,0,0,0
B-0763,WC-1994,M-1994-30,T-60,1,0,P-95491,29',first half,1,0,0,0
B-0764,WC-1994,M-1994-30,T-53,0,1,P-63024,36',first half,1,0,0,0
B-0765,WC-1994,M-1994-30,T-53,0,1,P-02163,45',first half,1,0,0,0
B-0766,WC-1994,M-1994-30,T-60,1,0,P-07683,83',second half,1,0,0,0
B-0767,WC-1994,M-1994-31,T-11,0,1,P-84420,12',first half,1,0,0,0
B-0768,WC-1994,M-1994-31,T-11,0,1,P-93402,44',first half,1,0,0,0
B-0769,WC-1994,M-1994-31,T-62,1,0,P-48249,57',second half,1,0,0,0
B-0770,WC-1994,M-1994-31,T-62,1,0,P-69635,87',second half,1,0,0,0
B-0771,WC-1994,M-1994-31,T-62,1,0,P-70700,90',second half,1,0,0,0
B-0772,WC-1994,M-1994-32,T-09,1,0,P-56505,23',first half,1,0,0,0
B-0773,WC-1994,M-1994-32,T-74,0,1,P-66178,83',second half,1,0,0,0
B-0774,WC-1994,M-1994-33,T-63,0,1,P-51472,3',first half,1,0,0,0
B-0775,WC-1994,M-1994-33,T-06,1,0,P-97414,61',second half,1,0,0,0
B-0776,WC-1994,M-1994-33,T-63,0,1,P-60814,77',second half,1,0,0,0
B-0777,WC-1994,M-1994-33,T-06,1,0,P-61846,80',second half,1,0,0,0
B-0778,WC-1994,M-1994-34,T-47,1,0,P-89133,12',first half,1,0,0,0
B-0779,WC-1994,M-1994-34,T-47,1,0,P-82124,14',first half,1,0,0,0
B-0780,WC-1994,M-1994-34,T-47,1,0,P-91608,25',first half,1,0,0,0
B-0781,WC-1994,M-1994-34,T-47,1,0,P-48036,28',first half,1,0,0,0
B-0782,WC-1994,M-1994-34,T-47,1,0,P-16451,41',first half,1,0,0,0
B-0783,WC-1994,M-1994-34,T-48,0,1,P-50869,75',second half,1,0,0,0
B-0784,WC-1994,M-1994-34,T-48,0,1,P-61116,79',second half,1,0,0,0
B-0785,WC-1994,M-1994-35,T-10,0,1,P-81648,7',first half,1,0,0,0
B-0786,WC-1994,M-1994-35,T-10,0,1,P-56496,24',first half,1,0,0,0
B-0787,WC-1994,M-1994-35,T-03,1,0,P-79080,34',first half,1,0,0,0
B-0788,WC-1994,M-1994-35,T-03,1,0,P-27629,44',first half,1,0,0,0
B-0789,WC-1994,M-1994-35,T-10,0,1,P-06964,45',first half,1,0,1,1
B-0790,WC-1994,M-1994-35,T-10,0,1,P-47670,58',second half,1,0,0,0
B-0791,WC-1994,M-1994-35,T-10,0,1,P-22562,74',second half,1,0,0,0
B-0792,WC-1994,M-1994-35,T-03,1,0,P-84542,81',second half,1,0,0,0
B-0793,WC-1994,M-1994-36,T-33,1,0,P-12695,32',first half,1,0,0,0
B-0794,WC-1994,M-1994-36,T-33,1,0,P-59135,41',first half,1,0,0,0
B-0795,WC-1994,M-1994-36,T-50,0,1,P-41790,66',second half,1,0,0,0
B-0796,WC-1994,M-1994-36,T-50,0,1,P-46986,70',second half,1,0,0,0
B-0797,WC-1994,M-1994-37,T-31,1,0,P-87830,13',first half,1,0,0,0
B-0798,WC-1994,M-1994-37,T-31,1,0,P-68490,37',first half,1,0,0,0
B-0799,WC-1994,M-1994-37,T-06,0,1,P-43307,38',first half,1,0,0,0
B-0800,WC-1994,M-1994-38,T-73,1,0,P-00619,18',first half,1,0,0,0
B-0801,WC-1994,M-1994-38,T-73,1,0,P-59647,19',first half,1,0,0,0
B-0802,WC-1994,M-1994-38,T-73,1,0,P-80697,22',first half,1,0,0,0
B-0803,WC-1994,M-1994-38,T-75,0,1,P-06183,23',first half,1,0,0,0
B-0804,WC-1994,M-1994-38,T-75,0,1,P-82747,69',second half,1,0,0,0
B-0805,WC-1994,M-1994-38,T-75,0,1,P-76790,77',second half,1,0,0,0
B-0806,WC-1994,M-1994-38,T-75,0,1,P-09954,85',second half,1,0,0,0
B-0807,WC-1994,M-1994-38,T-73,1,0,P-20256,87',second half,1,0,0,0
B-0808,WC-1994,M-1994-39,T-74,0,1,P-75066,16',first half,1,0,0,0
B-0809,WC-1994,M-1994-39,T-74,0,1,P-92339,67',second half,1,0,0,0
B-0810,WC-1994,M-1994-39,T-63,1,0,P-78753,71',second half,1,0,0,0
B-0811,WC-1994,M-1994-39,T-74,0,1,P-23360,74',second half,1,0,0,0
B-0812,WC-1994,M-1994-40,T-03,0,1,P-79080,33',first half,1,0,0,0
B-0813,WC-1994,M-1994-40,T-61,1,0,P-19537,50',second half,1,0,0,0
B-0814,WC-1994,M-1994-40,T-03,0,1,P-78898,55',second half,1,0,0,0
B-0815,WC-1994,M-1994-40,T-03,0,1,P-28816,56',second half,1,0,0,0
B-0816,WC-1994,M-1994-40,T-61,1,0,P-79864,68',second half,1,0,0,0
B-0817,WC-1994,M-1994-40,T-03,0,1,P-41616,83',second half,1,0,0,0
B-0818,WC-1994,M-1994-40,T-61,1,0,P-54322,84',second half,1,0,0,0
B-0819,WC-1994,M-1994-41,T-48,1,0,P-72919,72',second half,1,0,0,0
B-0820,WC-1994,M-1994-42,T-09,1,0,P-78793,8',first half,1,0,0,0
B-0821,WC-1994,M-1994-42,T-09,1,0,P-26340,16',first half,1,0,0,0
B-0822,WC-1994,M-1994-42,T-09,1,0,P-72471,43',first half,0,1,0,1
B-0823,WC-1994,M-1994-42,T-83,0,1,P-07720,43',first half,1,0,0,0
B-0824,WC-1994,M-1994-42,T-83,0,1,P-82723,49',second half,1,0,0,0
B-0825,WC-1994,M-1994-42,T-83,0,1,P-34393,64',second half,1,0,1,1
B-0826,WC-1994,M-1994-42,T-83,0,1,P-08863,80',second half,1,0,0,0
B-0827,WC-1994,M-1994-43,T-50,1,0,P-74911,2',first half,1,0,0,0
B-0828,WC-1994,M-1994-43,T-41,0,1,P-31072,6',first half,1,0,0,0
B-0829,WC-1994,M-1994-43,T-41,0,1,P-36036,29',first half,1,0,0,0
B-0830,WC-1994,M-1994-43,T-50,1,0,P-56969,41',first half,1,0,0,0
B-0831,WC-1994,M-1994-43,T-50,1,0,P-41790,53',second half,1,0,0,0
B-0832,WC-1994,M-1994-43,T-50,1,0,P-91949,58',second half,1,0,0,0
B-0833,WC-1994,M-1994-43,T-41,0,1,P-32071,60',second half,1,0,0,0
B-0834,WC-1994,M-1994-43,T-41,0,1,P-52474,62',second half,1,0,0,0
B-0835,WC-1994,M-1994-43,T-41,0,1,P-78280,75',second half,0,1,0,1
B-0836,WC-1994,M-1994-43,T-41,0,1,P-43222,80',second half,1,0,0,0
B-0837,WC-1994,M-1994-44,T-10,0,1,P-88510,12',first half,1,0,1,1
B-0838,WC-1994,M-1994-44,T-46,1,0,P-78308,14',first half,1,0,0,0
B-0839,WC-1994,M-1994-44,T-10,0,1,P-05061,17',first half,1,0,0,0
B-0840,WC-1994,M-1994-44,T-46,1,0,P-46904,28',first half,1,0,1,1
B-0841,WC-1994,M-1994-44,T-10,0,1,P-48990,34',first half,1,0,0,0
B-0842,WC-1994,M-1994-44,T-10,0,1,P-99271,67',second half,1,0,0,0
B-0843,WC-1994,M-1994-44,T-46,1,0,P-21741,70',second half,1,0,0,0
B-0844,WC-1994,M-1994-44,T-46,1,0,P-21495,76',second half,1,0,0,0
B-0845,WC-1994,M-1994-45,T-73,0,1,P-24945,3',first half,1,0,0,0
B-0846,WC-1994,M-1994-45,T-73,0,1,P-97666,19',first half,1,0,0,0
B-0847,WC-1994,M-1994-46,T-48,1,0,P-42249,40',first half,1,0,0,0
B-0848,WC-1994,M-1994-46,T-09,0,1,P-32466,74',second half,1,0,0,0
B-0849,WC-1994,M-1994-46,T-48,1,0,P-50869,89',second half,1,0,0,0
B-0850,WC-1994,M-1994-47,T-31,0,1,P-87830,14',first half,1,0,0,0
B-0851,WC-1994,M-1994-47,T-31,0,1,P-68490,15',first half,1,0,0,0
B-0852,WC-1994,M-1994-47,T-10,1,0,P-47670,22',first half,1,0,0,0
B-0853,WC-1994,M-1994-47,T-31,0,1,P-77552,49',second half,1,0,0,0
B-0854,WC-1994,M-1994-47,T-31,0,1,P-91373,50',second half,1,0,0,0
B-0855,WC-1994,M-1994-47,T-10,1,0,P-81648,82',second half,1,0,0,0
B-0856,WC-1994,M-1994-47,T-10,1,0,P-94024,85',second half,1,0,0,0
B-0857,WC-1994,M-1994-47,T-31,0,1,P-04572,89',second half,1,0,0,0
B-0858,WC-1994,M-1994-48,T-74,0,1,P-21234,7',first half,1,0,0,0
B-0859,WC-1994,M-1994-48,T-61,1,0,P-19537,21',first half,1,0,0,0
B-0860,WC-1994,M-1994-48,T-61,1,0,P-79864,34',first half,1,0,0,0
B-0861,WC-1994,M-1994-48,T-74,0,1,P-63692,43',first half,1,0,1,1
B-0862,WC-1994,M-1994-48,T-61,1,0,P-11979,108',"extra time, second half",1,0,0,0
B-0863,WC-1994,M-1994-49,T-10,1,0,P-23633,52',second half,1,0,0,0
B-0864,WC-1994,M-1994-49,T-41,0,1,P-36036,61',second half,1,0,0,0
B-0865,WC-1994,M-1994-49,T-10,1,0,P-19567,65',second half,1,0,0,0
B-0866,WC-1994,M-1994-49,T-41,0,1,P-87231,80',second half,1,0,0,0
B-0867,WC-1994,M-1994-49,T-10,1,0,P-56496,83',second half,1,0,0,0
B-0868,WC-1994,M-1994-50,T-09,0,1,P-12418,3',first half,1,0,0,0
B-0869,WC-1994,M-1994-50,T-74,1,0,P-75066,29',first half,1,0,0,0
B-0870,WC-1994,M-1994-50,T-74,1,0,P-92339,63',second half,0,1,0,1
B-0871,WC-1994,M-1994-50,T-74,1,0,P-26281,86',second half,1,0,0,0
B-0872,WC-1994,M-1994-51,T-10,0,1,P-56496,73',second half,1,0,0,0
B-0873,WC-1994,M-1994-51,T-74,1,0,P-60371,82',second half,1,0,0,0
B-0874,WC-1994,M-1994-52,T-09,1,0,P-78793,4',first half,1,0,0,0
B-0875,WC-1994,M-1994-52,T-41,0,1,P-83615,41',first half,1,0,0,0
B-0876,WC-1994,M-1994-52,T-41,0,1,P-87231,42',first half,1,0,0,0
B-0877,WC-1994,M-1994-52,T-09,1,0,P-91718,87',second half,1,0,0,0
B-0878,WC-1995,M-1995-02,T-09,0,1,P-26383,21',first half,1,0,0,0
B-0879,WC-1995,M-1995-02,T-09,0,1,P-14897,57',second half,1,0,0,0
B-0880,WC-1995,M-1995-02,T-74,1,0,P-16323,75',second half,1,0,0,0
B-0881,WC-1995,M-1995-03,T-12,0,1,P-89408,17',first half,1,0,0,0
B-0882,WC-1995,M-1995-03,T-12,0,1,P-28260,44',first half,1,0,0,0
B-0883,WC-1995,M-1995-03,T-28,1,0,P-19148,77',second half,1,0,0,0
B-0884,WC-1995,M-1995-04,T-50,0,1,P-26950,69',second half,1,0,0,0
B-0885,WC-1995,M-1995-04,T-50,0,1,P-89903,86',second half,1,0,0,0
B-0886,WC-1995,M-1995-05,T-04,0,1,P-77926,25',first half,1,0,0,0
B-0887,WC-1995,M-1995-05,T-22,1,0,P-04853,28',first half,1,0,0,0
B-0888,WC-1995,M-1995-05,T-04,0,1,P-17776,30',first half,0,1,0,1
B-0889,WC-1995,M-1995-05,T-04,0,1,P-19145,37',first half,1,0,0,0
B-0890,WC-1995,M-1995-05,T-04,0,1,P-41263,45',first half,1,0,0,0
B-0891,WC-1995,M-1995-06,T-14,0,1,P-44067,3',first half,1,0,0,0
B-0892,WC-1995,M-1995-07,T-09,1,0,P-14897,10',first half,1,0,0,0
B-0893,WC-1995,M-1995-07,T-09,1,0,P-41343,26',first half,1,0,0,0
B-0894,WC-1995,M-1995-07,T-44,0,1,P-89192,48',second half,1,0,0,0
B-0895,WC-1995,M-1995-08,T-31,0,1,P-10757,14',first half,1,0,0,0
B-0896,WC-1995,M-1995-08,T-31,0,1,P-63276,61',second half,1,0,0,0
B-0897,WC-1995,M-1995-09,T-50,1,0,P-10791,14',first half,1,0,0,0
B-0898,WC-1995,M-1995-09,T-12,0,1,P-62330,44',first half,1,0,0,0
B-0899,WC-1995,M-1995-09,T-50,1,0,P-89903,83',second half,1,0,0,0
B-0900,WC-1995,M-1995-10,T-53,1,0,P-05714,34',first half,1,0,0,0
B-0901,WC-1995,M-1995-10,T-28,0,1,P-74331,54',second half,1,0,0,0
B-0902,WC-1995,M-1995-11,T-04,0,1,P-87217,62',second half,1,0,0,0
B-0903,WC-1995,M-1995-11,T-04,0,1,P-19145,73',second half,1,0,0,0
B-0904,WC-1995,M-1995-11,T-14,1,0,P-02688,79',second half,1,0,0,0
B-0905,WC-1995,M-1995-11,T-04,0,1,P-41263,83',second half,1,0,0,0
B-0906,WC-1995,M-1995-12,T-83,1,0,P-28901,29',first half,1,0,0,0
B-0907,WC-1995,M-1995-12,T-83,1,0,P-89416,38',first half,1,0,0,0
B-0908,WC-1995,M-1995-12,T-22,0,1,P-80982,55',second half,1,0,0,0
B-0909,WC-1995,M-1995-12,T-83,1,0,P-17759,88',second half,0,1,0,1
B-0910,WC-1995,M-1995-12,T-22,0,1,P-47392,89',second half,1,0,0,0
B-0911,WC-1995,M-1995-13,T-09,1,0,P-40008,7',first half,1,0,1,1
B-0912,WC-1995,M-1995-13,T-09,1,0,P-17405,25',first half,1,0,0,0
B-0913,WC-1995,M-1995-13,T-09,1,0,P-01608,30',first half,1,0,0,0
B-0914,WC-1995,M-1995-13,T-31,0,1,P-63276,35',first half,1,0,0,0
B-0915,WC-1995,M-1995-13,T-31,0,1,P-52478,59',second half,1,0,0,0
B-0916,WC-1995,M-1995-13,T-09,1,0,P-97167,62',second half,1,0,0,0
B-0917,WC-1995,M-1995-13,T-31,0,1,P-33252,65',second half,1,0,0,0
B-0918,WC-1995,M-1995-14,T-44,0,1,P-62310,15',first half,1,0,0,0
B-0919,WC-1995,M-1995-15,T-50,1,0,P-00436,5',first half,1,0,0,0
B-0920,WC-1995,M-1995-15,T-50,1,0,P-85817,68',second half,1,0,0,0
B-0921,WC-1995,M-1995-15,T-50,1,0,P-94567,90',second half,1,0,0,0
B-0922,WC-1995,M-1995-16,T-12,0,1,P-87029,26',first half,1,0,0,0
B-0923,WC-1995,M-1995-16,T-12,0,1,P-26057,36',first half,1,0,0,0
B-0924,WC-1995,M-1995-16,T-12,0,1,P-28260,80',second half,1,0,0,0
B-0925,WC-1995,M-1995-16,T-12,0,1,P-39552,88',second half,1,0,0,0
B-0926,WC-1995,M-1995-17,T-22,0,1,P-71560,56',second half,1,0,0,0
B-0927,WC-1995,M-1995-18,T-04,0,1,P-77926,42',first half,1,0,0,0
B-0928,WC-1995,M-1995-18,T-83,1,0,P-49668,55',second half,1,0,0,0
B-0929,WC-1995,M-1995-18,T-04,0,1,P-72800,82',second half,1,0,0,0
B-0930,WC-1995,M-1995-18,T-04,0,1,P-61821,88',second half,1,0,0,0
B-0931,WC-1995,M-1995-19,T-83,0,1,P-75727,47',second half,1,0,0,0
B-0932,WC-1995,M-1995-19,T-44,1,0,P-62310,72',second half,1,0,0,0
B-0933,WC-1995,M-1995-20,T-53,1,0,P-58688,23',first half,1,0,0,0
B-0934,WC-1995,M-1995-20,T-22,0,1,P-74955,90',second half,1,0,0,0
B-0935,WC-1995,M-1995-21,T-28,0,1,P-17606,57',second half,1,0,0,0
B-0936,WC-1995,M-1995-21,T-28,0,1,P-74331,70',second half,1,0,0,0
B-0937,WC-1995,M-1995-22,T-14,0,1,P-46333,22',first half,1,0,0,0
B-0938,WC-1995,M-1995-22,T-14,0,1,P-10128,77',second half,1,0,0,0
B-0939,WC-1995,M-1995-23,T-53,0,1,P-18995,6',first half,1,0,0,0
B-0940,WC-1995,M-1995-23,T-53,0,1,P-91065,22',first half,1,0,1,1
B-0941,WC-1995,M-1995-24,T-14,0,1,P-78729,52',second half,1,0,0,0
B-0942,WC-1995,M-1995-24,T-14,0,1,P-35093,65',second half,1,0,0,0
B-0943,WC-1995,M-1995-25,T-14,1,0,P-46333,45',first half,1,0,0,0
B-0944,WC-1995,M-1995-26,T-31,1,0,P-27293,2',first half,1,0,0,0
B-0945,WC-1995,M-1995-26,T-53,0,1,P-05714,22',first half,1,0,0,0
B-0946,WC-1995,M-1995-26,T-53,0,1,P-58688,58',second half,1,0,0,0
B-0947,WC-1995,M-1995-26,T-53,0,1,P-29915,70',second half,1,0,0,0
B-0948,WC-1998,M-1998-01,T-64,0,1,P-56227,25',first half,1,0,0,0
B-0949,WC-1998,M-1998-01,T-09,1,0,P-03658,37',first half,1,0,0,0
B-0950,WC-1998,M-1998-01,T-09,1,0,P-56505,45'+2',"first half, stoppage time",1,0,0,0
B-0951,WC-1998,M-1998-02,T-47,1,0,P-76158,79',second half,1,0,0,0
B-0952,WC-1998,M-1998-03,T-41,1,0,P-59777,8',first half,1,0,0,0
B-0953,WC-1998,M-1998-03,T-41,1,0,P-88863,31',first half,1,0,0,0
B-0954,WC-1998,M-1998-03,T-13,0,1,P-91710,45',first half,1,0,0,0
B-0955,WC-1998,M-1998-03,T-13,0,1,P-43934,53',second half,1,0,0,0
B-0956,WC-1998,M-1998-03,T-13,0,1,P-79494,66',second half,1,0,0,0
B-0957,WC-1998,M-1998-04,T-05,0,1,P-46006,27',first half,1,0,0,0
B-0958,WC-1998,M-1998-04,T-11,1,0,P-45873,30',first half,1,0,0,0
B-0959,WC-1998,M-1998-05,T-10,0,1,P-16713,27',first half,1,0,1,1
B-0960,WC-1998,M-1998-05,T-55,1,0,P-40108,45',first half,1,0,0,0
B-0961,WC-1998,M-1998-05,T-10,0,1,P-81648,45',first half,1,0,0,0
B-0962,WC-1998,M-1998-05,T-10,0,1,P-47670,73',second half,1,0,0,0
B-0963,WC-1998,M-1998-06,T-63,1,0,P-78753,11',first half,1,0,0,0
B-0964,WC-1998,M-1998-06,T-22,0,1,P-87412,12',first half,1,0,0,0
B-0965,WC-1998,M-1998-06,T-22,0,1,P-77711,60',second half,1,0,0,0
B-0966,WC-1998,M-1998-06,T-22,0,1,P-62564,73',second half,1,0,0,0
B-0967,WC-1998,M-1998-07,T-30,1,0,P-40400,28',first half,1,0,0,0
B-0968,WC-1998,M-1998-07,T-70,0,1,P-94478,39',first half,1,0,0,0
B-0969,WC-1998,M-1998-07,T-30,1,0,P-61954,53',second half,1,0,0,0
B-0970,WC-1998,M-1998-07,T-30,1,0,P-56430,75',second half,1,0,0,0
B-0971,WC-1998,M-1998-08,T-73,1,0,P-61706,56',second half,1,0,0,0
B-0972,WC-1998,M-1998-08,T-73,1,0,P-03307,59',second half,1,0,0,0
B-0973,WC-1998,M-1998-08,T-50,0,1,P-74808,62',second half,1,0,0,0
B-0974,WC-1998,M-1998-08,T-73,1,0,P-22620,75',second half,1,0,0,0
B-0975,WC-1998,M-1998-09,T-71,1,0,P-66219,20',first half,1,0,0,0
B-0976,WC-1998,M-1998-09,T-46,0,1,P-77010,26',first half,1,0,0,0
B-0977,WC-1998,M-1998-09,T-46,0,1,P-21495,27',first half,1,0,0,0
B-0978,WC-1998,M-1998-09,T-71,1,0,P-55350,30',first half,0,1,0,1
B-0979,WC-1998,M-1998-10,T-06,0,1,P-33618,20',first half,1,0,0,0
B-0980,WC-1998,M-1998-10,T-06,0,1,P-17071,29',first half,1,0,0,0
B-0981,WC-1998,M-1998-10,T-48,1,0,P-59191,80',second half,0,1,0,1
B-0982,WC-1998,M-1998-11,T-44,0,1,P-29629,26',first half,1,0,0,0
B-0983,WC-1998,M-1998-11,T-44,0,1,P-36022,67',second half,1,0,0,0
B-0984,WC-1998,M-1998-11,T-44,0,1,P-99803,90'+2',"second half, stoppage time",1,0,0,0
B-0985,WC-1998,M-1998-12,T-87,1,0,P-11960,42',first half,1,0,0,0
B-0986,WC-1998,M-1998-12,T-87,1,0,P-93318,60',second half,1,0,0,0
B-0987,WC-1998,M-1998-13,T-18,0,1,P-37461,5',first half,1,0,0,0
B-0988,WC-1998,M-1998-13,T-18,0,1,P-41724,59',second half,1,0,0,0
B-0989,WC-1998,M-1998-13,T-43,1,0,P-36985,62',second half,1,0,0,0
B-0990,WC-1998,M-1998-14,T-79,0,1,P-44011,48',second half,1,0,0,0
B-0991,WC-1998,M-1998-14,T-79,0,1,P-90120,70',second half,1,0,0,0
B-0992,WC-1998,M-1998-14,T-79,0,1,P-41620,87',second half,1,0,0,0
B-0993,WC-1998,M-1998-14,T-28,1,0,P-97840,88',second half,1,0,0,0
B-0994,WC-1998,M-1998-15,T-16,0,1,P-21571,47',second half,1,0,0,0
B-0995,WC-1998,M-1998-15,T-61,1,0,P-48638,54',second half,1,0,0,0
B-0996,WC-1998,M-1998-15,T-61,1,0,P-04888,69',second half,1,0,0,0
B-0997,WC-1998,M-1998-15,T-61,1,0,P-12625,78',second half,1,0,0,0
B-0998,WC-1998,M-1998-16,T-31,1,0,P-65108,30',first half,1,0,0,0
B-0999,WC-1998,M-1998-16,T-83,0,1,P-34695,50',second half,1,0,0,0
B-1000,WC-1998,M-1998-16,T-31,1,0,P-35902,77',second half,1,0,0,0
B-1001,WC-1998,M-1998-16,T-31,1,0,P-78998,84',second half,1,0,0,0
B-1002,WC-1998,M-1998-16,T-83,0,1,P-02842,85',second half,1,0,0,0
B-1003,WC-1998,M-1998-17,T-64,1,0,P-39265,24',first half,1,0,0,0
B-1004,WC-1998,M-1998-17,T-53,0,1,P-72296,53',second half,1,0,0,0
B-1005,WC-1998,M-1998-17,T-64,1,0,P-56227,56',second half,1,0,0,0
B-1006,WC-1998,M-1998-17,T-53,0,1,P-25644,58',second half,1,0,0,0
B-1007,WC-1998,M-1998-18,T-47,0,1,P-14349,32',first half,1,0,0,0
B-1008,WC-1998,M-1998-18,T-09,1,0,P-03658,36',first half,1,0,0,0
B-1009,WC-1998,M-1998-18,T-47,0,1,P-76158,64',second half,1,0,0,0
B-1010,WC-1998,M-1998-18,T-09,1,0,P-09547,87',second half,1,0,0,0
B-1011,WC-1998,M-1998-19,T-13,1,0,P-16244,16',first half,1,0,0,0
B-1012,WC-1998,M-1998-19,T-05,0,1,P-77198,26',first half,1,0,0,0
B-1013,WC-1998,M-1998-19,T-13,1,0,P-14852,47',second half,1,0,0,0
B-1014,WC-1998,M-1998-19,T-13,1,0,P-39251,58',second half,1,0,0,0
B-1015,WC-1998,M-1998-19,T-13,1,0,P-82614,74',second half,1,0,0,0
B-1016,WC-1998,M-1998-20,T-11,0,1,P-67168,6',first half,1,0,0,0
B-1017,WC-1998,M-1998-20,T-11,0,1,P-53197,16',first half,1,0,0,0
B-1018,WC-1998,M-1998-20,T-41,1,0,P-36036,26',first half,1,0,0,0
B-1019,WC-1998,M-1998-20,T-11,0,1,P-07520,42',first half,0,1,0,1
B-1020,WC-1998,M-1998-20,T-41,1,0,P-42659,63',second half,1,0,0,0
B-1021,WC-1998,M-1998-20,T-11,0,1,P-06511,79',second half,1,0,0,0
B-1022,WC-1998,M-1998-20,T-11,0,1,P-98173,85',second half,1,0,0,0
B-1023,WC-1998,M-1998-21,T-22,0,1,P-57898,23',first half,1,0,0,0
B-1024,WC-1998,M-1998-21,T-70,1,0,P-10490,28',first half,1,0,0,0
B-1025,WC-1998,M-1998-21,T-22,0,1,P-11000,56',second half,1,0,0,0
B-1026,WC-1998,M-1998-21,T-22,0,1,P-35183,57',second half,1,0,0,0
B-1027,WC-1998,M-1998-21,T-70,1,0,P-65806,63',second half,1,0,0,0
B-1028,WC-1998,M-1998-21,T-70,1,0,P-19030,65',second half,1,1,0,1
B-1029,WC-1998,M-1998-21,T-22,0,1,P-75330,66',second half,0,1,0,1
B-1030,WC-1998,M-1998-21,T-70,1,0,P-56543,73',second half,1,0,0,0
B-1031,WC-1998,M-1998-21,T-22,0,1,P-87412,85',second half,0,1,0,1
B-1032,WC-1998,M-1998-22,T-63,0,1,P-55518,7',first half,1,0,0,0
B-1033,WC-1998,M-1998-22,T-63,0,1,P-44462,19',first half,0,1,0,1
B-1034,WC-1998,M-1998-22,T-30,1,0,P-74952,36',first half,1,0,0,0
B-1035,WC-1998,M-1998-22,T-30,1,0,P-56735,50',second half,1,0,0,0
B-1036,WC-1998,M-1998-22,T-30,1,0,P-56430,71',second half,0,1,0,1
B-1037,WC-1998,M-1998-22,T-63,0,1,P-88041,82',second half,1,0,0,0
B-1038,WC-1998,M-1998-23,T-50,1,0,P-56969,20',first half,1,0,0,0
B-1039,WC-1998,M-1998-23,T-50,1,0,P-74808,44',first half,1,0,0,0
B-1040,WC-1998,M-1998-23,T-50,1,0,P-25715,49',second half,1,0,0,0
B-1041,WC-1998,M-1998-23,T-10,0,1,P-57696,66',second half,1,0,0,0
B-1042,WC-1998,M-1998-23,T-50,1,0,P-83122,70',second half,1,0,0,0
B-1043,WC-1998,M-1998-23,T-10,0,1,P-14982,78',second half,1,0,0,0
B-1044,WC-1998,M-1998-24,T-73,1,0,P-96053,8',first half,1,0,0,0
B-1045,WC-1998,M-1998-24,T-55,0,1,P-34957,30',first half,1,0,0,0
B-1046,WC-1998,M-1998-24,T-55,0,1,P-76678,76',second half,1,0,0,0
B-1047,WC-1998,M-1998-24,T-73,1,0,P-64962,87',second half,1,0,0,0
B-1048,WC-1998,M-1998-25,T-18,0,1,P-62861,26',first half,1,0,0,0
B-1049,WC-1998,M-1998-25,T-44,1,0,P-33594,41',first half,1,0,0,0
B-1050,WC-1998,M-1998-25,T-44,1,0,P-36022,70',second half,1,0,0,0
B-1051,WC-1998,M-1998-25,T-18,0,1,P-75377,70',second half,1,0,0,0
B-1052,WC-1998,M-1998-25,T-44,1,0,P-34956,89',second half,1,0,0,0
B-1053,WC-1998,M-1998-26,T-46,0,1,P-34636,28',first half,0,1,0,1
B-1054,WC-1998,M-1998-26,T-46,0,1,P-21741,39',first half,1,0,0,0
B-1055,WC-1998,M-1998-26,T-46,0,1,P-88428,47',second half,1,0,0,0
B-1056,WC-1998,M-1998-26,T-06,1,0,P-52358,54',second half,0,1,0,1
B-1057,WC-1998,M-1998-26,T-06,1,0,P-86884,68',second half,1,0,0,0
B-1058,WC-1998,M-1998-27,T-71,0,1,P-72495,26',first half,1,0,0,0
B-1059,WC-1998,M-1998-27,T-71,0,1,P-64624,90'+2',"second half, stoppage time",1,0,0,0
B-1060,WC-1998,M-1998-28,T-31,1,0,P-49502,75',second half,1,0,0,0
B-1061,WC-1998,M-1998-29,T-43,0,1,P-41974,4',first half,1,0,1,1
B-1062,WC-1998,M-1998-29,T-03,1,0,P-28816,65',second half,1,0,0,0
B-1063,WC-1998,M-1998-29,T-43,0,1,P-49195,88',second half,1,0,0,0
B-1064,WC-1998,M-1998-30,T-38,0,1,P-32369,8',first half,1,0,0,0
B-1065,WC-1998,M-1998-30,T-83,1,0,P-68379,18',first half,1,0,0,0
B-1066,WC-1998,M-1998-30,T-38,0,1,P-65077,77',second half,1,0,0,0
B-1067,WC-1998,M-1998-31,T-79,0,1,P-89154,16',first half,1,0,0,0
B-1068,WC-1998,M-1998-31,T-16,1,0,P-21571,18',first half,1,0,0,0
B-1069,WC-1998,M-1998-31,T-79,0,1,P-44011,83',second half,1,0,0,0
B-1070,WC-1998,M-1998-32,T-61,1,0,P-30739,4',first half,1,0,0,0
B-1071,WC-1998,M-1998-32,T-61,1,0,P-19537,47',second half,1,0,0,0
B-1072,WC-1998,M-1998-32,T-61,1,0,P-16780,78',second half,1,0,0,0
B-1073,WC-1998,M-1998-32,T-61,1,0,P-48638,88',second half,1,0,0,0
B-1074,WC-1998,M-1998-33,T-11,0,1,P-98173,8',first half,1,1,0,1
B-1075,WC-1998,M-1998-33,T-13,1,0,P-91710,50',second half,1,0,0,0
B-1076,WC-1998,M-1998-33,T-13,1,0,P-79494,55',second half,1,0,0,0
B-1077,WC-1998,M-1998-33,T-13,1,0,P-16244,66',second half,1,0,0,0
B-1078,WC-1998,M-1998-33,T-11,0,1,P-38724,88',second half,0,1,0,1
B-1079,WC-1998,M-1998-33,T-13,1,0,P-30572,89',second half,1,0,0,0
B-1080,WC-1998,M-1998-34,T-05,0,1,P-77565,3',first half,1,0,0,0
B-1081,WC-1998,M-1998-34,T-05,0,1,P-28521,35',first half,1,0,0,0
B-1082,WC-1998,M-1998-34,T-05,0,1,P-77198,43',first half,1,0,0,0
B-1083,WC-1998,M-1998-34,T-41,1,0,P-43222,87',second half,1,0,0,0
B-1084,WC-1998,M-1998-34,T-05,0,1,P-66639,88',second half,1,0,0,0
B-1085,WC-1998,M-1998-35,T-53,0,1,P-61579,54',second half,1,0,0,0
B-1086,WC-1998,M-1998-35,T-53,0,1,P-03442,61',second half,1,0,0,0
B-1087,WC-1998,M-1998-36,T-64,1,0,P-00189,21',first half,1,0,0,0
B-1088,WC-1998,M-1998-36,T-64,1,0,P-74264,53',second half,0,1,0,1
B-1089,WC-1998,M-1998-36,T-47,0,1,P-78077,81',second half,1,0,0,0
B-1090,WC-1998,M-1998-37,T-30,1,0,P-54985,53',second half,1,0,0,0
B-1091,WC-1998,M-1998-37,T-30,1,0,P-96540,62',second half,1,0,0,0
B-1092,WC-1998,M-1998-37,T-22,0,1,P-90473,65',second half,1,0,0,0
B-1093,WC-1998,M-1998-37,T-22,0,1,P-37132,78',second half,1,0,0,0
B-1094,WC-1998,M-1998-38,T-63,0,1,P-17941,30',first half,1,0,0,0
B-1095,WC-1998,M-1998-38,T-70,1,0,P-02423,38',first half,1,0,0,0
B-1096,WC-1998,M-1998-38,T-70,1,0,P-56543,65',second half,1,0,0,0
B-1097,WC-1998,M-1998-39,T-50,1,0,P-39450,25',first half,1,0,0,0
B-1098,WC-1998,M-1998-39,T-50,1,0,P-72134,38',first half,1,0,0,0
B-1099,WC-1998,M-1998-40,T-73,1,0,P-08700,16',first half,1,0,0,0
B-1100,WC-1998,M-1998-40,T-10,0,1,P-99418,45',first half,1,0,0,0
B-1101,WC-1998,M-1998-40,T-73,1,0,P-60964,73',second half,1,0,0,0
B-1102,WC-1998,M-1998-40,T-10,0,1,P-41316,85',second half,1,0,0,0
B-1103,WC-1998,M-1998-41,T-71,0,1,P-96267,48',second half,1,0,0,0
B-1104,WC-1998,M-1998-41,T-06,1,0,P-10129,65',second half,1,0,0,0
B-1105,WC-1998,M-1998-41,T-71,0,1,P-65241,67',second half,1,0,0,0
B-1106,WC-1998,M-1998-41,T-71,0,1,P-84722,83',second half,1,0,0,0
B-1107,WC-1998,M-1998-41,T-71,0,1,P-66219,83',second half,1,0,0,0
B-1108,WC-1998,M-1998-42,T-46,0,1,P-72763,18',first half,1,0,0,0
B-1109,WC-1998,M-1998-42,T-48,1,0,P-46061,21',first half,1,0,0,0
B-1110,WC-1998,M-1998-42,T-48,1,0,P-92458,46',second half,1,0,0,0
B-1111,WC-1998,M-1998-42,T-46,0,1,P-45941,46',second half,1,0,0,0
B-1112,WC-1998,M-1998-42,T-46,0,1,P-32594,58',second half,1,0,0,0
B-1113,WC-1998,M-1998-42,T-46,0,1,P-50252,68',second half,1,0,0,0
B-1114,WC-1998,M-1998-42,T-46,0,1,P-21741,89',second half,0,1,0,1
B-1115,WC-1998,M-1998-43,T-31,1,0,P-91373,31',first half,1,0,0,0
B-1116,WC-1998,M-1998-43,T-31,1,0,P-77552,45',first half,1,0,0,0
B-1117,WC-1998,M-1998-43,T-38,0,1,P-38371,47',second half,1,0,0,0
B-1118,WC-1998,M-1998-44,T-83,1,0,P-97459,13',first half,1,0,0,0
B-1119,WC-1998,M-1998-44,T-87,0,1,P-22793,41',first half,1,0,0,0
B-1120,WC-1998,M-1998-44,T-87,0,1,P-85140,61',second half,1,0,0,0
B-1121,WC-1998,M-1998-45,T-18,0,1,P-85355,20',first half,1,0,0,0
B-1122,WC-1998,M-1998-45,T-03,1,0,P-00065,23',first half,1,0,0,0
B-1123,WC-1998,M-1998-45,T-03,1,0,P-83403,35',first half,1,0,0,0
B-1124,WC-1998,M-1998-45,T-18,0,1,P-37461,43',first half,1,0,0,0
B-1125,WC-1998,M-1998-45,T-18,0,1,P-05779,47',second half,1,0,0,0
B-1126,WC-1998,M-1998-45,T-18,0,1,P-26414,58',second half,1,0,0,0
B-1127,WC-1998,M-1998-45,T-03,1,0,P-65019,68',second half,1,0,0,0
B-1128,WC-1998,M-1998-46,T-44,1,0,P-03376,4',first half,1,0,0,0
B-1129,WC-1998,M-1998-46,T-43,0,1,P-06565,78',second half,1,0,0,0
B-1130,WC-1998,M-1998-46,T-43,0,1,P-61134,88',second half,1,0,0,0
B-1131,WC-1998,M-1998-47,T-16,1,0,P-80178,20',first half,1,0,0,0
B-1132,WC-1998,M-1998-47,T-28,0,1,P-63916,22',first half,1,0,0,0
B-1133,WC-1998,M-1998-47,T-16,1,0,P-76247,86',second half,1,0,0,0
B-1134,WC-1998,M-1998-47,T-16,1,0,P-71020,89',second half,1,0,0,0
B-1135,WC-1998,M-1998-47,T-28,0,1,P-63416,89',second half,1,0,0,0
B-1136,WC-1998,M-1998-48,T-79,0,1,P-22242,28',first half,1,0,0,0
B-1137,WC-1998,M-1998-48,T-79,0,1,P-58711,57',second half,1,0,0,0
B-1138,WC-1998,M-1998-49,T-53,0,1,P-99732,35',first half,1,0,0,0
B-1139,WC-1998,M-1998-49,T-41,1,0,P-69680,38',first half,1,0,0,0
B-1140,WC-1998,M-1998-49,T-53,0,1,P-48934,54',second half,1,0,0,0
B-1141,WC-1998,M-1998-49,T-53,0,1,P-72296,62',second half,1,0,0,0
B-1142,WC-1998,M-1998-49,T-41,1,0,P-42659,84',second half,1,0,0,0
B-1143,WC-1998,M-1998-49,T-41,1,0,P-43222,89',second half,1,0,0,0
B-1144,WC-1998,M-1998-50,T-13,0,1,P-80753,34',first half,1,0,0,0
B-1145,WC-1998,M-1998-50,T-09,1,0,P-72471,45',first half,1,0,0,0
B-1146,WC-1998,M-1998-50,T-13,0,1,P-26025,45',first half,1,0,0,0
B-1147,WC-1998,M-1998-50,T-09,1,0,P-91718,90'+1',"second half, stoppage time",1,0,0,0
B-1148,WC-1998,M-1998-51,T-55,0,1,P-36426,19',first half,1,0,0,0
B-1149,WC-1998,M-1998-51,T-55,0,1,P-40108,23',first half,1,0,0,0
B-1150,WC-1998,M-1998-51,T-55,0,1,P-52469,32',first half,1,0,0,0
B-1151,WC-1998,M-1998-51,T-55,0,1,P-76678,84',second half,1,0,0,0
B-1152,WC-1998,M-1998-51,T-55,0,1,P-03217,99',"extra time, first half",1,0,0,0
B-1153,WC-1998,M-1998-52,T-22,0,1,P-77711,24',first half,1,0,0,0
B-1154,WC-1998,M-1998-52,T-50,1,0,P-83122,49',second half,1,0,0,0
B-1155,WC-1998,M-1998-53,T-31,1,0,P-83522,45'+1',"first half, stoppage time",1,0,0,0
B-1156,WC-1998,M-1998-53,T-31,1,0,P-49502,56',second half,1,0,0,0
B-1157,WC-1998,M-1998-53,T-46,0,1,P-83344,57',second half,1,0,0,0
B-1158,WC-1998,M-1998-53,T-31,1,0,P-15678,77',second half,1,0,0,0
B-1159,WC-1998,M-1998-53,T-46,0,1,P-88428,87',second half,1,0,0,0
B-1160,WC-1998,M-1998-53,T-31,1,0,P-35902,88',second half,1,0,0,0
B-1161,WC-1998,M-1998-54,T-87,0,1,P-93318,38',first half,1,0,0,0
B-1162,WC-1998,M-1998-54,T-87,0,1,P-12268,52',second half,1,0,0,0
B-1163,WC-1998,M-1998-54,T-87,0,1,P-80898,73',second half,1,0,0,0
B-1164,WC-1998,M-1998-55,T-18,0,1,P-05779,27',first half,1,0,0,0
B-1165,WC-1998,M-1998-55,T-61,1,0,P-19537,43',first half,1,0,0,0
B-1166,WC-1998,M-1998-55,T-61,1,0,P-12625,70',second half,1,0,0,0
B-1167,WC-1998,M-1998-55,T-18,0,1,P-85355,70',second half,1,0,0,0
B-1168,WC-1998,M-1998-55,T-61,1,0,P-70680,81',second half,1,0,0,0
B-1169,WC-1998,M-1998-56,T-28,0,1,P-13285,5',first half,1,0,0,0
B-1170,WC-1998,M-1998-56,T-28,0,1,P-15550,10',first half,1,0,0,0
B-1171,WC-1998,M-1998-56,T-03,1,0,P-62209,44',first half,1,0,0,0
B-1172,WC-1998,M-1998-56,T-03,1,0,P-06370,47',second half,1,0,0,0
B-1173,WC-1998,M-1998-56,T-28,0,1,P-81049,47',second half,0,1,0,1
B-1174,WC-1998,M-1998-56,T-03,1,0,P-88203,73',second half,1,0,0,0
B-1175,WC-1998,M-1998-56,T-03,1,0,P-81085,120',"extra time, second half",1,0,0,0
B-1176,WC-1998,M-1998-57,T-41,1,0,P-83836,26',first half,1,0,0,0
B-1177,WC-1998,M-1998-57,T-41,1,0,P-29143,28',first half,1,0,0,0
B-1178,WC-1998,M-1998-57,T-30,0,1,P-26820,53',second half,1,0,0,0
B-1179,WC-1998,M-1998-57,T-30,0,1,P-61954,62',second half,1,0,0,0
B-1180,WC-1998,M-1998-57,T-41,1,0,P-36036,113',"extra time, second half",1,0,0,0
B-1181,WC-1998,M-1998-58,T-09,1,0,P-85176,11',first half,1,0,0,0
B-1182,WC-1998,M-1998-58,T-22,0,1,P-72404,19',first half,1,0,0,0
B-1183,WC-1998,M-1998-58,T-09,1,0,P-56505,37',first half,1,0,0,0
B-1184,WC-1998,M-1998-58,T-22,0,1,P-90473,39',first half,1,0,0,0
B-1185,WC-1998,M-1998-58,T-22,0,1,P-37132,72',second half,1,0,0,0
B-1186,WC-1998,M-1998-58,T-09,1,0,P-91718,81',second half,1,0,0,0
B-1187,WC-1998,M-1998-59,T-48,1,0,P-46061,10',first half,1,0,0,0
B-1188,WC-1998,M-1998-59,T-48,1,0,P-92458,17',first half,1,0,1,1
B-1189,WC-1998,M-1998-59,T-03,0,1,P-28816,22',first half,1,0,0,0
B-1190,WC-1998,M-1998-59,T-03,0,1,P-82949,60',second half,1,0,0,0
B-1191,WC-1998,M-1998-59,T-03,0,1,P-00065,86',second half,1,1,0,1
B-1192,WC-1998,M-1998-60,T-18,0,1,P-41724,13',first half,1,0,0,0
B-1193,WC-1998,M-1998-60,T-31,1,0,P-78998,18',first half,1,0,0,0
B-1194,WC-1998,M-1998-60,T-31,1,0,P-15678,37',first half,1,0,0,0
B-1195,WC-1998,M-1998-60,T-31,1,0,P-53262,40',first half,0,1,0,1
B-1196,WC-1998,M-1998-60,T-18,0,1,P-58374,57',second half,1,0,0,0
B-1197,WC-1998,M-1998-61,T-09,1,0,P-63053,31',first half,1,0,0,0
B-1198,WC-1998,M-1998-61,T-09,1,0,P-03658,45',first half,1,0,0,0
B-1199,WC-1998,M-1998-61,T-48,0,1,P-27926,48',second half,1,0,0,0
B-1200,WC-1998,M-1998-61,T-48,0,1,P-45916,60',second half,1,0,0,0
B-1201,WC-1998,M-1998-61,T-48,0,1,P-88340,90',second half,1,0,0,0
B-1202,WC-1998,M-1998-61,T-48,0,1,P-88946,119',"extra time, second half",1,0,0,0
B-1203,WC-1998,M-1998-62,T-18,0,1,P-21803,45',first half,1,0,0,0
B-1204,WC-1998,M-1998-62,T-30,1,0,P-74952,74',second half,0,1,0,1
B-1205,WC-1998,M-1998-62,T-18,0,1,P-75377,75',second half,1,0,0,0
B-1206,WC-1998,M-1998-62,T-18,0,1,P-41724,88',second half,1,0,0,0
B-1207,WC-1998,M-1998-63,T-18,0,1,P-76217,34',first half,1,0,0,0
B-1208,WC-1998,M-1998-63,T-18,0,1,P-98512,52',second half,1,0,0,0
B-1209,WC-1998,M-1998-63,T-18,0,1,P-21803,69',second half,1,0,0,0
B-1210,WC-1998,M-1998-63,T-18,0,1,P-75377,74',second half,1,0,0,0
B-1211,WC-1998,M-1998-63,T-48,1,0,P-27957,89',second half,1,0,0,0
B-1212,WC-1998,M-1998-63,T-48,1,0,P-45916,89',second half,1,0,0,0
B-1213,WC-1998,M-1998-64,T-09,1,0,P-09547,33',first half,1,0,0,0
B-1214,WC-1998,M-1998-64,T-30,0,1,P-61954,39',first half,1,0,0,0
B-1215,WC-1998,M-1998-64,T-30,0,1,P-79380,48',second half,1,0,1,1
B-1216,WC-1998,M-1998-64,T-30,0,1,P-28482,56',second half,1,0,0,0
B-1217,WC-2002,M-2002-01,T-30,1,0,P-40400,45'+2',"first half, stoppage time",1,0,0,0
B-1218,WC-2002,M-2002-01,T-65,0,1,P-95302,51',second half,1,0,0,0
B-1219,WC-2002,M-2002-02,T-60,1,0,P-15705,30',first half,1,0,0,0
B-1220,WC-2002,M-2002-02,T-60,1,0,P-56778,51',second half,1,0,0,0
B-1221,WC-2002,M-2002-02,T-60,1,0,P-19727,82',second half,1,0,0,0
B-1222,WC-2002,M-2002-02,T-11,0,1,P-07520,89',second half,1,0,0,0
B-1223,WC-2002,M-2002-03,T-84,1,0,P-17321,25',first half,1,0,0,0
B-1224,WC-2002,M-2002-03,T-22,0,1,P-79273,34',first half,1,0,0,0
B-1225,WC-2002,M-2002-03,T-22,0,1,P-27808,51',second half,1,0,0,0
B-1226,WC-2002,M-2002-04,T-31,1,0,P-67544,43',first half,1,0,0,0
B-1227,WC-2002,M-2002-04,T-31,1,0,P-35902,83',second half,1,0,0,0
B-1228,WC-2002,M-2002-04,T-63,0,1,P-90435,90'+1',"second half, stoppage time",1,0,0,0
B-1229,WC-2002,M-2002-05,T-03,1,0,P-76131,51',second half,1,0,0,0
B-1230,WC-2002,M-2002-05,T-50,0,1,P-06935,73',second half,1,0,0,0
B-1231,WC-2002,M-2002-05,T-03,1,0,P-06370,90',second half,1,0,0,0
B-1232,WC-2002,M-2002-06,T-70,0,1,P-65611,3',first half,1,0,0,0
B-1233,WC-2002,M-2002-06,T-70,0,1,P-65806,9',first half,1,0,0,0
B-1234,WC-2002,M-2002-06,T-55,1,0,P-50109,35',first half,1,0,0,0
B-1235,WC-2002,M-2002-06,T-70,0,1,P-59298,38',first half,1,0,0,0
B-1236,WC-2002,M-2002-06,T-70,0,1,P-05390,45'+2',"first half, stoppage time",1,0,0,0
B-1237,WC-2002,M-2002-06,T-55,1,0,P-82458,65',second half,1,0,0,0
B-1238,WC-2002,M-2002-06,T-55,1,0,P-93337,90',second half,1,0,0,0
B-1239,WC-2002,M-2002-06,T-55,1,0,P-22263,90'+3',"second half, stoppage time",1,0,0,0
B-1240,WC-2002,M-2002-07,T-28,1,0,P-97840,12',first half,1,0,0,0
B-1241,WC-2002,M-2002-07,T-74,0,1,P-45212,45'+2',"first half, stoppage time",1,0,0,0
B-1242,WC-2002,M-2002-07,T-74,0,1,P-68329,73',second half,1,0,0,0
B-1243,WC-2002,M-2002-08,T-73,1,0,P-76612,36',first half,1,0,0,0
B-1244,WC-2002,M-2002-08,T-69,0,1,P-31903,45'+1',"first half, stoppage time",1,0,0,0
B-1245,WC-2002,M-2002-08,T-69,0,1,P-00649,65',second half,1,0,0,0
B-1246,WC-2002,M-2002-09,T-18,1,0,P-70100,59',second half,0,1,0,1
B-1247,WC-2002,M-2002-10,T-80,0,1,P-79130,21',first half,1,0,0,0
B-1248,WC-2002,M-2002-10,T-80,0,1,P-78533,24',first half,1,0,1,1
B-1249,WC-2002,M-2002-10,T-80,0,1,P-44850,44',first half,1,1,0,1
B-1250,WC-2002,M-2002-10,T-09,1,0,P-79146,73',second half,1,0,0,0
B-1251,WC-2002,M-2002-11,T-25,0,1,P-59372,14',first half,1,0,0,0
B-1252,WC-2002,M-2002-11,T-25,0,1,P-92146,49',second half,1,0,0,0
B-1253,WC-2002,M-2002-11,T-25,0,1,P-99914,54',second half,1,0,0,0
B-1254,WC-2002,M-2002-11,T-41,1,0,P-88863,81',second half,1,0,0,0
B-1255,WC-2002,M-2002-12,T-17,0,1,P-50749,15',first half,1,0,0,0
B-1256,WC-2002,M-2002-12,T-17,0,1,P-26474,17',first half,1,0,0,0
B-1257,WC-2002,M-2002-12,T-14,1,0,P-28870,60',second half,1,0,0,0
B-1258,WC-2002,M-2002-12,T-14,1,0,P-39905,72',second half,1,0,0,0
B-1259,WC-2002,M-2002-12,T-14,1,0,P-71211,77',second half,1,0,0,0
B-1260,WC-2002,M-2002-12,T-17,0,1,P-55170,79',second half,1,0,0,0
B-1261,WC-2002,M-2002-12,T-17,0,1,P-68890,85',second half,1,0,0,0
B-1262,WC-2002,M-2002-13,T-06,0,1,P-02977,21',first half,1,0,0,0
B-1263,WC-2002,M-2002-13,T-44,1,0,P-79993,31',first half,1,0,0,0
B-1264,WC-2002,M-2002-13,T-44,1,0,P-46807,54',second half,1,0,0,0
B-1265,WC-2002,M-2002-13,T-06,0,1,P-52358,62',second half,1,0,0,0
B-1266,WC-2002,M-2002-13,T-06,0,1,P-71601,82',second half,1,0,0,0
B-1267,WC-2002,M-2002-14,T-57,0,1,P-49007,31',first half,1,0,0,0
B-1268,WC-2002,M-2002-14,T-71,1,0,P-25724,70',second half,1,0,0,0
B-1269,WC-2002,M-2002-14,T-57,0,1,P-53829,79',second half,1,0,0,0
B-1270,WC-2002,M-2002-14,T-57,0,1,P-34709,84',second half,1,0,0,0
B-1271,WC-2002,M-2002-14,T-71,1,0,P-39884,90',second half,1,0,0,0
B-1272,WC-2002,M-2002-15,T-62,1,0,P-65105,27',first half,1,0,0,0
B-1273,WC-2002,M-2002-15,T-79,0,1,P-15858,50',second half,1,0,0,0
B-1274,WC-2002,M-2002-15,T-79,0,1,P-00640,75',second half,1,0,0,0
B-1275,WC-2002,M-2002-15,T-62,1,0,P-51792,88',second half,1,0,0,0
B-1276,WC-2002,M-2002-16,T-58,0,1,P-37140,34',first half,1,0,0,0
B-1277,WC-2002,M-2002-16,T-58,0,1,P-92307,52',second half,1,0,0,0
B-1278,WC-2002,M-2002-16,T-83,1,0,P-91976,90'+2',"second half, stoppage time",1,0,0,0
B-1279,WC-2002,M-2002-18,T-22,1,0,P-80289,7',first half,1,0,0,0
B-1280,WC-2002,M-2002-18,T-65,0,1,P-62977,10',first half,1,0,0,0
B-1281,WC-2002,M-2002-18,T-22,1,0,P-50534,20',first half,1,0,0,0
B-1282,WC-2002,M-2002-18,T-65,0,1,P-35019,62',second half,1,1,0,1
B-1283,WC-2002,M-2002-18,T-22,1,0,P-72404,82',second half,1,0,0,0
B-1284,WC-2002,M-2002-18,T-22,1,0,P-46718,84',second half,1,0,0,0
B-1285,WC-2002,M-2002-19,T-11,1,0,P-67168,10',first half,1,0,0,0
B-1286,WC-2002,M-2002-19,T-63,0,1,P-00683,59',second half,1,0,0,0
B-1287,WC-2002,M-2002-20,T-84,0,1,P-76244,11',first half,1,0,0,0
B-1288,WC-2002,M-2002-20,T-30,1,0,P-51395,25',first half,0,1,0,1
B-1289,WC-2002,M-2002-20,T-30,1,0,P-40400,45'+2',"first half, stoppage time",1,0,0,0
B-1290,WC-2002,M-2002-20,T-84,0,1,P-64372,45'+2',"first half, stoppage time",1,0,0,0
B-1291,WC-2002,M-2002-20,T-84,0,1,P-03231,45'+3',"first half, stoppage time",1,0,0,0
B-1292,WC-2002,M-2002-20,T-84,0,1,P-74863,47',second half,1,0,0,0
B-1293,WC-2002,M-2002-21,T-74,1,0,P-56718,31',first half,1,0,0,0
B-1294,WC-2002,M-2002-21,T-74,1,0,P-42808,69',second half,1,0,0,0
B-1295,WC-2002,M-2002-21,T-50,0,1,P-79669,80',second half,1,0,0,0
B-1296,WC-2002,M-2002-22,T-73,1,0,P-23800,9',first half,1,0,0,0
B-1297,WC-2002,M-2002-22,T-55,0,1,P-76678,44',first half,1,0,0,0
B-1298,WC-2002,M-2002-22,T-55,0,1,P-75108,60',second half,1,0,0,0
B-1299,WC-2002,M-2002-22,T-55,0,1,P-34530,80',second half,1,0,0,0
B-1300,WC-2002,M-2002-23,T-03,1,0,P-84542,13',first half,1,0,0,0
B-1301,WC-2002,M-2002-23,T-28,0,1,P-16557,29',first half,1,0,0,0
B-1302,WC-2002,M-2002-23,T-28,0,1,P-08307,50',second half,1,0,0,0
B-1303,WC-2002,M-2002-24,T-70,1,0,P-56543,12',first half,1,0,0,0
B-1304,WC-2002,M-2002-24,T-69,0,1,P-13966,35',first half,1,0,0,0
B-1305,WC-2002,M-2002-24,T-69,0,1,P-84477,52',second half,1,0,0,0
B-1306,WC-2002,M-2002-24,T-70,1,0,P-99521,59',second half,1,0,0,0
B-1307,WC-2002,M-2002-24,T-69,0,1,P-22187,62',second half,1,0,0,0
B-1308,WC-2002,M-2002-24,T-69,0,1,P-06135,75',second half,1,0,0,0
B-1309,WC-2002,M-2002-25,T-18,0,1,P-61666,39',first half,1,0,0,0
B-1310,WC-2002,M-2002-25,T-41,1,0,P-34670,51',second half,1,0,0,0
B-1311,WC-2002,M-2002-26,T-09,1,0,P-57361,25',first half,1,0,0,0
B-1312,WC-2002,M-2002-26,T-09,1,0,P-66308,69',second half,1,0,0,0
B-1313,WC-2002,M-2002-27,T-25,0,1,P-03128,15',first half,1,0,0,0
B-1314,WC-2002,M-2002-27,T-25,0,1,P-11930,27',first half,1,0,0,0
B-1315,WC-2002,M-2002-27,T-25,0,1,P-32567,49',second half,1,0,0,0
B-1316,WC-2002,M-2002-27,T-25,0,1,P-86943,61',second half,1,0,0,0
B-1317,WC-2002,M-2002-27,T-46,1,0,P-89297,65',second half,1,0,0,0
B-1318,WC-2002,M-2002-27,T-25,0,1,P-19156,87',second half,1,0,0,0
B-1319,WC-2002,M-2002-28,T-80,0,1,P-52032,20',first half,1,0,0,0
B-1320,WC-2002,M-2002-28,T-17,1,0,P-32696,24',first half,1,0,0,0
B-1321,WC-2002,M-2002-28,T-17,1,0,P-73169,43',first half,1,0,0,0
B-1322,WC-2002,M-2002-28,T-80,0,1,P-63089,45',first half,1,0,0,0
B-1323,WC-2002,M-2002-28,T-80,0,1,P-46497,89',second half,1,0,0,0
B-1324,WC-2002,M-2002-29,T-62,0,1,P-76375,13',first half,1,0,0,0
B-1325,WC-2002,M-2002-29,T-44,1,0,P-11915,15',first half,1,0,0,0
B-1326,WC-2002,M-2002-29,T-62,0,1,P-27678,38',first half,1,0,0,0
B-1327,WC-2002,M-2002-29,T-44,1,0,P-95259,42',first half,1,0,0,0
B-1328,WC-2002,M-2002-29,T-62,0,1,P-28437,60',second half,1,0,0,0
B-1329,WC-2002,M-2002-29,T-44,1,0,P-84762,90'+1',"second half, stoppage time",1,0,0,0
B-1330,WC-2002,M-2002-30,T-83,0,1,P-34695,30',first half,1,0,0,0
B-1331,WC-2002,M-2002-30,T-83,0,1,P-72797,39',first half,1,0,0,0
B-1332,WC-2002,M-2002-30,T-71,1,0,P-55097,80',second half,1,0,0,0
B-1333,WC-2002,M-2002-31,T-79,1,0,P-15858,22',first half,1,0,0,0
B-1334,WC-2002,M-2002-31,T-06,0,1,P-21070,40',first half,1,0,0,0
B-1335,WC-2002,M-2002-31,T-79,1,0,P-41620,43',first half,1,0,0,0
B-1336,WC-2002,M-2002-31,T-79,1,0,P-82870,68',second half,1,0,0,0
B-1337,WC-2002,M-2002-31,T-79,1,0,P-00668,69',second half,1,0,0,0
B-1338,WC-2002,M-2002-32,T-57,0,1,P-34709,21',first half,1,0,0,0
B-1339,WC-2002,M-2002-32,T-58,1,0,P-11424,25',first half,1,0,0,0
B-1340,WC-2002,M-2002-32,T-58,1,0,P-73722,27',first half,1,0,0,0
B-1341,WC-2002,M-2002-32,T-58,1,0,P-61068,31',first half,1,0,0,0
B-1342,WC-2002,M-2002-32,T-57,0,1,P-90321,39',first half,1,0,0,0
B-1343,WC-2002,M-2002-33,T-30,0,1,P-74065,8',first half,1,0,0,0
B-1344,WC-2002,M-2002-33,T-22,1,0,P-46718,27',first half,1,0,0,0
B-1345,WC-2002,M-2002-33,T-22,1,0,P-34389,71',second half,1,0,0,0
B-1346,WC-2002,M-2002-34,T-65,1,0,P-01462,2',first half,1,0,0,0
B-1347,WC-2002,M-2002-34,T-65,1,0,P-27229,4',first half,1,0,0,0
B-1348,WC-2002,M-2002-34,T-84,0,1,P-03231,8',first half,1,0,0,0
B-1349,WC-2002,M-2002-34,T-84,0,1,P-91888,19',first half,1,0,0,0
B-1350,WC-2002,M-2002-34,T-84,0,1,P-76244,35',first half,1,0,0,0
B-1351,WC-2002,M-2002-34,T-65,1,0,P-37924,39',first half,1,0,0,0
B-1352,WC-2002,M-2002-34,T-84,0,1,P-49428,40',first half,1,0,0,0
B-1353,WC-2002,M-2002-34,T-65,1,0,P-82212,69',second half,1,0,0,0
B-1354,WC-2002,M-2002-34,T-65,1,0,P-84943,82',second half,1,0,0,0
B-1355,WC-2002,M-2002-34,T-84,0,1,P-38683,82',second half,1,0,0,0
B-1356,WC-2002,M-2002-34,T-65,1,0,P-62977,87',second half,1,0,0,0
B-1357,WC-2002,M-2002-34,T-65,1,0,P-35489,87',second half,1,0,0,0
B-1358,WC-2002,M-2002-35,T-11,1,0,P-63522,8',first half,1,0,0,0
B-1359,WC-2002,M-2002-35,T-31,0,1,P-45490,9',first half,1,0,0,0
B-1360,WC-2002,M-2002-35,T-31,0,1,P-35902,29',first half,1,0,0,0
B-1361,WC-2002,M-2002-35,T-31,0,1,P-84003,31',first half,1,0,0,0
B-1362,WC-2002,M-2002-35,T-31,0,1,P-57588,37',first half,1,0,1,1
B-1363,WC-2002,M-2002-35,T-11,1,0,P-98173,42',first half,1,0,0,0
B-1364,WC-2002,M-2002-35,T-31,0,1,P-33751,42',first half,1,0,0,0
B-1365,WC-2002,M-2002-35,T-11,1,0,P-60766,44',first half,1,0,0,0
B-1366,WC-2002,M-2002-35,T-11,1,0,P-86465,56',second half,1,0,0,0
B-1367,WC-2002,M-2002-35,T-11,1,0,P-84152,58',second half,1,0,0,0
B-1368,WC-2002,M-2002-35,T-11,1,0,P-99681,60',second half,1,0,1,1
B-1369,WC-2002,M-2002-35,T-31,0,1,P-67544,72',second half,1,0,0,0
B-1370,WC-2002,M-2002-35,T-31,0,1,P-35264,74',second half,1,0,0,0
B-1371,WC-2002,M-2002-35,T-11,1,0,P-38724,81',second half,1,0,0,0
B-1372,WC-2002,M-2002-36,T-63,1,0,P-20886,61',second half,1,0,0,0
B-1373,WC-2002,M-2002-36,T-60,0,1,P-69817,70',second half,1,0,0,0
B-1374,WC-2002,M-2002-38,T-03,0,1,P-35873,45'+2',"first half, stoppage time",0,1,0,1
B-1375,WC-2002,M-2002-38,T-03,0,1,P-28816,55',second half,1,0,0,0
B-1376,WC-2002,M-2002-38,T-03,0,1,P-88203,58',second half,1,0,0,0
B-1377,WC-2002,M-2002-38,T-74,1,0,P-59548,65',second half,1,0,0,0
B-1378,WC-2002,M-2002-38,T-03,0,1,P-11130,75',second half,1,0,0,0
B-1379,WC-2002,M-2002-38,T-74,1,0,P-42895,78',second half,1,0,0,0
B-1380,WC-2002,M-2002-39,T-55,0,1,P-42797,4',first half,1,0,1,1
B-1381,WC-2002,M-2002-39,T-69,1,0,P-06135,15',first half,1,0,0,0
B-1382,WC-2002,M-2002-39,T-69,1,0,P-31903,68',second half,1,0,0,0
B-1383,WC-2002,M-2002-39,T-69,1,0,P-30524,69',second half,1,0,0,0
B-1384,WC-2002,M-2002-39,T-69,1,0,P-84477,79',second half,1,0,0,0
B-1385,WC-2002,M-2002-39,T-69,1,0,P-74981,81',second half,0,1,0,1
B-1386,WC-2002,M-2002-40,T-70,1,0,P-72876,16',first half,1,0,0,0
B-1387,WC-2002,M-2002-40,T-70,1,0,P-14062,67',second half,1,0,0,0
B-1388,WC-2002,M-2002-40,T-70,1,0,P-22393,69',second half,1,0,0,0
B-1389,WC-2002,M-2002-40,T-70,1,0,P-65611,81',second half,1,0,0,0
B-1390,WC-2002,M-2002-41,T-09,0,1,P-91718,90'+3',"second half, stoppage time",1,0,0,0
B-1391,WC-2002,M-2002-42,T-80,1,0,P-52032,19',first half,1,0,0,0
B-1392,WC-2002,M-2002-42,T-80,1,0,P-46497,30',first half,1,0,0,0
B-1393,WC-2002,M-2002-42,T-14,0,1,P-83943,45'+1',"first half, stoppage time",1,0,0,0
B-1394,WC-2002,M-2002-42,T-14,0,1,P-37402,58',second half,0,1,0,1
B-1395,WC-2002,M-2002-42,T-14,0,1,P-12619,62',second half,1,0,0,0
B-1396,WC-2002,M-2002-42,T-80,1,0,P-23883,81',second half,1,0,0,0
B-1397,WC-2002,M-2002-43,T-18,0,1,P-87187,72',second half,1,0,0,0
B-1398,WC-2002,M-2002-43,T-25,1,0,P-99914,86',second half,1,0,0,0
B-1399,WC-2002,M-2002-43,T-18,0,1,P-29621,90'+2',"second half, stoppage time",1,0,0,0
B-1400,WC-2002,M-2002-44,T-46,1,0,P-92547,2',first half,1,0,0,0
B-1401,WC-2002,M-2002-44,T-41,0,1,P-88863,5',first half,1,0,0,0
B-1402,WC-2002,M-2002-44,T-41,0,1,P-45258,10',first half,1,0,0,0
B-1403,WC-2002,M-2002-44,T-41,0,1,P-42038,43',first half,1,0,0,0
B-1404,WC-2002,M-2002-44,T-41,0,1,P-42227,55',second half,1,0,0,0
B-1405,WC-2002,M-2002-44,T-41,0,1,P-01311,57',second half,1,0,0,0
B-1406,WC-2002,M-2002-44,T-46,1,0,P-52784,84',second half,1,0,0,0
B-1407,WC-2002,M-2002-45,T-62,0,1,P-27678,12',first half,1,0,0,0
B-1408,WC-2002,M-2002-45,T-62,0,1,P-79578,14',first half,1,0,0,0
B-1409,WC-2002,M-2002-45,T-06,1,0,P-46499,39',first half,1,0,0,0
B-1410,WC-2002,M-2002-45,T-62,0,1,P-51792,64',second half,1,0,0,0
B-1411,WC-2002,M-2002-45,T-62,0,1,P-53680,84',second half,1,0,0,0
B-1412,WC-2002,M-2002-46,T-79,1,0,P-89154,21',first half,1,0,0,0
B-1413,WC-2002,M-2002-46,T-79,1,0,P-10094,81',second half,1,0,0,0
B-1414,WC-2002,M-2002-47,T-57,1,0,P-13151,44',first half,1,0,0,0
B-1415,WC-2002,M-2002-47,T-57,1,0,P-06017,46',second half,1,0,0,0
B-1416,WC-2002,M-2002-47,T-57,1,0,P-93812,63',second half,1,0,0,0
B-1417,WC-2002,M-2002-47,T-83,0,1,P-34695,72',second half,1,0,0,0
B-1418,WC-2002,M-2002-47,T-57,1,0,P-75230,86',second half,1,0,0,0
B-1419,WC-2002,M-2002-48,T-58,1,0,P-37140,22',first half,1,0,1,1
B-1420,WC-2002,M-2002-48,T-71,0,1,P-96267,24',first half,1,0,0,0
B-1421,WC-2002,M-2002-48,T-58,1,0,P-70698,27',first half,0,1,0,1
B-1422,WC-2002,M-2002-48,T-71,0,1,P-56626,57',second half,1,0,0,0
B-1423,WC-2002,M-2002-48,T-71,0,1,P-51785,74',second half,1,0,0,0
B-1424,WC-2002,M-2002-48,T-58,1,0,P-73722,83',second half,1,0,0,0
B-1425,WC-2002,M-2002-48,T-71,0,1,P-26616,90'+3',"second half, stoppage time",1,0,0,0
B-1426,WC-2002,M-2002-49,T-55,0,1,P-17884,26',first half,1,1,0,1
B-1427,WC-2002,M-2002-49,T-31,1,0,P-32136,35',first half,1,0,0,0
B-1428,WC-2002,M-2002-49,T-55,0,1,P-98051,50',second half,1,0,0,0
B-1429,WC-2002,M-2002-49,T-31,1,0,P-73157,71',second half,1,0,0,0
B-1430,WC-2002,M-2002-49,T-31,1,0,P-84003,90'+2',"second half, stoppage time",1,0,0,0
B-1431,WC-2002,M-2002-50,T-22,1,0,P-37132,24',first half,1,0,0,0
B-1432,WC-2002,M-2002-50,T-28,0,1,P-68164,50',second half,1,0,0,0
B-1433,WC-2002,M-2002-51,T-65,0,1,P-37924,73',second half,1,0,0,0
B-1434,WC-2002,M-2002-51,T-65,0,1,P-91308,94',"extra time, first half",1,0,0,0
B-1435,WC-2002,M-2002-52,T-73,1,0,P-29082,62',second half,1,0,0,0
B-1436,WC-2002,M-2002-52,T-73,1,0,P-23800,87',second half,1,0,0,0
B-1437,WC-2002,M-2002-52,T-73,1,0,P-35246,89',second half,1,0,0,0
B-1438,WC-2002,M-2002-53,T-83,0,1,P-02842,26',first half,1,0,0,0
B-1439,WC-2002,M-2002-53,T-46,1,0,P-13917,37',first half,1,0,0,0
B-1440,WC-2002,M-2002-53,T-83,0,1,P-58649,47',second half,1,0,0,0
B-1441,WC-2002,M-2002-53,T-83,0,1,P-78068,50',second half,1,0,0,0
B-1442,WC-2002,M-2002-53,T-83,0,1,P-09888,53',second half,1,0,0,0
B-1443,WC-2002,M-2002-53,T-46,1,0,P-45941,67',second half,1,0,0,0
B-1444,WC-2002,M-2002-53,T-46,1,0,P-88428,70',second half,1,0,0,0
B-1445,WC-2002,M-2002-53,T-46,1,0,P-21495,81',second half,1,0,0,0
B-1446,WC-2002,M-2002-53,T-83,0,1,P-76191,83',second half,1,0,0,0
B-1447,WC-2002,M-2002-53,T-46,1,0,P-32594,84',second half,1,0,0,0
B-1448,WC-2002,M-2002-53,T-46,1,0,P-44763,88',second half,0,1,0,1
B-1449,WC-2002,M-2002-54,T-06,0,1,P-46499,24',first half,1,0,0,0
B-1450,WC-2002,M-2002-54,T-09,1,0,P-85176,28',first half,1,0,0,0
B-1451,WC-2002,M-2002-55,T-80,0,1,P-44850,21',first half,1,0,0,0
B-1452,WC-2002,M-2002-55,T-80,0,1,P-65298,44',first half,1,0,0,0
B-1453,WC-2002,M-2002-55,T-44,1,0,P-79993,45',first half,1,0,0,0
B-1454,WC-2002,M-2002-55,T-80,0,1,P-58212,90',second half,1,0,0,0
B-1455,WC-2002,M-2002-56,T-41,0,1,P-15450,4',first half,1,0,0,0
B-1456,WC-2002,M-2002-56,T-71,1,0,P-96267,17',first half,1,0,0,0
B-1457,WC-2002,M-2002-56,T-41,0,1,P-42038,22',first half,1,0,1,1
B-1458,WC-2002,M-2002-56,T-41,0,1,P-26847,55',second half,1,0,0,0
B-1459,WC-2002,M-2002-56,T-41,0,1,P-57378,59',second half,1,0,0,0
B-1460,WC-2002,M-2002-56,T-71,1,0,P-83544,80',second half,1,0,0,0
B-1461,WC-2002,M-2002-56,T-71,1,0,P-22338,99',"extra time, first half",1,0,0,0
B-1462,WC-2002,M-2002-56,T-71,1,0,P-07865,115',"extra time, second half",1,0,0,0
B-1463,WC-2002,M-2002-57,T-09,0,1,P-57361,57',second half,0,1,0,1
B-1464,WC-2002,M-2002-57,T-28,1,0,P-63916,75',second half,1,0,0,0
B-1465,WC-2002,M-2002-57,T-28,1,0,P-01249,86',second half,1,0,0,0
B-1466,WC-2002,M-2002-58,T-83,0,1,P-97784,40',first half,1,0,0,0
B-1467,WC-2002,M-2002-58,T-83,0,1,P-02842,41',first half,1,0,0,0
B-1468,WC-2002,M-2002-58,T-31,1,0,P-51287,66',second half,1,0,0,0
B-1469,WC-2002,M-2002-58,T-31,1,0,P-65108,68',second half,1,0,0,0
B-1470,WC-2002,M-2002-58,T-83,0,1,P-97459,68',second half,1,0,0,0
B-1471,WC-2002,M-2002-58,T-83,0,1,P-58649,69',second half,1,0,0,0
B-1472,WC-2002,M-2002-58,T-83,0,1,P-09888,70',second half,1,0,0,0
B-1473,WC-2002,M-2002-59,T-71,0,1,P-75255,52',second half,1,0,0,0
B-1474,WC-2002,M-2002-59,T-73,1,0,P-24963,53',second half,1,0,0,0
B-1475,WC-2002,M-2002-59,T-73,1,0,P-08514,111',"extra time, second half",1,0,0,0
B-1476,WC-2002,M-2002-60,T-65,1,0,P-27229,12',first half,1,0,0,0
B-1477,WC-2002,M-2002-60,T-80,0,1,P-46497,22',first half,1,0,0,0
B-1478,WC-2002,M-2002-60,T-65,1,0,P-95302,63',second half,1,0,0,0
B-1479,WC-2002,M-2002-60,T-80,0,1,P-41133,87',second half,1,0,0,0
B-1480,WC-2002,M-2002-61,T-31,1,0,P-84003,71',second half,1,0,0,0
B-1481,WC-2002,M-2002-61,T-31,1,0,P-55504,85',second half,1,0,0,0
B-1482,WC-2002,M-2002-61,T-71,0,1,P-66219,90',second half,1,0,0,0
B-1483,WC-2002,M-2002-62,T-09,1,0,P-45956,41',first half,1,0,0,0
B-1484,WC-2002,M-2002-62,T-80,0,1,P-63089,59',second half,1,0,0,0
B-1485,WC-2002,M-2002-62,T-80,0,1,P-23883,90',second half,1,0,0,0
B-1486,WC-2002,M-2002-63,T-71,1,0,P-60562,23',first half,1,0,0,0
B-1487,WC-2002,M-2002-63,T-80,0,1,P-63089,50',second half,1,0,0,0
B-1488,WC-2002,M-2002-63,T-80,0,1,P-61478,83',second half,1,0,0,0
B-1489,WC-2002,M-2002-64,T-09,0,1,P-66308,6',first half,1,0,0,0
B-1490,WC-2002,M-2002-64,T-31,1,0,P-27787,9',first half,1,0,0,0
B-1491,WC-2003,M-2003-01,T-53,1,0,P-00556,86',second half,1,0,0,0
B-1492,WC-2003,M-2003-01,T-53,1,0,P-60731,90'+1',"second half, stoppage time",1,0,0,0
B-1493,WC-2003,M-2003-02,T-50,1,0,P-93242,22',first half,1,0,0,0
B-1494,WC-2003,M-2003-02,T-51,0,1,P-16375,25',first half,1,0,0,0
B-1495,WC-2003,M-2003-02,T-50,1,0,P-34716,28',first half,1,0,0,0
B-1496,WC-2003,M-2003-02,T-51,0,1,P-49268,71',second half,1,0,0,0
B-1497,WC-2003,M-2003-03,T-12,0,1,P-41105,21',first half,1,0,0,0
B-1498,WC-2003,M-2003-03,T-12,0,1,P-26057,38',first half,1,0,0,0
B-1499,WC-2003,M-2003-03,T-31,1,0,P-15303,45'+1',"first half, stoppage time",1,0,0,0
B-1500,WC-2003,M-2003-03,T-31,1,0,P-50598,78',second half,1,0,0,0
B-1501,WC-2003,M-2003-04,T-03,0,1,P-80199,16',first half,1,0,0,0
B-1502,WC-2003,M-2003-04,T-03,0,1,P-23308,18',first half,1,0,0,0
B-1503,WC-2003,M-2003-04,T-03,0,1,P-84467,39',first half,0,1,0,1
B-1504,WC-2003,M-2003-04,T-03,0,1,P-60387,59',second half,1,0,0,0
B-1505,WC-2003,M-2003-05,T-83,1,0,P-17759,13',first half,1,0,0,0
B-1506,WC-2003,M-2003-05,T-83,1,0,P-96012,72',second half,1,0,0,0
B-1507,WC-2003,M-2003-05,T-74,0,1,P-56708,90'+3',"second half, stoppage time",1,0,0,0
B-1508,WC-2003,M-2003-06,T-09,1,0,P-19610,2',first half,1,0,0,0
B-1509,WC-2003,M-2003-06,T-71,0,1,P-76840,22',first half,1,0,0,0
B-1510,WC-2003,M-2003-06,T-71,0,1,P-76130,71',second half,1,0,0,0
B-1511,WC-2003,M-2003-07,T-62,0,1,P-90185,83',second half,1,0,0,0
B-1512,WC-2003,M-2003-07,T-62,0,1,P-42830,87',second half,1,0,0,0
B-1513,WC-2003,M-2003-08,T-32,0,1,P-03333,90',second half,1,0,0,0
B-1514,WC-2003,M-2003-09,T-09,0,1,P-31275,51',second half,1,0,0,0
B-1515,WC-2003,M-2003-09,T-53,1,0,P-29694,77',second half,1,0,0,0
B-1516,WC-2003,M-2003-10,T-31,1,0,P-41816,80',second half,1,0,0,0
B-1517,WC-2003,M-2003-11,T-30,1,0,P-63727,37',first half,1,0,0,0
B-1518,WC-2003,M-2003-11,T-71,0,1,P-65913,45',first half,1,0,0,0
B-1519,WC-2003,M-2003-11,T-30,1,0,P-93602,65',second half,1,0,0,0
B-1520,WC-2003,M-2003-11,T-71,0,1,P-37119,83',second half,1,0,0,0
B-1521,WC-2003,M-2003-12,T-03,0,1,P-66491,29',first half,1,0,0,0
B-1522,WC-2003,M-2003-12,T-12,1,0,P-28528,41',first half,1,0,0,0
B-1523,WC-2003,M-2003-12,T-12,1,0,P-35069,62',second half,1,0,0,0
B-1524,WC-2003,M-2003-12,T-12,1,0,P-15381,86',second half,1,0,0,0
B-1525,WC-2003,M-2003-14,T-74,1,0,P-33354,52',second half,1,0,0,0
B-1526,WC-2003,M-2003-14,T-51,0,1,P-23894,56',second half,1,0,0,0
B-1527,WC-2003,M-2003-15,T-14,1,0,P-48897,55',second half,1,0,0,0
B-1528,WC-2003,M-2003-15,T-04,0,1,P-35111,89',second half,1,0,0,0
B-1529,WC-2003,M-2003-15,T-04,0,1,P-72006,90'+1',"second half, stoppage time",1,0,0,0
B-1530,WC-2003,M-2003-16,T-50,0,1,P-59238,76',second half,1,0,0,0
B-1531,WC-2003,M-2003-17,T-09,0,1,P-46780,51',second half,1,0,0,0
B-1532,WC-2003,M-2003-17,T-30,1,0,P-24658,72',second half,1,0,0,0
B-1533,WC-2003,M-2003-20,T-12,1,0,P-39878,45'+1',"first half, stoppage time",1,0,0,0
B-1534,WC-2003,M-2003-22,T-51,1,0,P-98467,16',first half,1,0,0,0
B-1535,WC-2003,M-2003-22,T-83,0,1,P-89236,22',first half,1,0,0,0
B-1536,WC-2003,M-2003-22,T-83,0,1,P-98699,40',first half,1,0,0,0
B-1537,WC-2003,M-2003-22,T-51,1,0,P-69790,90'+1',"second half, stoppage time",1,0,0,0
B-1538,WC-2003,M-2003-23,T-04,0,1,P-47947,52',second half,1,0,0,0
B-1539,WC-2003,M-2003-23,T-32,1,0,P-12997,59',second half,1,0,0,0
B-1540,WC-2003,M-2003-24,T-62,0,1,P-90185,90',second half,1,0,0,0
B-1541,WC-2003,M-2003-25,T-74,0,1,P-56708,15',first half,1,0,0,0
B-1542,WC-2003,M-2003-25,T-09,1,0,P-46780,37',first half,1,0,0,0
B-1543,WC-2003,M-2003-25,T-74,0,1,P-85779,43',first half,1,0,0,0
B-1544,WC-2003,M-2003-25,T-09,1,0,P-11872,52',second half,1,0,0,0
B-1545,WC-2003,M-2003-26,T-53,0,1,P-39183,66',second half,1,0,0,0
B-1546,WC-2003,M-2003-26,T-53,0,1,P-60731,75',second half,1,0,0,0
B-1547,WC-2003,M-2003-26,T-53,0,1,P-72974,80',second half,1,0,0,0
B-1548,WC-2003,M-2003-26,T-53,0,1,P-84389,86',second half,1,0,0,0
B-1549,WC-2003,M-2003-27,T-31,1,0,P-08789,66',second half,1,0,0,0
B-1550,WC-2003,M-2003-28,T-12,0,1,P-20854,42',first half,1,0,0,0
B-1551,WC-2003,M-2003-28,T-12,0,1,P-87255,53',second half,1,0,0,0
B-1552,WC-2003,M-2003-28,T-12,0,1,P-26057,76',second half,1,0,0,0
B-1553,WC-2003,M-2003-28,T-14,1,0,P-14537,90'+2',"second half, stoppage time",1,0,0,0
B-1554,WC-2003,M-2003-30,T-74,1,0,P-84530,64',second half,1,0,0,0
B-1555,WC-2003,M-2003-31,T-12,0,1,P-20854,65',second half,1,0,0,0
B-1556,WC-2003,M-2003-31,T-12,0,1,P-26057,76',second half,1,0,0,0
B-1557,WC-2006,M-2006-01,T-17,0,1,P-30163,30',first half,1,0,0,0
B-1558,WC-2006,M-2006-02,T-25,0,1,P-98031,31',first half,1,0,0,0
B-1559,WC-2006,M-2006-02,T-57,1,0,P-95900,37',first half,1,0,0,0
B-1560,WC-2006,M-2006-02,T-25,0,1,P-42534,70',second half,1,0,0,0
B-1561,WC-2006,M-2006-03,T-28,1,0,P-62157,19',first half,1,0,0,0
B-1562,WC-2006,M-2006-03,T-55,0,1,P-71995,22',first half,1,0,0,0
B-1563,WC-2006,M-2006-03,T-28,1,0,P-77532,63',second half,1,0,0,0
B-1564,WC-2006,M-2006-04,T-78,1,0,P-86728,15',first half,1,0,1,1
B-1565,WC-2006,M-2006-04,T-78,1,0,P-94201,74',second half,1,0,0,0
B-1566,WC-2006,M-2006-04,T-74,0,1,P-42895,90',second half,1,0,0,0
B-1567,WC-2006,M-2006-05,T-03,1,0,P-38901,41',first half,1,0,0,0
B-1568,WC-2006,M-2006-05,T-03,1,0,P-64352,48',second half,1,0,0,0
B-1569,WC-2006,M-2006-05,T-42,0,1,P-92316,62',second half,1,0,0,0
B-1570,WC-2006,M-2006-05,T-03,1,0,P-48161,81',second half,1,0,0,0
B-1571,WC-2006,M-2006-05,T-42,0,1,P-99466,90'+1',"second half, stoppage time",1,0,0,0
B-1572,WC-2006,M-2006-06,T-67,1,0,P-22793,34',first half,1,0,0,0
B-1573,WC-2006,M-2006-06,T-48,0,1,P-21832,56',second half,1,0,0,0
B-1574,WC-2006,M-2006-06,T-67,1,0,P-50012,64',second half,1,0,0,0
B-1575,WC-2006,M-2006-06,T-67,1,0,P-50226,81',second half,1,0,0,0
B-1576,WC-2006,M-2006-06,T-48,0,1,P-28832,85',second half,1,0,0,0
B-1577,WC-2006,M-2006-06,T-67,1,0,P-41962,90',second half,1,0,0,0
B-1578,WC-2006,M-2006-07,T-46,1,0,P-89297,18',first half,1,0,0,0
B-1579,WC-2006,M-2006-07,T-38,0,1,P-59901,55',second half,1,0,0,0
B-1580,WC-2006,M-2006-07,T-46,1,0,P-97434,90'+1',"second half, stoppage time",1,0,0,0
B-1581,WC-2006,M-2006-08,T-58,0,1,P-70442,26',first half,1,0,0,0
B-1582,WC-2006,M-2006-08,T-02,1,0,P-61845,28',first half,1,0,0,0
B-1583,WC-2006,M-2006-08,T-02,1,0,P-03457,45'+3',"first half, stoppage time",1,0,0,0
B-1584,WC-2006,M-2006-08,T-02,1,0,P-88171,52',second half,1,0,0,0
B-1585,WC-2006,M-2006-08,T-58,0,1,P-62437,79',second half,1,0,0,0
B-1586,WC-2006,M-2006-09,T-44,0,1,P-11915,31',first half,1,0,0,0
B-1587,WC-2006,M-2006-09,T-04,1,0,P-63129,33',first half,1,0,0,0
B-1588,WC-2006,M-2006-09,T-44,0,1,P-56897,40',first half,1,0,0,0
B-1589,WC-2006,M-2006-09,T-04,1,0,P-66908,58',second half,1,0,0,0
B-1590,WC-2006,M-2006-09,T-44,0,1,P-65411,68',second half,1,0,0,0
B-1591,WC-2006,M-2006-09,T-04,1,0,P-44926,69',second half,1,0,0,0
B-1592,WC-2006,M-2006-09,T-04,1,0,P-59039,78',second half,1,0,0,0
B-1593,WC-2006,M-2006-10,T-83,1,0,P-87765,5',first half,1,0,0,0
B-1594,WC-2006,M-2006-10,T-20,0,1,P-54533,16',first half,1,0,0,0
B-1595,WC-2006,M-2006-10,T-20,0,1,P-36056,59',second half,1,0,0,0
B-1596,WC-2006,M-2006-10,T-83,1,0,P-97459,60',second half,1,0,0,0
B-1597,WC-2006,M-2006-10,T-20,0,1,P-29090,81',second half,1,0,0,0
B-1598,WC-2006,M-2006-10,T-20,0,1,P-86056,88',second half,1,0,0,0
B-1599,WC-2006,M-2006-11,T-41,1,0,P-65802,10',first half,1,0,0,0
B-1600,WC-2006,M-2006-11,T-32,0,1,P-50641,41',first half,1,0,0,0
B-1601,WC-2006,M-2006-11,T-41,1,0,P-22378,62',second half,1,0,0,0
B-1602,WC-2006,M-2006-11,T-32,0,1,P-38556,65',second half,1,0,0,0
B-1603,WC-2006,M-2006-11,T-41,1,0,P-38599,88',second half,1,0,0,0
B-1604,WC-2006,M-2006-12,T-77,0,1,P-03523,23',first half,1,0,1,1
B-1605,WC-2006,M-2006-12,T-77,0,1,P-80410,24',first half,1,0,0,0
B-1606,WC-2006,M-2006-12,T-71,1,0,P-94594,41',first half,1,0,0,0
B-1607,WC-2006,M-2006-12,T-71,1,0,P-22338,51',second half,1,0,0,0
B-1608,WC-2006,M-2006-12,T-77,0,1,P-08365,90'+2',"second half, stoppage time",1,0,0,0
B-1609,WC-2006,M-2006-13,T-75,0,1,P-82814,42',first half,1,0,0,0
B-1610,WC-2006,M-2006-13,T-75,0,1,P-87221,45',first half,1,0,0,0
B-1611,WC-2006,M-2006-13,T-75,0,1,P-10789,56',second half,1,0,0,0
B-1612,WC-2006,M-2006-13,T-30,1,0,P-04469,64',second half,1,0,0,0
B-1613,WC-2006,M-2006-13,T-30,1,0,P-56430,72',second half,1,0,0,0
B-1614,WC-2006,M-2006-13,T-75,0,1,P-11817,72',second half,1,0,0,0
B-1615,WC-2006,M-2006-13,T-30,1,0,P-23315,90'+3',"second half, stoppage time",1,0,0,0
B-1616,WC-2006,M-2006-13,T-75,0,1,P-61684,90'+3',"second half, stoppage time",1,0,0,0
B-1617,WC-2006,M-2006-14,T-18,0,1,P-84378,32',first half,1,0,0,0
B-1618,WC-2006,M-2006-14,T-09,1,0,P-52008,42',first half,1,0,0,0
B-1619,WC-2006,M-2006-14,T-18,0,1,P-61666,67',second half,1,0,0,0
B-1620,WC-2006,M-2006-14,T-18,0,1,P-42144,90',second half,1,0,0,0
B-1621,WC-2006,M-2006-15,T-81,0,1,P-07368,17',first half,1,0,0,0
B-1622,WC-2006,M-2006-15,T-81,0,1,P-27508,47',second half,0,1,0,1
B-1623,WC-2006,M-2006-15,T-81,0,1,P-35676,52',second half,1,0,0,0
B-1624,WC-2006,M-2006-16,T-79,1,0,P-72448,35',first half,1,0,0,0
B-1625,WC-2006,M-2006-16,T-79,1,0,P-89154,36',first half,1,0,0,0
B-1626,WC-2006,M-2006-16,T-79,1,0,P-63068,65',second half,1,0,0,0
B-1627,WC-2006,M-2006-16,T-79,1,0,P-27618,79',second half,1,0,0,0
B-1628,WC-2006,M-2006-17,T-57,0,1,P-49007,3',first half,1,0,0,0
B-1629,WC-2006,M-2006-17,T-57,0,1,P-05425,28',first half,1,0,1,1
B-1630,WC-2006,M-2006-17,T-31,1,0,P-84003,58',second half,1,0,0,0
B-1631,WC-2006,M-2006-17,T-31,1,0,P-24324,68',second half,1,0,0,0
B-1632,WC-2006,M-2006-17,T-31,1,0,P-04065,70',second half,1,0,0,0
B-1633,WC-2006,M-2006-17,T-57,0,1,P-32695,89',second half,1,0,0,0
B-1634,WC-2006,M-2006-18,T-17,0,1,P-50749,10',first half,1,0,0,0
B-1635,WC-2006,M-2006-18,T-17,0,1,P-26474,28',first half,1,0,0,0
B-1636,WC-2006,M-2006-18,T-25,1,0,P-96174,44',first half,1,0,0,0
B-1637,WC-2006,M-2006-18,T-25,1,0,P-92146,54',second half,1,0,0,0
B-1638,WC-2006,M-2006-18,T-25,1,0,P-18894,60',second half,1,0,0,0
B-1639,WC-2006,M-2006-19,T-78,0,1,P-22492,18',first half,1,0,0,0
B-1640,WC-2006,M-2006-19,T-78,0,1,P-77687,19',first half,1,0,0,0
B-1641,WC-2006,M-2006-19,T-78,0,1,P-33665,45'+1',"first half, stoppage time",1,0,0,0
B-1642,WC-2006,M-2006-19,T-78,0,1,P-09117,47',second half,1,0,0,0
B-1643,WC-2006,M-2006-19,T-78,0,1,P-40120,55',second half,1,0,0,0
B-1644,WC-2006,M-2006-19,T-28,1,0,P-65534,64',second half,1,0,0,0
B-1645,WC-2006,M-2006-20,T-55,0,1,P-82458,3',first half,1,0,0,0
B-1646,WC-2006,M-2006-20,T-74,1,0,P-05583,14',first half,1,0,0,0
B-1647,WC-2006,M-2006-20,T-74,1,0,P-30568,48',second half,1,0,0,0
B-1648,WC-2006,M-2006-20,T-55,0,1,P-17884,51',second half,1,0,0,0
B-1649,WC-2006,M-2006-20,T-55,0,1,P-00429,54',second half,1,0,0,0
B-1650,WC-2006,M-2006-20,T-74,1,0,P-45212,60',second half,1,0,0,0
B-1651,WC-2006,M-2006-20,T-55,0,1,P-42797,74',second half,1,0,0,0
B-1652,WC-2006,M-2006-20,T-55,0,1,P-44396,85',second half,1,0,0,0
B-1653,WC-2006,M-2006-21,T-67,0,1,P-50012,7',first half,1,0,0,0
B-1654,WC-2006,M-2006-21,T-67,0,1,P-85128,27',first half,1,0,0,0
B-1655,WC-2006,M-2006-21,T-03,1,0,P-19888,36',first half,1,0,0,0
B-1656,WC-2006,M-2006-21,T-67,0,1,P-55456,42',first half,1,0,0,0
B-1657,WC-2006,M-2006-21,T-67,0,1,P-37893,65',second half,0,1,0,1
B-1658,WC-2006,M-2006-22,T-42,0,1,P-48968,25',first half,1,0,0,0
B-1659,WC-2006,M-2006-22,T-48,1,0,P-23705,34',first half,1,0,0,0
B-1660,WC-2006,M-2006-22,T-48,1,0,P-40197,35',first half,1,0,0,0
B-1661,WC-2006,M-2006-22,T-42,0,1,P-99466,41',first half,1,0,0,0
B-1662,WC-2006,M-2006-22,T-48,1,0,P-69700,58',second half,1,0,0,0
B-1663,WC-2006,M-2006-22,T-42,0,1,P-08544,66',second half,1,0,0,0
B-1664,WC-2006,M-2006-22,T-48,1,0,P-18113,90'+4',"second half, stoppage time",1,0,0,0
B-1665,WC-2006,M-2006-23,T-02,0,1,P-75104,13',first half,1,0,0,0
B-1666,WC-2006,M-2006-23,T-02,0,1,P-88171,44',first half,1,0,1,1
B-1667,WC-2006,M-2006-23,T-02,0,1,P-95366,50',second half,1,0,0,0
B-1668,WC-2006,M-2006-23,T-46,1,0,P-10860,59',second half,1,0,0,0
B-1669,WC-2006,M-2006-23,T-02,0,1,P-24930,86',second half,1,0,0,0
B-1670,WC-2006,M-2006-24,T-38,0,1,P-59901,20',first half,1,0,0,0
B-1671,WC-2006,M-2006-24,T-38,0,1,P-16154,32',first half,1,0,0,0
B-1672,WC-2006,M-2006-24,T-58,1,0,P-57982,45'+1',"first half, stoppage time",1,0,0,0
B-1673,WC-2006,M-2006-24,T-58,1,0,P-96343,48',second half,1,0,0,0
B-1674,WC-2006,M-2006-24,T-58,1,0,P-80908,61',second half,1,0,0,0
B-1675,WC-2006,M-2006-24,T-38,0,1,P-55405,73',second half,1,0,0,0
B-1676,WC-2006,M-2006-24,T-38,0,1,P-20762,88',second half,1,0,0,0
B-1677,WC-2006,M-2006-25,T-32,0,1,P-23846,18',first half,1,0,0,0
B-1678,WC-2006,M-2006-25,T-32,0,1,P-12805,37',first half,1,0,0,0
B-1679,WC-2006,M-2006-25,T-20,1,0,P-36056,49',second half,1,0,0,0
B-1680,WC-2006,M-2006-25,T-20,1,0,P-91280,65',second half,0,1,0,1
B-1681,WC-2006,M-2006-25,T-32,0,1,P-38556,66',second half,1,0,0,0
B-1682,WC-2006,M-2006-25,T-32,0,1,P-49882,75',second half,1,0,0,0
B-1683,WC-2006,M-2006-25,T-32,0,1,P-50641,84',second half,1,0,0,0
B-1684,WC-2006,M-2006-25,T-32,0,1,P-00384,90'+3',"second half, stoppage time",1,0,0,0
B-1685,WC-2006,M-2006-26,T-41,1,0,P-42038,5',first half,1,0,0,0
B-1686,WC-2006,M-2006-26,T-83,0,1,P-02842,21',first half,1,0,1,1
B-1687,WC-2006,M-2006-26,T-41,1,0,P-65802,28',first half,0,1,0,1
B-1688,WC-2006,M-2006-26,T-83,0,1,P-58649,45',first half,0,1,0,1
B-1689,WC-2006,M-2006-26,T-41,1,0,P-42227,70',second half,1,0,0,0
B-1690,WC-2006,M-2006-27,T-44,1,0,P-11915,21',first half,1,0,0,0
B-1691,WC-2006,M-2006-27,T-18,0,1,P-61666,32',first half,1,0,0,0
B-1692,WC-2006,M-2006-27,T-44,1,0,P-54298,42',first half,1,0,0,0
B-1693,WC-2006,M-2006-27,T-18,0,1,P-97008,69',second half,1,0,0,0
B-1694,WC-2006,M-2006-27,T-44,1,0,P-42311,72',second half,1,0,0,0
B-1695,WC-2006,M-2006-28,T-04,0,1,P-83566,13',first half,1,0,0,0
B-1696,WC-2006,M-2006-28,T-09,1,0,P-91718,29',first half,1,0,0,0
B-1697,WC-2006,M-2006-28,T-09,1,0,P-62722,31',first half,1,0,0,0
B-1698,WC-2006,M-2006-28,T-04,0,1,P-21864,39',first half,1,0,0,0
B-1699,WC-2006,M-2006-28,T-09,1,0,P-13354,83',second half,1,0,0,0
B-1700,WC-2006,M-2006-29,T-71,0,1,P-92775,11',first half,1,0,0,0
B-1701,WC-2006,M-2006-29,T-71,0,1,P-61550,29',first half,1,0,0,0
B-1702,WC-2006,M-2006-29,T-30,1,0,P-04469,79',second half,1,0,0,0
B-1703,WC-2006,M-2006-29,T-30,1,0,P-56430,85',second half,1,0,0,0
B-1704,WC-2006,M-2006-30,T-77,1,0,P-57309,45',first half,1,0,0,0
B-1705,WC-2006,M-2006-30,T-77,1,0,P-48772,47',second half,1,0,0,0
B-1706,WC-2006,M-2006-30,T-77,1,0,P-80410,53',second half,1,0,0,0
B-1707,WC-2006,M-2006-30,T-75,0,1,P-17148,90'+2',"second half, stoppage time",1,0,0,0
B-1708,WC-2006,M-2006-31,T-81,0,1,P-17420,22',first half,1,0,0,0
B-1709,WC-2006,M-2006-31,T-63,1,0,P-53448,41',first half,1,0,0,0
B-1710,WC-2006,M-2006-31,T-63,1,0,P-00585,57',second half,1,0,0,0
B-1711,WC-2006,M-2006-31,T-63,1,0,P-50973,73',second half,1,0,0,0
B-1712,WC-2006,M-2006-31,T-81,0,1,P-98387,77',second half,1,0,0,0
B-1713,WC-2006,M-2006-31,T-81,0,1,P-18200,89',second half,1,0,0,0
B-1714,WC-2006,M-2006-32,T-73,1,0,P-51089,30',first half,1,0,0,0
B-1715,WC-2006,M-2006-32,T-79,0,1,P-40581,32',first half,1,0,0,0
B-1716,WC-2006,M-2006-32,T-79,0,1,P-82870,40',first half,1,0,0,0
B-1717,WC-2006,M-2006-32,T-79,0,1,P-76769,70',second half,1,0,0,0
B-1718,WC-2006,M-2006-32,T-79,0,1,P-33293,81',second half,1,0,0,0
B-1719,WC-2006,M-2006-32,T-79,0,1,P-00640,85',second half,1,0,0,0
B-1720,WC-2006,M-2006-32,T-73,1,0,P-81297,89',second half,1,0,0,0
B-1721,WC-2006,M-2006-32,T-79,0,1,P-61850,90'+3',"second half, stoppage time",1,0,0,0
B-1722,WC-2006,M-2006-33,T-17,1,0,P-52458,17',first half,1,0,0,0
B-1723,WC-2006,M-2006-33,T-57,0,1,P-52481,18',first half,1,0,0,0
B-1724,WC-2006,M-2006-33,T-57,0,1,P-46873,24',first half,1,0,0,0
B-1725,WC-2006,M-2006-33,T-57,0,1,P-15578,29',first half,1,0,0,0
B-1726,WC-2006,M-2006-33,T-17,1,0,P-50749,45'+2',"first half, stoppage time",1,0,0,0
B-1727,WC-2006,M-2006-33,T-17,1,0,P-55170,45'+2',"first half, stoppage time",1,0,0,0
B-1728,WC-2006,M-2006-33,T-17,1,0,P-97927,56',second half,1,0,0,0
B-1729,WC-2006,M-2006-33,T-57,0,1,P-12680,60',second half,1,0,0,0
B-1730,WC-2006,M-2006-33,T-17,1,0,P-12856,76',second half,1,0,0,0
B-1731,WC-2006,M-2006-33,T-57,0,1,P-32695,90'+1',"second half, stoppage time",1,0,0,0
B-1732,WC-2006,M-2006-34,T-25,1,0,P-49265,52',second half,1,0,0,0
B-1733,WC-2006,M-2006-34,T-31,0,1,P-08154,75',second half,1,0,0,0
B-1734,WC-2006,M-2006-35,T-55,1,0,P-42797,30',first half,1,0,0,0
B-1735,WC-2006,M-2006-35,T-78,0,1,P-52480,45',first half,1,0,0,0
B-1736,WC-2006,M-2006-35,T-78,0,1,P-77687,48',second half,1,0,0,0
B-1737,WC-2006,M-2006-35,T-55,1,0,P-35595,54',second half,1,0,0,0
B-1738,WC-2006,M-2006-36,T-28,0,1,P-61216,76',second half,1,0,0,0
B-1739,WC-2006,M-2006-36,T-74,1,0,P-42808,83',second half,1,0,0,0
B-1740,WC-2006,M-2006-36,T-74,1,0,P-84022,87',second half,1,0,0,0
B-1741,WC-2006,M-2006-37,T-02,0,1,P-03457,22',first half,1,0,0,0
B-1742,WC-2006,M-2006-37,T-38,1,0,P-16154,37',first half,1,0,0,0
B-1743,WC-2006,M-2006-37,T-02,0,1,P-74131,45'+1',"first half, stoppage time",1,0,0,0
B-1744,WC-2006,M-2006-37,T-38,1,0,P-20969,55',second half,1,0,0,0
B-1745,WC-2006,M-2006-37,T-02,0,1,P-95366,67',second half,1,0,0,0
B-1746,WC-2006,M-2006-37,T-38,1,0,P-34386,90'+1',"second half, stoppage time",1,0,0,0
B-1747,WC-2006,M-2006-38,T-46,0,1,P-11191,22',first half,1,0,0,0
B-1748,WC-2006,M-2006-38,T-58,1,0,P-28497,26',first half,1,0,0,0
B-1749,WC-2006,M-2006-38,T-46,0,1,P-17445,27',first half,1,0,1,1
B-1750,WC-2006,M-2006-38,T-46,0,1,P-44763,65',second half,1,0,0,0
B-1751,WC-2006,M-2006-38,T-58,1,0,P-17581,69',second half,1,0,0,0
B-1752,WC-2006,M-2006-38,T-46,0,1,P-30651,87',second half,1,0,0,0
B-1753,WC-2006,M-2006-38,T-58,1,0,P-68375,88',second half,1,0,0,0
B-1754,WC-2006,M-2006-38,T-58,1,0,P-57631,90'+1',"second half, stoppage time",1,0,0,0
B-1755,WC-2006,M-2006-39,T-67,0,1,P-85128,17',first half,1,0,1,1
B-1756,WC-2006,M-2006-39,T-42,1,0,P-98071,33',first half,1,0,0,0
B-1757,WC-2006,M-2006-39,T-67,0,1,P-79645,35',first half,1,0,0,0
B-1758,WC-2006,M-2006-39,T-67,0,1,P-08415,37',first half,1,0,0,0
B-1759,WC-2006,M-2006-39,T-42,1,0,P-20335,41',first half,1,0,1,1
B-1760,WC-2006,M-2006-39,T-42,1,0,P-93241,43',first half,1,0,0,0
B-1761,WC-2006,M-2006-39,T-67,0,1,P-41962,57',second half,1,0,0,0
B-1762,WC-2006,M-2006-40,T-48,1,0,P-33312,28',first half,1,0,0,0
B-1763,WC-2006,M-2006-40,T-48,1,0,P-96131,42',first half,1,0,0,0
B-1764,WC-2006,M-2006-40,T-48,1,0,P-13377,48',second half,1,0,0,0
B-1765,WC-2006,M-2006-40,T-03,0,1,P-66229,57',second half,1,0,0,0
B-1766,WC-2006,M-2006-40,T-03,0,1,P-77063,90',second half,1,0,0,0
B-1767,WC-2006,M-2006-41,T-41,0,1,P-18164,31',first half,1,0,0,0
B-1768,WC-2006,M-2006-41,T-20,1,0,P-30878,35',first half,1,0,1,1
B-1769,WC-2006,M-2006-42,T-32,1,0,P-12805,5',first half,1,0,0,0
B-1770,WC-2006,M-2006-42,T-83,0,1,P-97784,7',first half,1,0,0,0
B-1771,WC-2006,M-2006-42,T-32,1,0,P-52437,32',first half,1,0,0,0
B-1772,WC-2006,M-2006-42,T-32,1,0,P-29967,81',second half,1,0,0,0
B-1773,WC-2006,M-2006-42,T-32,1,0,P-09728,90'+1',"second half, stoppage time",1,0,0,0
B-1774,WC-2006,M-2006-43,T-18,1,0,P-41724,32',first half,1,0,1,1
B-1775,WC-2006,M-2006-43,T-18,1,0,P-42144,38',first half,1,0,0,0
B-1776,WC-2006,M-2006-43,T-18,1,0,P-29621,61',second half,1,0,1,1
B-1777,WC-2006,M-2006-43,T-18,1,0,P-85818,70',second half,1,0,0,0
B-1778,WC-2006,M-2006-43,T-04,0,1,P-83566,81',second half,1,0,1,1
B-1779,WC-2006,M-2006-44,T-44,1,0,P-87604,40',first half,1,0,0,0
B-1780,WC-2006,M-2006-44,T-09,0,1,P-30363,44',first half,1,0,0,0
B-1781,WC-2006,M-2006-45,T-63,1,0,P-88041,27',first half,1,0,0,0
B-1782,WC-2006,M-2006-45,T-73,0,1,P-21683,30',first half,1,0,0,0
B-1783,WC-2006,M-2006-45,T-73,0,1,P-83711,35',first half,1,0,0,0
B-1784,WC-2006,M-2006-45,T-73,0,1,P-15314,75',second half,1,0,0,0
B-1785,WC-2006,M-2006-45,T-63,1,0,P-20886,77',second half,1,0,0,0
B-1786,WC-2006,M-2006-46,T-79,0,1,P-00640,9',first half,1,0,1,1
B-1787,WC-2006,M-2006-46,T-81,1,0,P-18200,18',first half,1,0,0,0
B-1788,WC-2006,M-2006-46,T-79,0,1,P-89154,43',first half,1,0,0,0
B-1789,WC-2006,M-2006-46,T-81,1,0,P-56584,47',second half,1,0,0,0
B-1790,WC-2006,M-2006-46,T-81,1,0,P-60675,61',second half,1,0,0,0
B-1791,WC-2006,M-2006-46,T-81,1,0,P-07368,65',second half,1,0,0,0
B-1792,WC-2006,M-2006-46,T-79,0,1,P-76769,90',second half,1,0,0,0
B-1793,WC-2006,M-2006-47,T-71,0,1,P-06608,23',first half,1,0,0,0
B-1794,WC-2006,M-2006-47,T-71,0,1,P-76780,37',first half,1,0,0,0
B-1795,WC-2006,M-2006-47,T-75,1,0,P-94161,43',first half,1,0,0,0
B-1796,WC-2006,M-2006-47,T-75,1,0,P-59636,55',second half,1,0,0,0
B-1797,WC-2006,M-2006-47,T-75,1,0,P-56006,69',second half,1,0,0,0
B-1798,WC-2006,M-2006-47,T-71,0,1,P-07865,78',second half,1,0,0,0
B-1799,WC-2006,M-2006-47,T-71,0,1,P-26616,78',second half,1,0,0,0
B-1800,WC-2006,M-2006-47,T-71,0,1,P-22338,80',second half,1,0,0,0
B-1801,WC-2006,M-2006-47,T-75,1,0,P-10953,82',second half,1,0,0,0
B-1802,WC-2006,M-2006-47,T-75,1,0,P-25758,90',second half,1,0,0,0
B-1803,WC-2006,M-2006-48,T-30,0,1,P-93048,30',first half,1,0,0,0
B-1804,WC-2006,M-2006-48,T-77,1,0,P-43931,38',first half,1,0,0,0
B-1805,WC-2006,M-2006-48,T-77,1,0,P-64772,44',first half,1,0,0,0
B-1806,WC-2006,M-2006-48,T-77,1,0,P-57309,88',second half,1,0,0,0
B-1807,WC-2006,M-2006-49,T-31,1,0,P-35264,27',first half,1,0,0,0
B-1808,WC-2006,M-2006-49,T-74,0,1,P-30568,28',first half,1,0,1,1
B-1809,WC-2006,M-2006-49,T-74,0,1,P-20557,48',second half,1,0,0,0
B-1810,WC-2006,M-2006-49,T-74,0,1,P-45212,78',second half,1,0,0,0
B-1811,WC-2006,M-2006-50,T-03,1,0,P-64352,45'+1',"first half, stoppage time",1,0,0,0
B-1812,WC-2006,M-2006-50,T-46,0,1,P-44763,70',second half,1,0,0,0
B-1813,WC-2006,M-2006-50,T-46,0,1,P-86098,82',second half,1,0,0,0
B-1814,WC-2006,M-2006-50,T-03,1,0,P-60914,112',"extra time, second half",1,0,0,0
B-1815,WC-2006,M-2006-50,T-46,0,1,P-89297,118',"extra time, second half",1,0,0,0
B-1816,WC-2006,M-2006-50,T-46,0,1,P-89438,119',"extra time, second half",1,0,0,0
B-1817,WC-2006,M-2006-51,T-28,1,0,P-71420,18',first half,1,0,0,0
B-1818,WC-2006,M-2006-51,T-25,0,1,P-49265,24',first half,1,0,0,0
B-1819,WC-2006,M-2006-51,T-25,0,1,P-86943,37',first half,1,0,0,0
B-1820,WC-2006,M-2006-51,T-25,0,1,P-92146,67',second half,1,0,0,0
B-1821,WC-2006,M-2006-51,T-28,1,0,P-72859,78',second half,1,0,0,0
B-1822,WC-2006,M-2006-51,T-28,1,0,P-50944,82',second half,1,0,0,0
B-1823,WC-2006,M-2006-52,T-48,0,1,P-69700,2',first half,1,0,0,0
B-1824,WC-2006,M-2006-52,T-48,0,1,P-46895,7',first half,1,0,1,1
B-1825,WC-2006,M-2006-52,T-58,1,0,P-17581,20',first half,1,0,0,0
B-1826,WC-2006,M-2006-52,T-58,1,0,P-80908,31',first half,1,0,1,1
B-1827,WC-2006,M-2006-52,T-58,1,0,P-92307,50',second half,1,0,0,0
B-1828,WC-2006,M-2006-52,T-48,0,1,P-21832,59',second half,1,0,1,1
B-1829,WC-2006,M-2006-52,T-58,1,0,P-57496,60',second half,1,0,0,0
B-1830,WC-2006,M-2006-52,T-58,1,0,P-96343,73',second half,1,0,1,1
B-1831,WC-2006,M-2006-52,T-48,0,1,P-51336,73',second half,1,0,0,0
B-1832,WC-2006,M-2006-52,T-48,0,1,P-68125,74',second half,1,0,0,0
B-1833,WC-2006,M-2006-52,T-58,1,0,P-45712,76',second half,1,0,0,0
B-1834,WC-2006,M-2006-52,T-58,1,0,P-62437,76',second half,1,0,0,0
B-1835,WC-2006,M-2006-53,T-04,0,1,P-63129,23',first half,1,0,0,0
B-1836,WC-2006,M-2006-53,T-41,1,0,P-99473,29',first half,1,0,0,0
B-1837,WC-2006,M-2006-53,T-04,0,1,P-44926,49',second half,1,0,0,0
B-1838,WC-2006,M-2006-53,T-41,1,0,P-37126,50',second half,0,1,0,1
B-1839,WC-2006,M-2006-53,T-04,0,1,P-14862,61',second half,1,0,0,0
B-1840,WC-2006,M-2006-53,T-41,1,0,P-18164,89',second half,1,0,0,0
B-1841,WC-2006,M-2006-53,T-41,1,0,P-42227,90'+1',"second half, stoppage time",1,0,0,0
B-1842,WC-2006,M-2006-54,T-75,1,0,P-97143,59',second half,1,0,0,0
B-1843,WC-2006,M-2006-55,T-32,0,1,P-09728,7',first half,1,0,0,0
B-1844,WC-2006,M-2006-55,T-32,0,1,P-50641,11',first half,1,0,0,0
B-1845,WC-2006,M-2006-55,T-09,1,0,P-20372,13',first half,1,0,0,0
B-1846,WC-2006,M-2006-55,T-32,0,1,P-25083,29',first half,1,0,0,0
B-1847,WC-2006,M-2006-55,T-32,0,1,P-77757,38',first half,1,0,0,0
B-1848,WC-2006,M-2006-55,T-09,1,0,P-98607,44',first half,1,0,0,0
B-1849,WC-2006,M-2006-55,T-32,0,1,P-38556,48',second half,1,0,1,1
B-1850,WC-2006,M-2006-56,T-30,0,1,P-96540,68',second half,1,0,0,0
B-1851,WC-2006,M-2006-56,T-73,1,0,P-51089,82',second half,1,0,0,0
B-1852,WC-2006,M-2006-56,T-30,0,1,P-55659,87',second half,1,0,0,0
B-1853,WC-2006,M-2006-56,T-30,0,1,P-56430,90'+1',"second half, stoppage time",1,0,0,0
B-1854,WC-2006,M-2006-57,T-31,1,0,P-36287,3',first half,1,0,0,0
B-1855,WC-2006,M-2006-57,T-03,0,1,P-60914,46',second half,1,0,0,0
B-1856,WC-2006,M-2006-57,T-03,0,1,P-77063,60',second half,1,0,0,0
B-1857,WC-2006,M-2006-57,T-03,0,1,P-33570,88',second half,1,0,0,0
B-1858,WC-2006,M-2006-57,T-31,1,0,P-24324,94',"extra time, first half",1,0,0,0
B-1859,WC-2006,M-2006-57,T-03,0,1,P-38198,95',"extra time, first half",1,0,0,0
B-1860,WC-2006,M-2006-57,T-31,1,0,P-43481,114',"extra time, second half",1,0,0,0
B-1861,WC-2006,M-2006-57,T-03,0,1,P-16541,120',"extra time, second half",0,1,0,1
B-1862,WC-2006,M-2006-58,T-81,0,1,P-18200,16',first half,1,0,0,0
B-1863,WC-2006,M-2006-58,T-81,0,1,P-98387,21',first half,1,0,0,0
B-1864,WC-2006,M-2006-58,T-81,0,1,P-69073,67',second half,1,0,0,0
B-1865,WC-2006,M-2006-59,T-28,1,0,P-71420,30',first half,1,0,0,0
B-1866,WC-2006,M-2006-59,T-58,0,1,P-92307,44',first half,1,0,0,0
B-1867,WC-2006,M-2006-59,T-28,1,0,P-99967,62',second half,0,1,0,1
B-1868,WC-2006,M-2006-59,T-28,1,0,P-61216,107',"extra time, second half",1,0,0,0
B-1869,WC-2006,M-2006-59,T-58,0,1,P-37760,111',"extra time, second half",1,0,0,0
B-1870,WC-2006,M-2006-60,T-09,1,0,P-91718,25',first half,1,0,0,0
B-1871,WC-2006,M-2006-60,T-09,1,0,P-98607,45',first half,1,0,0,0
B-1872,WC-2006,M-2006-60,T-09,1,0,P-62722,45'+2',"first half, stoppage time",1,0,0,0
B-1873,WC-2006,M-2006-60,T-30,0,1,P-23315,74',second half,1,0,0,0
B-1874,WC-2006,M-2006-60,T-09,1,0,P-42918,75',second half,1,0,0,0
B-1875,WC-2006,M-2006-60,T-30,0,1,P-48944,87',second half,1,0,0,0
B-1876,WC-2006,M-2006-60,T-30,0,1,P-56947,88',second half,1,0,0,0
B-1877,WC-2006,M-2006-61,T-31,1,0,P-08154,40',first half,1,0,0,0
B-1878,WC-2006,M-2006-61,T-31,1,0,P-04065,56',second half,1,0,0,0
B-1879,WC-2006,M-2006-61,T-41,0,1,P-22378,90',second half,1,0,0,0
B-1880,WC-2006,M-2006-62,T-58,1,0,P-37760,83',second half,1,0,0,0
B-1881,WC-2006,M-2006-62,T-30,0,1,P-48944,87',second half,1,0,0,0
B-1882,WC-2006,M-2006-63,T-31,1,0,P-35264,7',first half,1,0,0,0
B-1883,WC-2006,M-2006-63,T-58,0,1,P-55321,24',first half,1,0,0,0
B-1884,WC-2006,M-2006-63,T-58,0,1,P-80908,33',first half,1,0,0,0
B-1885,WC-2006,M-2006-63,T-58,0,1,P-16378,60',second half,1,0,0,0
B-1886,WC-2006,M-2006-63,T-31,1,0,P-43400,78',second half,1,0,0,0
B-1887,WC-2006,M-2006-64,T-41,1,0,P-42227,5',first half,1,0,0,0
B-1888,WC-2006,M-2006-64,T-30,0,1,P-23315,12',first half,1,0,0,0
B-1889,WC-2006,M-2006-64,T-30,0,1,P-58415,76',second half,1,0,0,0
B-1890,WC-2006,M-2006-64,T-30,0,1,P-56430,110',"extra time, second half",0,1,0,1
B-1891,WC-2006,M-2006-64,T-30,0,1,P-18830,111',"extra time, second half",1,0,0,0
B-1892,WC-2007,M-2007-01,T-03,0,1,P-23308,16',first half,1,0,0,0
B-1893,WC-2007,M-2007-01,T-03,0,1,P-65068,20',first half,1,0,0,0
B-1894,WC-2007,M-2007-01,T-03,0,1,P-24548,56',second half,1,0,0,0
B-1895,WC-2007,M-2007-01,T-31,1,0,P-47092,60',second half,1,0,0,0
B-1896,WC-2007,M-2007-01,T-31,1,0,P-96080,86',second half,1,0,0,0
B-1897,WC-2007,M-2007-01,T-03,0,1,P-08904,90'+2',"second half, stoppage time",1,0,0,0
B-1898,WC-2007,M-2007-02,T-83,1,0,P-00471,45',first half,1,0,0,0
B-1899,WC-2007,M-2007-02,T-51,0,1,P-92164,90'+1',"second half, stoppage time",1,0,0,0
B-1900,WC-2007,M-2007-03,T-28,0,1,P-73084,23',first half,1,0,0,0
B-1901,WC-2007,M-2007-03,T-28,0,1,P-12357,90'+4',"second half, stoppage time",1,0,0,0
B-1902,WC-2007,M-2007-04,T-74,0,1,P-95194,12',first half,1,0,0,0
B-1903,WC-2007,M-2007-05,T-04,0,1,P-26286,53',second half,1,0,0,0
B-1904,WC-2007,M-2007-05,T-04,0,1,P-14085,87',second half,1,0,0,0
B-1905,WC-2007,M-2007-05,T-04,0,1,P-19145,90',second half,1,0,0,0
B-1906,WC-2007,M-2007-06,T-49,1,0,P-61084,25',first half,1,0,0,0
B-1907,WC-2007,M-2007-08,T-22,0,1,P-11819,80',second half,1,0,0,0
B-1908,WC-2007,M-2007-08,T-22,0,1,P-05784,86',second half,1,0,0,0
B-1909,WC-2007,M-2007-08,T-14,1,0,P-57621,89',second half,1,0,0,0
B-1910,WC-2007,M-2007-09,T-44,0,1,P-51492,57',second half,1,0,0,0
B-1911,WC-2007,M-2007-10,T-74,1,0,P-48787,34',first half,1,0,0,0
B-1912,WC-2007,M-2007-10,T-74,1,0,P-94354,90'+3',"second half, stoppage time",1,0,0,0
B-1913,WC-2007,M-2007-11,T-28,1,0,P-73084,16',first half,1,0,0,0
B-1914,WC-2007,M-2007-11,T-31,0,1,P-67377,36',first half,1,0,0,0
B-1915,WC-2007,M-2007-11,T-28,1,0,P-10986,55',second half,1,0,0,0
B-1916,WC-2007,M-2007-11,T-31,0,1,P-47092,84',second half,1,0,0,0
B-1917,WC-2007,M-2007-11,T-31,0,1,P-54473,85',second half,1,0,0,0
B-1918,WC-2007,M-2007-12,T-50,0,1,P-38422,35',first half,1,0,0,0
B-1919,WC-2007,M-2007-12,T-50,0,1,P-69273,52',second half,1,0,0,0
B-1920,WC-2007,M-2007-12,T-51,1,0,P-59010,77',second half,1,0,0,0
B-1921,WC-2007,M-2007-13,T-12,1,0,P-77759,8',first half,1,0,0,0
B-1922,WC-2007,M-2007-13,T-32,0,1,P-68309,21',first half,1,0,0,0
B-1923,WC-2007,M-2007-13,T-32,0,1,P-23665,39',first half,1,0,0,0
B-1924,WC-2007,M-2007-13,T-32,0,1,P-68729,78',second half,1,0,0,0
B-1925,WC-2007,M-2007-14,T-49,0,1,P-32154,60',second half,1,0,0,0
B-1926,WC-2007,M-2007-14,T-49,0,1,P-00393,88',second half,1,0,0,0
B-1927,WC-2007,M-2007-14,T-49,0,1,P-59575,90'+1',"second half, stoppage time",1,0,0,0
B-1928,WC-2007,M-2007-16,T-09,1,0,P-46780,10',first half,1,0,0,0
B-1929,WC-2007,M-2007-16,T-14,0,1,P-67766,27',first half,1,0,0,0
B-1930,WC-2007,M-2007-16,T-09,1,0,P-84724,41',first half,1,0,0,0
B-1931,WC-2007,M-2007-16,T-14,0,1,P-72394,53',second half,1,0,0,0
B-1932,WC-2007,M-2007-16,T-09,1,0,P-31275,61',second half,1,0,0,0
B-1933,WC-2007,M-2007-17,T-28,1,0,P-22178,4',first half,1,0,0,0
B-1934,WC-2007,M-2007-17,T-03,0,1,P-24795,41',first half,1,0,1,1
B-1935,WC-2007,M-2007-17,T-03,0,1,P-24548,42',first half,1,0,0,0
B-1936,WC-2007,M-2007-17,T-28,1,0,P-10986,61',second half,1,0,0,0
B-1937,WC-2007,M-2007-18,T-44,0,1,P-46224,16',first half,1,0,0,0
B-1938,WC-2007,M-2007-18,T-31,1,0,P-08780,82',second half,1,0,0,0
B-1939,WC-2007,M-2007-18,T-31,1,0,P-80012,88',second half,1,0,0,0
B-1940,WC-2007,M-2007-19,T-50,1,0,P-94784,14',first half,1,0,0,0
B-1941,WC-2007,M-2007-20,T-74,0,1,P-82102,31',first half,1,0,0,0
B-1942,WC-2007,M-2007-20,T-51,1,0,P-83515,32',first half,1,0,0,0
B-1943,WC-2007,M-2007-20,T-74,0,1,P-96721,82',second half,1,0,0,0
B-1944,WC-2007,M-2007-20,T-51,1,0,P-67990,88',second half,1,0,0,0
B-1945,WC-2007,M-2007-21,T-12,0,1,P-00020,89',second half,1,0,0,0
B-1946,WC-2007,M-2007-21,T-04,1,0,P-87492,90',second half,1,0,0,0
B-1947,WC-2007,M-2007-22,T-32,0,1,P-96825,15',first half,1,0,0,0
B-1948,WC-2007,M-2007-22,T-32,0,1,P-54127,74',second half,1,0,0,0
B-1949,WC-2007,M-2007-23,T-22,0,1,P-80373,42',first half,1,0,0,0
B-1950,WC-2007,M-2007-23,T-09,1,0,P-22757,76',second half,1,0,0,0
B-1951,WC-2007,M-2007-24,T-49,0,1,P-16994,25',first half,1,0,0,0
B-1952,WC-2007,M-2007-24,T-49,0,1,P-58561,56',second half,1,0,0,0
B-1953,WC-2007,M-2007-24,T-14,1,0,P-95180,72',second half,1,0,0,0
B-1954,WC-2007,M-2007-25,T-51,0,1,P-63421,51',second half,1,0,0,0
B-1955,WC-2007,M-2007-27,T-53,1,0,P-36571,59',second half,1,0,0,0
B-1956,WC-2007,M-2007-27,T-14,0,1,P-54442,69',second half,1,0,0,0
B-1957,WC-2007,M-2007-27,T-53,1,0,P-74483,83',second half,1,0,0,0
B-1958,WC-2007,M-2007-27,T-53,1,0,P-29694,85',second half,1,0,0,0
B-1959,WC-2007,M-2007-28,T-04,0,1,P-04506,63',second half,1,0,0,0
B-1960,WC-2007,M-2007-28,T-04,0,1,P-42226,85',second half,1,0,0,0
B-1961,WC-2007,M-2007-29,T-53,0,1,P-97621,14',first half,1,0,0,0
B-1962,WC-2007,M-2007-30,T-83,1,0,P-92403,14',first half,1,0,1,1
B-1963,WC-2007,M-2007-30,T-83,1,0,P-69030,26',first half,1,0,0,0
B-1964,WC-2007,M-2007-30,T-09,0,1,P-84724,28',first half,1,0,0,0
B-1965,WC-2007,M-2007-30,T-09,0,1,P-31275,45',first half,1,0,0,0
B-1966,WC-2007,M-2007-30,T-83,1,0,P-89236,49',second half,1,0,0,0
B-1967,WC-2007,M-2007-31,T-83,0,1,P-69030,28',first half,1,0,0,0
B-1968,WC-2007,M-2007-32,T-31,1,0,P-08780,7',first half,1,0,0,0
B-1969,WC-2007,M-2007-32,T-09,0,1,P-46780,59',second half,1,0,0,0
B-1970,WC-2007,M-2007-32,T-31,1,0,P-15303,63',second half,1,0,0,0
B-1971,WC-2010,M-2010-01,T-46,0,1,P-85916,18',first half,1,0,0,0
B-1972,WC-2010,M-2010-01,T-70,1,0,P-92279,27',first half,1,0,0,0
B-1973,WC-2010,M-2010-01,T-46,0,1,P-89297,57',second half,1,0,0,0
B-1974,WC-2010,M-2010-01,T-70,1,0,P-37930,70',second half,1,0,0,0
B-1975,WC-2010,M-2010-02,T-30,0,1,P-72916,12',first half,1,0,0,0
B-1976,WC-2010,M-2010-02,T-30,0,1,P-55659,19',first half,1,0,0,0
B-1977,WC-2010,M-2010-02,T-84,1,0,P-92649,59',second half,1,0,0,0
B-1978,WC-2010,M-2010-02,T-84,1,0,P-36662,65',second half,1,0,1,1
B-1979,WC-2010,M-2010-02,T-30,0,1,P-09884,68',second half,1,0,0,0
B-1980,WC-2010,M-2010-02,T-84,1,0,P-89878,90'+3',"second half, stoppage time",1,0,0,0
B-1981,WC-2010,M-2010-03,T-33,0,1,P-05210,56',second half,1,0,0,0
B-1982,WC-2010,M-2010-04,T-03,1,0,P-56859,41',first half,1,0,0,0
B-1983,WC-2010,M-2010-04,T-50,0,1,P-98826,77',second half,1,0,0,0
B-1984,WC-2010,M-2010-05,T-28,1,0,P-95616,26',first half,1,0,0,0
B-1985,WC-2010,M-2010-05,T-83,0,1,P-77238,39',first half,1,0,0,0
B-1986,WC-2010,M-2010-05,T-83,0,1,P-78640,47',second half,1,0,0,0
B-1987,WC-2010,M-2010-05,T-28,1,0,P-50944,60',second half,1,0,0,0
B-1988,WC-2010,M-2010-05,T-28,1,0,P-62157,61',second half,1,0,0,0
B-1989,WC-2010,M-2010-05,T-83,0,1,P-36179,74',second half,1,0,0,0
B-1990,WC-2010,M-2010-06,T-69,0,1,P-06159,35',first half,1,0,0,0
B-1991,WC-2010,M-2010-06,T-01,1,0,P-22008,59',second half,1,0,1,1
B-1992,WC-2010,M-2010-06,T-69,0,1,P-75452,90'+3',"second half, stoppage time",1,0,0,0
B-1993,WC-2010,M-2010-06,T-01,1,0,P-70560,90'+5',"second half, stoppage time",1,0,0,0
B-1994,WC-2010,M-2010-07,T-66,1,0,P-18094,19',first half,1,0,0,0
B-1995,WC-2010,M-2010-07,T-32,0,1,P-56448,26',first half,1,0,0,0
B-1996,WC-2010,M-2010-07,T-66,1,0,P-32588,54',second half,1,0,1,1
B-1997,WC-2010,M-2010-07,T-66,1,0,P-88851,83',second half,1,0,0,0
B-1998,WC-2010,M-2010-07,T-32,0,1,P-69641,89',second half,1,0,0,0
B-1999,WC-2010,M-2010-08,T-31,1,0,P-12818,12',first half,1,0,0,0
B-2000,WC-2010,M-2010-08,T-04,0,1,P-66908,24',first half,1,0,0,0
B-2001,WC-2010,M-2010-08,T-04,0,1,P-91832,46',second half,1,0,0,0
B-2002,WC-2010,M-2010-08,T-04,0,1,P-44926,56',second half,0,1,0,1
B-2003,WC-2010,M-2010-08,T-04,0,1,P-70545,58',second half,1,0,0,0
B-2004,WC-2010,M-2010-08,T-31,1,0,P-10713,90'+2',"second half, stoppage time",1,0,0,0
B-2005,WC-2010,M-2010-09,T-48,1,0,P-53668,44',first half,1,0,0,0
B-2006,WC-2010,M-2010-09,T-48,1,0,P-99934,49',second half,1,0,0,0
B-2007,WC-2010,M-2010-09,T-22,0,1,P-14988,63',second half,1,0,0,0
B-2008,WC-2010,M-2010-10,T-11,0,1,P-93209,72',second half,1,0,0,0
B-2009,WC-2010,M-2010-10,T-44,1,0,P-00148,90'+1',"second half, stoppage time",1,0,0,0
B-2010,WC-2010,M-2010-11,T-55,0,1,P-21823,62',second half,1,0,0,0
B-2011,WC-2010,M-2010-11,T-41,1,0,P-22378,70',second half,1,0,0,0
B-2012,WC-2010,M-2010-12,T-49,1,0,P-10960,42',first half,1,0,0,0
B-2013,WC-2010,M-2010-12,T-68,0,1,P-37913,55',second half,1,0,0,0
B-2014,WC-2010,M-2010-12,T-49,1,0,P-57058,90'+3',"second half, stoppage time",1,0,0,0
B-2015,WC-2010,M-2010-13,T-42,1,0,P-48968,7',first half,1,0,0,0
B-2016,WC-2010,M-2010-13,T-42,1,0,P-75763,21',first half,1,0,0,0
B-2017,WC-2010,M-2010-13,T-58,0,1,P-70442,21',first half,1,0,0,0
B-2018,WC-2010,M-2010-14,T-09,1,0,P-86499,88',second half,1,0,0,0
B-2019,WC-2010,M-2010-15,T-13,0,1,P-41671,4',first half,1,0,0,0
B-2020,WC-2010,M-2010-15,T-13,0,1,P-96009,19',first half,1,0,0,0
B-2021,WC-2010,M-2010-15,T-35,1,0,P-15185,33',first half,1,0,0,0
B-2022,WC-2010,M-2010-16,T-75,0,1,P-49127,30',first half,1,0,0,0
B-2023,WC-2010,M-2010-16,T-75,0,1,P-09704,73',second half,1,0,0,0
B-2024,WC-2010,M-2010-16,T-75,0,1,P-46325,90'+1',"second half, stoppage time",1,0,0,0
B-2025,WC-2010,M-2010-16,T-75,0,1,P-59636,90'+4',"second half, stoppage time",1,0,0,0
B-2026,WC-2010,M-2010-17,T-70,1,0,P-38095,6',first half,1,0,0,0
B-2027,WC-2010,M-2010-17,T-70,1,0,P-92279,42',first half,1,0,0,0
B-2028,WC-2010,M-2010-17,T-70,1,0,P-38574,76',second half,0,1,0,1
B-2029,WC-2010,M-2010-18,T-71,0,1,P-32822,10',first half,1,0,0,0
B-2030,WC-2010,M-2010-18,T-71,0,1,P-40927,34',first half,1,0,0,0
B-2031,WC-2010,M-2010-18,T-03,1,0,P-56859,54',second half,1,0,0,0
B-2032,WC-2010,M-2010-18,T-03,1,0,P-77063,55',second half,1,0,0,0
B-2033,WC-2010,M-2010-18,T-03,1,0,P-64352,74',second half,1,0,0,0
B-2034,WC-2010,M-2010-19,T-33,1,0,P-11436,15',first half,1,0,0,0
B-2035,WC-2010,M-2010-19,T-50,0,1,P-34118,33',first half,0,1,0,1
B-2036,WC-2010,M-2010-19,T-33,1,0,P-10140,59',second half,1,0,0,0
B-2037,WC-2010,M-2010-19,T-33,1,0,P-58348,88',second half,1,0,0,0
B-2038,WC-2010,M-2010-19,T-50,0,1,P-62448,89',second half,1,0,0,0
B-2039,WC-2010,M-2010-20,T-46,0,1,P-73255,4',first half,1,0,0,0
B-2040,WC-2010,M-2010-20,T-30,1,0,P-09884,45'+1',"first half, stoppage time",1,0,0,0
B-2041,WC-2010,M-2010-20,T-46,0,1,P-85916,48',second half,1,0,0,0
B-2042,WC-2010,M-2010-20,T-46,0,1,P-21208,49',second half,1,0,0,0
B-2043,WC-2010,M-2010-20,T-30,1,0,P-04469,78',second half,1,0,0,0
B-2044,WC-2010,M-2010-20,T-46,0,1,P-11191,82',second half,1,0,0,0
B-2045,WC-2010,M-2010-21,T-31,1,0,P-27787,12',first half,1,0,1,1
B-2046,WC-2010,M-2010-21,T-66,0,1,P-95482,18',first half,1,0,0,0
B-2047,WC-2010,M-2010-21,T-66,0,1,P-33059,19',first half,1,0,0,0
B-2048,WC-2010,M-2010-21,T-31,1,0,P-13029,22',first half,1,0,0,0
B-2049,WC-2010,M-2010-21,T-31,1,0,P-18599,32',first half,1,0,0,0
B-2050,WC-2010,M-2010-21,T-66,0,1,P-47415,57',second half,1,0,0,0
B-2051,WC-2010,M-2010-21,T-66,0,1,P-68901,59',second half,1,0,0,0
B-2052,WC-2010,M-2010-21,T-31,1,0,P-43400,73',second half,1,0,0,0
B-2053,WC-2010,M-2010-22,T-69,1,0,P-68662,35',first half,1,0,0,0
B-2054,WC-2010,M-2010-22,T-83,0,1,P-36179,40',first half,1,0,0,0
B-2055,WC-2010,M-2010-22,T-69,1,0,P-10829,69',second half,1,0,0,0
B-2056,WC-2010,M-2010-22,T-69,1,0,P-91038,72',second half,1,0,0,0
B-2057,WC-2010,M-2010-22,T-69,1,0,P-65942,75',second half,1,0,0,0
B-2058,WC-2010,M-2010-23,T-28,1,0,P-50944,58',second half,1,0,0,0
B-2059,WC-2010,M-2010-23,T-01,0,1,P-23484,85',second half,1,0,0,0
B-2060,WC-2010,M-2010-24,T-48,1,0,P-20084,36',first half,1,0,0,0
B-2061,WC-2010,M-2010-25,T-04,0,1,P-14290,24',first half,0,1,0,1
B-2062,WC-2010,M-2010-25,T-32,1,0,P-56284,40',first half,1,0,0,0
B-2063,WC-2010,M-2010-25,T-32,1,0,P-93750,79',second half,1,0,0,0
B-2064,WC-2010,M-2010-25,T-32,1,0,P-50270,84',second half,1,0,0,0
B-2065,WC-2010,M-2010-25,T-04,0,1,P-66908,85',second half,1,0,0,0
B-2066,WC-2010,M-2010-26,T-11,1,0,P-68512,49',second half,1,0,0,0
B-2067,WC-2010,M-2010-26,T-11,1,0,P-48783,75',second half,1,0,0,0
B-2068,WC-2010,M-2010-26,T-22,0,1,P-00212,86',second half,1,0,0,0
B-2069,WC-2010,M-2010-26,T-22,0,1,P-14988,87',second half,1,0,0,0
B-2070,WC-2010,M-2010-27,T-68,1,0,P-88680,42',first half,1,0,0,0
B-2071,WC-2010,M-2010-27,T-55,0,1,P-18210,45',first half,1,0,0,0
B-2072,WC-2010,M-2010-27,T-68,1,0,P-26852,47',second half,1,0,0,0
B-2073,WC-2010,M-2010-27,T-68,1,0,P-57948,84',second half,1,0,0,0
B-2074,WC-2010,M-2010-27,T-68,1,0,P-57948,84',second half,1,0,0,0
B-2075,WC-2010,M-2010-28,T-49,0,1,P-20963,14',first half,1,0,0,0
B-2076,WC-2010,M-2010-28,T-49,0,1,P-84524,28',first half,1,0,0,0
B-2077,WC-2010,M-2010-28,T-49,0,1,P-81126,87',second half,1,0,0,0
B-2078,WC-2010,M-2010-29,T-42,0,1,P-59702,31',first half,1,0,0,0
B-2079,WC-2010,M-2010-29,T-42,0,1,P-98071,75',second half,1,0,0,0
B-2080,WC-2010,M-2010-29,T-09,1,0,P-58388,85',second half,1,0,1,1
B-2081,WC-2010,M-2010-29,T-42,0,1,P-19801,86',second half,1,0,0,0
B-2082,WC-2010,M-2010-30,T-51,0,1,P-35746,32',first half,1,0,0,0
B-2083,WC-2010,M-2010-30,T-58,1,0,P-47801,38',first half,1,0,0,0
B-2084,WC-2010,M-2010-30,T-51,0,1,P-57041,47',second half,1,0,0,0
B-2085,WC-2010,M-2010-30,T-58,1,0,P-14428,70',second half,1,0,0,0
B-2086,WC-2010,M-2010-31,T-13,1,0,P-66477,2',first half,1,0,0,0
B-2087,WC-2010,M-2010-31,T-75,0,1,P-27813,18',first half,1,0,0,0
B-2088,WC-2010,M-2010-31,T-13,1,0,P-41671,22',first half,1,0,0,0
B-2089,WC-2010,M-2010-31,T-13,1,0,P-23300,25',first half,1,0,0,0
B-2090,WC-2010,M-2010-31,T-75,0,1,P-54713,31',first half,0,1,0,1
B-2091,WC-2010,M-2010-31,T-75,0,1,P-97143,48',second half,1,0,0,0
B-2092,WC-2010,M-2010-31,T-13,1,0,P-96009,60',second half,1,0,0,0
B-2093,WC-2010,M-2010-31,T-75,0,1,P-09596,60',second half,1,0,0,0
B-2094,WC-2010,M-2010-31,T-13,1,0,P-49014,61',second half,1,0,0,0
B-2095,WC-2010,M-2010-31,T-13,1,0,P-65631,90'+2',"second half, stoppage time",1,0,0,0
B-2096,WC-2010,M-2010-32,T-35,0,1,P-06476,8',first half,1,0,0,0
B-2097,WC-2010,M-2010-32,T-35,0,1,P-57482,38',first half,1,0,0,0
B-2098,WC-2010,M-2010-33,T-30,1,0,P-72795,25',first half,0,1,0,1
B-2099,WC-2010,M-2010-33,T-30,1,0,P-82555,71',second half,1,0,0,0
B-2100,WC-2010,M-2010-34,T-84,0,1,P-95196,68',second half,1,0,0,0
B-2101,WC-2010,M-2010-34,T-46,1,0,P-36515,77',second half,1,0,0,0
B-2102,WC-2010,M-2010-34,T-46,1,0,P-02461,86',second half,1,0,0,0
B-2103,WC-2010,M-2010-35,T-33,1,0,P-52378,30',first half,1,0,0,0
B-2104,WC-2010,M-2010-35,T-03,0,1,P-06108,76',second half,1,0,0,0
B-2105,WC-2010,M-2010-36,T-50,1,0,P-39249,31',first half,1,0,0,0
B-2106,WC-2010,M-2010-36,T-50,1,0,P-62448,37',first half,1,0,0,0
B-2107,WC-2010,M-2010-36,T-50,1,0,P-04333,42',first half,1,0,0,0
B-2108,WC-2010,M-2010-36,T-71,0,1,P-51785,68',second half,1,0,0,0
B-2109,WC-2010,M-2010-37,T-69,1,0,P-65942,40',first half,1,0,0,0
B-2110,WC-2010,M-2010-37,T-28,0,1,P-43764,48',second half,1,0,0,0
B-2111,WC-2010,M-2010-37,T-69,1,0,P-20008,79',second half,1,0,0,0
B-2112,WC-2010,M-2010-37,T-69,1,0,P-21784,81',second half,1,0,0,0
B-2113,WC-2010,M-2010-38,T-01,0,1,P-70560,12',first half,1,0,0,0
B-2114,WC-2010,M-2010-38,T-83,1,0,P-07475,62',second half,1,0,0,0
B-2115,WC-2010,M-2010-38,T-01,0,1,P-77742,76',second half,1,0,1,1
B-2116,WC-2010,M-2010-38,T-01,0,1,P-23484,83',second half,1,0,0,0
B-2117,WC-2010,M-2010-38,T-83,1,0,P-91976,90',second half,1,0,0,0
B-2118,WC-2010,M-2010-39,T-66,0,1,P-32588,18',first half,1,0,0,0
B-2119,WC-2010,M-2010-39,T-04,1,0,P-69089,49',second half,1,0,0,0
B-2120,WC-2010,M-2010-39,T-04,1,0,P-14862,50',second half,1,0,0,0
B-2121,WC-2010,M-2010-39,T-66,0,1,P-71962,59',second half,1,0,0,0
B-2122,WC-2010,M-2010-39,T-04,1,0,P-83566,67',second half,1,0,0,0
B-2123,WC-2010,M-2010-40,T-32,1,0,P-01945,40',first half,1,0,0,0
B-2124,WC-2010,M-2010-40,T-31,0,1,P-28154,43',first half,1,0,0,0
B-2125,WC-2010,M-2010-41,T-55,1,0,P-21823,10',first half,1,0,0,0
B-2126,WC-2010,M-2010-41,T-55,1,0,P-34530,41',first half,1,0,0,0
B-2127,WC-2010,M-2010-41,T-49,0,1,P-81126,56',second half,1,0,0,0
B-2128,WC-2010,M-2010-42,T-68,1,0,P-37913,16',first half,1,0,0,0
B-2129,WC-2010,M-2010-42,T-41,0,1,P-88863,31',first half,1,0,0,0
B-2130,WC-2010,M-2010-42,T-68,1,0,P-14764,40',first half,1,0,0,0
B-2131,WC-2010,M-2010-42,T-68,1,0,P-55404,50',second half,1,0,0,0
B-2132,WC-2010,M-2010-42,T-41,0,1,P-92874,67',second half,1,0,0,0
B-2133,WC-2010,M-2010-42,T-41,0,1,P-47246,76',second half,1,0,0,0
B-2134,WC-2010,M-2010-42,T-68,1,0,P-83904,82',second half,1,0,0,0
B-2135,WC-2010,M-2010-42,T-41,0,1,P-01045,83',second half,1,0,0,0
B-2136,WC-2010,M-2010-43,T-48,0,1,P-33312,17',first half,1,0,0,0
B-2137,WC-2010,M-2010-43,T-11,1,0,P-93209,25',first half,1,0,0,0
B-2138,WC-2010,M-2010-43,T-48,0,1,P-68125,65',second half,1,0,0,0
B-2139,WC-2010,M-2010-43,T-48,0,1,P-21832,70',second half,1,0,0,0
B-2140,WC-2010,M-2010-43,T-11,1,0,P-48783,81',second half,1,0,0,0
B-2141,WC-2010,M-2010-44,T-44,0,1,P-61292,12',first half,1,0,0,0
B-2142,WC-2010,M-2010-44,T-44,0,1,P-26303,26',first half,1,0,0,0
B-2143,WC-2010,M-2010-44,T-22,1,0,P-83625,29',first half,1,0,0,0
B-2144,WC-2010,M-2010-44,T-22,1,0,P-46718,48',second half,1,0,0,0
B-2145,WC-2010,M-2010-44,T-22,1,0,P-38862,66',second half,1,0,0,0
B-2146,WC-2010,M-2010-46,T-09,0,1,P-98528,15',first half,1,0,0,0
B-2147,WC-2010,M-2010-46,T-58,1,0,P-08069,25',first half,1,0,0,0
B-2148,WC-2010,M-2010-46,T-09,0,1,P-98607,25',first half,1,0,0,0
B-2149,WC-2010,M-2010-46,T-58,1,0,P-21434,31',first half,1,0,0,0
B-2150,WC-2010,M-2010-46,T-58,1,0,P-81972,40',first half,1,0,0,0
B-2151,WC-2010,M-2010-46,T-09,0,1,P-58840,43',first half,1,0,0,0
B-2152,WC-2010,M-2010-46,T-58,1,0,P-92000,45',first half,1,0,0,0
B-2153,WC-2010,M-2010-47,T-13,1,0,P-49014,15',first half,1,0,0,0
B-2154,WC-2010,M-2010-47,T-13,1,0,P-23300,19',first half,1,0,0,0
B-2155,WC-2010,M-2010-47,T-13,1,0,P-08305,21',first half,1,0,1,1
B-2156,WC-2010,M-2010-48,T-35,0,1,P-45221,4',first half,1,0,0,0
B-2157,WC-2010,M-2010-48,T-75,1,0,P-77553,34',first half,1,0,0,0
B-2158,WC-2010,M-2010-48,T-35,0,1,P-54804,58',second half,1,0,0,0
B-2159,WC-2010,M-2010-48,T-35,0,1,P-53363,64',second half,1,0,0,0
B-2160,WC-2010,M-2010-48,T-35,0,1,P-15185,89',second half,1,0,0,0
B-2161,WC-2010,M-2010-49,T-71,0,1,P-47942,38',first half,1,0,0,0
B-2162,WC-2010,M-2010-49,T-71,0,1,P-39884,69',second half,1,0,0,0
B-2163,WC-2010,M-2010-49,T-71,0,1,P-16580,83',second half,1,0,0,0
B-2164,WC-2010,M-2010-50,T-83,1,0,P-64198,7',first half,1,0,0,0
B-2165,WC-2010,M-2010-50,T-83,1,0,P-77238,18',first half,1,0,0,0
B-2166,WC-2010,M-2010-50,T-32,0,1,P-93750,61',second half,1,0,0,0
B-2167,WC-2010,M-2010-50,T-83,1,0,P-12548,68',second half,1,0,0,0
B-2168,WC-2010,M-2010-50,T-32,0,1,P-01945,90'+2',"second half, stoppage time",1,0,0,0
B-2169,WC-2010,M-2010-51,T-31,1,0,P-43481,47',second half,1,0,0,0
B-2170,WC-2010,M-2010-51,T-28,0,1,P-43764,81',second half,1,0,0,0
B-2171,WC-2010,M-2010-52,T-46,0,1,P-44763,28',first half,1,0,0,0
B-2172,WC-2010,M-2010-53,T-48,1,0,P-23705,31',first half,1,0,0,0
B-2173,WC-2010,M-2010-53,T-68,0,1,P-18379,40',first half,1,0,0,0
B-2174,WC-2010,M-2010-53,T-68,0,1,P-40368,72',second half,1,0,0,0
B-2175,WC-2010,M-2010-53,T-68,0,1,P-57606,84',second half,1,0,0,0
B-2176,WC-2010,M-2010-53,T-48,1,0,P-36850,90'+3',"second half, stoppage time",1,0,0,0
B-2177,WC-2010,M-2010-54,T-09,1,0,P-58388,30',first half,1,0,0,0
B-2178,WC-2010,M-2010-54,T-13,0,1,P-41001,47',second half,1,0,0,0
B-2179,WC-2010,M-2010-54,T-13,0,1,P-98593,68',second half,1,0,0,0
B-2180,WC-2010,M-2010-54,T-09,1,0,P-86499,72',second half,1,0,0,0
B-2181,WC-2010,M-2010-54,T-13,0,1,P-39840,80',second half,1,0,0,0
B-2182,WC-2010,M-2010-55,T-44,0,1,P-03497,58',second half,1,0,0,0
B-2183,WC-2010,M-2010-55,T-44,0,1,P-26303,72',second half,1,0,0,0
B-2184,WC-2010,M-2010-55,T-44,0,1,P-33175,90'+3',"second half, stoppage time",1,0,0,0
B-2185,WC-2010,M-2010-55,T-44,0,1,P-61292,113',"extra time, second half",1,0,0,0
B-2186,WC-2010,M-2010-55,T-55,1,0,P-78654,118',"extra time, second half",1,0,0,0
B-2187,WC-2010,M-2010-56,T-73,1,0,P-73924,74',second half,1,0,0,0
B-2188,WC-2010,M-2010-56,T-58,0,1,P-21434,80',second half,1,0,0,0
B-2189,WC-2010,M-2010-56,T-58,0,1,P-55321,89',second half,0,1,0,1
B-2190,WC-2010,M-2010-57,T-48,1,0,P-28832,14',first half,1,0,0,0
B-2191,WC-2010,M-2010-57,T-09,0,1,P-86163,37',first half,1,0,0,0
B-2192,WC-2010,M-2010-57,T-48,1,0,P-20084,47',second half,1,0,0,0
B-2193,WC-2010,M-2010-57,T-48,1,0,P-53668,64',second half,1,0,0,0
B-2194,WC-2010,M-2010-57,T-09,0,1,P-58840,73',second half,0,1,0,1
B-2195,WC-2010,M-2010-57,T-48,1,0,P-96131,76',second half,1,0,0,0
B-2196,WC-2010,M-2010-58,T-84,1,0,P-95196,20',first half,1,0,0,0
B-2197,WC-2010,M-2010-58,T-84,1,0,P-80668,48',second half,1,0,0,0
B-2198,WC-2010,M-2010-58,T-32,0,1,P-25083,54',second half,1,0,0,0
B-2199,WC-2010,M-2010-58,T-84,1,0,P-53254,59',second half,1,0,0,0
B-2200,WC-2010,M-2010-58,T-32,0,1,P-24586,77',second half,1,0,0,0
B-2201,WC-2010,M-2010-58,T-32,0,1,P-29967,93',"extra time, first half",1,0,0,0
B-2202,WC-2010,M-2010-58,T-84,1,0,P-30486,120'+1',"extra time, second half, stoppage time",0,1,0,1
B-2203,WC-2010,M-2010-59,T-03,1,0,P-49114,11',first half,1,0,0,0
B-2204,WC-2010,M-2010-59,T-31,0,1,P-28154,35',first half,1,0,0,0
B-2205,WC-2010,M-2010-59,T-03,1,0,P-77063,80',second half,1,0,0,0
B-2206,WC-2010,M-2010-60,T-73,0,1,P-64348,57',second half,1,0,0,0
B-2207,WC-2010,M-2010-60,T-55,1,0,P-87859,59',second half,1,0,0,0
B-2208,WC-2010,M-2010-60,T-55,1,0,P-21823,59',second half,1,0,0,0
B-2209,WC-2010,M-2010-60,T-73,0,1,P-28010,63',second half,1,0,0,0
B-2210,WC-2010,M-2010-60,T-55,1,0,P-53028,71',second half,1,0,0,0
B-2211,WC-2010,M-2010-60,T-55,1,0,P-33360,88',second half,1,0,0,0
B-2212,WC-2010,M-2010-61,T-84,1,0,P-41944,21',first half,1,0,0,0
B-2213,WC-2010,M-2010-61,T-84,1,0,P-74058,29',first half,1,0,0,0
B-2214,WC-2010,M-2010-61,T-48,0,1,P-51336,29',first half,1,0,0,0
B-2215,WC-2010,M-2010-61,T-48,0,1,P-46895,78',second half,1,0,0,0
B-2216,WC-2010,M-2010-61,T-48,0,1,P-69700,90'+5',"second half, stoppage time",1,0,0,0
B-2217,WC-2010,M-2010-63,T-31,0,1,P-04201,5',first half,1,0,0,0
B-2218,WC-2010,M-2010-63,T-31,0,1,P-10713,7',first half,1,0,0,0
B-2219,WC-2010,M-2010-63,T-84,1,0,P-53254,61',second half,1,0,0,0
B-2220,WC-2010,M-2010-63,T-31,0,1,P-43481,90'+2',"second half, stoppage time",1,0,0,0
B-2221,WC-2010,M-2010-64,T-48,1,0,P-99934,15',first half,1,0,0,0
B-2222,WC-2010,M-2010-64,T-73,0,1,P-51089,16',first half,1,0,0,0
B-2223,WC-2010,M-2010-64,T-48,1,0,P-69700,22',first half,1,0,0,0
B-2224,WC-2010,M-2010-64,T-73,0,1,P-89177,23',first half,1,0,0,0
B-2225,WC-2010,M-2010-64,T-48,1,0,P-53668,28',first half,1,0,0,0
B-2226,WC-2010,M-2010-64,T-48,1,0,P-21832,54',second half,1,0,0,0
B-2227,WC-2010,M-2010-64,T-48,1,0,P-28832,57',second half,1,0,1,1
B-2228,WC-2010,M-2010-64,T-73,0,1,P-47753,67',second half,1,0,0,0
B-2229,WC-2010,M-2010-64,T-48,1,0,P-23705,84',second half,1,0,0,0
B-2230,WC-2010,M-2010-64,T-48,1,0,P-20084,111',"extra time, second half",1,0,0,0
B-2231,WC-2010,M-2010-64,T-48,1,0,P-40197,117',"extra time, second half",1,0,0,0
B-2232,WC-2010,M-2010-64,T-73,0,1,P-56330,118',"extra time, second half",1,0,0,0
B-2233,WC-2010,M-2010-64,T-73,0,1,P-29415,120'+1',"extra time, second half, stoppage time",1,0,0,0
B-2234,WC-2011,M-2011-02,T-31,1,0,P-47092,81',second half,1,0,0,0
B-2235,WC-2011,M-2011-02,T-31,1,0,P-67377,90',second half,1,0,0,0
B-2236,WC-2011,M-2011-03,T-49,0,1,P-19118,45'+1',"first half, stoppage time",1,0,0,0
B-2237,WC-2011,M-2011-03,T-49,0,1,P-46683,67',second half,1,0,0,0
B-2238,WC-2011,M-2011-03,T-49,0,1,P-57283,77',second half,1,0,0,0
B-2239,WC-2011,M-2011-04,T-46,1,0,P-40448,87',second half,1,0,0,0
B-2240,WC-2011,M-2011-04,T-28,0,1,P-77877,88',second half,1,0,0,0
B-2241,WC-2011,M-2011-05,T-74,0,1,P-94354,29',first half,1,0,0,0
B-2242,WC-2011,M-2011-07,T-53,1,0,P-74073,63',second half,1,0,0,0
B-2243,WC-2011,M-2011-07,T-53,1,0,P-38110,90'+2',"second half, stoppage time",1,0,0,0
B-2244,WC-2011,M-2011-09,T-30,0,1,P-25958,37',first half,1,0,0,0
B-2245,WC-2011,M-2011-09,T-12,1,0,P-28528,52',second half,1,0,0,0
B-2246,WC-2011,M-2011-10,T-50,0,1,P-23374,51',second half,1,0,0,0
B-2247,WC-2011,M-2011-10,T-31,1,0,P-34124,74',second half,1,0,0,0
B-2248,WC-2011,M-2011-13,T-74,0,1,P-94354,60',second half,1,0,0,0
B-2249,WC-2011,M-2011-14,T-83,1,0,P-89236,84',second half,1,0,0,0
B-2250,WC-2011,M-2011-15,T-29,0,1,P-37720,41',first half,1,0,0,0
B-2251,WC-2011,M-2011-15,T-29,0,1,P-00325,46',second half,1,0,0,0
B-2252,WC-2011,M-2011-15,T-04,1,0,P-83079,72',second half,1,0,0,0
B-2253,WC-2011,M-2011-15,T-29,0,1,P-21565,79',second half,1,0,0,0
B-2254,WC-2011,M-2011-16,T-09,1,0,P-25746,19',first half,1,0,0,0
B-2255,WC-2011,M-2011-18,T-49,1,0,P-82057,33',first half,1,0,0,0
B-2256,WC-2011,M-2011-18,T-46,0,1,P-92275,90'+1',"second half, stoppage time",1,0,0,0
B-2257,WC-2011,M-2011-19,T-50,0,1,P-21975,59',second half,1,0,0,0
B-2258,WC-2011,M-2011-20,T-31,0,1,P-37178,17',first half,1,0,0,0
B-2259,WC-2011,M-2011-20,T-30,1,0,P-81978,40',first half,1,0,0,0
B-2260,WC-2011,M-2011-20,T-30,1,0,P-75036,41',first half,1,0,0,0
B-2261,WC-2011,M-2011-20,T-30,1,0,P-32017,59',second half,1,0,0,0
B-2262,WC-2011,M-2011-20,T-30,1,0,P-44882,65',second half,0,1,0,1
B-2263,WC-2011,M-2011-20,T-31,0,1,P-54473,82',second half,1,0,0,0
B-2264,WC-2011,M-2011-21,T-04,1,0,P-77401,45'+2',"first half, stoppage time",1,0,0,0
B-2265,WC-2011,M-2011-21,T-04,1,0,P-47947,68',second half,1,0,0,0
B-2266,WC-2011,M-2011-21,T-53,0,1,P-00820,90'+2',"second half, stoppage time",1,0,0,0
B-2267,WC-2011,M-2011-22,T-29,1,0,P-94069,9',first half,1,0,0,0
B-2268,WC-2011,M-2011-22,T-29,1,0,P-09953,60',second half,1,0,0,0
B-2269,WC-2011,M-2011-22,T-09,0,1,P-51448,74',second half,1,0,0,0
B-2270,WC-2011,M-2011-22,T-09,0,1,P-31275,77',second half,1,0,0,0
B-2271,WC-2011,M-2011-22,T-29,1,0,P-36010,90'+2',"second half, stoppage time",1,0,0,0
B-2272,WC-2011,M-2011-24,T-83,0,1,P-72716,14',first half,1,0,0,0
B-2273,WC-2011,M-2011-24,T-74,1,0,P-52228,60',second half,1,0,0,0
B-2274,WC-2011,M-2011-25,T-28,1,0,P-10986,5',first half,1,0,0,0
B-2275,WC-2011,M-2011-25,T-28,1,0,P-84864,77',second half,1,0,0,0
B-2276,WC-2011,M-2011-25,T-28,1,0,P-90789,87',second half,1,0,0,0
B-2277,WC-2011,M-2011-25,T-28,1,0,P-41187,90'+3',"second half, stoppage time",1,0,0,0
B-2278,WC-2011,M-2011-26,T-44,0,1,P-55574,55',second half,1,0,0,0
B-2279,WC-2011,M-2011-26,T-44,0,1,P-99210,72',second half,1,0,0,0
B-2280,WC-2011,M-2011-26,T-44,0,1,P-72113,87',second half,1,0,0,0
B-2281,WC-2011,M-2011-26,T-31,1,0,P-59869,105'+1',"extra time, first half, stoppage time",1,0,0,0
B-2282,WC-2011,M-2011-26,T-44,0,1,P-90878,115',"extra time, second half",1,0,0,0
B-2283,WC-2011,M-2011-27,T-04,0,1,P-77133,23',first half,1,0,0,0
B-2284,WC-2011,M-2011-27,T-74,1,0,P-95194,67',second half,1,0,0,0
B-2285,WC-2011,M-2011-27,T-04,0,1,P-47947,80',second half,1,0,0,0
B-2286,WC-2011,M-2011-27,T-74,1,0,P-52228,81',second half,1,0,0,0
B-2287,WC-2011,M-2011-28,T-83,0,1,P-62104,29',first half,1,0,0,0
B-2288,WC-2011,M-2011-28,T-09,1,0,P-84724,44',first half,1,0,0,0
B-2289,WC-2011,M-2011-28,T-09,1,0,P-07458,45',first half,1,0,0,0
B-2290,WC-2011,M-2011-28,T-83,0,1,P-76699,65',second half,0,1,0,1
B-2291,WC-2011,M-2011-28,T-83,0,1,P-80833,67',second half,1,0,0,0
B-2292,WC-2011,M-2011-28,T-83,0,1,P-09273,90',second half,1,0,0,0
B-2293,WC-2011,M-2011-28,T-09,1,0,P-26798,112',"extra time, second half",1,0,0,0
B-2294,WC-2011,M-2011-28,T-83,0,1,P-92403,113',"extra time, second half",1,0,0,0
B-2295,WC-2011,M-2011-28,T-09,1,0,P-82497,117',"extra time, second half",1,0,0,0
B-2296,WC-2011,M-2011-29,T-30,1,0,P-03998,90',second half,1,0,0,0
B-2297,WC-2011,M-2011-30,T-74,0,1,P-98700,70',second half,1,0,0,0
B-2298,WC-2011,M-2011-31,T-74,1,0,P-29677,68',second half,0,1,0,1
B-2299,WC-2014,M-2014-01,T-09,1,0,P-87008,27',first half,1,0,0,0
B-2300,WC-2014,M-2014-01,T-18,0,1,P-08916,65',second half,1,0,0,0
B-2301,WC-2014,M-2014-01,T-18,0,1,P-56297,69',second half,1,0,0,0
B-2302,WC-2014,M-2014-01,T-09,1,0,P-43410,88',second half,1,0,0,0
B-2303,WC-2014,M-2014-02,T-46,1,0,P-21208,57',second half,1,0,0,0
B-2304,WC-2014,M-2014-02,T-11,0,1,P-89372,77',second half,1,0,0,0
B-2305,WC-2014,M-2014-03,T-48,0,1,P-93667,25',first half,1,0,0,0
B-2306,WC-2014,M-2014-03,T-48,0,1,P-70280,41',first half,1,0,0,0
B-2307,WC-2014,M-2014-03,T-73,1,0,P-61793,65',second half,1,0,0,0
B-2308,WC-2014,M-2014-03,T-48,0,1,P-99934,66',second half,1,0,0,0
B-2309,WC-2014,M-2014-04,T-04,0,1,P-44926,44',first half,1,0,0,0
B-2310,WC-2014,M-2014-04,T-04,0,1,P-37275,58',second half,1,0,0,0
B-2311,WC-2014,M-2014-04,T-04,0,1,P-36196,67',second half,1,0,0,0
B-2312,WC-2014,M-2014-04,T-13,1,0,P-22391,86',second half,1,0,0,0
B-2313,WC-2014,M-2014-05,T-16,1,0,P-66228,26',first half,1,0,0,0
B-2314,WC-2014,M-2014-05,T-33,0,1,P-11436,52',second half,1,0,0,0
B-2315,WC-2014,M-2014-05,T-33,0,1,P-75292,55',second half,1,0,0,0
B-2316,WC-2014,M-2014-06,T-84,1,0,P-89878,50',second half,1,0,0,0
B-2317,WC-2014,M-2014-06,T-84,1,0,P-78735,56',second half,1,0,0,0
B-2318,WC-2014,M-2014-06,T-84,1,0,P-74058,81',second half,1,0,0,0
B-2319,WC-2014,M-2014-06,T-84,1,0,P-41944,90'+4',"second half, stoppage time",0,1,0,1
B-2320,WC-2014,M-2014-07,T-28,1,0,P-21553,90'+2',"second half, stoppage time",1,0,0,0
B-2321,WC-2014,M-2014-08,T-44,0,1,P-89321,23',first half,1,0,0,0
B-2322,WC-2014,M-2014-08,T-42,1,0,P-55416,54',second half,1,0,0,0
B-2323,WC-2014,M-2014-08,T-42,1,0,P-48968,58',second half,1,0,0,0
B-2324,WC-2014,M-2014-08,T-44,0,1,P-27263,64',second half,1,0,0,0
B-2325,WC-2014,M-2014-09,T-25,0,1,P-43280,53',second half,1,0,0,0
B-2326,WC-2014,M-2014-09,T-75,1,0,P-25758,84',second half,1,0,0,0
B-2327,WC-2014,M-2014-10,T-30,1,0,P-72916,7',first half,1,0,0,0
B-2328,WC-2014,M-2014-10,T-30,1,0,P-17509,28',first half,1,0,0,0
B-2329,WC-2014,M-2014-10,T-35,0,1,P-15185,28',first half,1,0,1,1
B-2330,WC-2014,M-2014-10,T-30,1,0,P-67867,45'+2',"first half, stoppage time",1,0,0,0
B-2331,WC-2014,M-2014-10,T-35,0,1,P-93922,53',second half,1,0,0,0
B-2332,WC-2014,M-2014-10,T-35,0,1,P-29674,83',second half,1,0,0,0
B-2333,WC-2014,M-2014-11,T-03,1,0,P-18222,25',first half,1,0,0,0
B-2334,WC-2014,M-2014-11,T-08,0,1,P-68768,63',second half,1,0,0,0
B-2335,WC-2014,M-2014-12,T-58,0,1,P-17971,11',first half,1,0,0,0
B-2336,WC-2014,M-2014-12,T-58,0,1,P-81972,37',first half,0,1,0,1
B-2337,WC-2014,M-2014-13,T-38,1,0,P-20969,75',second half,1,0,0,0
B-2338,WC-2014,M-2014-14,T-32,1,0,P-96497,30',first half,1,0,0,0
B-2339,WC-2014,M-2014-14,T-32,1,0,P-50641,90'+2',"second half, stoppage time",1,0,0,0
B-2340,WC-2014,M-2014-15,T-06,1,0,P-64049,24',first half,1,0,0,0
B-2341,WC-2014,M-2014-15,T-01,0,1,P-96340,34',first half,1,0,0,0
B-2342,WC-2014,M-2014-16,T-09,1,0,P-86499,45',first half,1,0,0,0
B-2343,WC-2014,M-2014-16,T-46,0,1,P-01835,59',second half,1,0,0,0
B-2344,WC-2014,M-2014-16,T-46,0,1,P-22756,62',second half,1,0,0,0
B-2345,WC-2014,M-2014-16,T-09,1,0,P-32798,79',second half,1,0,0,0
B-2346,WC-2014,M-2014-17,T-71,0,1,P-77335,13',first half,1,0,0,0
B-2347,WC-2014,M-2014-17,T-71,0,1,P-48433,30',first half,1,0,0,0
B-2348,WC-2014,M-2014-17,T-62,1,0,P-27894,49',second half,1,0,0,0
B-2349,WC-2014,M-2014-17,T-71,0,1,P-47440,90',second half,1,0,0,0
B-2350,WC-2014,M-2014-18,T-04,1,0,P-44926,43',first half,1,0,0,0
B-2351,WC-2014,M-2014-18,T-48,0,1,P-99934,47',second half,1,0,0,0
B-2352,WC-2014,M-2014-19,T-13,0,1,P-41001,26',first half,1,0,0,0
B-2353,WC-2014,M-2014-19,T-73,1,0,P-73924,41',first half,1,0,0,0
B-2354,WC-2014,M-2014-19,T-13,0,1,P-09990,61',second half,1,0,0,0
B-2355,WC-2014,M-2014-20,T-11,1,0,P-99407,40',first half,0,1,0,1
B-2356,WC-2014,M-2014-20,T-18,0,1,P-15665,89',second half,1,0,0,0
B-2357,WC-2014,M-2014-21,T-42,0,1,P-48968,55',second half,1,0,0,0
B-2358,WC-2014,M-2014-21,T-42,0,1,P-19801,90',second half,1,0,0,0
B-2359,WC-2014,M-2014-22,T-84,1,0,P-78440,9',first half,1,0,0,0
B-2360,WC-2014,M-2014-22,T-28,0,1,P-62157,68',second half,1,0,0,0
B-2361,WC-2014,M-2014-23,T-44,1,0,P-91793,12',first half,1,0,0,0
B-2362,WC-2014,M-2014-23,T-33,0,1,P-52378,27',first half,1,0,1,1
B-2363,WC-2014,M-2014-23,T-33,0,1,P-58348,55',second half,1,0,0,0
B-2364,WC-2014,M-2014-23,T-33,0,1,P-05210,89',second half,1,0,0,0
B-2365,WC-2014,M-2014-24,T-41,1,0,P-16785,69',second half,1,0,0,0
B-2366,WC-2014,M-2014-24,T-17,0,1,P-71361,71',second half,1,0,0,0
B-2367,WC-2014,M-2014-25,T-30,0,1,P-67867,88',second half,1,0,0,0
B-2368,WC-2014,M-2014-26,T-35,1,0,P-82662,7',first half,1,0,0,0
B-2369,WC-2014,M-2014-26,T-35,1,0,P-67290,45'+3',"first half, stoppage time",1,0,0,0
B-2370,WC-2014,M-2014-26,T-25,0,1,P-49265,57',second half,1,0,0,0
B-2371,WC-2014,M-2014-26,T-25,0,1,P-75912,73',second half,1,0,0,0
B-2372,WC-2014,M-2014-26,T-25,0,1,P-55935,80',second half,1,0,0,0
B-2373,WC-2014,M-2014-27,T-38,0,1,P-59901,53',second half,1,0,0,0
B-2374,WC-2014,M-2014-27,T-38,0,1,P-00111,73',second half,1,0,0,0
B-2375,WC-2014,M-2014-28,T-32,0,1,P-50641,90'+4',"second half, stoppage time",1,0,0,0
B-2376,WC-2014,M-2014-29,T-08,0,1,P-34727,6',first half,1,0,0,0
B-2377,WC-2014,M-2014-29,T-50,1,0,P-01164,81',second half,1,0,0,0
B-2378,WC-2014,M-2014-30,T-62,0,1,P-30808,38',first half,1,0,0,0
B-2379,WC-2014,M-2014-30,T-06,1,0,P-53048,54',second half,1,0,0,0
B-2380,WC-2014,M-2014-30,T-06,1,0,P-70547,73',second half,1,0,0,0
B-2381,WC-2014,M-2014-31,T-71,1,0,P-64718,54',second half,1,0,0,0
B-2382,WC-2014,M-2014-31,T-01,0,1,P-21116,67',second half,1,0,0,0
B-2383,WC-2014,M-2014-31,T-71,1,0,P-29447,69',second half,1,0,0,0
B-2384,WC-2014,M-2014-32,T-83,1,0,P-10072,75',second half,1,0,0,0
B-2385,WC-2014,M-2014-33,T-73,0,1,P-89177,62',second half,1,0,0,0
B-2386,WC-2014,M-2014-33,T-04,1,0,P-77068,88',second half,1,0,0,0
B-2387,WC-2014,M-2014-33,T-04,1,0,P-37275,90'+2',"second half, stoppage time",1,0,0,0
B-2388,WC-2014,M-2014-34,T-13,0,1,P-94202,25',first half,1,0,0,0
B-2389,WC-2014,M-2014-34,T-48,1,0,P-39861,64',second half,1,0,0,0
B-2390,WC-2014,M-2014-35,T-11,1,0,P-48455,11',first half,1,0,0,0
B-2391,WC-2014,M-2014-35,T-11,1,0,P-72737,76',second half,1,0,0,0
B-2392,WC-2014,M-2014-35,T-11,1,0,P-48783,80',second half,1,0,0,0
B-2393,WC-2014,M-2014-36,T-18,1,0,P-65979,9',first half,1,0,0,0
B-2394,WC-2014,M-2014-36,T-46,0,1,P-44763,39',first half,1,0,0,0
B-2395,WC-2014,M-2014-36,T-46,0,1,P-22756,66',second half,1,0,0,0
B-2396,WC-2014,M-2014-36,T-18,1,0,P-44463,89',second half,0,1,0,1
B-2397,WC-2014,M-2014-37,T-28,0,1,P-48443,53',second half,1,0,0,0
B-2398,WC-2014,M-2014-37,T-28,0,1,P-22075,57',second half,1,0,0,0
B-2399,WC-2014,M-2014-37,T-17,1,0,P-04808,60',second half,1,0,0,0
B-2400,WC-2014,M-2014-38,T-41,1,0,P-16785,22',first half,1,0,0,0
B-2401,WC-2014,M-2014-38,T-84,0,1,P-80668,46',second half,1,0,0,0
B-2402,WC-2014,M-2014-38,T-41,1,0,P-37848,59',second half,0,1,0,1
B-2403,WC-2014,M-2014-38,T-41,1,0,P-67615,77',second half,1,0,0,0
B-2404,WC-2014,M-2014-38,T-84,0,1,P-10014,90'+1',"second half, stoppage time",1,0,0,0
B-2405,WC-2014,M-2014-39,T-44,1,0,P-85824,16',first half,1,0,0,0
B-2406,WC-2014,M-2014-39,T-16,0,1,P-66638,63',second half,1,0,0,0
B-2407,WC-2014,M-2014-40,T-42,0,1,P-99466,37',first half,1,0,0,0
B-2408,WC-2014,M-2014-40,T-42,0,1,P-31976,62',second half,1,0,0,0
B-2409,WC-2014,M-2014-40,T-42,0,1,P-54100,70',second half,1,0,0,0
B-2410,WC-2014,M-2014-41,T-08,1,0,P-74144,78',second half,1,0,0,0
B-2411,WC-2014,M-2014-41,T-38,0,1,P-53957,88',second half,1,0,0,0
B-2412,WC-2014,M-2014-42,T-50,1,0,P-98806,49',second half,1,0,0,0
B-2413,WC-2014,M-2014-42,T-50,1,0,P-79048,51',second half,1,0,0,0
B-2414,WC-2014,M-2014-43,T-35,1,0,P-73160,66',second half,1,0,0,0
B-2415,WC-2014,M-2014-44,T-25,1,0,P-49265,50',second half,0,1,0,1
B-2416,WC-2014,M-2014-44,T-25,1,0,P-52676,83',second half,1,0,0,0
B-2417,WC-2014,M-2014-45,T-32,0,1,P-05368,39',first half,1,0,0,0
B-2418,WC-2014,M-2014-45,T-32,0,1,P-24388,55',second half,1,0,0,0
B-2419,WC-2014,M-2014-45,T-32,0,1,P-31765,78',second half,1,0,0,0
B-2420,WC-2014,M-2014-45,T-58,1,0,P-89743,90'+4',"second half, stoppage time",1,0,0,0
B-2421,WC-2014,M-2014-46,T-31,0,1,P-54036,11',first half,1,0,0,0
B-2422,WC-2014,M-2014-46,T-83,1,0,P-20244,37',first half,1,0,0,0
B-2423,WC-2014,M-2014-46,T-83,1,0,P-45750,62',second half,1,0,0,0
B-2424,WC-2014,M-2014-47,T-01,1,0,P-09059,39',first half,1,0,0,0
B-2425,WC-2014,M-2014-47,T-62,0,1,P-63644,57',second half,1,0,0,0
B-2426,WC-2014,M-2014-47,T-62,0,1,P-21554,59',second half,1,0,0,0
B-2427,WC-2014,M-2014-47,T-01,1,0,P-31598,87',second half,1,0,0,0
B-2428,WC-2014,M-2014-47,T-01,1,0,P-98016,90'+2',"second half, stoppage time",1,0,0,0
B-2429,WC-2014,M-2014-48,T-71,1,0,P-55453,35',first half,1,0,0,0
B-2430,WC-2014,M-2014-48,T-06,0,1,P-03735,45',first half,0,1,0,1
B-2431,WC-2014,M-2014-48,T-06,0,1,P-12533,50',second half,1,0,0,0
B-2432,WC-2014,M-2014-49,T-13,0,1,P-09990,17',first half,1,0,0,0
B-2433,WC-2014,M-2014-49,T-13,0,1,P-94202,40',first half,1,0,0,0
B-2434,WC-2014,M-2014-49,T-09,1,0,P-86524,55',second half,1,0,0,0
B-2435,WC-2014,M-2014-49,T-09,1,0,P-43410,60',second half,1,0,0,0
B-2436,WC-2014,M-2014-49,T-09,1,0,P-37372,93',"extra time, first half",1,0,0,0
B-2437,WC-2014,M-2014-49,T-13,0,1,P-89582,102',"extra time, first half",1,0,0,0
B-2438,WC-2014,M-2014-49,T-09,1,0,P-09441,105'+1',"extra time, first half, stoppage time",1,0,0,0
B-2439,WC-2014,M-2014-50,T-84,0,1,P-65659,55',second half,1,0,0,0
B-2440,WC-2014,M-2014-50,T-84,0,1,P-89878,77',second half,1,0,0,0
B-2441,WC-2014,M-2014-50,T-16,1,0,P-95402,78',second half,1,0,0,0
B-2442,WC-2014,M-2014-51,T-46,0,1,P-01835,69',second half,1,0,0,0
B-2443,WC-2014,M-2014-51,T-46,0,1,P-44763,90'+2',"second half, stoppage time",1,0,0,0
B-2444,WC-2014,M-2014-51,T-46,0,1,P-40312,90'+3',"second half, stoppage time",1,0,0,0
B-2445,WC-2014,M-2014-52,T-33,0,1,P-30845,36',first half,1,0,0,0
B-2446,WC-2014,M-2014-52,T-17,1,0,P-97912,42',first half,1,0,1,1
B-2447,WC-2014,M-2014-52,T-17,1,0,P-24978,48',second half,1,0,0,0
B-2448,WC-2014,M-2014-52,T-17,1,0,P-85499,57',second half,1,0,0,0
B-2449,WC-2014,M-2014-52,T-17,1,0,P-99590,70',second half,1,0,0,0
B-2450,WC-2014,M-2014-52,T-33,0,1,P-23816,72',second half,1,0,0,0
B-2451,WC-2014,M-2014-52,T-17,1,0,P-81392,90',second half,1,0,0,0
B-2452,WC-2014,M-2014-53,T-30,1,0,P-04964,54',second half,1,0,0,0
B-2453,WC-2014,M-2014-54,T-01,0,1,P-19453,42',first half,1,0,0,0
B-2454,WC-2014,M-2014-54,T-31,1,0,P-18599,107',"extra time, second half",1,0,0,0
B-2455,WC-2014,M-2014-55,T-75,0,1,P-77224,36',first half,1,0,0,0
B-2456,WC-2014,M-2014-55,T-75,0,1,P-77553,73',second half,1,0,0,0
B-2457,WC-2014,M-2014-55,T-03,1,0,P-18222,90',second half,1,0,0,0
B-2458,WC-2014,M-2014-55,T-03,1,0,P-42113,120',"extra time, second half",1,0,0,0
B-2459,WC-2014,M-2014-55,T-03,1,0,P-61051,120'+4',"extra time, second half, stoppage time",1,0,0,0
B-2460,WC-2014,M-2014-56,T-83,0,1,P-31173,18',first half,1,0,0,0
B-2461,WC-2014,M-2014-56,T-06,1,0,P-95269,42',first half,1,0,0,0
B-2462,WC-2014,M-2014-57,T-31,0,1,P-13029,54',second half,1,0,0,0
B-2463,WC-2014,M-2014-57,T-31,0,1,P-43400,80',second half,1,0,0,0
B-2464,WC-2014,M-2014-58,T-09,1,0,P-32798,64',second half,1,0,0,0
B-2465,WC-2014,M-2014-58,T-16,0,1,P-89392,67',second half,1,0,0,0
B-2466,WC-2014,M-2014-58,T-16,0,1,P-92771,71',second half,1,0,0,0
B-2467,WC-2014,M-2014-58,T-09,1,0,P-11275,78',second half,1,0,0,0
B-2468,WC-2014,M-2014-59,T-06,0,1,P-72011,53',second half,1,0,0,0
B-2469,WC-2014,M-2014-59,T-06,0,1,P-70547,69',second half,1,0,0,0
B-2470,WC-2014,M-2014-59,T-03,1,0,P-38647,75',second half,1,0,0,0
B-2471,WC-2014,M-2014-60,T-17,0,1,P-81779,37',first half,1,0,0,0
B-2472,WC-2014,M-2014-60,T-17,0,1,P-52458,52',second half,1,0,0,0
B-2473,WC-2014,M-2014-60,T-48,1,0,P-69329,64',second half,1,0,0,0
B-2474,WC-2014,M-2014-60,T-17,0,1,P-04808,81',second half,1,0,0,0
B-2475,WC-2014,M-2014-60,T-17,0,1,P-65320,107',"extra time, second half",1,0,0,0
B-2476,WC-2014,M-2014-60,T-48,1,0,P-64344,111',"extra time, second half",1,0,0,0
B-2477,WC-2014,M-2014-61,T-09,1,0,P-93619,68',second half,1,0,0,0
B-2478,WC-2014,M-2014-62,T-48,1,0,P-69329,45',first half,1,0,0,0
B-2479,WC-2014,M-2014-62,T-03,0,1,P-39810,49',second half,1,0,0,0
B-2480,WC-2014,M-2014-62,T-48,1,0,P-64344,105',"extra time, first half",1,0,0,0
B-2481,WC-2014,M-2014-63,T-09,1,0,P-32798,2',first half,1,0,0,0
B-2482,WC-2014,M-2014-63,T-48,0,1,P-23705,9',first half,1,0,0,0
B-2483,WC-2014,M-2014-63,T-48,0,1,P-93667,36',first half,1,0,0,0
B-2484,WC-2014,M-2014-63,T-09,1,0,P-41758,54',second half,1,0,0,0
B-2485,WC-2014,M-2014-63,T-09,1,0,P-37239,68',second half,1,0,0,0
B-2486,WC-2014,M-2014-64,T-31,1,0,P-43400,29',first half,1,0,0,0
B-2487,WC-2014,M-2014-64,T-31,1,0,P-54036,34',first half,1,0,0,0
B-2488,WC-2014,M-2014-64,T-03,0,1,P-77063,64',second half,1,0,0,0
B-2489,WC-2014,M-2014-64,T-03,0,1,P-36870,65',second half,1,0,0,0
B-2490,WC-2015,M-2015-01,T-12,1,0,P-36065,22',first half,1,0,0,0
B-2491,WC-2015,M-2015-02,T-48,0,1,P-70845,32',first half,1,0,0,0
B-2492,WC-2015,M-2015-02,T-48,0,1,P-00336,64',second half,1,0,0,0
B-2493,WC-2015,M-2015-03,T-76,0,1,P-26203,51',second half,1,0,0,0
B-2494,WC-2015,M-2015-03,T-76,0,1,P-08487,75',second half,1,0,0,0
B-2495,WC-2015,M-2015-04,T-42,0,1,P-97929,36',first half,1,0,0,0
B-2496,WC-2015,M-2015-04,T-42,0,1,P-54977,40',first half,1,0,0,0
B-2497,WC-2015,M-2015-04,T-42,0,1,P-75197,58',second half,1,0,0,0
B-2498,WC-2015,M-2015-04,T-42,0,1,P-39616,66',second half,1,0,0,0
B-2499,WC-2015,M-2015-04,T-42,0,1,P-52652,70',second half,1,0,0,0
B-2500,WC-2015,M-2015-04,T-42,0,1,P-06222,86',second half,1,0,0,0
B-2501,WC-2015,M-2015-06,T-11,1,0,P-95451,38',first half,1,0,0,0
B-2502,WC-2015,M-2015-06,T-25,0,1,P-62444,43',first half,1,0,0,0
B-2503,WC-2015,M-2015-06,T-25,0,1,P-86830,45'+2',"first half, stoppage time",1,0,0,0
B-2504,WC-2015,M-2015-06,T-25,0,1,P-16218,66',second half,0,1,0,1
B-2505,WC-2015,M-2015-06,T-25,0,1,P-24375,70',second half,1,0,0,0
B-2506,WC-2015,M-2015-07,T-83,1,0,P-81449,56',second half,1,0,0,0
B-2507,WC-2015,M-2015-07,T-83,1,0,P-09273,64',second half,1,0,0,0
B-2508,WC-2015,M-2015-08,T-75,0,1,P-61487,22',first half,1,0,0,0
B-2509,WC-2015,M-2015-08,T-75,0,1,P-47686,28',first half,1,0,0,0
B-2510,WC-2015,M-2015-08,T-75,0,1,P-07698,90'+3',"second half, stoppage time",1,0,0,0
B-2511,WC-2015,M-2015-09,T-28,0,1,P-73084,66',second half,1,0,0,0
B-2512,WC-2015,M-2015-10,T-73,1,0,P-70737,44',first half,1,0,0,0
B-2513,WC-2015,M-2015-11,T-46,0,1,P-18004,18',first half,1,0,0,0
B-2514,WC-2015,M-2015-11,T-16,1,0,P-92991,26',first half,1,0,0,0
B-2515,WC-2015,M-2015-11,T-16,1,0,P-85632,34',first half,1,0,0,0
B-2516,WC-2015,M-2015-11,T-16,1,0,P-24999,55',second half,1,0,0,0
B-2517,WC-2015,M-2015-12,T-71,0,1,P-35864,52',second half,1,0,0,0
B-2518,WC-2015,M-2015-14,T-31,1,0,P-96080,59',second half,1,0,0,0
B-2519,WC-2015,M-2015-15,T-12,1,0,P-97105,31',first half,1,0,0,0
B-2520,WC-2015,M-2015-15,T-49,0,1,P-61084,52',second half,1,0,0,0
B-2521,WC-2015,M-2015-15,T-49,0,1,P-24335,71',second half,1,0,0,0
B-2522,WC-2015,M-2015-16,T-42,1,0,P-95918,90'+4',"second half, stoppage time",1,0,0,0
B-2523,WC-2015,M-2015-17,T-25,0,1,P-86883,72',second half,1,0,0,0
B-2524,WC-2015,M-2015-18,T-50,0,1,P-62439,42',first half,1,0,0,0
B-2525,WC-2015,M-2015-18,T-50,0,1,P-09202,60',second half,1,0,0,0
B-2526,WC-2015,M-2015-19,T-11,0,1,P-83450,43',first half,1,0,0,0
B-2527,WC-2015,M-2015-21,T-16,0,1,P-97803,69',second half,1,0,0,0
B-2528,WC-2015,M-2015-21,T-16,0,1,P-68128,79',second half,1,0,0,0
B-2529,WC-2015,M-2015-22,T-73,0,1,P-47865,23',first half,1,0,0,0
B-2530,WC-2015,M-2015-22,T-09,1,0,P-11773,90'+2',"second half, stoppage time",1,0,0,0
B-2531,WC-2015,M-2015-23,T-46,0,1,P-40448,64',second half,1,0,0,0
B-2532,WC-2015,M-2015-23,T-28,1,0,P-34666,90'+2',"second half, stoppage time",1,0,0,0
B-2533,WC-2015,M-2015-24,T-71,1,0,P-58271,69',second half,1,0,0,0
B-2534,WC-2015,M-2015-24,T-71,1,0,P-97215,81',second half,1,0,0,0
B-2535,WC-2015,M-2015-24,T-71,1,0,P-73479,86',second half,1,0,0,0
B-2536,WC-2015,M-2015-25,T-76,1,0,P-23964,82',second half,1,0,0,0
B-2537,WC-2015,M-2015-26,T-42,1,0,P-52652,25',first half,1,0,0,0
B-2538,WC-2015,M-2015-26,T-53,0,1,P-48031,52',second half,1,0,0,0
B-2539,WC-2015,M-2015-27,T-14,1,0,P-97958,75',second half,1,0,0,0
B-2540,WC-2015,M-2015-27,T-49,0,1,P-00393,83',second half,1,0,0,0
B-2541,WC-2015,M-2015-27,T-14,1,0,P-26515,86',second half,1,0,0,0
B-2542,WC-2015,M-2015-27,T-49,0,1,P-82898,86',second half,1,0,0,0
B-2543,WC-2015,M-2015-28,T-12,0,1,P-31118,72',second half,1,0,0,0
B-2544,WC-2015,M-2015-28,T-48,1,0,P-13594,73',second half,1,0,0,0
B-2545,WC-2015,M-2015-29,T-11,0,1,P-01302,19',first half,1,0,0,0
B-2546,WC-2015,M-2015-29,T-11,0,1,P-69986,35',first half,1,0,0,0
B-2547,WC-2015,M-2015-29,T-11,0,1,P-36793,68',second half,1,0,0,0
B-2548,WC-2015,M-2015-29,T-75,1,0,P-97288,82',second half,1,0,0,0
B-2549,WC-2015,M-2015-29,T-11,0,1,P-18928,90'+2',"second half, stoppage time",1,0,0,0
B-2550,WC-2015,M-2015-30,T-44,0,1,P-86882,17',first half,1,0,0,0
B-2551,WC-2015,M-2015-30,T-25,1,0,P-28880,39',first half,1,0,0,0
B-2552,WC-2015,M-2015-30,T-25,1,0,P-72265,52',second half,1,0,0,0
B-2553,WC-2015,M-2015-31,T-50,1,0,P-17938,38',first half,1,0,1,1
B-2554,WC-2015,M-2015-31,T-50,1,0,P-21975,43',first half,1,0,0,0
B-2555,WC-2015,M-2015-31,T-50,1,0,P-09202,60',second half,1,0,0,0
B-2556,WC-2015,M-2015-31,T-50,1,0,P-22604,68',second half,1,0,0,0
B-2557,WC-2015,M-2015-33,T-16,0,1,P-76437,36',first half,1,0,0,0
B-2558,WC-2015,M-2015-33,T-16,0,1,P-41243,37',first half,1,0,0,0
B-2559,WC-2015,M-2015-33,T-28,1,0,P-22178,65',second half,1,0,0,0
B-2560,WC-2015,M-2015-33,T-16,0,1,P-97803,85',second half,1,0,0,0
B-2561,WC-2015,M-2015-34,T-46,1,0,P-91979,62',second half,1,0,0,0
B-2562,WC-2015,M-2015-34,T-46,1,0,P-32979,87',second half,1,0,0,0
B-2563,WC-2015,M-2015-35,T-73,0,1,P-65568,56',second half,1,0,0,0
B-2564,WC-2015,M-2015-35,T-71,1,0,P-73479,69',second half,1,0,0,0
B-2565,WC-2015,M-2015-37,T-31,1,0,P-96080,28',first half,1,0,0,0
B-2566,WC-2015,M-2015-37,T-74,0,1,P-02921,35',first half,1,0,0,0
B-2567,WC-2015,M-2015-37,T-74,0,1,P-96721,68',second half,1,0,0,0
B-2568,WC-2015,M-2015-38,T-11,0,1,P-36793,90'+3',"second half, stoppage time",1,0,0,0
B-2569,WC-2015,M-2015-39,T-09,1,0,P-06224,14',first half,1,0,0,0
B-2570,WC-2015,M-2015-39,T-09,1,0,P-07458,81',second half,1,0,0,0
B-2571,WC-2015,M-2015-40,T-71,0,1,P-70687,33',first half,1,0,0,0
B-2572,WC-2015,M-2015-40,T-30,1,0,P-08612,80',second half,1,0,0,0
B-2573,WC-2015,M-2015-40,T-71,0,1,P-97215,85',second half,1,0,0,0
B-2574,WC-2015,M-2015-41,T-12,1,0,P-97813,13',first half,1,0,0,0
B-2575,WC-2015,M-2015-41,T-75,0,1,P-84754,46',second half,1,0,0,0
B-2576,WC-2015,M-2015-41,T-12,1,0,P-60142,74',second half,1,0,0,0
B-2577,WC-2015,M-2015-43,T-83,1,0,P-81449,17',first half,1,0,0,0
B-2578,WC-2015,M-2015-43,T-83,1,0,P-09273,41',first half,1,0,0,0
B-2579,WC-2015,M-2015-43,T-16,0,1,P-09774,47',second half,0,1,0,1
B-2580,WC-2015,M-2015-43,T-16,0,1,P-28701,65',second half,1,0,0,0
B-2581,WC-2015,M-2015-44,T-44,1,0,P-66148,50',second half,1,0,0,0
B-2582,WC-2015,M-2015-45,T-31,1,0,P-30564,37',first half,1,0,0,0
B-2583,WC-2015,M-2015-45,T-30,0,1,P-89379,55',second half,1,0,0,0
B-2584,WC-2015,M-2015-45,T-30,0,1,P-75036,57',second half,1,0,0,0
B-2585,WC-2015,M-2015-45,T-31,1,0,P-37178,68',second half,1,0,0,0
B-2586,WC-2015,M-2015-45,T-31,1,0,P-84273,68',second half,1,0,0,0
B-2587,WC-2015,M-2015-45,T-31,1,0,P-17418,91',"extra time, first half",1,0,0,0
B-2588,WC-2015,M-2015-46,T-14,1,0,P-66124,50',second half,1,0,0,0
B-2589,WC-2015,M-2015-47,T-44,0,1,P-55574,27',first half,1,0,0,0
B-2590,WC-2015,M-2015-48,T-28,1,0,P-76594,63',second half,1,0,0,0
B-2591,WC-2015,M-2015-48,T-12,0,1,P-68495,90'+3',"second half, stoppage time",1,0,0,0
B-2592,WC-2015,M-2015-49,T-31,0,1,P-32680,34',first half,1,0,0,0
B-2593,WC-2015,M-2015-49,T-83,1,0,P-64276,38',first half,1,0,0,0
B-2594,WC-2015,M-2015-49,T-83,1,0,P-65433,59',second half,1,0,0,0
B-2595,WC-2015,M-2015-49,T-31,0,1,P-67377,67',second half,1,0,0,0
B-2596,WC-2015,M-2015-50,T-28,0,1,P-35919,31',first half,1,0,0,0
B-2597,WC-2015,M-2015-50,T-44,1,0,P-20246,90',second half,1,0,0,0
B-2598,WC-2015,M-2015-51,T-28,0,1,P-73084,77',second half,1,0,0,0
B-2599,WC-2015,M-2015-51,T-28,0,1,P-90789,83',second half,1,0,0,0
B-2600,WC-2015,M-2015-51,T-28,0,1,P-69145,92',"extra time, first half",1,0,0,0
B-2601,WC-2015,M-2015-52,T-44,0,1,P-72113,82',second half,1,0,0,0
B-2602,WC-2015,M-2015-52,T-44,0,1,P-26643,85',second half,1,0,0,0
B-2603,WC-2018,M-2018-01,T-62,1,0,P-22778,88',second half,1,0,0,0
B-2604,WC-2018,M-2018-01,T-63,0,1,P-66636,90'+3',"second half, stoppage time",1,0,0,0
B-2605,WC-2018,M-2018-02,T-26,1,0,P-50801,90'+4',"second half, stoppage time",1,0,0,0
B-2606,WC-2018,M-2018-02,T-26,1,0,P-81689,90'+6',"second half, stoppage time",1,0,0,0
B-2607,WC-2018,M-2018-03,T-38,0,1,P-00111,10',first half,1,0,0,0
B-2608,WC-2018,M-2018-03,T-47,1,0,P-62364,34',first half,1,0,0,0
B-2609,WC-2018,M-2018-03,T-38,0,1,P-98775,47',second half,1,0,0,0
B-2610,WC-2018,M-2018-03,T-38,0,1,P-53957,90'+2',"second half, stoppage time",1,0,0,0
B-2611,WC-2018,M-2018-04,T-73,0,1,P-28010,17',first half,1,0,0,0
B-2612,WC-2018,M-2018-04,T-58,1,0,P-39584,28',first half,1,0,0,0
B-2613,WC-2018,M-2018-05,T-04,0,1,P-35837,13',first half,1,0,0,0
B-2614,WC-2018,M-2018-05,T-04,0,1,P-87852,57',second half,1,0,0,0
B-2615,WC-2018,M-2018-05,T-30,1,0,P-54461,76',second half,1,0,0,0
B-2616,WC-2018,M-2018-05,T-04,0,1,P-51118,87',second half,1,0,0,0
B-2617,WC-2018,M-2018-07,T-56,1,0,P-82532,38',first half,1,0,0,0
B-2618,WC-2018,M-2018-07,T-22,0,1,P-57615,86',second half,1,0,0,0
B-2619,WC-2018,M-2018-07,T-22,0,1,P-08442,90'+3',"second half, stoppage time",1,0,0,0
B-2620,WC-2018,M-2018-08,T-18,1,0,P-65979,30',first half,1,0,0,0
B-2621,WC-2018,M-2018-08,T-50,0,1,P-15870,70',second half,1,0,0,0
B-2622,WC-2018,M-2018-08,T-18,1,0,P-79215,89',second half,1,0,0,0
B-2623,WC-2018,M-2018-09,T-17,1,0,P-71100,22',first half,1,0,0,0
B-2624,WC-2018,M-2018-09,T-17,1,0,P-33347,56',second half,1,0,0,0
B-2625,WC-2018,M-2018-09,T-66,0,1,P-95482,59',second half,1,0,0,0
B-2626,WC-2018,M-2018-09,T-66,0,1,P-40618,90'+8',"second half, stoppage time",1,0,0,0
B-2627,WC-2018,M-2018-10,T-46,0,1,P-21208,40',first half,1,0,0,0
B-2628,WC-2018,M-2018-10,T-31,1,0,P-28154,83',second half,1,0,0,0
B-2629,WC-2018,M-2018-10,T-31,1,0,P-81447,84',second half,1,0,0,0
B-2630,WC-2018,M-2018-10,T-46,0,1,P-42911,90',second half,1,0,0,0
B-2631,WC-2018,M-2018-11,T-75,0,1,P-09988,31',first half,1,0,0,0
B-2632,WC-2018,M-2018-11,T-09,1,0,P-02305,47',second half,1,0,0,0
B-2633,WC-2018,M-2018-11,T-75,0,1,P-25131,65',second half,1,0,0,0
B-2634,WC-2018,M-2018-11,T-75,0,1,P-54713,68',second half,1,0,0,0
B-2635,WC-2018,M-2018-12,T-71,0,1,P-15736,13',first half,1,0,0,0
B-2636,WC-2018,M-2018-12,T-71,0,1,P-58692,55',second half,1,0,0,0
B-2637,WC-2018,M-2018-12,T-74,1,0,P-78477,61',second half,1,0,0,0
B-2638,WC-2018,M-2018-13,T-06,1,0,P-22930,14',first half,1,0,0,0
B-2639,WC-2018,M-2018-13,T-54,0,1,P-44505,18',first half,1,0,0,0
B-2640,WC-2018,M-2018-13,T-54,0,1,P-10561,45'+2',"first half, stoppage time",1,0,0,0
B-2641,WC-2018,M-2018-13,T-54,0,1,P-06696,49',second half,1,0,0,0
B-2642,WC-2018,M-2018-13,T-54,0,1,P-72819,51',second half,1,0,0,0
B-2643,WC-2018,M-2018-13,T-54,0,1,P-24760,57',second half,1,0,0,0
B-2644,WC-2018,M-2018-13,T-06,1,0,P-64049,59',second half,1,0,0,0
B-2645,WC-2018,M-2018-13,T-06,1,0,P-48955,88',second half,1,0,0,0
B-2646,WC-2018,M-2018-14,T-28,0,1,P-74071,33',first half,1,0,0,0
B-2647,WC-2018,M-2018-15,T-16,1,0,P-66228,3',first half,0,1,0,1
B-2648,WC-2018,M-2018-15,T-16,1,0,P-17988,64',second half,1,0,0,0
B-2649,WC-2018,M-2018-15,T-16,1,0,P-89392,86',second half,1,0,0,0
B-2650,WC-2018,M-2018-15,T-44,0,1,P-53272,90'+4',"second half, stoppage time",1,0,0,0
B-2651,WC-2018,M-2018-16,T-57,1,0,P-45449,12',first half,1,0,0,0
B-2652,WC-2018,M-2018-16,T-65,0,1,P-91655,49',second half,1,0,0,0
B-2653,WC-2018,M-2018-16,T-65,0,1,P-40621,72',second half,1,0,0,0
B-2654,WC-2018,M-2018-17,T-26,0,1,P-82223,57',second half,1,0,0,0
B-2655,WC-2018,M-2018-17,T-62,1,0,P-18383,84',second half,1,0,0,0
B-2656,WC-2018,M-2018-18,T-47,0,1,P-53270,40',first half,1,0,0,0
B-2657,WC-2018,M-2018-18,T-58,1,0,P-72710,90'+2',"second half, stoppage time",1,0,0,0
B-2658,WC-2018,M-2018-20,T-38,1,0,P-24531,79',second half,1,0,0,0
B-2659,WC-2018,M-2018-20,T-38,1,0,P-60139,90'+2',"second half, stoppage time",1,0,0,0
B-2660,WC-2018,M-2018-21,T-22,1,0,P-08442,37',first half,1,0,0,0
B-2661,WC-2018,M-2018-21,T-22,1,0,P-18907,84',second half,1,0,0,0
B-2662,WC-2018,M-2018-22,T-30,1,0,P-04964,16',first half,1,0,0,0
B-2663,WC-2018,M-2018-22,T-56,0,1,P-29117,23',first half,1,0,0,0
B-2664,WC-2018,M-2018-22,T-56,0,1,P-59720,81',second half,1,0,0,0
B-2665,WC-2018,M-2018-22,T-30,1,0,P-17509,86',second half,1,0,0,0
B-2666,WC-2018,M-2018-23,T-18,0,1,P-44463,39',first half,1,0,0,0
B-2667,WC-2018,M-2018-23,T-03,1,0,P-32508,51',second half,1,0,0,0
B-2668,WC-2018,M-2018-23,T-18,0,1,P-25745,58',second half,1,0,0,0
B-2669,WC-2018,M-2018-23,T-18,0,1,P-65425,67',second half,1,0,0,0
B-2670,WC-2018,M-2018-23,T-03,1,0,P-49114,85',second half,1,0,0,0
B-2671,WC-2018,M-2018-23,T-03,1,0,P-73712,87',second half,1,0,0,0
B-2672,WC-2018,M-2018-23,T-18,0,1,P-08916,90'+4',"second half, stoppage time",1,0,0,0
B-2673,WC-2018,M-2018-24,T-09,1,0,P-37171,81',second half,1,0,0,0
B-2674,WC-2018,M-2018-24,T-09,1,0,P-87008,81',second half,1,0,0,0
B-2675,WC-2018,M-2018-24,T-17,0,1,P-65320,84',second half,1,0,0,0
B-2676,WC-2018,M-2018-25,T-50,1,0,P-01347,44',first half,1,0,0,0
B-2677,WC-2018,M-2018-26,T-66,1,0,P-27744,34',first half,1,0,0,0
B-2678,WC-2018,M-2018-26,T-66,1,0,P-44932,39',first half,1,0,0,0
B-2679,WC-2018,M-2018-26,T-66,1,0,P-66184,45'+2',"first half, stoppage time",1,0,0,0
B-2680,WC-2018,M-2018-26,T-66,1,0,P-85696,87',second half,1,0,0,0
B-2681,WC-2018,M-2018-26,T-75,0,1,P-39460,90'+1',"second half, stoppage time",1,0,0,0
B-2682,WC-2018,M-2018-27,T-79,0,1,P-90867,14',first half,1,0,0,0
B-2683,WC-2018,M-2018-28,T-71,1,0,P-07259,58',second half,1,0,0,0
B-2684,WC-2018,M-2018-28,T-71,1,0,P-64718,63',second half,1,0,0,0
B-2685,WC-2018,M-2018-28,T-71,1,0,P-02947,72',second half,1,0,0,0
B-2686,WC-2018,M-2018-28,T-71,1,0,P-64292,80',second half,1,0,0,0
B-2687,WC-2018,M-2018-29,T-74,0,1,P-20019,52',second half,1,0,0,0
B-2688,WC-2018,M-2018-29,T-31,1,0,P-04224,71',second half,1,0,1,1
B-2689,WC-2018,M-2018-29,T-74,0,1,P-74946,90'+7',"second half, stoppage time",1,0,0,0
B-2690,WC-2018,M-2018-30,T-54,0,1,P-06696,10',first half,1,0,0,0
B-2691,WC-2018,M-2018-30,T-28,1,0,P-84745,24',first half,1,0,0,0
B-2692,WC-2018,M-2018-30,T-54,0,1,P-91455,44',first half,1,0,0,0
B-2693,WC-2018,M-2018-30,T-54,0,1,P-72819,72',second half,1,0,0,0
B-2694,WC-2018,M-2018-31,T-65,0,1,P-23774,59',second half,1,0,0,0
B-2695,WC-2018,M-2018-31,T-44,1,0,P-89984,68',second half,1,0,0,0
B-2696,WC-2018,M-2018-31,T-65,0,1,P-55298,90',second half,1,0,0,0
B-2697,WC-2018,M-2018-31,T-65,0,1,P-51960,90'+1',"second half, stoppage time",1,0,0,0
B-2698,WC-2018,M-2018-31,T-44,1,0,P-91793,90'+4',"second half, stoppage time",1,0,0,0
B-2699,WC-2018,M-2018-32,T-57,1,0,P-10172,61',second half,1,0,0,0
B-2700,WC-2018,M-2018-32,T-57,1,0,P-57157,85',second half,1,0,0,0
B-2701,WC-2018,M-2018-33,T-26,0,1,P-83293,45'+5',"first half, stoppage time",1,0,0,0
B-2702,WC-2018,M-2018-33,T-26,0,1,P-44093,86',second half,1,0,0,0
B-2703,WC-2018,M-2018-34,T-62,0,1,P-20571,9',first half,1,0,0,0
B-2704,WC-2018,M-2018-34,T-62,0,1,P-64597,27',first half,1,0,1,1
B-2705,WC-2018,M-2018-34,T-84,1,0,P-58791,59',second half,1,0,0,0
B-2706,WC-2018,M-2018-35,T-47,0,1,P-62364,21',first half,1,0,0,0
B-2707,WC-2018,M-2018-35,T-47,0,1,P-37696,29',first half,1,0,0,0
B-2708,WC-2018,M-2018-35,T-47,0,1,P-99089,31',first half,1,0,0,0
B-2709,WC-2018,M-2018-35,T-47,0,1,P-46553,31',first half,1,0,0,0
B-2710,WC-2018,M-2018-35,T-47,0,1,P-15566,88',second half,1,0,0,0
B-2711,WC-2018,M-2018-35,T-47,0,1,P-45288,90'+3',"second half, stoppage time",1,0,0,0
B-2712,WC-2018,M-2018-36,T-58,0,1,P-67578,33',first half,1,0,0,0
B-2713,WC-2018,M-2018-36,T-38,1,0,P-75785,52',second half,1,0,0,0
B-2714,WC-2018,M-2018-36,T-38,1,0,P-09113,54',second half,1,0,0,0
B-2715,WC-2018,M-2018-36,T-58,0,1,P-95670,64',second half,1,0,0,0
B-2716,WC-2018,M-2018-36,T-58,0,1,P-70442,83',second half,1,0,0,0
B-2717,WC-2018,M-2018-36,T-58,0,1,P-46272,90'+8',"second half, stoppage time",1,0,0,0
B-2718,WC-2018,M-2018-37,T-04,1,0,P-37275,10',first half,1,0,0,0
B-2719,WC-2018,M-2018-37,T-56,0,1,P-61528,45',first half,1,0,0,0
B-2720,WC-2018,M-2018-37,T-04,1,0,P-10167,60',second half,1,0,0,0
B-2721,WC-2018,M-2018-37,T-04,1,0,P-45548,66',second half,1,0,0,0
B-2722,WC-2018,M-2018-37,T-56,0,1,P-88592,79',second half,1,0,0,0
B-2723,WC-2018,M-2018-37,T-04,1,0,P-36196,88',second half,1,0,0,0
B-2724,WC-2018,M-2018-38,T-22,1,0,P-61976,45'+3',"first half, stoppage time",1,0,0,0
B-2725,WC-2018,M-2018-39,T-18,0,1,P-14891,14',first half,1,0,0,0
B-2726,WC-2018,M-2018-39,T-37,1,0,P-07013,59',second half,1,0,0,0
B-2727,WC-2018,M-2018-39,T-37,1,0,P-70085,64',second half,1,0,0,0
B-2728,WC-2018,M-2018-39,T-18,0,1,P-65146,83',second half,1,0,0,0
B-2729,WC-2018,M-2018-39,T-37,1,0,P-27331,84',second half,1,0,0,0
B-2730,WC-2018,M-2018-40,T-50,1,0,P-65978,32',first half,1,0,0,0
B-2731,WC-2018,M-2018-40,T-03,0,1,P-77063,49',second half,1,0,0,0
B-2732,WC-2018,M-2018-40,T-03,0,1,P-66433,64',second half,1,0,0,0
B-2733,WC-2018,M-2018-40,T-50,1,0,P-01164,90'+1',"second half, stoppage time",1,0,0,0
B-2734,WC-2018,M-2018-40,T-03,0,1,P-14758,90'+4',"second half, stoppage time",1,0,0,0
B-2735,WC-2018,M-2018-41,T-71,1,0,P-64292,9',first half,1,0,0,0
B-2736,WC-2018,M-2018-41,T-71,1,0,P-93920,23',first half,1,0,0,0
B-2737,WC-2018,M-2018-41,T-71,1,0,P-34018,48',second half,1,0,0,0
B-2738,WC-2018,M-2018-41,T-71,1,0,P-77335,65',second half,1,0,0,0
B-2739,WC-2018,M-2018-42,T-46,1,0,P-80088,1',first half,1,0,0,0
B-2740,WC-2018,M-2018-42,T-74,0,1,P-74946,26',first half,1,0,0,0
B-2741,WC-2018,M-2018-42,T-46,1,0,P-21208,61',second half,1,0,0,0
B-2742,WC-2018,M-2018-42,T-46,1,0,P-10063,86',second half,1,0,0,0
B-2743,WC-2018,M-2018-42,T-74,0,1,P-29833,88',second half,1,0,0,0
B-2744,WC-2018,M-2018-43,T-66,1,0,P-45505,33',first half,1,0,0,0
B-2745,WC-2018,M-2018-43,T-66,1,0,P-66184,48',second half,1,0,0,0
B-2746,WC-2018,M-2018-43,T-66,1,0,P-85696,70',second half,1,0,0,0
B-2747,WC-2018,M-2018-44,T-17,0,1,P-26483,11',first half,1,0,0,0
B-2748,WC-2018,M-2018-44,T-17,0,1,P-70812,29',first half,1,0,0,0
B-2749,WC-2018,M-2018-44,T-75,1,0,P-09988,37',first half,1,0,0,0
B-2750,WC-2018,M-2018-44,T-75,1,0,P-83560,75',second half,1,0,0,0
B-2751,WC-2018,M-2018-44,T-75,1,0,P-25131,83',second half,1,0,0,0
B-2752,WC-2018,M-2018-44,T-17,0,1,P-37984,89',second half,1,0,0,0
B-2753,WC-2018,M-2018-45,T-44,1,0,P-76596,66',second half,1,0,0,0
B-2754,WC-2018,M-2018-46,T-16,0,1,P-07796,45',first half,1,0,0,0
B-2755,WC-2018,M-2018-46,T-65,1,0,P-23774,51',second half,1,0,0,0
B-2756,WC-2018,M-2018-47,T-06,0,1,P-47906,19',first half,1,0,0,0
B-2757,WC-2018,M-2018-47,T-06,0,1,P-73834,33',first half,1,0,0,0
B-2758,WC-2018,M-2018-48,T-79,0,1,P-90867,44',first half,1,0,0,0
B-2759,WC-2018,M-2018-48,T-79,0,1,P-75361,71',second half,1,0,0,0
B-2760,WC-2018,M-2018-48,T-54,1,0,P-67176,78',second half,1,0,0,0
B-2761,WC-2018,M-2018-48,T-54,1,0,P-32575,80',second half,1,0,0,0
B-2762,WC-2018,M-2018-48,T-79,0,1,P-09569,90'+3',"second half, stoppage time",1,0,0,0
B-2763,WC-2018,M-2018-48,T-54,1,0,P-03144,90'+6',"second half, stoppage time",1,0,0,0
B-2764,WC-2018,M-2018-49,T-03,0,1,P-18222,11',first half,1,0,0,0
B-2765,WC-2018,M-2018-49,T-03,0,1,P-35173,19',first half,1,0,0,0
B-2766,WC-2018,M-2018-49,T-03,0,1,P-77063,43',first half,1,0,0,0
B-2767,WC-2018,M-2018-49,T-03,0,1,P-66433,50',second half,1,0,0,0
B-2768,WC-2018,M-2018-49,T-30,1,0,P-04964,72',second half,1,0,0,0
B-2769,WC-2018,M-2018-49,T-30,1,0,P-60652,73',second half,1,0,0,0
B-2770,WC-2018,M-2018-49,T-30,1,0,P-89750,90'+3',"second half, stoppage time",1,0,0,0
B-2771,WC-2018,M-2018-49,T-03,0,1,P-49114,90'+3',"second half, stoppage time",1,0,0,0
B-2772,WC-2018,M-2018-50,T-58,0,1,P-70442,90'+3',"second half, stoppage time",1,0,0,0
B-2773,WC-2018,M-2018-51,T-73,1,0,P-64348,40',first half,1,0,0,0
B-2774,WC-2018,M-2018-51,T-62,0,1,P-82792,54',second half,1,0,0,0
B-2775,WC-2018,M-2018-51,T-62,0,1,P-05922,71',second half,1,0,0,0
B-2776,WC-2018,M-2018-52,T-22,0,1,P-61976,115',"extra time, second half",1,0,0,0
B-2777,WC-2018,M-2018-53,T-46,0,1,P-26546,38',first half,1,0,0,0
B-2778,WC-2018,M-2018-53,T-09,1,0,P-65498,43',first half,1,0,0,0
B-2779,WC-2018,M-2018-53,T-46,0,1,P-42911,55',second half,1,0,0,0
B-2780,WC-2018,M-2018-53,T-09,1,0,P-02305,59',second half,1,0,0,0
B-2781,WC-2018,M-2018-53,T-46,0,1,P-01730,77',second half,1,0,0,0
B-2782,WC-2018,M-2018-53,T-46,0,1,P-40312,90'+2',"second half, stoppage time",1,0,0,0
B-2783,WC-2018,M-2018-54,T-44,0,1,P-99817,40',first half,1,0,0,0
B-2784,WC-2018,M-2018-55,T-74,1,0,P-29833,31',first half,1,0,0,0
B-2785,WC-2018,M-2018-55,T-75,0,1,P-54713,61',second half,1,0,0,0
B-2786,WC-2018,M-2018-55,T-75,0,1,P-77224,68',second half,1,0,0,0
B-2787,WC-2018,M-2018-55,T-75,0,1,P-95507,90'+4',"second half, stoppage time",0,1,0,1
B-2788,WC-2018,M-2018-56,T-16,1,0,P-17988,41',first half,1,0,0,0
B-2789,WC-2018,M-2018-56,T-16,1,0,P-01505,52',second half,1,0,0,0
B-2790,WC-2018,M-2018-56,T-16,1,0,P-66228,54',second half,1,0,0,0
B-2791,WC-2018,M-2018-56,T-28,0,1,P-08169,56',second half,1,0,0,0
B-2792,WC-2018,M-2018-56,T-16,1,0,P-74655,63',second half,1,0,0,0
B-2793,WC-2018,M-2018-56,T-16,1,0,P-12476,64',second half,1,0,0,0
B-2794,WC-2018,M-2018-56,T-28,0,1,P-63620,69',second half,1,0,0,0
B-2795,WC-2018,M-2018-56,T-16,1,0,P-83216,118',"extra time, second half",1,0,0,0
B-2796,WC-2018,M-2018-57,T-30,0,1,P-84424,33',first half,1,0,0,0
B-2797,WC-2018,M-2018-57,T-84,1,0,P-58791,38',first half,1,0,0,0
B-2798,WC-2018,M-2018-57,T-84,1,0,P-14180,69',second half,1,0,0,0
B-2799,WC-2018,M-2018-57,T-30,0,1,P-64077,69',second half,1,0,0,0
B-2800,WC-2018,M-2018-58,T-06,0,1,P-70547,47',second half,1,0,0,0
B-2801,WC-2018,M-2018-58,T-06,0,1,P-22930,71',second half,1,0,0,0
B-2802,WC-2018,M-2018-58,T-09,1,0,P-41758,85',second half,1,0,0,0
B-2803,WC-2018,M-2018-58,T-09,1,0,P-97493,90',second half,1,0,0,0
B-2804,WC-2018,M-2018-59,T-74,1,0,P-89934,87',second half,1,0,0,0
B-2805,WC-2018,M-2018-59,T-28,0,1,P-02465,87',second half,1,0,0,0
B-2806,WC-2018,M-2018-59,T-74,1,0,P-74946,90'+4',"second half, stoppage time",1,0,0,0
B-2807,WC-2018,M-2018-60,T-18,0,1,P-56297,35',first half,1,0,0,0
B-2808,WC-2018,M-2018-60,T-18,0,1,P-86004,38',first half,1,0,0,0
B-2809,WC-2018,M-2018-60,T-18,0,1,P-91294,101',"extra time, first half",1,0,0,0
B-2810,WC-2018,M-2018-60,T-62,1,0,P-20571,109',"extra time, second half",1,0,0,0
B-2811,WC-2018,M-2018-60,T-18,0,1,P-89420,114',"extra time, second half",1,0,0,0
B-2812,WC-2018,M-2018-61,T-06,0,1,P-72011,63',second half,1,0,0,0
B-2813,WC-2018,M-2018-61,T-06,0,1,P-70547,71',second half,1,0,0,0
B-2814,WC-2018,M-2018-61,T-30,1,0,P-98287,87',second half,1,0,0,0
B-2815,WC-2018,M-2018-61,T-30,1,0,P-64077,90'+3',"second half, stoppage time",1,0,0,0
B-2816,WC-2018,M-2018-61,T-06,0,1,P-64049,90'+4',"second half, stoppage time",1,0,0,0
B-2817,WC-2018,M-2018-62,T-18,1,0,P-25745,48',second half,1,0,0,0
B-2818,WC-2018,M-2018-62,T-28,0,1,P-74071,54',second half,1,0,0,0
B-2819,WC-2018,M-2018-62,T-18,1,0,P-44463,96',"extra time, first half",1,0,0,0
B-2820,WC-2018,M-2018-63,T-28,0,1,P-92628,52',second half,1,0,0,0
B-2821,WC-2018,M-2018-63,T-28,0,1,P-02465,76',second half,1,0,0,0
B-2822,WC-2018,M-2018-63,T-06,1,0,P-53048,90'+3',"second half, stoppage time",1,0,0,0
B-2823,WC-2018,M-2018-64,T-30,1,0,P-98287,27',first half,1,0,0,0
B-2824,WC-2018,M-2018-64,T-30,1,0,P-84424,41',first half,1,0,0,0
B-2825,WC-2018,M-2018-64,T-18,0,1,P-65425,90'+2',"second half, stoppage time",1,0,0,0
B-2826,WC-2019,M-2019-02,T-14,0,1,P-40014,12',first half,1,0,0,0
B-2827,WC-2019,M-2019-02,T-14,0,1,P-44771,44',first half,1,0,0,0
B-2828,WC-2019,M-2019-02,T-14,0,1,P-97958,50',second half,1,0,0,0
B-2829,WC-2019,M-2019-02,T-14,0,1,P-26515,71',second half,1,0,0,0
B-2830,WC-2019,M-2019-02,T-31,1,0,P-70499,82',second half,1,0,0,0
B-2831,WC-2019,M-2019-03,T-70,0,1,P-11968,59',second half,1,0,1,1
B-2832,WC-2019,M-2019-03,T-70,0,1,P-13569,68',second half,1,0,0,0
B-2833,WC-2019,M-2019-03,T-70,0,1,P-27801,77',second half,1,0,0,0
B-2834,WC-2019,M-2019-03,T-73,1,0,P-84365,90'+4',"second half, stoppage time",1,0,0,0
B-2835,WC-2019,M-2019-04,T-50,0,1,P-67645,13',first half,1,0,0,0
B-2836,WC-2019,M-2019-04,T-50,0,1,P-86061,45'+1',"first half, stoppage time",1,0,0,0
B-2837,WC-2019,M-2019-05,T-41,0,1,P-55953,21',first half,1,0,0,0
B-2838,WC-2019,M-2019-05,T-41,0,1,P-49416,63',second half,1,0,0,0
B-2839,WC-2019,M-2019-05,T-41,0,1,P-34581,70',second half,1,0,0,0
B-2840,WC-2019,M-2019-05,T-04,1,0,P-83079,76',second half,1,0,0,0
B-2841,WC-2019,M-2019-06,T-43,0,1,P-81939,17',first half,1,0,0,0
B-2842,WC-2019,M-2019-06,T-09,1,0,P-19610,58',second half,1,0,0,0
B-2843,WC-2019,M-2019-06,T-09,1,0,P-96976,82',second half,1,0,0,0
B-2844,WC-2019,M-2019-07,T-64,0,1,P-86688,43',first half,1,0,0,0
B-2845,WC-2019,M-2019-07,T-64,0,1,P-25596,47',second half,1,0,0,0
B-2846,WC-2019,M-2019-08,T-44,0,1,P-54839,38',first half,1,0,0,0
B-2847,WC-2019,M-2019-08,T-44,0,1,P-42768,45'+1',"first half, stoppage time",1,0,0,0
B-2848,WC-2019,M-2019-08,T-44,0,1,P-26643,85',second half,1,0,0,0
B-2849,WC-2019,M-2019-09,T-11,0,1,P-96889,37',first half,1,0,0,0
B-2850,WC-2019,M-2019-09,T-11,0,1,P-18928,74',second half,1,0,0,0
B-2851,WC-2019,M-2019-11,T-74,0,1,P-76573,67',second half,1,0,0,0
B-2852,WC-2019,M-2019-11,T-13,1,0,P-18316,78',second half,1,0,0,0
B-2853,WC-2019,M-2019-11,T-13,1,0,P-39388,90'+6',"second half, stoppage time",1,0,0,0
B-2854,WC-2019,M-2019-12,T-76,0,1,P-69603,72',second half,1,0,0,0
B-2855,WC-2019,M-2019-13,T-71,0,1,P-08264,49',second half,1,0,0,0
B-2856,WC-2019,M-2019-13,T-50,1,0,P-19149,61',second half,1,0,0,0
B-2857,WC-2019,M-2019-13,T-71,0,1,P-73479,71',second half,1,0,0,0
B-2858,WC-2019,M-2019-14,T-31,1,0,P-59795,63',second half,1,0,0,0
B-2859,WC-2019,M-2019-15,T-30,1,0,P-70239,56',second half,1,0,0,0
B-2860,WC-2019,M-2019-15,T-53,0,1,P-56682,71',second half,1,0,0,0
B-2861,WC-2019,M-2019-16,T-09,0,1,P-19610,14',first half,1,0,0,0
B-2862,WC-2019,M-2019-16,T-09,0,1,P-91993,85',second half,1,0,0,0
B-2863,WC-2019,M-2019-16,T-09,0,1,P-13960,87',second half,1,0,0,0
B-2864,WC-2019,M-2019-17,T-70,1,0,P-45038,83',second half,1,0,0,0
B-2865,WC-2019,M-2019-18,T-44,1,0,P-75658,19',first half,1,0,0,0
B-2866,WC-2019,M-2019-18,T-64,0,1,P-04543,36',first half,1,0,0,0
B-2867,WC-2019,M-2019-19,T-43,1,0,P-66845,12',first half,1,0,0,0
B-2868,WC-2019,M-2019-19,T-43,1,0,P-52873,59',second half,1,0,0,0
B-2869,WC-2019,M-2019-20,T-03,0,1,P-97512,39',first half,1,0,0,0
B-2870,WC-2019,M-2019-20,T-28,1,0,P-76594,45'+2',"first half, stoppage time",1,0,0,0
B-2871,WC-2019,M-2019-20,T-03,0,1,P-07642,69',second half,1,0,0,0
B-2872,WC-2019,M-2019-21,T-11,0,1,P-22573,14',first half,1,0,0,0
B-2873,WC-2019,M-2019-21,T-11,0,1,P-83450,37',first half,1,0,0,0
B-2874,WC-2019,M-2019-21,T-11,0,1,P-01302,68',second half,1,0,0,0
B-2875,WC-2019,M-2019-23,T-76,0,1,P-69603,45'+1',"first half, stoppage time",1,0,0,0
B-2876,WC-2019,M-2019-23,T-76,0,1,P-05007,90'+5',"second half, stoppage time",1,0,0,0
B-2877,WC-2019,M-2019-24,T-83,1,0,P-46428,23',first half,1,0,0,0
B-2878,WC-2019,M-2019-24,T-13,0,1,P-55571,76',second half,1,0,0,0
B-2879,WC-2019,M-2019-24,T-13,0,1,P-27240,80',second half,1,0,0,0
B-2880,WC-2019,M-2019-24,T-83,1,0,P-98384,88',second half,1,0,0,0
B-2881,WC-2019,M-2019-24,T-13,0,1,P-36548,90'+4',"second half, stoppage time",1,0,0,0
B-2882,WC-2019,M-2019-25,T-14,1,0,P-45842,63',second half,1,0,0,0
B-2883,WC-2019,M-2019-26,T-70,1,0,P-11369,53',second half,1,0,0,0
B-2884,WC-2019,M-2019-26,T-31,0,1,P-83353,54',second half,1,0,0,0
B-2885,WC-2019,M-2019-26,T-70,1,0,P-11968,58',second half,1,0,0,0
B-2886,WC-2019,M-2019-26,T-70,1,0,P-16808,66',second half,1,0,0,0
B-2887,WC-2019,M-2019-27,T-50,1,0,P-09501,28',first half,1,0,1,1
B-2888,WC-2019,M-2019-27,T-30,0,1,P-44380,45'+1',"first half, stoppage time",1,0,0,0
B-2889,WC-2019,M-2019-27,T-50,1,0,P-28304,77',second half,1,0,0,0
B-2890,WC-2019,M-2019-27,T-50,1,0,P-19149,90'+9',"second half, stoppage time",1,0,0,0
B-2891,WC-2019,M-2019-28,T-71,1,0,P-35864,4',first half,1,0,0,0
B-2892,WC-2019,M-2019-28,T-71,1,0,P-56762,85',second half,1,0,0,0
B-2893,WC-2019,M-2019-29,T-09,0,1,P-84606,13',first half,1,0,0,0
B-2894,WC-2019,M-2019-29,T-41,1,0,P-94445,15',first half,1,0,0,0
B-2895,WC-2019,M-2019-29,T-09,0,1,P-78371,90'+4',"second half, stoppage time",1,0,0,0
B-2896,WC-2019,M-2019-30,T-43,1,0,P-81939,71',second half,1,0,0,0
B-2897,WC-2019,M-2019-30,T-04,0,1,P-58730,76',second half,1,0,0,0
B-2898,WC-2019,M-2019-32,T-03,0,1,P-23167,75',second half,1,0,0,0
B-2899,WC-2019,M-2019-32,T-64,1,0,P-39315,85',second half,1,0,0,0
B-2900,WC-2019,M-2019-32,T-64,1,0,P-16255,86',second half,1,0,0,0
B-2901,WC-2019,M-2019-32,T-64,1,0,P-76817,90'+3',"second half, stoppage time",1,0,0,0
B-2902,WC-2019,M-2019-33,T-49,0,1,P-54971,68',second half,1,0,0,0
B-2903,WC-2019,M-2019-33,T-11,1,0,P-82188,69',second half,1,0,0,0
B-2904,WC-2019,M-2019-34,T-48,1,0,P-53833,23',first half,1,0,0,0
B-2905,WC-2019,M-2019-34,T-12,0,1,P-60142,38',first half,1,0,0,0
B-2906,WC-2019,M-2019-34,T-12,0,1,P-71404,80',second half,1,0,0,0
B-2907,WC-2019,M-2019-34,T-48,1,0,P-52476,90',second half,1,0,0,0
B-2908,WC-2019,M-2019-35,T-83,0,1,P-72568,59',second half,1,0,0,0
B-2909,WC-2019,M-2019-35,T-74,1,0,P-27729,87',second half,1,0,0,0
B-2910,WC-2019,M-2019-36,T-76,1,0,P-23511,59',second half,1,0,0,0
B-2911,WC-2019,M-2019-36,T-76,1,0,P-87745,85',second half,1,0,0,0
B-2912,WC-2019,M-2019-37,T-50,0,1,P-62439,26',first half,1,0,0,0
B-2913,WC-2019,M-2019-37,T-31,1,0,P-80216,32',first half,1,0,0,0
B-2914,WC-2019,M-2019-37,T-31,1,0,P-25113,57',second half,1,0,0,0
B-2915,WC-2019,M-2019-37,T-50,0,1,P-67645,61',second half,1,0,0,0
B-2916,WC-2019,M-2019-37,T-50,0,1,P-30731,82',second half,1,0,0,0
B-2917,WC-2019,M-2019-38,T-53,1,0,P-29295,53',second half,1,0,0,0
B-2918,WC-2019,M-2019-38,T-53,1,0,P-67898,96',"extra time, first half",1,0,0,0
B-2919,WC-2019,M-2019-38,T-04,0,1,P-27559,104',"extra time, first half",0,1,0,1
B-2920,WC-2019,M-2019-38,T-53,1,0,P-22963,105'+2',"extra time, first half, stoppage time",1,0,0,0
B-2921,WC-2019,M-2019-39,T-11,0,1,P-30264,4',first half,1,0,0,0
B-2922,WC-2019,M-2019-39,T-11,0,1,P-82188,90'+10',"second half, stoppage time",1,0,0,0
B-2923,WC-2019,M-2019-40,T-30,1,0,P-32017,36',first half,1,0,0,0
B-2924,WC-2019,M-2019-40,T-09,0,1,P-60585,45'+2',"first half, stoppage time",1,0,0,0
B-2925,WC-2019,M-2019-40,T-09,0,1,P-19610,70',second half,1,0,0,0
B-2926,WC-2019,M-2019-40,T-09,0,1,P-42763,82',second half,1,0,0,0
B-2927,WC-2019,M-2019-40,T-09,0,1,P-78371,101',"extra time, first half",1,0,0,0
B-2928,WC-2019,M-2019-41,T-83,0,1,P-09273,37',first half,1,0,0,0
B-2929,WC-2019,M-2019-41,T-73,1,0,P-79226,85',second half,1,0,0,0
B-2930,WC-2019,M-2019-42,T-74,1,0,P-99138,45',first half,1,0,0,0
B-2931,WC-2019,M-2019-42,T-74,1,0,P-90086,68',second half,1,0,0,0
B-2932,WC-2019,M-2019-42,T-12,0,1,P-60142,85',second half,1,0,0,0
B-2933,WC-2019,M-2019-44,T-44,0,1,P-90878,89',second half,1,0,0,0
B-2934,WC-2019,M-2019-45,T-53,1,0,P-85744,88',second half,1,0,0,0
B-2935,WC-2019,M-2019-46,T-30,1,0,P-75169,4',first half,1,0,0,0
B-2936,WC-2019,M-2019-46,T-30,1,0,P-81978,90'+4',"second half, stoppage time",1,0,0,0
B-2937,WC-2019,M-2019-47,T-41,1,0,P-02903,41',first half,1,0,0,0
B-2938,WC-2019,M-2019-47,T-41,1,0,P-31008,66',second half,1,0,0,0
B-2939,WC-2019,M-2019-47,T-41,1,0,P-34581,73',second half,1,0,0,0
B-2940,WC-2019,M-2019-47,T-41,1,0,P-26735,79',second half,1,0,0,0
B-2941,WC-2019,M-2019-48,T-74,0,1,P-99138,56',second half,1,0,0,0
B-2942,WC-2019,M-2019-49,T-28,1,0,P-42847,40',first half,1,0,1,1
B-2943,WC-2019,M-2019-49,T-83,0,1,P-46428,46',second half,1,0,0,0
B-2944,WC-2019,M-2019-49,T-83,0,1,P-64276,82',second half,1,0,0,0
B-2945,WC-2019,M-2019-49,T-28,1,0,P-62542,90'+5',"second half, stoppage time",1,0,0,0
B-2946,WC-2019,M-2019-50,T-48,1,0,P-12051,85',second half,1,0,0,0
B-2947,WC-2019,M-2019-50,T-74,0,1,P-89508,94',"extra time, first half",1,0,0,0
B-2948,WC-2019,M-2019-50,T-48,1,0,P-70845,116',"extra time, second half",1,0,0,0
B-2949,WC-2019,M-2019-51,T-74,0,1,P-27779,85',second half,1,0,0,0
B-2950,WC-2019,M-2019-51,T-28,1,0,P-76594,90'+4',"second half, stoppage time",1,0,0,0
B-2951,WC-2019,M-2019-52,T-48,0,1,P-12051,10',first half,1,0,0,0
B-2952,WC-2019,M-2019-52,T-83,1,0,P-97292,42',first half,1,0,0,0
B-2953,WC-2019,M-2019-52,T-48,0,1,P-13594,60',second half,1,0,0,0
B-2954,WC-2022,M-2022-01,T-59,1,0,P-70879,15',first half,1,0,0,0
B-2955,WC-2022,M-2022-01,T-59,1,0,P-01930,22',first half,1,0,0,0
B-2956,WC-2022,M-2022-01,T-25,0,1,P-82216,29',first half,1,0,0,0
B-2957,WC-2022,M-2022-01,T-59,1,0,P-95754,36',first half,1,0,0,0
B-2958,WC-2022,M-2022-01,T-25,0,1,P-56839,56',second half,1,0,0,0
B-2959,WC-2022,M-2022-01,T-59,1,0,P-47319,78',second half,1,0,0,0
B-2960,WC-2022,M-2022-02,T-38,0,1,P-98775,25',first half,1,0,0,0
B-2961,WC-2022,M-2022-02,T-38,0,1,P-29864,48',second half,1,0,0,0
B-2962,WC-2022,M-2022-03,T-48,0,1,P-73572,56',second half,1,0,0,0
B-2963,WC-2022,M-2022-03,T-65,1,0,P-96697,90'+4',"second half, stoppage time",1,0,0,0
B-2964,WC-2022,M-2022-03,T-65,1,0,P-40621,90'+6',"second half, stoppage time",1,0,0,0
B-2965,WC-2022,M-2022-04,T-83,1,0,P-89452,11',first half,1,0,0,0
B-2966,WC-2022,M-2022-04,T-83,1,0,P-68952,13',first half,1,0,0,0
B-2967,WC-2022,M-2022-04,T-85,0,1,P-63927,40',first half,1,0,0,0
B-2968,WC-2022,M-2022-04,T-85,0,1,P-74888,45'+2',"first half, stoppage time",1,0,0,0
B-2969,WC-2022,M-2022-04,T-83,1,0,P-26367,51',second half,1,0,0,0
B-2970,WC-2022,M-2022-04,T-83,1,0,P-86410,90'+10',"second half, stoppage time",1,0,0,0
B-2971,WC-2022,M-2022-05,T-63,0,1,P-20216,67',second half,1,0,0,0
B-2972,WC-2022,M-2022-05,T-63,0,1,P-87284,75',second half,1,0,0,0
B-2973,WC-2022,M-2022-05,T-63,0,1,P-70583,79',second half,1,0,0,0
B-2974,WC-2022,M-2022-05,T-63,0,1,P-08125,82',second half,1,0,0,0
B-2975,WC-2022,M-2022-05,T-63,0,1,P-76864,88',second half,1,0,0,0
B-2976,WC-2022,M-2022-05,T-63,0,1,P-85438,90'+2',"second half, stoppage time",1,0,0,0
B-2977,WC-2022,M-2022-06,T-22,1,0,P-82877,24',first half,1,0,0,0
B-2978,WC-2022,M-2022-06,T-22,1,0,P-26593,78',second half,1,0,0,0
B-2979,WC-2022,M-2022-06,T-79,0,1,P-21865,86',second half,1,0,0,0
B-2980,WC-2022,M-2022-07,T-46,1,0,P-24062,29',first half,1,0,0,0
B-2981,WC-2022,M-2022-07,T-46,1,0,P-21208,56',second half,1,0,0,0
B-2982,WC-2022,M-2022-07,T-57,0,1,P-23437,76',second half,1,0,0,0
B-2983,WC-2022,M-2022-08,T-04,0,1,P-91029,55',second half,1,0,0,0
B-2984,WC-2022,M-2022-08,T-04,0,1,P-34822,80',second half,1,0,0,0
B-2985,WC-2022,M-2022-08,T-04,0,1,P-95847,90'+5',"second half, stoppage time",1,0,0,0
B-2986,WC-2022,M-2022-09,T-47,1,0,P-71023,78',second half,1,0,0,0
B-2987,WC-2022,M-2022-11,T-17,0,1,P-71100,68',second half,1,0,0,0
B-2988,WC-2022,M-2022-11,T-17,0,1,P-70812,90'+7',"second half, stoppage time",1,0,0,0
B-2989,WC-2022,M-2022-12,T-06,1,0,P-06338,9',first half,1,0,0,0
B-2990,WC-2022,M-2022-12,T-06,1,0,P-22930,54',second half,1,0,0,0
B-2991,WC-2022,M-2022-12,T-06,1,0,P-21652,56',second half,1,0,0,0
B-2992,WC-2022,M-2022-12,T-12,0,1,P-46358,81',second half,1,0,0,0
B-2993,WC-2022,M-2022-12,T-12,0,1,P-12635,83',second half,1,0,0,0
B-2994,WC-2022,M-2022-13,T-11,0,1,P-47677,36',first half,1,0,0,0
B-2995,WC-2022,M-2022-13,T-75,1,0,P-19193,64',second half,1,0,0,0
B-2996,WC-2022,M-2022-13,T-75,1,0,P-23925,83',second half,1,0,0,0
B-2997,WC-2022,M-2022-14,T-84,1,0,P-74058,57',second half,1,0,0,0
B-2998,WC-2022,M-2022-14,T-71,0,1,P-87169,88',second half,1,0,0,0
B-2999,WC-2022,M-2022-15,T-32,0,1,P-23821,45'+1',"first half, stoppage time",1,0,0,0
B-3000,WC-2022,M-2022-15,T-32,0,1,P-01945,49',second half,1,0,0,0
B-3001,WC-2022,M-2022-15,T-32,0,1,P-36105,57',second half,1,0,0,0
B-3002,WC-2022,M-2022-15,T-58,1,0,P-98929,90'+1',"second half, stoppage time",1,0,0,0
B-3003,WC-2022,M-2022-15,T-32,0,1,P-53967,90'+1',"second half, stoppage time",1,0,0,0
B-3004,WC-2022,M-2022-15,T-58,1,0,P-39584,90'+5',"second half, stoppage time",1,0,0,0
B-3005,WC-2022,M-2022-16,T-66,0,1,P-98435,7',first half,1,0,0,0
B-3006,WC-2022,M-2022-16,T-66,0,1,P-24610,49',second half,1,0,0,0
B-3007,WC-2022,M-2022-16,T-66,0,1,P-78056,64',second half,1,0,0,0
B-3008,WC-2022,M-2022-17,T-85,1,0,P-38105,45'+3',"first half, stoppage time",1,0,0,0
B-3009,WC-2022,M-2022-17,T-85,1,0,P-46457,86',second half,0,1,0,1
B-3010,WC-2022,M-2022-17,T-38,0,1,P-47137,90'+5',"second half, stoppage time",1,0,0,0
B-3011,WC-2022,M-2022-17,T-38,0,1,P-98775,90'+5',"second half, stoppage time",1,0,0,0
B-3012,WC-2022,M-2022-18,T-59,1,0,P-01077,20',first half,1,0,0,0
B-3013,WC-2022,M-2022-18,T-65,0,1,P-33622,30',first half,1,0,0,0
B-3014,WC-2022,M-2022-18,T-59,1,0,P-33804,45'+2',"first half, stoppage time",1,0,0,0
B-3015,WC-2022,M-2022-18,T-65,0,1,P-54506,52',second half,1,0,0,0
B-3016,WC-2022,M-2022-18,T-65,0,1,P-61416,87',second half,1,0,0,0
B-3017,WC-2022,M-2022-18,T-59,1,0,P-63532,90'+1',"second half, stoppage time",1,0,0,0
B-3018,WC-2022,M-2022-19,T-25,0,1,P-56839,57',second half,1,0,0,0
B-3019,WC-2022,M-2022-21,T-79,1,0,P-29063,26',first half,1,0,0,0
B-3020,WC-2022,M-2022-21,T-79,1,0,P-64924,64',second half,1,0,0,0
B-3021,WC-2022,M-2022-21,T-79,1,0,P-90867,90'+3',"second half, stoppage time",1,0,0,0
B-3022,WC-2022,M-2022-22,T-57,1,0,P-44780,15',first half,1,0,0,0
B-3023,WC-2022,M-2022-22,T-57,1,0,P-17099,16',first half,1,0,0,0
B-3024,WC-2022,M-2022-22,T-57,1,0,P-12381,19',first half,1,0,0,0
B-3025,WC-2022,M-2022-22,T-63,0,1,P-20216,20',first half,1,0,0,0
B-3026,WC-2022,M-2022-22,T-63,0,1,P-12335,45'+4',"first half, stoppage time",1,0,0,0
B-3027,WC-2022,M-2022-23,T-22,0,1,P-18923,20',first half,1,0,0,0
B-3028,WC-2022,M-2022-23,T-22,0,1,P-29053,23',first half,1,0,0,0
B-3029,WC-2022,M-2022-23,T-30,1,0,P-78484,43',first half,1,0,0,0
B-3030,WC-2022,M-2022-24,T-46,0,1,P-38529,22',first half,1,0,0,0
B-3031,WC-2022,M-2022-24,T-03,1,0,P-91431,43',first half,1,0,0,0
B-3032,WC-2022,M-2022-24,T-46,0,1,P-64299,50',second half,1,0,0,0
B-3033,WC-2022,M-2022-24,T-46,0,1,P-42911,66',second half,1,0,0,0
B-3034,WC-2022,M-2022-24,T-46,0,1,P-73491,89',second half,1,0,0,0
B-3035,WC-2022,M-2022-25,T-17,0,1,P-02556,41',first half,1,0,0,0
B-3036,WC-2022,M-2022-25,T-44,1,0,P-45981,44',first half,1,0,0,0
B-3037,WC-2022,M-2022-25,T-17,0,1,P-11767,61',second half,1,0,0,0
B-3038,WC-2022,M-2022-25,T-17,0,1,P-71100,70',second half,1,0,0,0
B-3039,WC-2022,M-2022-25,T-44,1,0,P-35225,84',second half,1,0,0,0
B-3040,WC-2022,M-2022-25,T-44,1,0,P-53282,90'+3',"second half, stoppage time",1,0,0,0
B-3041,WC-2022,M-2022-26,T-06,1,0,P-21652,29',first half,1,0,0,0
B-3042,WC-2022,M-2022-26,T-47,0,1,P-05265,90'+5',"second half, stoppage time",1,0,0,0
B-3043,WC-2022,M-2022-27,T-12,0,1,P-96259,52',second half,1,0,0,0
B-3044,WC-2022,M-2022-27,T-18,1,0,P-56297,56',second half,1,0,0,0
B-3045,WC-2022,M-2022-27,T-18,1,0,P-29491,85',second half,1,0,0,0
B-3046,WC-2022,M-2022-27,T-12,0,1,P-31806,85',second half,1,0,0,0
B-3047,WC-2022,M-2022-28,T-31,0,1,P-11933,37',first half,1,0,0,0
B-3048,WC-2022,M-2022-28,T-73,1,0,P-28010,44',first half,1,0,0,0
B-3049,WC-2022,M-2022-28,T-31,0,1,P-79409,58',second half,1,0,0,0
B-3050,WC-2022,M-2022-28,T-31,0,1,P-30316,60',second half,1,0,0,0
B-3051,WC-2022,M-2022-29,T-11,1,0,P-93209,24',first half,1,0,0,0
B-3052,WC-2022,M-2022-29,T-11,1,0,P-51549,30',first half,1,0,0,0
B-3053,WC-2022,M-2022-29,T-66,0,1,P-62033,45'+4',"first half, stoppage time",1,0,0,0
B-3054,WC-2022,M-2022-29,T-66,0,1,P-57535,90'+3',"second half, stoppage time",1,0,0,0
B-3055,WC-2022,M-2022-30,T-32,0,1,P-82956,21',first half,1,0,0,0
B-3056,WC-2022,M-2022-30,T-71,1,0,P-64292,27',first half,1,0,0,0
B-3057,WC-2022,M-2022-30,T-32,0,1,P-12913,73',second half,1,0,0,0
B-3058,WC-2022,M-2022-30,T-71,1,0,P-07259,77',second half,1,0,0,0
B-3059,WC-2022,M-2022-31,T-75,0,1,P-25593,50',second half,1,0,0,0
B-3060,WC-2022,M-2022-31,T-09,1,0,P-74941,52',second half,1,0,0,0
B-3061,WC-2022,M-2022-32,T-84,0,1,P-58791,6',first half,1,0,0,0
B-3062,WC-2022,M-2022-32,T-58,1,0,P-22983,38',first half,1,0,0,0
B-3063,WC-2022,M-2022-32,T-84,0,1,P-90796,44',first half,1,0,0,0
B-3064,WC-2022,M-2022-32,T-58,1,0,P-17931,77',second half,1,0,0,0
B-3065,WC-2022,M-2022-32,T-58,1,0,P-10712,89',second half,1,0,0,0
B-3066,WC-2022,M-2022-33,T-65,0,1,P-40621,66',second half,1,0,0,0
B-3067,WC-2022,M-2022-34,T-48,1,0,P-64438,52',second half,1,0,0,0
B-3068,WC-2022,M-2022-35,T-83,0,1,P-14151,43',first half,1,0,0,0
B-3069,WC-2022,M-2022-35,T-38,1,0,P-15905,77',second half,1,0,0,0
B-3070,WC-2022,M-2022-35,T-38,1,0,P-74612,83',second half,1,0,0,0
B-3071,WC-2022,M-2022-35,T-38,1,0,P-62858,90'+6',"second half, stoppage time",1,0,0,0
B-3072,WC-2022,M-2022-36,T-85,1,0,P-74707,29',first half,1,0,0,0
B-3073,WC-2022,M-2022-36,T-85,1,0,P-86951,61',second half,1,0,0,0
B-3074,WC-2022,M-2022-37,T-04,1,0,P-51118,4',first half,1,0,0,0
B-3075,WC-2022,M-2022-37,T-04,1,0,P-59727,57',second half,1,0,0,0
B-3076,WC-2022,M-2022-37,T-22,0,1,P-76468,75',second half,1,0,0,0
B-3077,WC-2022,M-2022-38,T-79,1,0,P-27079,28',first half,1,0,0,0
B-3078,WC-2022,M-2022-39,T-03,0,1,P-73712,49',second half,1,0,0,0
B-3079,WC-2022,M-2022-39,T-57,1,0,P-45449,78',second half,1,0,0,0
B-3080,WC-2022,M-2022-40,T-46,0,1,P-26546,16',first half,1,0,0,0
B-3081,WC-2022,M-2022-40,T-63,1,0,P-37308,28',first half,1,0,0,0
B-3082,WC-2022,M-2022-40,T-63,1,0,P-45413,34',first half,1,0,0,0
B-3083,WC-2022,M-2022-40,T-63,1,0,P-93173,52',second half,1,0,0,0
B-3084,WC-2022,M-2022-40,T-63,1,0,P-20388,81',second half,1,0,0,0
B-3085,WC-2022,M-2022-40,T-63,1,0,P-12335,90'+1',"second half, stoppage time",1,0,0,0
B-3086,WC-2022,M-2022-40,T-63,1,0,P-84563,90'+7',"second half, stoppage time",1,0,0,0
B-3087,WC-2022,M-2022-41,T-12,1,0,P-35706,7',first half,1,0,0,0
B-3088,WC-2022,M-2022-41,T-12,1,0,P-27541,26',first half,1,0,0,0
B-3089,WC-2022,M-2022-41,T-12,1,0,P-55821,45'+2',"first half, stoppage time",1,0,0,0
B-3090,WC-2022,M-2022-41,T-12,1,0,P-89710,84',second half,1,0,0,0
B-3091,WC-2022,M-2022-42,T-06,0,1,P-73834,67',second half,1,0,0,0
B-3092,WC-2022,M-2022-43,T-17,1,0,P-97912,77',second half,1,0,0,0
B-3093,WC-2022,M-2022-44,T-44,1,0,P-35225,39',first half,1,0,0,0
B-3094,WC-2022,M-2022-44,T-44,1,0,P-77382,44',first half,1,0,0,0
B-3095,WC-2022,M-2022-44,T-44,1,0,P-89321,45',first half,1,0,0,0
B-3096,WC-2022,M-2022-45,T-84,0,1,P-18885,20',first half,1,0,0,0
B-3097,WC-2022,M-2022-45,T-84,0,1,P-30486,60',second half,1,0,0,0
B-3098,WC-2022,M-2022-45,T-32,1,0,P-33325,86',second half,1,0,0,0
B-3099,WC-2022,M-2022-45,T-84,0,1,P-20051,87',second half,1,0,0,0
B-3100,WC-2022,M-2022-45,T-32,1,0,P-36105,90'+9',"second half, stoppage time",1,0,0,0
B-3101,WC-2022,M-2022-45,T-84,0,1,P-65659,90'+10',"second half, stoppage time",1,0,0,0
B-3102,WC-2022,M-2022-45,T-84,0,1,P-59138,90'+10',"second half, stoppage time",1,0,0,0
B-3103,WC-2022,M-2022-46,T-71,1,0,P-87514,36',first half,1,0,0,0
B-3104,WC-2022,M-2022-46,T-71,1,0,P-58692,90'+2',"second half, stoppage time",1,0,0,0
B-3105,WC-2022,M-2022-47,T-11,1,0,P-55367,6',first half,1,0,0,0
B-3106,WC-2022,M-2022-47,T-09,0,1,P-55590,7',first half,1,0,0,0
B-3107,WC-2022,M-2022-47,T-11,1,0,P-29115,28',first half,1,0,0,0
B-3108,WC-2022,M-2022-47,T-11,1,0,P-47677,32',first half,1,0,0,0
B-3109,WC-2022,M-2022-47,T-11,1,0,P-53452,81',second half,1,0,1,1
B-3110,WC-2022,M-2022-47,T-09,0,1,P-74688,85',second half,1,0,0,0
B-3111,WC-2022,M-2022-48,T-75,0,1,P-38927,15',first half,1,0,0,0
B-3112,WC-2022,M-2022-48,T-75,0,1,P-85823,34',first half,1,0,0,0
B-3113,WC-2022,M-2022-48,T-66,1,0,P-27744,47',second half,1,0,0,0
B-3114,WC-2022,M-2022-48,T-66,1,0,P-98435,56',second half,1,0,0,0
B-3115,WC-2022,M-2022-48,T-66,1,0,P-35773,66',second half,1,0,0,0
B-3116,WC-2022,M-2022-48,T-66,1,0,P-24610,81',second half,1,0,0,0
B-3117,WC-2022,M-2022-48,T-66,1,0,P-85696,82',second half,1,0,0,0
B-3118,WC-2022,M-2022-48,T-66,1,0,P-57535,90'+5',"second half, stoppage time",1,0,0,0
B-3119,WC-2022,M-2022-48,T-75,0,1,P-77224,90'+5',"second half, stoppage time",1,0,0,0
B-3120,WC-2022,M-2022-48,T-75,0,1,P-25131,90'+9',"second half, stoppage time",1,0,0,0
B-3121,WC-2022,M-2022-48,T-66,1,0,P-78056,90'+10',"second half, stoppage time",1,0,0,0
B-3122,WC-2022,M-2022-49,T-48,1,0,P-35705,60',second half,1,0,0,0
B-3123,WC-2022,M-2022-49,T-48,1,0,P-17688,87',second half,1,0,0,0
B-3124,WC-2022,M-2022-50,T-04,0,1,P-34822,15',first half,1,0,0,0
B-3125,WC-2022,M-2022-50,T-04,0,1,P-59727,38',first half,1,0,0,0
B-3126,WC-2022,M-2022-51,T-30,1,0,P-54517,32',first half,1,0,0,0
B-3127,WC-2022,M-2022-51,T-57,0,1,P-42160,47',second half,1,0,0,0
B-3128,WC-2022,M-2022-51,T-57,0,1,P-17099,88',second half,1,0,0,0
B-3129,WC-2022,M-2022-52,T-65,0,1,P-47321,76',second half,1,0,0,0
B-3130,WC-2022,M-2022-53,T-18,0,1,P-07670,90',second half,1,0,0,0
B-3131,WC-2022,M-2022-53,T-18,0,1,P-95766,116',"extra time, second half",1,0,0,0
B-3132,WC-2022,M-2022-54,T-71,0,1,P-64292,44',first half,1,0,0,0
B-3133,WC-2022,M-2022-55,T-73,0,1,P-99025,77',second half,1,0,0,0
B-3134,WC-2022,M-2022-55,T-47,1,0,P-26068,90',second half,1,0,0,0
B-3135,WC-2022,M-2022-56,T-75,0,1,P-25131,43',first half,1,0,0,0
B-3136,WC-2022,M-2022-56,T-75,0,1,P-56868,59',second half,1,0,0,0
B-3137,WC-2022,M-2022-57,T-09,0,1,P-40137,25',first half,1,0,0,0
B-3138,WC-2022,M-2022-57,T-18,1,0,P-79215,31',first half,1,0,0,0
B-3139,WC-2022,M-2022-57,T-09,0,1,P-02305,68',second half,1,0,0,0
B-3140,WC-2022,M-2022-57,T-09,0,1,P-76060,77',second half,1,0,0,0
B-3141,WC-2022,M-2022-57,T-18,1,0,P-46461,117',"extra time, second half",1,0,0,0
B-3142,WC-2022,M-2022-58,T-48,1,0,P-74111,43',first half,1,0,0,0
B-3143,WC-2022,M-2022-58,T-03,0,1,P-73712,43',first half,1,0,0,0
B-3144,WC-2022,M-2022-58,T-03,0,1,P-79650,45',first half,1,0,0,0
B-3145,WC-2022,M-2022-58,T-48,1,0,P-95036,45'+2',"first half, stoppage time",1,0,0,0
B-3146,WC-2022,M-2022-58,T-48,1,0,P-27540,76',second half,1,0,0,0
B-3147,WC-2022,M-2022-58,T-03,0,1,P-23070,76',second half,1,0,0,0
B-3148,WC-2022,M-2022-58,T-48,1,0,P-10326,88',second half,1,0,0,0
B-3149,WC-2022,M-2022-58,T-03,0,1,P-27582,89',second half,1,0,0,0
B-3150,WC-2022,M-2022-58,T-03,0,1,P-14758,90'+10',"second half, stoppage time",1,0,0,0
B-3151,WC-2022,M-2022-58,T-03,0,1,P-49114,90'+12',"second half, stoppage time",1,0,0,0
B-3152,WC-2022,M-2022-58,T-48,1,0,P-44799,91',"extra time, first half",1,0,0,0
B-3153,WC-2022,M-2022-58,T-03,0,1,P-91431,109',"extra time, second half",1,0,0,0
B-3154,WC-2022,M-2022-58,T-03,0,1,P-29298,112',"extra time, second half",1,0,0,0
B-3155,WC-2022,M-2022-58,T-48,1,0,P-97615,120'+8',"extra time, second half, stoppage time",1,0,1,1
B-3156,WC-2022,M-2022-58,T-48,1,0,P-57903,120'+9',"extra time, second half, stoppage time",1,0,0,0
B-3157,WC-2022,M-2022-59,T-47,1,0,P-52013,70',second half,1,0,0,0
B-3158,WC-2022,M-2022-59,T-58,0,1,P-89266,87',second half,1,0,0,0
B-3159,WC-2022,M-2022-59,T-47,1,0,P-05216,90'+1',"second half, stoppage time",1,0,1,1
B-3160,WC-2022,M-2022-60,T-30,0,1,P-90908,43',first half,1,0,0,0
B-3161,WC-2022,M-2022-60,T-30,0,1,P-97778,46',second half,1,0,0,0
B-3162,WC-2022,M-2022-60,T-30,0,1,P-09867,82',second half,1,0,0,0
B-3163,WC-2022,M-2022-60,T-28,1,0,P-02465,90',second half,1,0,0,0
B-3164,WC-2022,M-2022-61,T-18,0,1,P-99988,32',first half,1,0,0,0
B-3165,WC-2022,M-2022-61,T-18,0,1,P-07670,32',first half,1,0,0,0
B-3166,WC-2022,M-2022-61,T-03,1,0,P-79650,68',second half,1,0,0,0
B-3167,WC-2022,M-2022-61,T-03,1,0,P-49114,71',second half,1,0,0,0
B-3168,WC-2022,M-2022-62,T-47,0,1,P-59033,27',first half,1,0,0,0
B-3169,WC-2022,M-2022-63,T-47,0,1,P-40619,69',second half,1,0,0,0
B-3170,WC-2022,M-2022-63,T-47,0,1,P-23330,84',second half,1,0,0,0
B-3171,WC-2022,M-2022-64,T-03,1,0,P-10739,45'+7',"first half, stoppage time",1,0,0,0
B-3172,WC-2022,M-2022-64,T-30,0,1,P-57401,55',second half,1,0,0,0
B-3173,WC-2022,M-2022-64,T-30,0,1,P-13613,87',second half,1,0,0,0
B-3174,WC-2022,M-2022-64,T-30,0,1,P-89750,90'+5',"second half, stoppage time",1,0,0,0
B-3175,WC-2022,M-2022-64,T-03,1,0,P-73712,90'+8',"second half, stoppage time",1,0,0,0
B-3176,WC-2022,M-2022-64,T-03,1,0,P-27582,114',"extra time, second half",1,0,0,0
B-3177,WC-2022,M-2022-64,T-03,1,0,P-91431,116',"extra time, second half",1,0,0,0
B-3178,WC-2022,M-2022-64,T-03,1,0,P-13162,120'+5',"extra time, second half, stoppage time",1,0,0,0
