goal_id,tournament_id,match_id,team_id,home_team,away_team,player_id,player_team_id,minute_label,match_period,own_goal,penalty
G-0001,WC-1930,M-1930-01,T-30,1,0,P-05470,T-30,19',first half,0,0
G-0002,WC-1930,M-1930-01,T-30,1,0,P-99087,T-30,40',first half,0,0
G-0003,WC-1930,M-1930-01,T-30,1,0,P-60620,T-30,43',first half,0,0
G-0004,WC-1930,M-1930-01,T-46,0,1,P-94135,T-46,70',second half,0,0
G-0005,WC-1930,M-1930-01,T-30,1,0,P-60620,T-30,87',second half,0,0
G-0006,WC-1930,M-1930-02,T-83,1,0,P-65185,T-83,23',first half,0,0
G-0007,WC-1930,M-1930-02,T-83,1,0,P-37361,T-83,45',first half,0,0
G-0008,WC-1930,M-1930-02,T-83,1,0,P-71973,T-83,69',second half,0,0
G-0009,WC-1930,M-1930-03,T-87,1,0,P-43349,T-87,21',first half,0,0
G-0010,WC-1930,M-1930-03,T-87,1,0,P-43734,T-87,30',first half,0,0
G-0011,WC-1930,M-1930-03,T-09,0,1,P-91171,T-09,62',second half,0,0
G-0012,WC-1930,M-1930-04,T-61,1,0,P-91295,T-61,1',first half,0,0
G-0013,WC-1930,M-1930-04,T-56,0,1,P-44010,T-56,75',second half,0,0
G-0014,WC-1930,M-1930-04,T-61,1,0,P-18615,T-61,79',second half,0,0
G-0015,WC-1930,M-1930-04,T-61,1,0,P-70294,T-61,89',second half,0,0
G-0016,WC-1930,M-1930-05,T-03,1,0,P-25760,T-03,81',second half,0,0
G-0017,WC-1930,M-1930-06,T-13,1,0,P-61338,T-13,3',first half,0,0
G-0018,WC-1930,M-1930-06,T-13,1,0,P-89481,T-46,52',second half,1,0
G-0019,WC-1930,M-1930-06,T-13,1,0,P-61338,T-13,65',second half,0,0
G-0020,WC-1930,M-1930-07,T-87,1,0,P-43734,T-87,60',second half,0,0
G-0021,WC-1930,M-1930-07,T-87,1,0,P-75929,T-87,65',second half,0,0
G-0022,WC-1930,M-1930-07,T-87,1,0,P-43734,T-87,67',second half,0,0
G-0023,WC-1930,M-1930-07,T-87,1,0,P-33565,T-87,85',second half,0,0
G-0024,WC-1930,M-1930-08,T-83,1,0,P-71973,T-83,10',first half,0,0
G-0025,WC-1930,M-1930-08,T-83,1,0,P-71973,T-83,15',first half,0,0
G-0026,WC-1930,M-1930-08,T-83,1,0,P-71973,T-83,50',second half,0,0
G-0027,WC-1930,M-1930-09,T-84,1,0,P-54697,T-84,65',second half,0,0
G-0028,WC-1930,M-1930-10,T-13,1,0,P-08459,T-13,67',second half,0,0
G-0029,WC-1930,M-1930-11,T-03,1,0,P-56486,T-03,8',first half,0,0
G-0030,WC-1930,M-1930-11,T-03,1,0,P-76546,T-03,12',first half,0,0
G-0031,WC-1930,M-1930-11,T-03,1,0,P-56486,T-03,17',first half,0,0
G-0032,WC-1930,M-1930-11,T-46,0,1,P-89481,T-46,42',first half,0,1
G-0033,WC-1930,M-1930-11,T-03,1,0,P-37326,T-03,53',second half,0,0
G-0034,WC-1930,M-1930-11,T-03,1,0,P-76546,T-03,55',second half,0,0
G-0035,WC-1930,M-1930-11,T-46,0,1,P-89481,T-46,65',second half,0,0
G-0036,WC-1930,M-1930-11,T-46,0,1,P-31066,T-46,75',second half,0,0
G-0037,WC-1930,M-1930-11,T-03,1,0,P-56486,T-03,80',second half,0,0
G-0038,WC-1930,M-1930-12,T-09,1,0,P-83987,T-09,37',first half,0,0
G-0039,WC-1930,M-1930-12,T-09,1,0,P-91171,T-09,57',second half,0,0
G-0040,WC-1930,M-1930-12,T-09,1,0,P-83987,T-09,73',second half,0,0
G-0041,WC-1930,M-1930-12,T-09,1,0,P-91171,T-09,83',second half,0,0
G-0042,WC-1930,M-1930-13,T-55,1,0,P-06201,T-55,40',first half,0,0
G-0043,WC-1930,M-1930-14,T-84,1,0,P-38674,T-84,7',first half,0,0
G-0044,WC-1930,M-1930-14,T-84,1,0,P-44201,T-84,26',first half,0,0
G-0045,WC-1930,M-1930-14,T-84,1,0,P-57352,T-84,31',first half,0,0
G-0046,WC-1930,M-1930-14,T-84,1,0,P-18628,T-84,35',first half,0,0
G-0047,WC-1930,M-1930-15,T-03,1,0,P-56486,T-03,12',first half,0,0
G-0048,WC-1930,M-1930-15,T-03,1,0,P-56486,T-03,13',first half,0,0
G-0049,WC-1930,M-1930-15,T-13,0,1,P-08459,T-13,15',first half,0,0
G-0050,WC-1930,M-1930-15,T-03,1,0,P-23897,T-03,51',second half,0,0
G-0051,WC-1930,M-1930-16,T-03,1,0,P-25760,T-03,20',first half,0,0
G-0052,WC-1930,M-1930-16,T-03,1,0,P-44916,T-03,56',second half,0,0
G-0053,WC-1930,M-1930-16,T-03,1,0,P-56486,T-03,69',second half,0,0
G-0054,WC-1930,M-1930-16,T-03,1,0,P-70166,T-03,80',second half,0,0
G-0055,WC-1930,M-1930-16,T-03,1,0,P-70166,T-03,85',second half,0,0
G-0056,WC-1930,M-1930-16,T-03,1,0,P-56486,T-03,87',second half,0,0
G-0057,WC-1930,M-1930-16,T-83,0,1,P-06424,T-83,89',second half,0,0
G-0058,WC-1930,M-1930-17,T-87,0,1,P-33565,T-87,4',first half,0,0
G-0059,WC-1930,M-1930-17,T-84,1,0,P-18628,T-84,18',first half,0,0
G-0060,WC-1930,M-1930-17,T-84,1,0,P-57352,T-84,20',first half,0,0
G-0061,WC-1930,M-1930-17,T-84,1,0,P-57352,T-84,31',first half,0,0
G-0062,WC-1930,M-1930-17,T-84,1,0,P-31959,T-84,61',second half,0,0
G-0063,WC-1930,M-1930-17,T-84,1,0,P-18628,T-84,67',second half,0,0
G-0064,WC-1930,M-1930-17,T-84,1,0,P-18628,T-84,72',second half,0,0
G-0065,WC-1930,M-1930-18,T-84,1,0,P-38674,T-84,12',first half,0,0
G-0066,WC-1930,M-1930-18,T-03,0,1,P-70166,T-03,20',first half,0,0
G-0067,WC-1930,M-1930-18,T-03,0,1,P-56486,T-03,37',first half,0,0
G-0068,WC-1930,M-1930-18,T-84,1,0,P-18628,T-84,57',second half,0,0
G-0069,WC-1930,M-1930-18,T-84,1,0,P-31959,T-84,68',second half,0,0
G-0070,WC-1930,M-1930-18,T-84,1,0,P-54697,T-84,89',second half,0,0
G-0071,WC-1934,M-1934-01,T-30,0,1,P-70804,T-30,18',first half,0,0
G-0072,WC-1934,M-1934-01,T-05,1,0,P-11865,T-05,44',first half,0,0
G-0073,WC-1934,M-1934-01,T-05,1,0,P-87474,T-05,93',"extra time, first half",0,0
G-0074,WC-1934,M-1934-01,T-05,1,0,P-51668,T-05,109',"extra time, second half",0,0
G-0075,WC-1934,M-1934-01,T-30,0,1,P-13166,T-30,116',"extra time, second half",0,1
G-0076,WC-1934,M-1934-02,T-61,0,1,P-55855,T-61,11',first half,0,0
G-0077,WC-1934,M-1934-02,T-21,1,0,P-51219,T-21,50',second half,0,0
G-0078,WC-1934,M-1934-02,T-21,1,0,P-60513,T-21,67',second half,0,0
G-0079,WC-1934,M-1934-03,T-31,1,0,P-04241,T-31,25',first half,0,0
G-0080,WC-1934,M-1934-03,T-06,0,1,P-85443,T-06,29',first half,0,0
G-0081,WC-1934,M-1934-03,T-06,0,1,P-85443,T-06,43',first half,0,0
G-0082,WC-1934,M-1934-03,T-31,1,0,P-53238,T-31,49',second half,0,0
G-0083,WC-1934,M-1934-03,T-31,1,0,P-77348,T-31,66',second half,0,0
G-0084,WC-1934,M-1934-03,T-31,1,0,P-77348,T-31,70',second half,0,0
G-0085,WC-1934,M-1934-03,T-31,1,0,P-77348,T-31,87',second half,0,0
G-0086,WC-1934,M-1934-04,T-36,1,0,P-42669,T-36,11',first half,0,0
G-0087,WC-1934,M-1934-04,T-36,1,0,P-60977,T-36,31',first half,0,0
G-0088,WC-1934,M-1934-04,T-26,0,1,P-28239,T-26,35',first half,0,0
G-0089,WC-1934,M-1934-04,T-26,0,1,P-28239,T-26,39',first half,0,0
G-0090,WC-1934,M-1934-04,T-36,1,0,P-11520,T-36,53',second half,0,0
G-0091,WC-1934,M-1934-04,T-36,1,0,P-60977,T-36,61',second half,0,0
G-0092,WC-1934,M-1934-05,T-41,1,0,P-56703,T-41,18',first half,0,0
G-0093,WC-1934,M-1934-05,T-41,1,0,P-03638,T-41,20',first half,0,0
G-0094,WC-1934,M-1934-05,T-41,1,0,P-56703,T-41,29',first half,0,0
G-0095,WC-1934,M-1934-05,T-83,0,1,P-75829,T-83,57',second half,0,0
G-0096,WC-1934,M-1934-05,T-41,1,0,P-39512,T-41,63',second half,0,0
G-0097,WC-1934,M-1934-05,T-41,1,0,P-56703,T-41,64',second half,0,0
G-0098,WC-1934,M-1934-05,T-41,1,0,P-03638,T-41,69',second half,0,0
G-0099,WC-1934,M-1934-05,T-41,1,0,P-34536,T-41,90',second half,0,0
G-0100,WC-1934,M-1934-06,T-73,1,0,P-64059,T-73,18',first half,0,1
G-0101,WC-1934,M-1934-06,T-73,1,0,P-64059,T-73,25',first half,0,0
G-0102,WC-1934,M-1934-06,T-73,1,0,P-69133,T-73,29',first half,0,0
G-0103,WC-1934,M-1934-06,T-09,0,1,P-09730,T-09,55',second half,0,0
G-0104,WC-1934,M-1934-07,T-03,0,1,P-11019,T-03,4',first half,0,0
G-0105,WC-1934,M-1934-07,T-74,1,0,P-79374,T-74,9',first half,0,0
G-0106,WC-1934,M-1934-07,T-03,0,1,P-61839,T-03,48',second half,0,0
G-0107,WC-1934,M-1934-07,T-74,1,0,P-79374,T-74,67',second half,0,0
G-0108,WC-1934,M-1934-07,T-74,1,0,P-02091,T-74,79',second half,0,0
G-0109,WC-1934,M-1934-08,T-75,1,0,P-88416,T-75,7',first half,0,0
G-0110,WC-1934,M-1934-08,T-48,0,1,P-85884,T-48,29',first half,0,0
G-0111,WC-1934,M-1934-08,T-75,1,0,P-88416,T-75,43',first half,0,0
G-0112,WC-1934,M-1934-08,T-75,1,0,P-85334,T-75,66',second half,0,0
G-0113,WC-1934,M-1934-08,T-48,0,1,P-55392,T-48,69',second half,0,0
G-0114,WC-1934,M-1934-09,T-05,1,0,P-51711,T-05,8',first half,0,0
G-0115,WC-1934,M-1934-09,T-05,1,0,P-05719,T-05,51',second half,0,0
G-0116,WC-1934,M-1934-09,T-36,0,1,P-89034,T-36,60',second half,0,1
G-0117,WC-1934,M-1934-10,T-75,0,1,P-88416,T-75,18',first half,0,0
G-0118,WC-1934,M-1934-10,T-21,1,0,P-13470,T-21,24',first half,0,0
G-0119,WC-1934,M-1934-10,T-21,1,0,P-58983,T-21,49',second half,0,0
G-0120,WC-1934,M-1934-10,T-75,0,1,P-58205,T-75,78',second half,0,0
G-0121,WC-1934,M-1934-10,T-21,1,0,P-60513,T-21,82',second half,0,0
G-0122,WC-1934,M-1934-11,T-31,1,0,P-56231,T-31,60',second half,0,0
G-0123,WC-1934,M-1934-11,T-31,1,0,P-56231,T-31,63',second half,0,0
G-0124,WC-1934,M-1934-11,T-74,0,1,P-83366,T-74,82',second half,0,0
G-0125,WC-1934,M-1934-12,T-73,0,1,P-40752,T-73,30',first half,0,0
G-0126,WC-1934,M-1934-12,T-41,1,0,P-39512,T-41,44',first half,0,0
G-0127,WC-1934,M-1934-13,T-41,1,0,P-34536,T-41,11',first half,0,0
G-0128,WC-1934,M-1934-14,T-21,1,0,P-60513,T-21,21',first half,0,0
G-0129,WC-1934,M-1934-14,T-31,0,1,P-30818,T-31,62',second half,0,0
G-0130,WC-1934,M-1934-14,T-21,1,0,P-60513,T-21,69',second half,0,0
G-0131,WC-1934,M-1934-14,T-21,1,0,P-60513,T-21,80',second half,0,0
G-0132,WC-1934,M-1934-15,T-41,1,0,P-03545,T-41,19',first half,0,0
G-0133,WC-1934,M-1934-16,T-31,1,0,P-38753,T-31,1',first half,0,0
G-0134,WC-1934,M-1934-16,T-31,1,0,P-77348,T-31,27',first half,0,0
G-0135,WC-1934,M-1934-16,T-05,0,1,P-51711,T-05,28',first half,0,0
G-0136,WC-1934,M-1934-16,T-31,1,0,P-38753,T-31,42',first half,0,0
G-0137,WC-1934,M-1934-16,T-05,0,1,P-05609,T-05,54',second half,0,0
G-0138,WC-1934,M-1934-17,T-21,0,1,P-51219,T-21,71',second half,0,0
G-0139,WC-1934,M-1934-17,T-41,1,0,P-03638,T-41,81',second half,0,0
G-0140,WC-1934,M-1934-17,T-41,1,0,P-56703,T-41,95',"extra time, first half",0,0
G-0141,WC-1938,M-1938-01,T-31,0,1,P-15763,T-31,29',first half,0,0
G-0142,WC-1938,M-1938-01,T-75,1,0,P-85334,T-75,43',first half,0,0
G-0143,WC-1938,M-1938-02,T-61,0,1,P-28958,T-61,35',first half,0,0
G-0144,WC-1938,M-1938-02,T-19,1,0,P-77922,T-19,44',first half,0,0
G-0145,WC-1938,M-1938-02,T-19,1,0,P-56223,T-19,69',second half,0,0
G-0146,WC-1938,M-1938-02,T-61,0,1,P-58656,T-61,88',second half,0,0
G-0147,WC-1938,M-1938-02,T-19,1,0,P-77922,T-19,103',"extra time, first half",0,0
G-0148,WC-1938,M-1938-02,T-61,0,1,P-55855,T-61,105',"extra time, first half",0,0
G-0149,WC-1938,M-1938-03,T-30,1,0,P-02281,T-30,1',first half,0,0
G-0150,WC-1938,M-1938-03,T-30,1,0,P-70804,T-30,16',first half,0,0
G-0151,WC-1938,M-1938-03,T-06,0,1,P-03499,T-06,38',first half,0,0
G-0152,WC-1938,M-1938-03,T-30,1,0,P-70804,T-30,69',second half,0,0
G-0153,WC-1938,M-1938-04,T-36,1,0,P-53740,T-36,13',first half,0,0
G-0154,WC-1938,M-1938-04,T-36,1,0,P-60977,T-36,15',first half,0,0
G-0155,WC-1938,M-1938-04,T-36,1,0,P-89034,T-36,28',first half,0,0
G-0156,WC-1938,M-1938-04,T-36,1,0,P-67652,T-36,35',first half,0,0
G-0157,WC-1938,M-1938-04,T-36,1,0,P-67652,T-36,76',second half,0,0
G-0158,WC-1938,M-1938-04,T-36,1,0,P-89034,T-36,89',second half,0,0
G-0159,WC-1938,M-1938-05,T-41,1,0,P-58640,T-41,2',first half,0,0
G-0160,WC-1938,M-1938-05,T-53,0,1,P-07024,T-53,83',second half,0,0
G-0161,WC-1938,M-1938-05,T-41,1,0,P-65885,T-41,94',"extra time, first half",0,0
G-0162,WC-1938,M-1938-06,T-09,1,0,P-09730,T-09,18',first half,0,0
G-0163,WC-1938,M-1938-06,T-57,0,1,P-72075,T-57,23',first half,0,1
G-0164,WC-1938,M-1938-06,T-09,1,0,P-44339,T-09,25',first half,0,0
G-0165,WC-1938,M-1938-06,T-09,1,0,P-70927,T-09,44',first half,0,0
G-0166,WC-1938,M-1938-06,T-57,0,1,P-13828,T-57,53',second half,0,0
G-0167,WC-1938,M-1938-06,T-57,0,1,P-13828,T-57,59',second half,0,0
G-0168,WC-1938,M-1938-06,T-09,1,0,P-70927,T-09,71',second half,0,0
G-0169,WC-1938,M-1938-06,T-57,0,1,P-13828,T-57,89',second half,0,0
G-0170,WC-1938,M-1938-06,T-09,1,0,P-09730,T-09,93',"extra time, first half",0,0
G-0171,WC-1938,M-1938-06,T-09,1,0,P-09730,T-09,104',"extra time, first half",0,0
G-0172,WC-1938,M-1938-06,T-57,0,1,P-13828,T-57,118',"extra time, second half",0,0
G-0173,WC-1938,M-1938-07,T-21,1,0,P-53978,T-21,93',"extra time, first half",0,0
G-0174,WC-1938,M-1938-07,T-21,1,0,P-27945,T-21,111',"extra time, second half",0,0
G-0175,WC-1938,M-1938-07,T-21,1,0,P-60513,T-21,118',"extra time, second half",0,0
G-0176,WC-1938,M-1938-08,T-61,0,1,P-55855,T-61,35',first half,0,0
G-0177,WC-1938,M-1938-08,T-19,1,0,P-77922,T-19,51',second half,0,0
G-0178,WC-1938,M-1938-08,T-19,1,0,P-77302,T-19,57',second half,0,0
G-0179,WC-1938,M-1938-09,T-31,0,1,P-53466,T-31,8',first half,0,0
G-0180,WC-1938,M-1938-09,T-31,0,1,P-42031,T-75,22',first half,1,0
G-0181,WC-1938,M-1938-09,T-75,1,0,P-81006,T-75,42',first half,0,0
G-0182,WC-1938,M-1938-09,T-75,1,0,P-50918,T-75,64',second half,0,0
G-0183,WC-1938,M-1938-09,T-75,1,0,P-85334,T-75,75',second half,0,0
G-0184,WC-1938,M-1938-09,T-75,1,0,P-85334,T-75,78',second half,0,0
G-0185,WC-1938,M-1938-10,T-09,1,0,P-09730,T-09,30',first half,0,0
G-0186,WC-1938,M-1938-10,T-21,0,1,P-60513,T-21,65',second half,0,1
G-0187,WC-1938,M-1938-11,T-36,1,0,P-89034,T-36,40',first half,0,0
G-0188,WC-1938,M-1938-11,T-36,1,0,P-67652,T-36,89',second half,0,0
G-0189,WC-1938,M-1938-12,T-41,1,0,P-76066,T-41,9',first half,0,0
G-0190,WC-1938,M-1938-12,T-30,0,1,P-78235,T-30,10',first half,0,0
G-0191,WC-1938,M-1938-12,T-41,1,0,P-65885,T-41,51',second half,0,0
G-0192,WC-1938,M-1938-12,T-41,1,0,P-65885,T-41,72',second half,0,0
G-0193,WC-1938,M-1938-13,T-74,1,0,P-38092,T-74,9',first half,0,0
G-0194,WC-1938,M-1938-13,T-74,1,0,P-58852,T-74,22',first half,0,0
G-0195,WC-1938,M-1938-13,T-74,1,0,P-58852,T-74,37',first half,0,0
G-0196,WC-1938,M-1938-13,T-74,1,0,P-58852,T-74,44',first half,0,0
G-0197,WC-1938,M-1938-13,T-74,1,0,P-94204,T-74,80',second half,0,0
G-0198,WC-1938,M-1938-13,T-74,1,0,P-38092,T-74,81',second half,0,0
G-0199,WC-1938,M-1938-13,T-74,1,0,P-97601,T-74,84',second half,0,0
G-0200,WC-1938,M-1938-13,T-74,1,0,P-38092,T-74,89',second half,0,0
G-0201,WC-1938,M-1938-14,T-21,0,1,P-64425,T-21,25',first half,0,0
G-0202,WC-1938,M-1938-14,T-09,1,0,P-09730,T-09,57',second half,0,0
G-0203,WC-1938,M-1938-14,T-09,1,0,P-81322,T-09,62',second half,0,0
G-0204,WC-1938,M-1938-15,T-74,0,1,P-97601,T-74,1',first half,0,0
G-0205,WC-1938,M-1938-15,T-36,1,0,P-90805,T-74,19',first half,1,0
G-0206,WC-1938,M-1938-15,T-36,1,0,P-24305,T-36,37',first half,0,0
G-0207,WC-1938,M-1938-15,T-36,1,0,P-67652,T-36,39',first half,0,0
G-0208,WC-1938,M-1938-15,T-36,1,0,P-89034,T-36,65',second half,0,0
G-0209,WC-1938,M-1938-15,T-36,1,0,P-67652,T-36,85',second half,0,0
G-0210,WC-1938,M-1938-16,T-41,1,0,P-76066,T-41,51',second half,0,0
G-0211,WC-1938,M-1938-16,T-41,1,0,P-34536,T-41,60',second half,0,1
G-0212,WC-1938,M-1938-16,T-09,0,1,P-44339,T-09,87',second half,0,0
G-0213,WC-1938,M-1938-17,T-74,0,1,P-79374,T-74,28',first half,0,0
G-0214,WC-1938,M-1938-17,T-74,0,1,P-97601,T-74,38',first half,0,0
G-0215,WC-1938,M-1938-17,T-09,1,0,P-44339,T-09,44',first half,0,0
G-0216,WC-1938,M-1938-17,T-09,1,0,P-09730,T-09,63',second half,0,0
G-0217,WC-1938,M-1938-17,T-09,1,0,P-09730,T-09,74',second half,0,0
G-0218,WC-1938,M-1938-17,T-09,1,0,P-70927,T-09,80',second half,0,0
G-0219,WC-1938,M-1938-18,T-41,1,0,P-76066,T-41,6',first half,0,0
G-0220,WC-1938,M-1938-18,T-36,0,1,P-24305,T-36,8',first half,0,0
G-0221,WC-1938,M-1938-18,T-41,1,0,P-65885,T-41,16',first half,0,0
G-0222,WC-1938,M-1938-18,T-41,1,0,P-76066,T-41,35',first half,0,0
G-0223,WC-1938,M-1938-18,T-36,0,1,P-89034,T-36,70',second half,0,0
G-0224,WC-1938,M-1938-18,T-41,1,0,P-65885,T-41,82',second half,0,0
G-0225,WC-1950,M-1950-01,T-09,1,0,P-49381,T-09,30',first half,0,0
G-0226,WC-1950,M-1950-01,T-09,1,0,P-44754,T-09,65',second half,0,0
G-0227,WC-1950,M-1950-01,T-09,1,0,P-17754,T-09,71',second half,0,0
G-0228,WC-1950,M-1950-01,T-09,1,0,P-49381,T-09,79',second half,0,0
G-0229,WC-1950,M-1950-02,T-87,1,0,P-50931,T-87,59',second half,0,0
G-0230,WC-1950,M-1950-02,T-87,1,0,P-07620,T-87,70',second half,0,0
G-0231,WC-1950,M-1950-02,T-87,1,0,P-87730,T-87,84',second half,0,0
G-0232,WC-1950,M-1950-03,T-28,1,0,P-89453,T-28,39',first half,0,0
G-0233,WC-1950,M-1950-03,T-28,1,0,P-71516,T-28,51',second half,0,0
G-0234,WC-1950,M-1950-04,T-83,0,1,P-88982,T-83,17',first half,0,0
G-0235,WC-1950,M-1950-04,T-73,1,0,P-24336,T-73,81',second half,0,0
G-0236,WC-1950,M-1950-04,T-73,1,0,P-26928,T-73,83',second half,0,0
G-0237,WC-1950,M-1950-04,T-73,1,0,P-65220,T-73,89',second half,0,0
G-0238,WC-1950,M-1950-05,T-41,0,1,P-51460,T-41,7',first half,0,0
G-0239,WC-1950,M-1950-05,T-74,1,0,P-03089,T-74,25',first half,0,0
G-0240,WC-1950,M-1950-05,T-74,1,0,P-91027,T-74,33',first half,0,0
G-0241,WC-1950,M-1950-05,T-74,1,0,P-03089,T-74,68',second half,0,0
G-0242,WC-1950,M-1950-05,T-41,0,1,P-49869,T-41,75',second half,0,0
G-0243,WC-1950,M-1950-06,T-09,1,0,P-83086,T-09,3',first half,0,0
G-0244,WC-1950,M-1950-06,T-75,0,1,P-80623,T-75,17',first half,0,0
G-0245,WC-1950,M-1950-06,T-09,1,0,P-17754,T-09,32',first half,0,0
G-0246,WC-1950,M-1950-06,T-75,0,1,P-80623,T-75,88',second half,0,0
G-0247,WC-1950,M-1950-07,T-87,1,0,P-83431,T-87,20',first half,0,0
G-0248,WC-1950,M-1950-07,T-87,1,0,P-23914,T-87,23',first half,0,0
G-0249,WC-1950,M-1950-07,T-87,1,0,P-23914,T-87,51',second half,0,0
G-0250,WC-1950,M-1950-07,T-87,1,0,P-07620,T-87,81',second half,0,0
G-0251,WC-1950,M-1950-07,T-46,0,1,P-36858,T-46,89',second half,0,1
G-0252,WC-1950,M-1950-08,T-73,1,0,P-26928,T-73,17',first half,0,0
G-0253,WC-1950,M-1950-08,T-73,1,0,P-65220,T-73,30',first half,0,0
G-0254,WC-1950,M-1950-09,T-83,1,0,P-62622,T-83,38',first half,0,0
G-0255,WC-1950,M-1950-10,T-74,1,0,P-87073,T-74,17',first half,0,0
G-0256,WC-1950,M-1950-10,T-74,1,0,P-52190,T-74,26',first half,0,0
G-0257,WC-1950,M-1950-10,T-55,0,1,P-31665,T-55,35',first half,0,0
G-0258,WC-1950,M-1950-10,T-55,0,1,P-95911,T-55,74',second half,0,0
G-0259,WC-1950,M-1950-11,T-09,1,0,P-49381,T-09,4',first half,0,0
G-0260,WC-1950,M-1950-11,T-09,1,0,P-73743,T-09,69',second half,0,0
G-0261,WC-1950,M-1950-12,T-13,1,0,P-14657,T-13,16',first half,0,0
G-0262,WC-1950,M-1950-12,T-13,1,0,P-86320,T-13,32',first half,0,0
G-0263,WC-1950,M-1950-12,T-83,0,1,P-37569,T-83,47',second half,0,0
G-0264,WC-1950,M-1950-12,T-83,0,1,P-59276,T-83,48',second half,0,1
G-0265,WC-1950,M-1950-12,T-13,1,0,P-56453,T-13,54',second half,0,0
G-0266,WC-1950,M-1950-12,T-13,1,0,P-86320,T-13,60',second half,0,0
G-0267,WC-1950,M-1950-12,T-13,1,0,P-92243,T-13,82',second half,0,0
G-0268,WC-1950,M-1950-13,T-73,1,0,P-65220,T-73,48',second half,0,0
G-0269,WC-1950,M-1950-14,T-41,1,0,P-51460,T-41,12',first half,0,0
G-0270,WC-1950,M-1950-14,T-41,1,0,P-00152,T-41,62',second half,0,0
G-0271,WC-1950,M-1950-15,T-84,1,0,P-18523,T-84,14',first half,0,0
G-0272,WC-1950,M-1950-15,T-84,1,0,P-36239,T-84,18',first half,0,0
G-0273,WC-1950,M-1950-15,T-84,1,0,P-38873,T-84,23',first half,0,0
G-0274,WC-1950,M-1950-15,T-84,1,0,P-18523,T-84,40',first half,0,0
G-0275,WC-1950,M-1950-15,T-84,1,0,P-18523,T-84,51',second half,0,0
G-0276,WC-1950,M-1950-15,T-84,1,0,P-38873,T-84,54',second half,0,0
G-0277,WC-1950,M-1950-15,T-84,1,0,P-84660,T-84,83',second half,0,0
G-0278,WC-1950,M-1950-15,T-84,1,0,P-16302,T-84,87',second half,0,0
G-0279,WC-1950,M-1950-16,T-75,1,0,P-69750,T-75,10',first half,0,0
G-0280,WC-1950,M-1950-16,T-75,1,0,P-98547,T-75,44',first half,0,0
G-0281,WC-1950,M-1950-16,T-46,0,1,P-22131,T-46,89',second half,0,0
G-0282,WC-1950,M-1950-17,T-09,1,0,P-49381,T-09,17',first half,0,0
G-0283,WC-1950,M-1950-17,T-09,1,0,P-49381,T-09,36',first half,0,0
G-0284,WC-1950,M-1950-17,T-09,1,0,P-22428,T-09,39',first half,0,0
G-0285,WC-1950,M-1950-17,T-09,1,0,P-49381,T-09,52',second half,0,0
G-0286,WC-1950,M-1950-17,T-09,1,0,P-49381,T-09,58',second half,0,0
G-0287,WC-1950,M-1950-17,T-74,0,1,P-91027,T-74,67',second half,0,1
G-0288,WC-1950,M-1950-17,T-09,1,0,P-99436,T-09,85',second half,0,0
G-0289,WC-1950,M-1950-17,T-09,1,0,P-22428,T-09,88',second half,0,0
G-0290,WC-1950,M-1950-18,T-84,1,0,P-16302,T-84,29',first half,0,0
G-0291,WC-1950,M-1950-18,T-73,0,1,P-26928,T-73,37',first half,0,0
G-0292,WC-1950,M-1950-18,T-73,0,1,P-26928,T-73,39',first half,0,0
G-0293,WC-1950,M-1950-18,T-84,1,0,P-65940,T-84,73',second half,0,0
G-0294,WC-1950,M-1950-19,T-09,1,0,P-49381,T-09,15',first half,0,0
G-0295,WC-1950,M-1950-19,T-09,1,0,P-44754,T-09,21',first half,0,0
G-0296,WC-1950,M-1950-19,T-09,1,0,P-22428,T-09,31',first half,0,0
G-0297,WC-1950,M-1950-19,T-09,1,0,P-22428,T-09,55',second half,0,0
G-0298,WC-1950,M-1950-19,T-09,1,0,P-49381,T-09,57',second half,0,0
G-0299,WC-1950,M-1950-19,T-09,1,0,P-73743,T-09,67',second half,0,0
G-0300,WC-1950,M-1950-19,T-73,0,1,P-24336,T-73,71',second half,0,0
G-0301,WC-1950,M-1950-20,T-74,0,1,P-52190,T-74,5',first half,0,0
G-0302,WC-1950,M-1950-20,T-84,1,0,P-16302,T-84,39',first half,0,0
G-0303,WC-1950,M-1950-20,T-74,0,1,P-87073,T-74,40',first half,0,0
G-0304,WC-1950,M-1950-20,T-84,1,0,P-18523,T-84,77',second half,0,0
G-0305,WC-1950,M-1950-20,T-84,1,0,P-18523,T-84,85',second half,0,0
G-0306,WC-1950,M-1950-21,T-74,1,0,P-87073,T-74,15',first half,0,0
G-0307,WC-1950,M-1950-21,T-74,1,0,P-59295,T-74,33',first half,0,0
G-0308,WC-1950,M-1950-21,T-74,1,0,P-52190,T-74,80',second half,0,0
G-0309,WC-1950,M-1950-21,T-73,0,1,P-65220,T-73,82',second half,0,0
G-0310,WC-1950,M-1950-22,T-09,0,1,P-21738,T-09,47',second half,0,0
G-0311,WC-1950,M-1950-22,T-84,1,0,P-38873,T-84,66',second half,0,0
G-0312,WC-1950,M-1950-22,T-84,1,0,P-16302,T-84,79',second half,0,0
G-0313,WC-1954,M-1954-01,T-09,1,0,P-17754,T-09,23',first half,0,0
G-0314,WC-1954,M-1954-01,T-09,1,0,P-76740,T-09,30',first half,0,0
G-0315,WC-1954,M-1954-01,T-09,1,0,P-15387,T-09,34',first half,0,0
G-0316,WC-1954,M-1954-01,T-09,1,0,P-15387,T-09,43',first half,0,0
G-0317,WC-1954,M-1954-01,T-09,1,0,P-08966,T-09,69',second half,0,0
G-0318,WC-1954,M-1954-02,T-87,1,0,P-00042,T-87,15',first half,0,0
G-0319,WC-1954,M-1954-03,T-05,1,0,P-85257,T-05,33',first half,0,0
G-0320,WC-1954,M-1954-04,T-84,1,0,P-18523,T-84,71',second half,0,0
G-0321,WC-1954,M-1954-04,T-84,1,0,P-38873,T-84,84',second half,0,0
G-0322,WC-1954,M-1954-05,T-75,1,0,P-63738,T-75,18',first half,0,0
G-0323,WC-1954,M-1954-05,T-41,0,1,P-75209,T-41,44',first half,0,0
G-0324,WC-1954,M-1954-05,T-75,1,0,P-14406,T-75,78',second half,0,0
G-0325,WC-1954,M-1954-06,T-36,1,0,P-12676,T-36,12',first half,0,0
G-0326,WC-1954,M-1954-06,T-36,1,0,P-29493,T-36,18',first half,0,0
G-0327,WC-1954,M-1954-06,T-36,1,0,P-07028,T-36,24',first half,0,0
G-0328,WC-1954,M-1954-06,T-36,1,0,P-07028,T-36,36',first half,0,0
G-0329,WC-1954,M-1954-06,T-36,1,0,P-07028,T-36,50',second half,0,0
G-0330,WC-1954,M-1954-06,T-36,1,0,P-93334,T-36,59',second half,0,0
G-0331,WC-1954,M-1954-06,T-36,1,0,P-42138,T-36,75',second half,0,0
G-0332,WC-1954,M-1954-06,T-36,1,0,P-42138,T-36,83',second half,0,0
G-0333,WC-1954,M-1954-06,T-36,1,0,P-12676,T-36,89',second half,0,0
G-0334,WC-1954,M-1954-07,T-80,0,1,P-71884,T-80,2',first half,0,0
G-0335,WC-1954,M-1954-07,T-86,1,0,P-63184,T-86,14',first half,0,0
G-0336,WC-1954,M-1954-07,T-86,1,0,P-33698,T-86,52',second half,0,0
G-0337,WC-1954,M-1954-07,T-86,1,0,P-71954,T-86,60',second half,0,0
G-0338,WC-1954,M-1954-07,T-86,1,0,P-05766,T-86,84',second half,0,0
G-0339,WC-1954,M-1954-08,T-06,0,1,P-99158,T-06,5',first half,0,0
G-0340,WC-1954,M-1954-08,T-28,1,0,P-88758,T-28,26',first half,0,0
G-0341,WC-1954,M-1954-08,T-28,1,0,P-81234,T-28,36',first half,0,0
G-0342,WC-1954,M-1954-08,T-28,1,0,P-88758,T-28,63',second half,0,0
G-0343,WC-1954,M-1954-08,T-06,0,1,P-26664,T-06,67',second half,0,0
G-0344,WC-1954,M-1954-08,T-06,0,1,P-99158,T-06,71',second half,0,0
G-0345,WC-1954,M-1954-08,T-28,1,0,P-81234,T-28,91',"extra time, first half",0,0
G-0346,WC-1954,M-1954-08,T-06,0,1,P-49092,T-28,94',"extra time, first half",1,0
G-0347,WC-1954,M-1954-09,T-84,1,0,P-90496,T-84,17',first half,0,0
G-0348,WC-1954,M-1954-09,T-84,1,0,P-18523,T-84,30',first half,0,0
G-0349,WC-1954,M-1954-09,T-84,1,0,P-90496,T-84,47',second half,0,0
G-0350,WC-1954,M-1954-09,T-84,1,0,P-78277,T-84,54',second half,0,0
G-0351,WC-1954,M-1954-09,T-84,1,0,P-90496,T-84,57',second half,0,0
G-0352,WC-1954,M-1954-09,T-84,1,0,P-18523,T-84,83',second half,0,0
G-0353,WC-1954,M-1954-09,T-84,1,0,P-78277,T-84,85',second half,0,0
G-0354,WC-1954,M-1954-10,T-87,0,1,P-74352,T-87,48',second half,0,0
G-0355,WC-1954,M-1954-10,T-09,1,0,P-76740,T-09,69',second half,0,0
G-0356,WC-1954,M-1954-11,T-05,1,0,P-51339,T-05,3',first half,0,0
G-0357,WC-1954,M-1954-11,T-05,1,0,P-85257,T-05,4',first half,0,0
G-0358,WC-1954,M-1954-11,T-05,1,0,P-85257,T-05,21',first half,0,0
G-0359,WC-1954,M-1954-11,T-05,1,0,P-85257,T-05,24',first half,0,0
G-0360,WC-1954,M-1954-11,T-05,1,0,P-51339,T-05,65',second half,0,0
G-0361,WC-1954,M-1954-12,T-30,1,0,P-78417,T-30,19',first half,0,0
G-0362,WC-1954,M-1954-12,T-30,1,0,P-53255,T-46,46',second half,1,0
G-0363,WC-1954,M-1954-12,T-46,0,1,P-53183,T-46,54',second half,0,0
G-0364,WC-1954,M-1954-12,T-46,0,1,P-66576,T-46,85',second half,0,0
G-0365,WC-1954,M-1954-12,T-30,1,0,P-94605,T-30,88',second half,0,1
G-0366,WC-1954,M-1954-13,T-36,1,0,P-07028,T-36,3',first half,0,0
G-0367,WC-1954,M-1954-13,T-36,1,0,P-12676,T-36,17',first half,0,0
G-0368,WC-1954,M-1954-13,T-36,1,0,P-07028,T-36,21',first half,0,0
G-0369,WC-1954,M-1954-13,T-86,0,1,P-57739,T-86,25',first half,0,0
G-0370,WC-1954,M-1954-13,T-36,1,0,P-01173,T-36,52',second half,0,0
G-0371,WC-1954,M-1954-13,T-36,1,0,P-01173,T-36,54',second half,0,0
G-0372,WC-1954,M-1954-13,T-36,1,0,P-07028,T-36,69',second half,0,0
G-0373,WC-1954,M-1954-13,T-36,1,0,P-23830,T-36,75',second half,0,0
G-0374,WC-1954,M-1954-13,T-86,0,1,P-08136,T-86,77',second half,0,0
G-0375,WC-1954,M-1954-13,T-36,1,0,P-07028,T-36,78',second half,0,0
G-0376,WC-1954,M-1954-13,T-86,0,1,P-58241,T-86,84',second half,0,0
G-0377,WC-1954,M-1954-14,T-80,1,0,P-71884,T-80,10',first half,0,0
G-0378,WC-1954,M-1954-14,T-80,1,0,P-92456,T-80,24',first half,0,0
G-0379,WC-1954,M-1954-14,T-80,1,0,P-71884,T-80,30',first half,0,0
G-0380,WC-1954,M-1954-14,T-80,1,0,P-04515,T-80,37',first half,0,0
G-0381,WC-1954,M-1954-14,T-80,1,0,P-04515,T-80,64',second half,0,0
G-0382,WC-1954,M-1954-14,T-80,1,0,P-04515,T-80,70',second half,0,0
G-0383,WC-1954,M-1954-14,T-80,1,0,P-15472,T-80,76',second half,0,0
G-0384,WC-1954,M-1954-15,T-41,1,0,P-00152,T-41,41',first half,0,1
G-0385,WC-1954,M-1954-15,T-41,1,0,P-32442,T-41,48',second half,0,0
G-0386,WC-1954,M-1954-15,T-41,1,0,P-64967,T-41,58',second half,0,0
G-0387,WC-1954,M-1954-15,T-41,1,0,P-45203,T-41,78',second half,0,0
G-0388,WC-1954,M-1954-15,T-06,0,1,P-99158,T-06,81',second half,0,0
G-0389,WC-1954,M-1954-16,T-28,1,0,P-82512,T-28,43',first half,0,0
G-0390,WC-1954,M-1954-16,T-28,1,0,P-25319,T-28,69',second half,0,0
G-0391,WC-1954,M-1954-17,T-86,1,0,P-71954,T-86,7',first half,0,0
G-0392,WC-1954,M-1954-17,T-86,1,0,P-63184,T-86,12',first half,0,0
G-0393,WC-1954,M-1954-17,T-80,0,1,P-04447,T-80,21',first half,0,0
G-0394,WC-1954,M-1954-17,T-86,1,0,P-05766,T-86,30',first half,0,0
G-0395,WC-1954,M-1954-17,T-86,1,0,P-05766,T-86,60',second half,0,0
G-0396,WC-1954,M-1954-17,T-86,1,0,P-09973,T-86,62',second half,0,0
G-0397,WC-1954,M-1954-17,T-86,1,0,P-05766,T-86,77',second half,0,0
G-0398,WC-1954,M-1954-17,T-86,1,0,P-63184,T-86,79',second half,0,0
G-0399,WC-1954,M-1954-17,T-80,0,1,P-92456,T-80,82',second half,0,0
G-0400,WC-1954,M-1954-18,T-75,1,0,P-14406,T-75,14',first half,0,0
G-0401,WC-1954,M-1954-18,T-75,1,0,P-63738,T-75,48',second half,0,0
G-0402,WC-1954,M-1954-18,T-41,0,1,P-17534,T-41,67',second half,0,0
G-0403,WC-1954,M-1954-18,T-75,1,0,P-14406,T-75,85',second half,0,0
G-0404,WC-1954,M-1954-18,T-75,1,0,P-80623,T-75,90',second half,0,0
G-0405,WC-1954,M-1954-19,T-75,0,1,P-63738,T-75,16',first half,0,0
G-0406,WC-1954,M-1954-19,T-75,0,1,P-14406,T-75,17',first half,0,0
G-0407,WC-1954,M-1954-19,T-75,0,1,P-14406,T-75,19',first half,0,0
G-0408,WC-1954,M-1954-19,T-05,1,0,P-35865,T-05,25',first half,0,0
G-0409,WC-1954,M-1954-19,T-05,1,0,P-26700,T-05,26',first half,0,0
G-0410,WC-1954,M-1954-19,T-05,1,0,P-35865,T-05,27',first half,0,0
G-0411,WC-1954,M-1954-19,T-05,1,0,P-53882,T-05,32',first half,0,0
G-0412,WC-1954,M-1954-19,T-05,1,0,P-26700,T-05,34',first half,0,0
G-0413,WC-1954,M-1954-19,T-75,0,1,P-63738,T-75,39',first half,0,0
G-0414,WC-1954,M-1954-19,T-05,1,0,P-35865,T-05,53',second half,0,0
G-0415,WC-1954,M-1954-19,T-75,0,1,P-14406,T-75,60',second half,0,0
G-0416,WC-1954,M-1954-19,T-05,1,0,P-85257,T-05,76',second half,0,0
G-0417,WC-1954,M-1954-20,T-84,1,0,P-90496,T-84,5',first half,0,0
G-0418,WC-1954,M-1954-20,T-28,0,1,P-81234,T-28,16',first half,0,0
G-0419,WC-1954,M-1954-20,T-84,1,0,P-65940,T-84,39',first half,0,0
G-0420,WC-1954,M-1954-20,T-84,1,0,P-38873,T-84,46',second half,0,0
G-0421,WC-1954,M-1954-20,T-28,0,1,P-86813,T-28,67',second half,0,0
G-0422,WC-1954,M-1954-20,T-84,1,0,P-66683,T-84,78',second half,0,0
G-0423,WC-1954,M-1954-21,T-36,1,0,P-01173,T-36,4',first half,0,0
G-0424,WC-1954,M-1954-21,T-36,1,0,P-07028,T-36,7',first half,0,0
G-0425,WC-1954,M-1954-21,T-09,0,1,P-52002,T-09,18',first half,0,1
G-0426,WC-1954,M-1954-21,T-36,1,0,P-29493,T-36,60',second half,0,1
G-0427,WC-1954,M-1954-21,T-09,0,1,P-08966,T-09,65',second half,0,0
G-0428,WC-1954,M-1954-21,T-36,1,0,P-07028,T-36,88',second half,0,0
G-0429,WC-1954,M-1954-22,T-86,1,0,P-78579,T-87,9',first half,1,0
G-0430,WC-1954,M-1954-22,T-86,1,0,P-08136,T-86,85',second half,0,0
G-0431,WC-1954,M-1954-23,T-36,1,0,P-93334,T-36,13',first half,0,0
G-0432,WC-1954,M-1954-23,T-36,1,0,P-01173,T-36,46',second half,0,0
G-0433,WC-1954,M-1954-23,T-84,0,1,P-10601,T-84,75',second half,0,0
G-0434,WC-1954,M-1954-23,T-84,0,1,P-10601,T-84,86',second half,0,0
G-0435,WC-1954,M-1954-23,T-36,1,0,P-07028,T-36,111',"extra time, second half",0,0
G-0436,WC-1954,M-1954-23,T-36,1,0,P-07028,T-36,116',"extra time, second half",0,0
G-0437,WC-1954,M-1954-24,T-86,1,0,P-63184,T-86,31',first half,0,0
G-0438,WC-1954,M-1954-24,T-86,1,0,P-05766,T-86,47',second half,0,0
G-0439,WC-1954,M-1954-24,T-05,0,1,P-85257,T-05,51',second half,0,0
G-0440,WC-1954,M-1954-24,T-86,1,0,P-09973,T-86,54',second half,0,1
G-0441,WC-1954,M-1954-24,T-86,1,0,P-71954,T-86,61',second half,0,0
G-0442,WC-1954,M-1954-24,T-86,1,0,P-09973,T-86,64',second half,0,1
G-0443,WC-1954,M-1954-24,T-86,1,0,P-71954,T-86,89',second half,0,0
G-0444,WC-1954,M-1954-25,T-05,1,0,P-51339,T-05,16',first half,0,1
G-0445,WC-1954,M-1954-25,T-84,0,1,P-10601,T-84,22',first half,0,0
G-0446,WC-1954,M-1954-25,T-05,1,0,P-92883,T-84,59',second half,1,0
G-0447,WC-1954,M-1954-25,T-05,1,0,P-53882,T-05,89',second half,0,0
G-0448,WC-1954,M-1954-26,T-36,0,1,P-12676,T-36,6',first half,0,0
G-0449,WC-1954,M-1954-26,T-36,0,1,P-93334,T-36,8',first half,0,0
G-0450,WC-1954,M-1954-26,T-86,1,0,P-05766,T-86,10',first half,0,0
G-0451,WC-1954,M-1954-26,T-86,1,0,P-08136,T-86,18',first half,0,0
G-0452,WC-1954,M-1954-26,T-86,1,0,P-08136,T-86,84',second half,0,0
G-0453,WC-1958,M-1958-01,T-74,1,0,P-82312,T-74,17',first half,0,0
G-0454,WC-1958,M-1958-01,T-74,1,0,P-10338,T-74,57',second half,0,1
G-0455,WC-1958,M-1958-01,T-74,1,0,P-82312,T-74,64',second half,0,0
G-0456,WC-1958,M-1958-02,T-03,1,0,P-71952,T-03,3',first half,0,0
G-0457,WC-1958,M-1958-02,T-86,0,1,P-08136,T-86,32',first half,0,0
G-0458,WC-1958,M-1958-02,T-86,0,1,P-64138,T-86,42',first half,0,0
G-0459,WC-1958,M-1958-02,T-86,0,1,P-08136,T-86,79',second half,0,0
G-0460,WC-1958,M-1958-03,T-52,1,0,P-36975,T-52,21',first half,0,0
G-0461,WC-1958,M-1958-04,T-55,0,1,P-19817,T-55,20',first half,0,0
G-0462,WC-1958,M-1958-04,T-30,1,0,P-77939,T-30,24',first half,0,0
G-0463,WC-1958,M-1958-04,T-30,1,0,P-77939,T-30,30',first half,0,0
G-0464,WC-1958,M-1958-04,T-55,0,1,P-19817,T-55,44',first half,0,1
G-0465,WC-1958,M-1958-04,T-55,0,1,P-32438,T-55,50',second half,0,0
G-0466,WC-1958,M-1958-04,T-30,1,0,P-38969,T-30,52',second half,0,0
G-0467,WC-1958,M-1958-04,T-30,1,0,P-75977,T-30,61',second half,0,0
G-0468,WC-1958,M-1958-04,T-30,1,0,P-77939,T-30,67',second half,0,0
G-0469,WC-1958,M-1958-04,T-30,1,0,P-94605,T-30,70',second half,0,0
G-0470,WC-1958,M-1958-04,T-30,1,0,P-78417,T-30,83',second half,0,0
G-0471,WC-1958,M-1958-05,T-87,1,0,P-85317,T-87,6',first half,0,0
G-0472,WC-1958,M-1958-05,T-64,0,1,P-07282,T-64,49',second half,0,0
G-0473,WC-1958,M-1958-06,T-36,1,0,P-70989,T-36,5',first half,0,0
G-0474,WC-1958,M-1958-06,T-85,0,1,P-12687,T-85,27',first half,0,0
G-0475,WC-1958,M-1958-07,T-09,1,0,P-60629,T-09,37',first half,0,0
G-0476,WC-1958,M-1958-07,T-09,1,0,P-75955,T-09,50',second half,0,0
G-0477,WC-1958,M-1958-07,T-09,1,0,P-60629,T-09,85',second half,0,0
G-0478,WC-1958,M-1958-08,T-72,1,0,P-54948,T-72,13',first half,0,0
G-0479,WC-1958,M-1958-08,T-72,1,0,P-92440,T-72,56',second half,0,0
G-0480,WC-1958,M-1958-08,T-28,0,1,P-60811,T-28,66',second half,0,0
G-0481,WC-1958,M-1958-08,T-28,0,1,P-86813,T-28,85',second half,0,1
G-0482,WC-1958,M-1958-09,T-52,0,1,P-77851,T-52,4',first half,0,0
G-0483,WC-1958,M-1958-09,T-03,1,0,P-71952,T-03,37',first half,0,1
G-0484,WC-1958,M-1958-09,T-03,1,0,P-98280,T-03,56',second half,0,0
G-0485,WC-1958,M-1958-09,T-03,1,0,P-20645,T-03,60',second half,0,0
G-0486,WC-1958,M-1958-10,T-21,0,1,P-65506,T-21,24',first half,0,1
G-0487,WC-1958,M-1958-10,T-21,0,1,P-71720,T-21,42',first half,0,0
G-0488,WC-1958,M-1958-10,T-86,1,0,P-63184,T-86,60',second half,0,0
G-0489,WC-1958,M-1958-10,T-86,1,0,P-08136,T-86,71',second half,0,0
G-0490,WC-1958,M-1958-11,T-55,1,0,P-17292,T-55,4',first half,0,0
G-0491,WC-1958,M-1958-11,T-64,0,1,P-19215,T-64,24',first half,0,0
G-0492,WC-1958,M-1958-11,T-55,1,0,P-65484,T-55,45',first half,0,0
G-0493,WC-1958,M-1958-11,T-55,1,0,P-22636,T-55,73',second half,0,0
G-0494,WC-1958,M-1958-11,T-64,0,1,P-75309,T-64,74',second half,0,0
G-0495,WC-1958,M-1958-12,T-30,0,1,P-77939,T-30,4',first half,0,0
G-0496,WC-1958,M-1958-12,T-87,1,0,P-85317,T-87,16',first half,0,0
G-0497,WC-1958,M-1958-12,T-87,1,0,P-47783,T-87,63',second half,0,0
G-0498,WC-1958,M-1958-12,T-30,0,1,P-77939,T-30,85',second half,0,0
G-0499,WC-1958,M-1958-12,T-87,1,0,P-47783,T-87,88',second half,0,0
G-0500,WC-1958,M-1958-13,T-85,0,1,P-71223,T-85,32',first half,0,0
G-0501,WC-1958,M-1958-13,T-46,1,0,P-10223,T-46,89',second half,0,0
G-0502,WC-1958,M-1958-15,T-72,1,0,P-80609,T-72,15',first half,0,0
G-0503,WC-1958,M-1958-15,T-72,1,0,P-11702,T-72,62',second half,0,0
G-0504,WC-1958,M-1958-16,T-74,1,0,P-20173,T-74,34',first half,0,0
G-0505,WC-1958,M-1958-16,T-74,1,0,P-20173,T-74,55',second half,0,0
G-0506,WC-1958,M-1958-16,T-36,0,1,P-82971,T-36,77',second half,0,0
G-0507,WC-1958,M-1958-18,T-21,1,0,P-65506,T-21,8',first half,0,0
G-0508,WC-1958,M-1958-18,T-21,1,0,P-71720,T-21,17',first half,0,0
G-0509,WC-1958,M-1958-18,T-21,1,0,P-71720,T-21,40',first half,0,0
G-0510,WC-1958,M-1958-18,T-03,0,1,P-71952,T-03,65',second half,0,1
G-0511,WC-1958,M-1958-18,T-21,1,0,P-45404,T-21,69',second half,0,0
G-0512,WC-1958,M-1958-18,T-21,1,0,P-28805,T-21,82',second half,0,0
G-0513,WC-1958,M-1958-18,T-21,1,0,P-28805,T-21,89',second half,0,0
G-0514,WC-1958,M-1958-19,T-52,0,1,P-77851,T-52,18',first half,0,0
G-0515,WC-1958,M-1958-19,T-86,1,0,P-08136,T-86,20',first half,0,0
G-0516,WC-1958,M-1958-19,T-52,0,1,P-77851,T-52,60',second half,0,0
G-0517,WC-1958,M-1958-19,T-86,1,0,P-64138,T-86,78',second half,0,0
G-0518,WC-1958,M-1958-20,T-30,1,0,P-94605,T-30,22',first half,0,0
G-0519,WC-1958,M-1958-20,T-30,1,0,P-77939,T-30,44',first half,0,0
G-0520,WC-1958,M-1958-20,T-64,0,1,P-73507,T-64,58',second half,0,0
G-0521,WC-1958,M-1958-21,T-87,0,1,P-47145,T-87,18',first half,0,0
G-0522,WC-1958,M-1958-21,T-55,1,0,P-22636,T-55,20',first half,0,0
G-0523,WC-1958,M-1958-21,T-87,0,1,P-47783,T-87,21',first half,0,0
G-0524,WC-1958,M-1958-21,T-55,1,0,P-17292,T-55,52',second half,0,0
G-0525,WC-1958,M-1958-21,T-87,0,1,P-24259,T-87,73',second half,0,0
G-0526,WC-1958,M-1958-21,T-55,1,0,P-32438,T-55,80',second half,0,0
G-0527,WC-1958,M-1958-22,T-36,1,0,P-82971,T-36,19',first half,0,0
G-0528,WC-1958,M-1958-22,T-36,1,0,P-82971,T-36,46',second half,0,0
G-0529,WC-1958,M-1958-22,T-36,1,0,P-69885,T-36,54',second half,0,0
G-0530,WC-1958,M-1958-22,T-36,1,0,P-47384,T-36,69',second half,0,0
G-0531,WC-1958,M-1958-23,T-09,1,0,P-45310,T-09,3',first half,0,0
G-0532,WC-1958,M-1958-23,T-09,1,0,P-45310,T-09,77',second half,0,0
G-0533,WC-1958,M-1958-24,T-05,0,1,P-32967,T-05,15',first half,0,0
G-0534,WC-1958,M-1958-24,T-28,1,0,P-03578,T-28,56',second half,0,0
G-0535,WC-1958,M-1958-24,T-05,0,1,P-26700,T-05,71',second half,0,0
G-0536,WC-1958,M-1958-24,T-28,1,0,P-60811,T-28,74',second half,0,0
G-0537,WC-1958,M-1958-25,T-21,0,1,P-71720,T-21,18',first half,0,0
G-0538,WC-1958,M-1958-25,T-52,1,0,P-77851,T-52,44',first half,0,0
G-0539,WC-1958,M-1958-25,T-52,1,0,P-77851,T-52,97',"extra time, first half",0,0
G-0540,WC-1958,M-1958-26,T-36,0,1,P-82971,T-36,33',first half,0,0
G-0541,WC-1958,M-1958-26,T-85,1,0,P-71223,T-85,55',second half,0,0
G-0542,WC-1958,M-1958-26,T-85,1,0,P-90482,T-85,76',second half,0,0
G-0543,WC-1958,M-1958-27,T-72,1,0,P-80609,T-72,69',second half,0,0
G-0544,WC-1958,M-1958-28,T-09,1,0,P-38906,T-09,66',second half,0,0
G-0545,WC-1958,M-1958-29,T-30,1,0,P-75977,T-30,44',first half,0,0
G-0546,WC-1958,M-1958-29,T-30,1,0,P-77939,T-30,55',second half,0,0
G-0547,WC-1958,M-1958-29,T-30,1,0,P-77939,T-30,63',second half,0,0
G-0548,WC-1958,M-1958-29,T-30,1,0,P-38969,T-30,68',second half,0,0
G-0549,WC-1958,M-1958-30,T-74,1,0,P-20173,T-74,49',second half,0,0
G-0550,WC-1958,M-1958-30,T-74,1,0,P-82312,T-74,88',second half,0,0
G-0551,WC-1958,M-1958-31,T-86,1,0,P-08136,T-86,12',first half,0,0
G-0552,WC-1958,M-1958-32,T-09,1,0,P-45310,T-09,2',first half,0,0
G-0553,WC-1958,M-1958-32,T-30,0,1,P-77939,T-30,9',first half,0,0
G-0554,WC-1958,M-1958-32,T-09,1,0,P-76740,T-09,39',first half,0,0
G-0555,WC-1958,M-1958-32,T-09,1,0,P-38906,T-09,52',second half,0,0
G-0556,WC-1958,M-1958-32,T-09,1,0,P-38906,T-09,64',second half,0,0
G-0557,WC-1958,M-1958-32,T-09,1,0,P-38906,T-09,75',second half,0,0
G-0558,WC-1958,M-1958-32,T-30,0,1,P-38969,T-30,83',second half,0,0
G-0559,WC-1958,M-1958-33,T-86,0,1,P-63184,T-86,24',first half,0,0
G-0560,WC-1958,M-1958-33,T-74,1,0,P-33095,T-74,32',first half,0,0
G-0561,WC-1958,M-1958-33,T-74,1,0,P-69813,T-74,81',second half,0,0
G-0562,WC-1958,M-1958-33,T-74,1,0,P-20173,T-74,88',second half,0,0
G-0563,WC-1958,M-1958-34,T-30,1,0,P-77939,T-30,16',first half,0,0
G-0564,WC-1958,M-1958-34,T-86,0,1,P-93539,T-86,18',first half,0,0
G-0565,WC-1958,M-1958-34,T-30,1,0,P-94605,T-30,27',first half,0,1
G-0566,WC-1958,M-1958-34,T-30,1,0,P-77939,T-30,36',first half,0,0
G-0567,WC-1958,M-1958-34,T-30,1,0,P-08451,T-30,50',second half,0,0
G-0568,WC-1958,M-1958-34,T-86,0,1,P-08136,T-86,52',second half,0,0
G-0569,WC-1958,M-1958-34,T-30,1,0,P-77939,T-30,78',second half,0,0
G-0570,WC-1958,M-1958-34,T-86,0,1,P-63184,T-86,84',second half,0,0
G-0571,WC-1958,M-1958-34,T-30,1,0,P-77939,T-30,89',second half,0,0
G-0572,WC-1958,M-1958-35,T-74,0,1,P-10338,T-74,4',first half,0,0
G-0573,WC-1958,M-1958-35,T-09,1,0,P-45310,T-09,9',first half,0,0
G-0574,WC-1958,M-1958-35,T-09,1,0,P-45310,T-09,32',first half,0,0
G-0575,WC-1958,M-1958-35,T-09,1,0,P-38906,T-09,55',second half,0,0
G-0576,WC-1958,M-1958-35,T-09,1,0,P-38164,T-09,68',second half,0,0
G-0577,WC-1958,M-1958-35,T-74,0,1,P-82312,T-74,80',second half,0,0
G-0578,WC-1958,M-1958-35,T-09,1,0,P-38906,T-09,90',second half,0,0
G-0579,WC-1962,M-1962-01,T-16,0,1,P-32148,T-16,19',first half,0,1
G-0580,WC-1962,M-1962-01,T-84,1,0,P-81929,T-84,56',second half,0,0
G-0581,WC-1962,M-1962-01,T-84,1,0,P-15857,T-84,75',second half,0,0
G-0582,WC-1962,M-1962-02,T-75,0,1,P-25619,T-75,6',first half,0,0
G-0583,WC-1962,M-1962-02,T-13,1,0,P-22224,T-13,44',first half,0,0
G-0584,WC-1962,M-1962-02,T-13,1,0,P-98252,T-13,51',second half,0,0
G-0585,WC-1962,M-1962-02,T-13,1,0,P-22224,T-13,55',second half,0,0
G-0586,WC-1962,M-1962-03,T-09,1,0,P-38164,T-09,56',second half,0,0
G-0587,WC-1962,M-1962-03,T-09,1,0,P-38906,T-09,73',second half,0,0
G-0588,WC-1962,M-1962-04,T-03,1,0,P-14074,T-03,4',first half,0,0
G-0589,WC-1962,M-1962-05,T-72,1,0,P-11702,T-72,51',second half,0,0
G-0590,WC-1962,M-1962-05,T-72,1,0,P-05819,T-72,83',second half,0,0
G-0591,WC-1962,M-1962-07,T-21,1,0,P-53400,T-21,80',second half,0,0
G-0592,WC-1962,M-1962-08,T-36,1,0,P-82971,T-36,17',first half,0,0
G-0593,WC-1962,M-1962-08,T-28,0,1,P-05132,T-28,60',second half,0,1
G-0594,WC-1962,M-1962-08,T-36,1,0,P-21188,T-36,71',second half,0,0
G-0595,WC-1962,M-1962-09,T-84,0,1,P-35342,T-84,19',first half,0,0
G-0596,WC-1962,M-1962-09,T-87,1,0,P-47998,T-87,25',first half,0,1
G-0597,WC-1962,M-1962-09,T-87,1,0,P-05537,T-87,29',first half,0,0
G-0598,WC-1962,M-1962-09,T-87,1,0,P-55024,T-87,49',second half,0,0
G-0599,WC-1962,M-1962-10,T-13,1,0,P-98252,T-13,73',second half,0,0
G-0600,WC-1962,M-1962-10,T-13,1,0,P-01618,T-13,87',second half,0,0
G-0601,WC-1962,M-1962-12,T-28,1,0,P-05132,T-28,17',first half,0,1
G-0602,WC-1962,M-1962-12,T-28,1,0,P-08601,T-28,42',first half,0,0
G-0603,WC-1962,M-1962-12,T-28,1,0,P-75574,T-28,67',second half,0,0
G-0604,WC-1962,M-1962-12,T-03,0,1,P-46624,T-03,81',second half,0,0
G-0605,WC-1962,M-1962-13,T-72,1,0,P-11702,T-72,8',first half,0,0
G-0606,WC-1962,M-1962-13,T-72,1,0,P-38721,T-72,10',first half,0,0
G-0607,WC-1962,M-1962-13,T-72,1,0,P-11702,T-72,11',first half,0,0
G-0608,WC-1962,M-1962-13,T-16,0,1,P-17067,T-16,21',first half,0,0
G-0609,WC-1962,M-1962-13,T-72,1,0,P-05819,T-72,56',second half,0,0
G-0610,WC-1962,M-1962-13,T-16,0,1,P-32950,T-16,68',second half,0,0
G-0611,WC-1962,M-1962-13,T-16,0,1,P-31841,T-16,72',second half,0,0
G-0612,WC-1962,M-1962-13,T-16,0,1,P-07544,T-16,86',second half,0,0
G-0613,WC-1962,M-1962-14,T-86,1,0,P-12917,T-86,45',first half,0,0
G-0614,WC-1962,M-1962-14,T-86,1,0,P-64138,T-86,59',second half,0,0
G-0615,WC-1962,M-1962-14,T-75,0,1,P-99095,T-75,73',second half,0,0
G-0616,WC-1962,M-1962-15,T-73,1,0,P-15268,T-73,90',second half,0,0
G-0617,WC-1962,M-1962-16,T-36,1,0,P-21188,T-36,1',first half,0,0
G-0618,WC-1962,M-1962-16,T-36,1,0,P-21188,T-36,6',first half,0,0
G-0619,WC-1962,M-1962-16,T-36,1,0,P-82971,T-36,8',first half,0,0
G-0620,WC-1962,M-1962-16,T-36,1,0,P-01864,T-36,12',first half,0,0
G-0621,WC-1962,M-1962-16,T-36,1,0,P-21188,T-36,53',second half,0,0
G-0622,WC-1962,M-1962-16,T-10,0,1,P-14962,T-10,64',second half,0,0
G-0623,WC-1962,M-1962-16,T-36,1,0,P-82971,T-36,70',second half,0,0
G-0624,WC-1962,M-1962-17,T-72,1,0,P-03441,T-72,38',first half,0,0
G-0625,WC-1962,M-1962-17,T-84,0,1,P-15857,T-84,54',second half,0,0
G-0626,WC-1962,M-1962-17,T-72,1,0,P-11702,T-72,89',second half,0,0
G-0627,WC-1962,M-1962-18,T-86,1,0,P-55225,T-86,21',first half,0,1
G-0628,WC-1962,M-1962-18,T-86,1,0,P-64138,T-86,82',second half,0,0
G-0629,WC-1962,M-1962-19,T-73,0,1,P-03894,T-73,35',first half,0,0
G-0630,WC-1962,M-1962-19,T-09,1,0,P-96621,T-09,72',second half,0,0
G-0631,WC-1962,M-1962-19,T-09,1,0,P-96621,T-09,86',second half,0,0
G-0632,WC-1962,M-1962-21,T-87,1,0,P-05537,T-87,20',first half,0,0
G-0633,WC-1962,M-1962-21,T-87,1,0,P-55024,T-87,25',first half,0,0
G-0634,WC-1962,M-1962-21,T-87,1,0,P-05537,T-87,61',second half,0,0
G-0635,WC-1962,M-1962-21,T-87,1,0,P-55272,T-87,82',second half,0,0
G-0636,WC-1962,M-1962-21,T-87,1,0,P-55024,T-87,87',second half,0,0
G-0637,WC-1962,M-1962-22,T-41,1,0,P-14709,T-41,2',first half,0,0
G-0638,WC-1962,M-1962-22,T-41,1,0,P-72738,T-41,65',second half,0,0
G-0639,WC-1962,M-1962-22,T-41,1,0,P-72738,T-41,67',second half,0,0
G-0640,WC-1962,M-1962-23,T-21,0,1,P-88346,T-21,1',first half,0,0
G-0641,WC-1962,M-1962-23,T-46,1,0,P-05631,T-46,12',first half,0,0
G-0642,WC-1962,M-1962-23,T-46,1,0,P-32063,T-46,29',first half,0,0
G-0643,WC-1962,M-1962-23,T-46,1,0,P-61576,T-46,90',second half,0,1
G-0644,WC-1962,M-1962-25,T-09,1,0,P-46080,T-09,31',first half,0,0
G-0645,WC-1962,M-1962-25,T-28,0,1,P-98541,T-28,38',first half,0,0
G-0646,WC-1962,M-1962-25,T-09,1,0,P-45310,T-09,53',second half,0,0
G-0647,WC-1962,M-1962-25,T-09,1,0,P-46080,T-09,59',second half,0,0
G-0648,WC-1962,M-1962-26,T-13,1,0,P-22224,T-13,11',first half,0,0
G-0649,WC-1962,M-1962-26,T-72,0,1,P-38721,T-72,26',first half,0,0
G-0650,WC-1962,M-1962-26,T-13,1,0,P-65214,T-13,29',first half,0,0
G-0651,WC-1962,M-1962-27,T-21,1,0,P-82183,T-21,13',first half,0,0
G-0652,WC-1962,M-1962-28,T-87,1,0,P-67185,T-87,85',second half,0,0
G-0653,WC-1962,M-1962-29,T-09,1,0,P-46080,T-09,9',first half,0,0
G-0654,WC-1962,M-1962-29,T-09,1,0,P-46080,T-09,32',first half,0,0
G-0655,WC-1962,M-1962-29,T-13,0,1,P-01618,T-13,42',first half,0,0
G-0656,WC-1962,M-1962-29,T-09,1,0,P-45310,T-09,47',second half,0,0
G-0657,WC-1962,M-1962-29,T-13,0,1,P-22224,T-13,61',second half,0,1
G-0658,WC-1962,M-1962-29,T-09,1,0,P-45310,T-09,78',second half,0,0
G-0659,WC-1962,M-1962-30,T-21,1,0,P-90033,T-21,48',second half,0,0
G-0660,WC-1962,M-1962-30,T-87,0,1,P-55024,T-87,69',second half,0,0
G-0661,WC-1962,M-1962-30,T-21,1,0,P-82183,T-21,80',second half,0,0
G-0662,WC-1962,M-1962-30,T-21,1,0,P-82183,T-21,84',second half,0,1
G-0663,WC-1962,M-1962-31,T-13,1,0,P-65214,T-13,90',second half,0,0
G-0664,WC-1962,M-1962-32,T-21,0,1,P-37610,T-21,15',first half,0,0
G-0665,WC-1962,M-1962-32,T-09,1,0,P-96621,T-09,17',first half,0,0
G-0666,WC-1962,M-1962-32,T-09,1,0,P-82525,T-09,69',second half,0,0
G-0667,WC-1962,M-1962-32,T-09,1,0,P-45310,T-09,78',second half,0,0
G-0668,WC-1966,M-1966-02,T-86,1,0,P-86276,T-86,16',first half,0,0
G-0669,WC-1966,M-1966-02,T-86,1,0,P-12272,T-86,21',first half,0,0
G-0670,WC-1966,M-1966-02,T-86,1,0,P-72864,T-86,40',first half,0,0
G-0671,WC-1966,M-1966-02,T-86,1,0,P-72864,T-86,52',second half,0,0
G-0672,WC-1966,M-1966-02,T-86,1,0,P-12272,T-86,77',second half,0,1
G-0673,WC-1966,M-1966-03,T-09,1,0,P-38906,T-09,15',first half,0,0
G-0674,WC-1966,M-1966-03,T-09,1,0,P-46080,T-09,63',second half,0,0
G-0675,WC-1966,M-1966-04,T-72,1,0,P-83456,T-72,31',first half,0,0
G-0676,WC-1966,M-1966-04,T-72,1,0,P-44798,T-72,33',first half,0,0
G-0677,WC-1966,M-1966-04,T-72,1,0,P-83456,T-72,88',second half,0,0
G-0678,WC-1966,M-1966-05,T-46,0,1,P-55734,T-46,48',second half,0,0
G-0679,WC-1966,M-1966-05,T-30,1,0,P-05248,T-30,62',second half,0,0
G-0680,WC-1966,M-1966-06,T-03,1,0,P-47496,T-03,65',second half,0,0
G-0681,WC-1966,M-1966-06,T-73,0,1,P-58423,T-73,71',second half,0,0
G-0682,WC-1966,M-1966-06,T-03,1,0,P-47496,T-03,77',second half,0,0
G-0683,WC-1966,M-1966-07,T-58,1,0,P-67663,T-58,2',first half,0,0
G-0684,WC-1966,M-1966-07,T-36,0,1,P-82516,T-36,60',second half,0,0
G-0685,WC-1966,M-1966-07,T-58,1,0,P-67663,T-58,67',second half,0,0
G-0686,WC-1966,M-1966-07,T-58,1,0,P-68398,T-58,90',second half,0,0
G-0687,WC-1966,M-1966-08,T-41,1,0,P-91195,T-41,8',first half,0,0
G-0688,WC-1966,M-1966-08,T-41,1,0,P-01013,T-41,88',second half,0,0
G-0689,WC-1966,M-1966-09,T-30,0,1,P-39420,T-30,15',first half,0,1
G-0690,WC-1966,M-1966-09,T-84,1,0,P-47892,T-84,26',first half,0,0
G-0691,WC-1966,M-1966-09,T-84,1,0,P-82186,T-84,31',first half,0,0
G-0692,WC-1966,M-1966-10,T-75,0,1,P-42555,T-75,31',first half,0,0
G-0693,WC-1966,M-1966-10,T-73,1,0,P-50021,T-73,57',second half,0,0
G-0694,WC-1966,M-1966-10,T-73,1,0,P-80285,T-73,75',second half,0,0
G-0695,WC-1966,M-1966-11,T-36,1,0,P-82516,T-36,2',first half,0,0
G-0696,WC-1966,M-1966-11,T-09,0,1,P-53202,T-09,14',first half,0,0
G-0697,WC-1966,M-1966-11,T-36,1,0,P-74113,T-36,64',second half,0,0
G-0698,WC-1966,M-1966-11,T-36,1,0,P-95637,T-36,73',second half,0,1
G-0699,WC-1966,M-1966-12,T-13,1,0,P-83441,T-13,26',first half,0,1
G-0700,WC-1966,M-1966-12,T-51,0,1,P-87203,T-51,88',second half,0,0
G-0701,WC-1966,M-1966-14,T-58,1,0,P-07046,T-10,7',first half,1,0
G-0702,WC-1966,M-1966-14,T-58,1,0,P-74747,T-58,38',first half,0,0
G-0703,WC-1966,M-1966-14,T-58,1,0,P-68398,T-58,81',second half,0,0
G-0704,WC-1966,M-1966-15,T-72,1,0,P-38721,T-72,57',second half,0,0
G-0705,WC-1966,M-1966-16,T-28,1,0,P-08601,T-28,37',first half,0,0
G-0706,WC-1966,M-1966-16,T-28,1,0,P-33839,T-28,75',second half,0,0
G-0707,WC-1966,M-1966-18,T-03,1,0,P-47496,T-03,52',second half,0,0
G-0708,WC-1966,M-1966-18,T-03,1,0,P-20306,T-03,79',second half,0,0
G-0709,WC-1966,M-1966-19,T-58,1,0,P-60225,T-58,15',first half,0,0
G-0710,WC-1966,M-1966-19,T-58,1,0,P-74747,T-58,27',first half,0,0
G-0711,WC-1966,M-1966-19,T-09,0,1,P-84905,T-09,73',second half,0,0
G-0712,WC-1966,M-1966-19,T-58,1,0,P-74747,T-58,85',second half,0,0
G-0713,WC-1966,M-1966-20,T-51,1,0,P-64788,T-51,42',first half,0,0
G-0714,WC-1966,M-1966-21,T-28,1,0,P-33839,T-28,38',first half,0,0
G-0715,WC-1966,M-1966-21,T-28,1,0,P-33839,T-28,75',second half,0,0
G-0716,WC-1966,M-1966-22,T-73,0,1,P-53638,T-73,23',first half,0,0
G-0717,WC-1966,M-1966-22,T-86,1,0,P-32446,T-86,39',first half,0,0
G-0718,WC-1966,M-1966-22,T-86,1,0,P-64138,T-86,84',second half,0,0
G-0719,WC-1966,M-1966-23,T-10,0,1,P-72803,T-10,15',first half,0,0
G-0720,WC-1966,M-1966-23,T-36,1,0,P-92893,T-10,43',first half,1,0
G-0721,WC-1966,M-1966-23,T-36,1,0,P-95637,T-36,45',first half,0,0
G-0722,WC-1966,M-1966-23,T-36,1,0,P-82516,T-36,54',second half,0,0
G-0723,WC-1966,M-1966-24,T-72,1,0,P-53800,T-72,28',first half,0,0
G-0724,WC-1966,M-1966-24,T-13,0,1,P-83441,T-13,32',first half,0,0
G-0725,WC-1966,M-1966-24,T-72,1,0,P-53800,T-72,85',second half,0,0
G-0726,WC-1966,M-1966-25,T-28,1,0,P-34802,T-28,78',second half,0,0
G-0727,WC-1966,M-1966-26,T-51,0,1,P-87203,T-51,1',first half,0,0
G-0728,WC-1966,M-1966-26,T-51,0,1,P-45281,T-51,22',first half,0,0
G-0729,WC-1966,M-1966-26,T-51,0,1,P-59059,T-51,25',first half,0,0
G-0730,WC-1966,M-1966-26,T-58,1,0,P-74747,T-58,27',first half,0,0
G-0731,WC-1966,M-1966-26,T-58,1,0,P-74747,T-58,43',first half,0,1
G-0732,WC-1966,M-1966-26,T-58,1,0,P-74747,T-58,56',second half,0,0
G-0733,WC-1966,M-1966-26,T-58,1,0,P-74747,T-58,59',second half,0,1
G-0734,WC-1966,M-1966-26,T-58,1,0,P-67663,T-58,80',second half,0,0
G-0735,WC-1966,M-1966-27,T-72,1,0,P-38721,T-72,5',first half,0,0
G-0736,WC-1966,M-1966-27,T-72,1,0,P-53800,T-72,46',second half,0,0
G-0737,WC-1966,M-1966-27,T-36,0,1,P-82516,T-36,57',second half,0,0
G-0738,WC-1966,M-1966-28,T-86,1,0,P-12272,T-86,11',first half,0,0
G-0739,WC-1966,M-1966-28,T-86,1,0,P-72864,T-86,70',second half,0,0
G-0740,WC-1966,M-1966-28,T-86,1,0,P-64138,T-86,75',second half,0,0
G-0741,WC-1966,M-1966-28,T-86,1,0,P-12272,T-86,83',second half,0,0
G-0742,WC-1966,M-1966-29,T-86,1,0,P-12272,T-86,43',first half,0,0
G-0743,WC-1966,M-1966-29,T-86,1,0,P-72864,T-86,67',second half,0,0
G-0744,WC-1966,M-1966-29,T-72,0,1,P-53800,T-72,88',second half,0,0
G-0745,WC-1966,M-1966-30,T-28,1,0,P-08601,T-28,30',first half,0,0
G-0746,WC-1966,M-1966-30,T-28,1,0,P-08601,T-28,80',second half,0,0
G-0747,WC-1966,M-1966-30,T-58,0,1,P-74747,T-58,82',second half,0,1
G-0748,WC-1966,M-1966-31,T-58,1,0,P-74747,T-58,12',first half,0,1
G-0749,WC-1966,M-1966-31,T-72,0,1,P-83456,T-72,43',first half,0,0
G-0750,WC-1966,M-1966-31,T-58,1,0,P-68398,T-58,89',second half,0,0
G-0751,WC-1966,M-1966-32,T-86,0,1,P-12272,T-86,12',first half,0,0
G-0752,WC-1966,M-1966-32,T-28,1,0,P-34802,T-28,18',first half,0,0
G-0753,WC-1966,M-1966-32,T-28,1,0,P-34233,T-28,78',second half,0,0
G-0754,WC-1966,M-1966-32,T-86,0,1,P-11099,T-86,89',second half,0,0
G-0755,WC-1966,M-1966-32,T-28,1,0,P-34802,T-28,101',"extra time, first half",0,0
G-0756,WC-1966,M-1966-32,T-28,1,0,P-34802,T-28,120',"extra time, second half",0,0
G-0757,WC-1970,M-1970-02,T-84,1,0,P-40429,T-84,23',first half,0,0
G-0758,WC-1970,M-1970-02,T-84,1,0,P-50162,T-84,50',second half,0,0
G-0759,WC-1970,M-1970-03,T-28,1,0,P-34802,T-28,65',second half,0,0
G-0760,WC-1970,M-1970-04,T-10,0,1,P-06520,T-10,13',first half,0,0
G-0761,WC-1970,M-1970-04,T-10,0,1,P-63835,T-10,49',second half,0,0
G-0762,WC-1970,M-1970-04,T-56,1,0,P-03607,T-56,50',second half,0,0
G-0763,WC-1970,M-1970-04,T-56,1,0,P-76522,T-56,55',second half,0,0
G-0764,WC-1970,M-1970-04,T-56,1,0,P-96979,T-56,73',second half,0,0
G-0765,WC-1970,M-1970-05,T-06,1,0,P-47829,T-06,12',first half,0,0
G-0766,WC-1970,M-1970-05,T-06,1,0,P-47829,T-06,54',second half,0,0
G-0767,WC-1970,M-1970-05,T-06,1,0,P-59854,T-06,76',second half,0,1
G-0768,WC-1970,M-1970-06,T-41,1,0,P-67671,T-41,10',first half,0,0
G-0769,WC-1970,M-1970-07,T-21,0,1,P-61272,T-21,11',first half,0,0
G-0770,WC-1970,M-1970-07,T-09,1,0,P-85778,T-09,24',first half,0,0
G-0771,WC-1970,M-1970-07,T-09,1,0,P-38906,T-09,59',second half,0,0
G-0772,WC-1970,M-1970-07,T-09,1,0,P-77430,T-09,61',second half,0,0
G-0773,WC-1970,M-1970-07,T-09,1,0,P-77430,T-09,83',second half,0,0
G-0774,WC-1970,M-1970-08,T-47,0,1,P-69368,T-47,21',first half,0,0
G-0775,WC-1970,M-1970-08,T-86,1,0,P-64138,T-86,56',second half,0,0
G-0776,WC-1970,M-1970-08,T-86,1,0,P-72441,T-86,80',second half,0,0
G-0777,WC-1970,M-1970-09,T-72,1,0,P-02102,T-72,14',first half,0,0
G-0778,WC-1970,M-1970-09,T-72,1,0,P-33189,T-72,57',second half,0,0
G-0779,WC-1970,M-1970-09,T-72,1,0,P-02102,T-72,63',second half,0,0
G-0780,WC-1970,M-1970-09,T-72,1,0,P-98262,T-72,76',second half,0,0
G-0781,WC-1970,M-1970-09,T-06,0,1,P-59854,T-06,86',second half,0,0
G-0782,WC-1970,M-1970-11,T-21,0,1,P-61272,T-21,5',first half,0,0
G-0783,WC-1970,M-1970-11,T-61,1,0,P-50489,T-61,52',second half,0,0
G-0784,WC-1970,M-1970-11,T-61,1,0,P-51434,T-61,75',second half,0,1
G-0785,WC-1970,M-1970-12,T-56,1,0,P-96979,T-56,65',second half,0,0
G-0786,WC-1970,M-1970-12,T-56,1,0,P-19550,T-56,67',second half,0,0
G-0787,WC-1970,M-1970-12,T-56,1,0,P-96979,T-56,75',second half,0,0
G-0788,WC-1970,M-1970-13,T-46,1,0,P-07812,T-46,45',first half,0,0
G-0789,WC-1970,M-1970-13,T-46,1,0,P-07812,T-46,46',second half,0,0
G-0790,WC-1970,M-1970-13,T-46,1,0,P-48001,T-46,58',second half,0,0
G-0791,WC-1970,M-1970-13,T-46,1,0,P-64207,T-46,83',second half,0,0
G-0792,WC-1970,M-1970-14,T-74,1,0,P-00746,T-74,53',second half,0,0
G-0793,WC-1970,M-1970-14,T-40,0,1,P-77834,T-40,56',second half,0,0
G-0794,WC-1970,M-1970-15,T-09,1,0,P-77430,T-09,59',second half,0,0
G-0795,WC-1970,M-1970-16,T-10,0,1,P-45469,T-10,12',first half,0,0
G-0796,WC-1970,M-1970-16,T-86,1,0,P-62529,T-86,20',first half,0,0
G-0797,WC-1970,M-1970-16,T-86,1,0,P-72441,T-86,27',first half,0,0
G-0798,WC-1970,M-1970-16,T-86,1,0,P-72441,T-86,52',second half,0,1
G-0799,WC-1970,M-1970-16,T-86,1,0,P-64138,T-86,67',second half,0,0
G-0800,WC-1970,M-1970-16,T-86,1,0,P-72441,T-86,88',second half,0,0
G-0801,WC-1970,M-1970-16,T-10,0,1,P-15241,T-10,89',second half,0,0
G-0802,WC-1970,M-1970-17,T-72,1,0,P-02102,T-72,51',second half,0,0
G-0803,WC-1970,M-1970-17,T-72,1,0,P-02102,T-72,74',second half,0,0
G-0804,WC-1970,M-1970-18,T-74,1,0,P-37575,T-74,90',second half,0,0
G-0805,WC-1970,M-1970-19,T-09,1,0,P-38906,T-09,19',first half,0,0
G-0806,WC-1970,M-1970-19,T-09,1,0,P-77430,T-09,22',first half,0,0
G-0807,WC-1970,M-1970-19,T-61,0,1,P-51434,T-61,34',first half,0,0
G-0808,WC-1970,M-1970-19,T-09,1,0,P-38906,T-09,67',second half,0,0
G-0809,WC-1970,M-1970-19,T-61,0,1,P-02403,T-61,84',second half,0,0
G-0810,WC-1970,M-1970-20,T-86,1,0,P-72441,T-86,19',first half,0,0
G-0811,WC-1970,M-1970-20,T-86,1,0,P-72441,T-86,26',first half,0,0
G-0812,WC-1970,M-1970-20,T-86,1,0,P-72441,T-86,39',first half,0,0
G-0813,WC-1970,M-1970-20,T-56,0,1,P-96979,T-56,44',first half,0,0
G-0814,WC-1970,M-1970-21,T-46,1,0,P-64553,T-46,14',first half,0,1
G-0815,WC-1970,M-1970-23,T-28,1,0,P-52978,T-28,50',second half,0,1
G-0816,WC-1970,M-1970-24,T-10,1,0,P-01172,T-10,40',first half,0,0
G-0817,WC-1970,M-1970-24,T-47,0,1,P-85379,T-47,61',second half,0,0
G-0818,WC-1970,M-1970-25,T-09,1,0,P-85778,T-09,11',first half,0,0
G-0819,WC-1970,M-1970-25,T-09,1,0,P-53202,T-09,15',first half,0,0
G-0820,WC-1970,M-1970-25,T-56,0,1,P-03607,T-56,28',first half,0,0
G-0821,WC-1970,M-1970-25,T-09,1,0,P-53202,T-09,52',second half,0,0
G-0822,WC-1970,M-1970-25,T-56,0,1,P-96979,T-56,70',second half,0,0
G-0823,WC-1970,M-1970-25,T-09,1,0,P-77430,T-09,75',second half,0,0
G-0824,WC-1970,M-1970-26,T-46,0,1,P-13602,T-46,13',first half,0,0
G-0825,WC-1970,M-1970-26,T-41,1,0,P-38555,T-46,25',first half,1,0
G-0826,WC-1970,M-1970-26,T-41,1,0,P-00119,T-41,63',second half,0,0
G-0827,WC-1970,M-1970-26,T-41,1,0,P-62214,T-41,70',second half,0,0
G-0828,WC-1970,M-1970-26,T-41,1,0,P-00119,T-41,76',second half,0,0
G-0829,WC-1970,M-1970-27,T-84,0,1,P-99710,T-84,117',"extra time, second half",0,0
G-0830,WC-1970,M-1970-28,T-28,0,1,P-62668,T-28,31',first half,0,0
G-0831,WC-1970,M-1970-28,T-28,0,1,P-34233,T-28,49',second half,0,0
G-0832,WC-1970,M-1970-28,T-86,1,0,P-72864,T-86,68',second half,0,0
G-0833,WC-1970,M-1970-28,T-86,1,0,P-64138,T-86,82',second half,0,0
G-0834,WC-1970,M-1970-28,T-86,1,0,P-72441,T-86,108',"extra time, second half",0,0
G-0835,WC-1970,M-1970-29,T-84,0,1,P-81929,T-84,19',first half,0,0
G-0836,WC-1970,M-1970-29,T-09,1,0,P-14923,T-09,44',first half,0,0
G-0837,WC-1970,M-1970-29,T-09,1,0,P-77430,T-09,76',second half,0,0
G-0838,WC-1970,M-1970-29,T-09,1,0,P-85778,T-09,89',second half,0,0
G-0839,WC-1970,M-1970-30,T-41,1,0,P-92154,T-41,8',first half,0,0
G-0840,WC-1970,M-1970-30,T-86,0,1,P-93072,T-86,90',second half,0,0
G-0841,WC-1970,M-1970-30,T-86,0,1,P-72441,T-86,94',"extra time, first half",0,0
G-0842,WC-1970,M-1970-30,T-41,1,0,P-42540,T-41,98',"extra time, first half",0,0
G-0843,WC-1970,M-1970-30,T-41,1,0,P-00119,T-41,104',"extra time, first half",0,0
G-0844,WC-1970,M-1970-30,T-86,0,1,P-72441,T-86,110',"extra time, second half",0,0
G-0845,WC-1970,M-1970-30,T-41,1,0,P-62214,T-41,111',"extra time, second half",0,0
G-0846,WC-1970,M-1970-31,T-86,1,0,P-60896,T-86,26',first half,0,0
G-0847,WC-1970,M-1970-32,T-09,1,0,P-38906,T-09,18',first half,0,0
G-0848,WC-1970,M-1970-32,T-41,0,1,P-92154,T-41,37',first half,0,0
G-0849,WC-1970,M-1970-32,T-09,1,0,P-04354,T-09,66',second half,0,0
G-0850,WC-1970,M-1970-32,T-09,1,0,P-77430,T-09,71',second half,0,0
G-0851,WC-1970,M-1970-32,T-09,1,0,P-25829,T-09,86',second half,0,0
G-0852,WC-1974,M-1974-02,T-86,1,0,P-48686,T-86,18',first half,0,0
G-0853,WC-1974,M-1974-03,T-24,1,0,P-39161,T-04,58',second half,1,0
G-0854,WC-1974,M-1974-03,T-24,1,0,P-91963,T-24,72',second half,0,0
G-0855,WC-1974,M-1974-04,T-64,0,1,P-21810,T-64,26',first half,0,0
G-0856,WC-1974,M-1974-04,T-64,0,1,P-22480,T-64,34',first half,0,0
G-0857,WC-1974,M-1974-06,T-48,0,1,P-89554,T-48,7',first half,0,0
G-0858,WC-1974,M-1974-06,T-48,0,1,P-89554,T-48,86',second half,0,0
G-0859,WC-1974,M-1974-07,T-34,0,1,P-32958,T-34,46',second half,0,0
G-0860,WC-1974,M-1974-07,T-41,1,0,P-62214,T-41,52',second half,0,0
G-0861,WC-1974,M-1974-07,T-41,1,0,P-12030,T-41,66',second half,0,0
G-0862,WC-1974,M-1974-07,T-41,1,0,P-32265,T-41,79',second half,0,0
G-0863,WC-1974,M-1974-08,T-57,1,0,P-21597,T-57,7',first half,0,0
G-0864,WC-1974,M-1974-08,T-57,1,0,P-92867,T-57,8',first half,0,0
G-0865,WC-1974,M-1974-08,T-03,0,1,P-82218,T-03,60',second half,0,0
G-0866,WC-1974,M-1974-08,T-57,1,0,P-21597,T-57,62',second half,0,0
G-0867,WC-1974,M-1974-08,T-03,0,1,P-33365,T-03,66',second half,0,0
G-0868,WC-1974,M-1974-09,T-86,0,1,P-60896,T-86,12',first half,0,0
G-0869,WC-1974,M-1974-09,T-86,0,1,P-44313,T-86,34',first half,0,0
G-0870,WC-1974,M-1974-09,T-86,0,1,P-72441,T-86,53',second half,0,0
G-0871,WC-1974,M-1974-10,T-24,0,1,P-57624,T-24,55',second half,0,0
G-0872,WC-1974,M-1974-10,T-13,1,0,P-34039,T-13,69',second half,0,0
G-0873,WC-1974,M-1974-12,T-87,1,0,P-74389,T-87,8',first half,0,0
G-0874,WC-1974,M-1974-12,T-87,1,0,P-88088,T-87,14',first half,0,0
G-0875,WC-1974,M-1974-12,T-87,1,0,P-28747,T-87,18',first half,0,0
G-0876,WC-1974,M-1974-12,T-87,1,0,P-20553,T-87,22',first half,0,0
G-0877,WC-1974,M-1974-12,T-87,1,0,P-74389,T-87,30',first half,0,0
G-0878,WC-1974,M-1974-12,T-87,1,0,P-29556,T-87,35',first half,0,0
G-0879,WC-1974,M-1974-12,T-87,1,0,P-26214,T-87,61',second half,0,0
G-0880,WC-1974,M-1974-12,T-87,1,0,P-46434,T-87,65',second half,0,0
G-0881,WC-1974,M-1974-12,T-87,1,0,P-74389,T-87,81',second half,0,0
G-0882,WC-1974,M-1974-13,T-10,1,0,P-63835,T-10,75',second half,0,0
G-0883,WC-1974,M-1974-13,T-84,0,1,P-46047,T-84,87',second half,0,0
G-0884,WC-1974,M-1974-15,T-03,1,0,P-04739,T-03,20',first half,0,0
G-0885,WC-1974,M-1974-15,T-41,0,1,P-94783,T-03,35',first half,1,0
G-0886,WC-1974,M-1974-16,T-57,0,1,P-21597,T-57,17',first half,0,0
G-0887,WC-1974,M-1974-16,T-57,0,1,P-29548,T-57,18',first half,0,0
G-0888,WC-1974,M-1974-16,T-57,0,1,P-92867,T-57,30',first half,0,0
G-0889,WC-1974,M-1974-16,T-57,0,1,P-95634,T-57,31',first half,0,0
G-0890,WC-1974,M-1974-16,T-57,0,1,P-92867,T-57,34',first half,0,0
G-0891,WC-1974,M-1974-16,T-57,0,1,P-92867,T-57,50',second half,0,0
G-0892,WC-1974,M-1974-16,T-57,0,1,P-21597,T-57,87',second half,0,0
G-0893,WC-1974,M-1974-18,T-87,0,1,P-80725,T-87,81',second half,0,0
G-0894,WC-1974,M-1974-18,T-64,1,0,P-22480,T-64,88',second half,0,0
G-0895,WC-1974,M-1974-19,T-09,0,1,P-77430,T-09,12',first half,0,0
G-0896,WC-1974,M-1974-19,T-09,0,1,P-85778,T-09,66',second half,0,0
G-0897,WC-1974,M-1974-19,T-09,0,1,P-89117,T-09,79',second half,0,0
G-0898,WC-1974,M-1974-20,T-24,1,0,P-27040,T-24,77',second half,0,0
G-0899,WC-1974,M-1974-21,T-48,0,1,P-16991,T-48,5',first half,0,1
G-0900,WC-1974,M-1974-21,T-48,0,1,P-16991,T-48,44',first half,0,1
G-0901,WC-1974,M-1974-21,T-48,0,1,P-89554,T-48,71',second half,0,0
G-0902,WC-1974,M-1974-21,T-10,1,0,P-31830,T-48,78',second half,1,0
G-0903,WC-1974,M-1974-21,T-48,0,1,P-43188,T-48,88',second half,0,0
G-0904,WC-1974,M-1974-22,T-74,1,0,P-39318,T-74,46',second half,0,0
G-0905,WC-1974,M-1974-22,T-74,1,0,P-94413,T-74,74',second half,0,0
G-0906,WC-1974,M-1974-22,T-74,1,0,P-39318,T-74,77',second half,0,0
G-0907,WC-1974,M-1974-23,T-03,1,0,P-82033,T-03,15',first half,0,0
G-0908,WC-1974,M-1974-23,T-03,1,0,P-04739,T-03,18',first half,0,0
G-0909,WC-1974,M-1974-23,T-03,1,0,P-30957,T-03,55',second half,0,0
G-0910,WC-1974,M-1974-23,T-34,0,1,P-32958,T-34,63',second half,0,0
G-0911,WC-1974,M-1974-23,T-03,1,0,P-82033,T-03,68',second half,0,0
G-0912,WC-1974,M-1974-24,T-57,1,0,P-92867,T-57,38',first half,0,0
G-0913,WC-1974,M-1974-24,T-57,1,0,P-29548,T-57,44',first half,0,0
G-0914,WC-1974,M-1974-24,T-41,0,1,P-93703,T-41,85',second half,0,0
G-0915,WC-1974,M-1974-25,T-86,0,1,P-48686,T-86,39',first half,0,0
G-0916,WC-1974,M-1974-25,T-86,0,1,P-72441,T-86,82',second half,0,0
G-0917,WC-1974,M-1974-26,T-09,1,0,P-85778,T-09,60',second half,0,0
G-0918,WC-1974,M-1974-27,T-48,1,0,P-50564,T-48,11',first half,0,0
G-0919,WC-1974,M-1974-27,T-48,1,0,P-31830,T-48,25',first half,0,0
G-0920,WC-1974,M-1974-27,T-48,1,0,P-89554,T-48,73',second half,0,0
G-0921,WC-1974,M-1974-27,T-48,1,0,P-50564,T-48,90',second half,0,0
G-0922,WC-1974,M-1974-28,T-57,0,1,P-21597,T-57,43',first half,0,0
G-0923,WC-1974,M-1974-29,T-09,0,1,P-85778,T-09,32',first half,0,0
G-0924,WC-1974,M-1974-29,T-03,1,0,P-79103,T-03,35',first half,0,0
G-0925,WC-1974,M-1974-29,T-09,0,1,P-77430,T-09,49',second half,0,0
G-0926,WC-1974,M-1974-30,T-48,0,1,P-16991,T-48,7',first half,0,0
G-0927,WC-1974,M-1974-30,T-48,0,1,P-63266,T-48,59',second half,0,0
G-0928,WC-1974,M-1974-31,T-57,1,0,P-29548,T-57,24',first half,0,1
G-0929,WC-1974,M-1974-31,T-87,0,1,P-80725,T-87,43',first half,0,0
G-0930,WC-1974,M-1974-31,T-57,1,0,P-21597,T-57,62',second half,0,0
G-0931,WC-1974,M-1974-32,T-74,0,1,P-39318,T-74,24',first half,0,0
G-0932,WC-1974,M-1974-32,T-86,1,0,P-60896,T-86,51',second half,0,0
G-0933,WC-1974,M-1974-32,T-86,1,0,P-41102,T-86,52',second half,0,0
G-0934,WC-1974,M-1974-32,T-74,0,1,P-94413,T-74,53',second half,0,0
G-0935,WC-1974,M-1974-32,T-86,1,0,P-48733,T-86,76',second half,0,0
G-0936,WC-1974,M-1974-32,T-86,1,0,P-92173,T-86,89',second half,0,1
G-0937,WC-1974,M-1974-33,T-86,0,1,P-72441,T-86,76',second half,0,0
G-0938,WC-1974,M-1974-34,T-24,0,1,P-91963,T-24,14',first half,0,0
G-0939,WC-1974,M-1974-34,T-03,1,0,P-04739,T-03,20',first half,0,0
G-0940,WC-1974,M-1974-35,T-48,1,0,P-16991,T-48,50',second half,0,0
G-0941,WC-1974,M-1974-35,T-48,1,0,P-50564,T-48,65',second half,0,0
G-0942,WC-1974,M-1974-36,T-87,0,1,P-28747,T-87,27',first half,0,0
G-0943,WC-1974,M-1974-36,T-74,1,0,P-39318,T-74,29',first half,0,0
G-0944,WC-1974,M-1974-36,T-74,1,0,P-52989,T-74,85',second half,0,0
G-0945,WC-1974,M-1974-37,T-57,0,1,P-21597,T-57,76',second half,0,0
G-0946,WC-1974,M-1974-38,T-48,1,0,P-16991,T-48,2',first half,0,1
G-0947,WC-1974,M-1974-38,T-86,0,1,P-48686,T-86,25',first half,0,1
G-0948,WC-1974,M-1974-38,T-86,0,1,P-72441,T-86,43',first half,0,0
G-0949,WC-1978,M-1978-02,T-30,0,1,P-16067,T-30,1',first half,0,0
G-0950,WC-1978,M-1978-02,T-41,1,0,P-91717,T-41,29',first half,0,0
G-0951,WC-1978,M-1978-02,T-41,1,0,P-17293,T-41,54',second half,0,0
G-0952,WC-1978,M-1978-03,T-46,0,1,P-84173,T-46,45',first half,0,1
G-0953,WC-1978,M-1978-03,T-79,1,0,P-10069,T-79,55',second half,0,0
G-0954,WC-1978,M-1978-03,T-79,1,0,P-66055,T-79,79',second half,0,0
G-0955,WC-1978,M-1978-03,T-79,1,0,P-32712,T-79,87',second half,0,0
G-0956,WC-1978,M-1978-04,T-36,0,1,P-17566,T-36,9',first half,0,0
G-0957,WC-1978,M-1978-04,T-03,1,0,P-26640,T-03,14',first half,0,0
G-0958,WC-1978,M-1978-04,T-03,1,0,P-61157,T-03,83',second half,0,0
G-0959,WC-1978,M-1978-05,T-05,1,0,P-99989,T-05,10',first half,0,0
G-0960,WC-1978,M-1978-05,T-73,0,1,P-40352,T-73,21',first half,0,0
G-0961,WC-1978,M-1978-05,T-05,1,0,P-52271,T-05,76',second half,0,0
G-0962,WC-1978,M-1978-06,T-74,0,1,P-61240,T-74,37',first half,0,0
G-0963,WC-1978,M-1978-06,T-09,1,0,P-84320,T-09,45',first half,0,0
G-0964,WC-1978,M-1978-07,T-48,1,0,P-63266,T-48,40',first half,0,1
G-0965,WC-1978,M-1978-07,T-48,1,0,P-63266,T-48,62',second half,0,0
G-0966,WC-1978,M-1978-07,T-48,1,0,P-63266,T-48,78',second half,0,1
G-0967,WC-1978,M-1978-08,T-64,0,1,P-22480,T-64,14',first half,0,0
G-0968,WC-1978,M-1978-08,T-56,1,0,P-23639,T-56,43',first half,0,0
G-0969,WC-1978,M-1978-08,T-56,1,0,P-96979,T-56,71',second half,0,0
G-0970,WC-1978,M-1978-08,T-56,1,0,P-96979,T-56,77',second half,0,0
G-0971,WC-1978,M-1978-09,T-41,1,0,P-91717,T-41,34',first half,0,0
G-0972,WC-1978,M-1978-09,T-41,1,0,P-57787,T-41,35',first half,0,0
G-0973,WC-1978,M-1978-09,T-41,1,0,P-12030,T-41,61',second half,0,0
G-0974,WC-1978,M-1978-09,T-36,0,1,P-05262,T-36,81',second half,0,1
G-0975,WC-1978,M-1978-10,T-57,1,0,P-21597,T-57,43',first half,0,0
G-0976,WC-1978,M-1978-11,T-86,1,0,P-34993,T-86,15',first half,0,0
G-0977,WC-1978,M-1978-11,T-86,1,0,P-95747,T-86,30',first half,0,0
G-0978,WC-1978,M-1978-11,T-86,1,0,P-59574,T-86,38',first half,0,0
G-0979,WC-1978,M-1978-11,T-86,1,0,P-15681,T-86,44',first half,0,0
G-0980,WC-1978,M-1978-11,T-86,1,0,P-59574,T-86,73',second half,0,0
G-0981,WC-1978,M-1978-11,T-86,1,0,P-15681,T-86,89',second half,0,0
G-0982,WC-1978,M-1978-12,T-03,1,0,P-80376,T-03,45',first half,0,1
G-0983,WC-1978,M-1978-12,T-30,0,1,P-08939,T-30,60',second half,0,0
G-0984,WC-1978,M-1978-12,T-03,1,0,P-26640,T-03,73',second half,0,0
G-0985,WC-1978,M-1978-13,T-05,1,0,P-52271,T-05,42',first half,0,1
G-0986,WC-1978,M-1978-16,T-64,1,0,P-61698,T-38,43',first half,1,0
G-0987,WC-1978,M-1978-16,T-38,0,1,P-76170,T-38,60',second half,0,0
G-0988,WC-1978,M-1978-17,T-30,1,0,P-90883,T-30,23',first half,0,0
G-0989,WC-1978,M-1978-17,T-30,1,0,P-27315,T-30,38',first half,0,0
G-0990,WC-1978,M-1978-17,T-36,0,1,P-12183,T-36,41',first half,0,0
G-0991,WC-1978,M-1978-17,T-30,1,0,P-99991,T-30,42',first half,0,0
G-0992,WC-1978,M-1978-18,T-57,1,0,P-03652,T-57,43',first half,0,0
G-0993,WC-1978,M-1978-18,T-46,0,1,P-64532,T-46,52',second half,0,0
G-0994,WC-1978,M-1978-18,T-57,1,0,P-29548,T-57,56',second half,0,0
G-0995,WC-1978,M-1978-18,T-57,1,0,P-03652,T-57,84',second half,0,0
G-0996,WC-1978,M-1978-20,T-41,0,1,P-57787,T-41,67',second half,0,0
G-0997,WC-1978,M-1978-21,T-09,1,0,P-86942,T-09,40',first half,0,0
G-0998,WC-1978,M-1978-22,T-73,1,0,P-57837,T-73,75',second half,0,0
G-0999,WC-1978,M-1978-23,T-56,1,0,P-72529,T-56,2',first half,0,0
G-1000,WC-1978,M-1978-23,T-56,1,0,P-96979,T-56,36',first half,0,1
G-1001,WC-1978,M-1978-23,T-56,1,0,P-96979,T-56,39',first half,0,1
G-1002,WC-1978,M-1978-23,T-38,0,1,P-36867,T-38,41',first half,0,0
G-1003,WC-1978,M-1978-23,T-56,1,0,P-96979,T-56,79',second half,0,0
G-1004,WC-1978,M-1978-24,T-48,0,1,P-63266,T-48,34',first half,0,1
G-1005,WC-1978,M-1978-24,T-64,1,0,P-68584,T-64,45',first half,0,0
G-1006,WC-1978,M-1978-24,T-64,1,0,P-16479,T-64,46',second half,0,1
G-1007,WC-1978,M-1978-24,T-64,1,0,P-16479,T-64,68',second half,0,0
G-1008,WC-1978,M-1978-24,T-48,0,1,P-89554,T-48,71',second half,0,0
G-1009,WC-1978,M-1978-25,T-48,0,1,P-82670,T-48,6',first half,0,0
G-1010,WC-1978,M-1978-25,T-48,0,1,P-63266,T-48,35',first half,0,1
G-1011,WC-1978,M-1978-25,T-48,0,1,P-89554,T-48,36',first half,0,0
G-1012,WC-1978,M-1978-25,T-48,0,1,P-89554,T-48,53',second half,0,0
G-1013,WC-1978,M-1978-25,T-05,1,0,P-61365,T-05,80',second half,0,0
G-1014,WC-1978,M-1978-25,T-48,0,1,P-48712,T-48,82',second half,0,0
G-1015,WC-1978,M-1978-27,T-09,1,0,P-89519,T-09,15',first half,0,0
G-1016,WC-1978,M-1978-27,T-09,1,0,P-89519,T-09,27',first half,0,0
G-1017,WC-1978,M-1978-27,T-09,1,0,P-37483,T-09,72',second half,0,1
G-1018,WC-1978,M-1978-28,T-03,1,0,P-35082,T-03,16',first half,0,0
G-1019,WC-1978,M-1978-28,T-03,1,0,P-35082,T-03,71',second half,0,0
G-1020,WC-1978,M-1978-29,T-57,0,1,P-92867,T-57,65',second half,0,0
G-1021,WC-1978,M-1978-30,T-41,1,0,P-91717,T-41,13',first half,0,0
G-1022,WC-1978,M-1978-31,T-86,0,1,P-64134,T-86,3',first half,0,0
G-1023,WC-1978,M-1978-31,T-48,1,0,P-01582,T-48,27',first half,0,0
G-1024,WC-1978,M-1978-31,T-86,0,1,P-34993,T-86,70',second half,0,0
G-1025,WC-1978,M-1978-31,T-48,1,0,P-25337,T-48,82',second half,0,0
G-1026,WC-1978,M-1978-33,T-86,0,1,P-59574,T-86,19',first half,0,0
G-1027,WC-1978,M-1978-33,T-05,1,0,P-69695,T-86,59',second half,1,0
G-1028,WC-1978,M-1978-33,T-05,1,0,P-52271,T-05,66',second half,0,0
G-1029,WC-1978,M-1978-33,T-86,0,1,P-35602,T-86,68',second half,0,0
G-1030,WC-1978,M-1978-33,T-05,1,0,P-52271,T-05,87',second half,0,0
G-1031,WC-1978,M-1978-34,T-41,1,0,P-82670,T-48,19',first half,1,0
G-1032,WC-1978,M-1978-34,T-48,0,1,P-82670,T-48,49',second half,0,0
G-1033,WC-1978,M-1978-34,T-48,0,1,P-01582,T-48,76',second half,0,0
G-1034,WC-1978,M-1978-35,T-09,1,0,P-48382,T-09,13',first half,0,0
G-1035,WC-1978,M-1978-35,T-57,0,1,P-21597,T-57,45',first half,0,0
G-1036,WC-1978,M-1978-35,T-09,1,0,P-86942,T-09,58',second half,0,0
G-1037,WC-1978,M-1978-35,T-09,1,0,P-86942,T-09,63',second half,0,0
G-1038,WC-1978,M-1978-36,T-03,1,0,P-35082,T-03,21',first half,0,0
G-1039,WC-1978,M-1978-36,T-03,1,0,P-54098,T-03,43',first half,0,0
G-1040,WC-1978,M-1978-36,T-03,1,0,P-35082,T-03,49',second half,0,0
G-1041,WC-1978,M-1978-36,T-03,1,0,P-26640,T-03,50',second half,0,0
G-1042,WC-1978,M-1978-36,T-03,1,0,P-04739,T-03,67',second half,0,0
G-1043,WC-1978,M-1978-36,T-03,1,0,P-26640,T-03,72',second half,0,0
G-1044,WC-1978,M-1978-37,T-41,0,1,P-44349,T-41,38',first half,0,0
G-1045,WC-1978,M-1978-37,T-09,1,0,P-48382,T-09,64',second half,0,0
G-1046,WC-1978,M-1978-37,T-09,1,0,P-89519,T-09,71',second half,0,0
G-1047,WC-1978,M-1978-38,T-03,1,0,P-35082,T-03,38',first half,0,0
G-1048,WC-1978,M-1978-38,T-48,0,1,P-48111,T-48,82',second half,0,0
G-1049,WC-1978,M-1978-38,T-03,1,0,P-35082,T-03,105',"extra time, first half",0,0
G-1050,WC-1978,M-1978-38,T-03,1,0,P-61157,T-03,115',"extra time, second half",0,0
G-1051,WC-1982,M-1982-01,T-06,0,1,P-06736,T-06,62',second half,0,0
G-1052,WC-1982,M-1982-03,T-72,0,1,P-27460,T-72,34',first half,0,0
G-1053,WC-1982,M-1982-03,T-09,1,0,P-78605,T-09,75',second half,0,0
G-1054,WC-1982,M-1982-03,T-09,1,0,P-39132,T-09,88',second half,0,0
G-1055,WC-1982,M-1982-05,T-36,1,0,P-34326,T-36,4',first half,0,0
G-1056,WC-1982,M-1982-05,T-36,1,0,P-60461,T-36,11',first half,0,0
G-1057,WC-1982,M-1982-05,T-36,1,0,P-99185,T-36,23',first half,0,0
G-1058,WC-1982,M-1982-05,T-36,1,0,P-42012,T-36,50',second half,0,0
G-1059,WC-1982,M-1982-05,T-36,1,0,P-99185,T-36,54',second half,0,0
G-1060,WC-1982,M-1982-05,T-27,0,1,P-41807,T-27,64',second half,0,0
G-1061,WC-1982,M-1982-05,T-36,1,0,P-53791,T-36,69',second half,0,0
G-1062,WC-1982,M-1982-05,T-36,1,0,P-34354,T-36,70',second half,0,0
G-1063,WC-1982,M-1982-05,T-36,1,0,P-53791,T-36,72',second half,0,0
G-1064,WC-1982,M-1982-05,T-36,1,0,P-53791,T-36,76',second half,0,0
G-1065,WC-1982,M-1982-05,T-36,1,0,P-34326,T-36,83',second half,0,0
G-1066,WC-1982,M-1982-06,T-64,1,0,P-68584,T-64,18',first half,0,0
G-1067,WC-1982,M-1982-06,T-64,1,0,P-11027,T-64,29',first half,0,0
G-1068,WC-1982,M-1982-06,T-64,1,0,P-11027,T-64,32',first half,0,0
G-1069,WC-1982,M-1982-06,T-49,0,1,P-23450,T-49,54',second half,0,0
G-1070,WC-1982,M-1982-06,T-49,0,1,P-50194,T-49,64',second half,0,0
G-1071,WC-1982,M-1982-06,T-64,1,0,P-96391,T-64,73',second half,0,0
G-1072,WC-1982,M-1982-06,T-64,1,0,P-56094,T-64,79',second half,0,0
G-1073,WC-1982,M-1982-07,T-01,0,1,P-45774,T-01,54',second half,0,0
G-1074,WC-1982,M-1982-07,T-86,1,0,P-59574,T-86,67',second half,0,0
G-1075,WC-1982,M-1982-07,T-01,0,1,P-59774,T-01,68',second half,0,0
G-1076,WC-1982,M-1982-08,T-28,1,0,P-02675,T-28,1',first half,0,0
G-1077,WC-1982,M-1982-08,T-30,0,1,P-06095,T-30,24',first half,0,0
G-1078,WC-1982,M-1982-08,T-28,1,0,P-02675,T-28,67',second half,0,0
G-1079,WC-1982,M-1982-08,T-28,1,0,P-83210,T-28,83',second half,0,0
G-1080,WC-1982,M-1982-09,T-35,0,1,P-10770,T-35,8',first half,0,0
G-1081,WC-1982,M-1982-09,T-73,1,0,P-65283,T-73,65',second half,0,1
G-1082,WC-1982,M-1982-10,T-05,0,1,P-99989,T-05,22',first half,0,0
G-1083,WC-1982,M-1982-11,T-21,1,0,P-19209,T-21,21',first half,0,1
G-1084,WC-1982,M-1982-11,T-45,0,1,P-33410,T-45,57',second half,0,0
G-1085,WC-1982,M-1982-13,T-41,1,0,P-66365,T-41,18',first half,0,0
G-1086,WC-1982,M-1982-13,T-56,0,1,P-93346,T-56,83',second half,0,0
G-1087,WC-1982,M-1982-14,T-03,1,0,P-61157,T-03,26',first half,0,0
G-1088,WC-1982,M-1982-14,T-03,1,0,P-80404,T-03,28',first half,0,0
G-1089,WC-1982,M-1982-14,T-03,1,0,P-80404,T-03,57',second half,0,0
G-1090,WC-1982,M-1982-14,T-03,1,0,P-66254,T-03,60',second half,0,0
G-1091,WC-1982,M-1982-14,T-36,0,1,P-60461,T-36,76',second half,0,0
G-1092,WC-1982,M-1982-15,T-64,0,1,P-12472,T-64,18',first half,0,0
G-1093,WC-1982,M-1982-15,T-09,1,0,P-37483,T-09,33',first half,0,0
G-1094,WC-1982,M-1982-15,T-09,1,0,P-69644,T-09,48',second half,0,0
G-1095,WC-1982,M-1982-15,T-09,1,0,P-39132,T-09,63',second half,0,0
G-1096,WC-1982,M-1982-15,T-09,1,0,P-35736,T-09,87',second half,0,0
G-1097,WC-1982,M-1982-17,T-06,1,0,P-94036,T-06,19',first half,0,0
G-1098,WC-1982,M-1982-18,T-72,1,0,P-18718,T-72,24',first half,0,0
G-1099,WC-1982,M-1982-18,T-72,1,0,P-03282,T-72,48',second half,0,0
G-1100,WC-1982,M-1982-18,T-72,1,0,P-47456,T-72,68',second half,0,0
G-1101,WC-1982,M-1982-19,T-86,1,0,P-59574,T-86,9',first half,0,0
G-1102,WC-1982,M-1982-19,T-86,1,0,P-59574,T-86,57',second half,0,0
G-1103,WC-1982,M-1982-19,T-86,1,0,P-59574,T-86,66',second half,0,0
G-1104,WC-1982,M-1982-19,T-86,1,0,P-40743,T-86,81',second half,0,0
G-1105,WC-1982,M-1982-19,T-13,0,1,P-56491,T-13,90',second half,0,0
G-1106,WC-1982,M-1982-20,T-28,1,0,P-65224,T-28,62',second half,0,0
G-1107,WC-1982,M-1982-20,T-28,1,0,P-55121,T-21,66',second half,1,0
G-1108,WC-1982,M-1982-21,T-87,0,1,P-96969,T-87,10',first half,0,0
G-1109,WC-1982,M-1982-21,T-73,1,0,P-03571,T-73,14',first half,0,1
G-1110,WC-1982,M-1982-21,T-73,1,0,P-24553,T-73,66',second half,0,0
G-1111,WC-1982,M-1982-22,T-05,0,1,P-99989,T-05,55',second half,0,0
G-1112,WC-1982,M-1982-22,T-05,0,1,P-52271,T-05,67',second half,0,0
G-1113,WC-1982,M-1982-23,T-30,1,0,P-05511,T-30,31',first half,0,0
G-1114,WC-1982,M-1982-23,T-30,1,0,P-08939,T-30,43',first half,0,0
G-1115,WC-1982,M-1982-23,T-30,1,0,P-74565,T-30,48',second half,0,0
G-1116,WC-1982,M-1982-23,T-45,0,1,P-49203,T-45,75',second half,0,0
G-1117,WC-1982,M-1982-23,T-30,1,0,P-03719,T-30,89',second half,0,0
G-1118,WC-1982,M-1982-24,T-52,0,1,P-96985,T-52,10',first half,0,0
G-1119,WC-1982,M-1982-24,T-35,1,0,P-17413,T-35,60',second half,0,0
G-1120,WC-1982,M-1982-25,T-57,1,0,P-57931,T-57,55',second half,0,0
G-1121,WC-1982,M-1982-25,T-57,1,0,P-21597,T-57,58',second half,0,0
G-1122,WC-1982,M-1982-25,T-57,1,0,P-03652,T-57,61',second half,0,0
G-1123,WC-1982,M-1982-25,T-57,1,0,P-40684,T-57,68',second half,0,0
G-1124,WC-1982,M-1982-25,T-57,1,0,P-91411,T-57,76',second half,0,0
G-1125,WC-1982,M-1982-25,T-56,0,1,P-42136,T-56,83',second half,0,0
G-1126,WC-1982,M-1982-26,T-36,0,1,P-51494,T-36,27',first half,0,0
G-1127,WC-1982,M-1982-26,T-06,1,0,P-88070,T-06,76',second half,0,0
G-1128,WC-1982,M-1982-27,T-64,0,1,P-22480,T-64,15',first half,0,0
G-1129,WC-1982,M-1982-27,T-72,1,0,P-66593,T-72,59',second half,0,0
G-1130,WC-1982,M-1982-27,T-72,1,0,P-93680,T-72,84',second half,0,0
G-1131,WC-1982,M-1982-27,T-64,0,1,P-91562,T-64,86',second half,0,0
G-1132,WC-1982,M-1982-28,T-41,1,0,P-16875,T-41,60',second half,0,0
G-1133,WC-1982,M-1982-28,T-11,0,1,P-32771,T-11,61',second half,0,0
G-1134,WC-1982,M-1982-29,T-03,1,0,P-80376,T-03,22',first half,0,1
G-1135,WC-1982,M-1982-29,T-03,1,0,P-61157,T-03,54',second half,0,0
G-1136,WC-1982,M-1982-30,T-09,1,0,P-37483,T-09,28',first half,0,0
G-1137,WC-1982,M-1982-30,T-09,1,0,P-37483,T-09,31',first half,0,0
G-1138,WC-1982,M-1982-30,T-09,1,0,P-35736,T-09,64',second half,0,0
G-1139,WC-1982,M-1982-30,T-09,1,0,P-20664,T-09,70',second half,0,0
G-1140,WC-1982,M-1982-31,T-01,1,0,P-40338,T-01,7',first half,0,0
G-1141,WC-1982,M-1982-31,T-01,1,0,P-40338,T-01,31',first half,0,0
G-1142,WC-1982,M-1982-31,T-01,1,0,P-68346,T-01,35',first half,0,0
G-1143,WC-1982,M-1982-31,T-13,0,1,P-71032,T-13,59',second half,0,1
G-1144,WC-1982,M-1982-31,T-13,0,1,P-43905,T-13,73',second half,0,0
G-1145,WC-1982,M-1982-32,T-30,1,0,P-74565,T-30,66',second half,0,0
G-1146,WC-1982,M-1982-32,T-21,0,1,P-19209,T-21,84',second half,0,1
G-1147,WC-1982,M-1982-33,T-87,0,1,P-43672,T-87,88',second half,0,1
G-1148,WC-1982,M-1982-34,T-86,1,0,P-89949,T-86,10',first half,0,0
G-1149,WC-1982,M-1982-35,T-28,1,0,P-65224,T-28,27',first half,0,0
G-1150,WC-1982,M-1982-36,T-52,0,1,P-96985,T-52,47',second half,0,0
G-1151,WC-1982,M-1982-37,T-30,0,1,P-05511,T-30,39',first half,0,0
G-1152,WC-1982,M-1982-38,T-57,1,0,P-03652,T-57,4',first half,0,0
G-1153,WC-1982,M-1982-38,T-57,1,0,P-03652,T-57,26',first half,0,0
G-1154,WC-1982,M-1982-38,T-57,1,0,P-03652,T-57,53',second half,0,0
G-1155,WC-1982,M-1982-39,T-41,1,0,P-93788,T-41,57',second half,0,0
G-1156,WC-1982,M-1982-39,T-41,1,0,P-03775,T-41,67',second half,0,0
G-1157,WC-1982,M-1982-39,T-03,0,1,P-80376,T-03,83',second half,0,0
G-1158,WC-1982,M-1982-41,T-52,0,1,P-76882,T-52,27',first half,0,0
G-1159,WC-1982,M-1982-41,T-05,1,0,P-92720,T-05,50',second half,0,0
G-1160,WC-1982,M-1982-41,T-05,1,0,P-43037,T-05,68',second half,0,0
G-1161,WC-1982,M-1982-41,T-52,0,1,P-76882,T-52,75',second half,0,0
G-1162,WC-1982,M-1982-42,T-72,0,1,P-13514,T-72,48',second half,0,0
G-1163,WC-1982,M-1982-43,T-09,0,1,P-37483,T-09,11',first half,0,0
G-1164,WC-1982,M-1982-43,T-09,0,1,P-20664,T-09,66',second half,0,0
G-1165,WC-1982,M-1982-43,T-09,0,1,P-83096,T-09,75',second half,0,0
G-1166,WC-1982,M-1982-43,T-03,1,0,P-78111,T-03,89',second half,0,0
G-1167,WC-1982,M-1982-44,T-86,1,0,P-89975,T-86,50',second half,0,0
G-1168,WC-1982,M-1982-44,T-86,1,0,P-52461,T-86,75',second half,0,0
G-1169,WC-1982,M-1982-44,T-73,0,1,P-92317,T-73,82',second half,0,0
G-1170,WC-1982,M-1982-45,T-30,1,0,P-79617,T-30,33',first half,0,0
G-1171,WC-1982,M-1982-45,T-30,1,0,P-99991,T-30,46',second half,0,0
G-1172,WC-1982,M-1982-45,T-30,1,0,P-99991,T-30,68',second half,0,0
G-1173,WC-1982,M-1982-45,T-52,0,1,P-96985,T-52,75',second half,0,0
G-1174,WC-1982,M-1982-45,T-30,1,0,P-79617,T-30,80',second half,0,0
G-1175,WC-1982,M-1982-47,T-41,1,0,P-91717,T-41,5',first half,0,0
G-1176,WC-1982,M-1982-47,T-09,0,1,P-78605,T-09,12',first half,0,0
G-1177,WC-1982,M-1982-47,T-41,1,0,P-91717,T-41,25',first half,0,0
G-1178,WC-1982,M-1982-47,T-09,0,1,P-35736,T-09,68',second half,0,0
G-1179,WC-1982,M-1982-47,T-41,1,0,P-91717,T-41,74',second half,0,0
G-1180,WC-1982,M-1982-49,T-41,0,1,P-91717,T-41,22',first half,0,0
G-1181,WC-1982,M-1982-49,T-41,0,1,P-91717,T-41,73',second half,0,0
G-1182,WC-1982,M-1982-50,T-86,1,0,P-89975,T-86,17',first half,0,0
G-1183,WC-1982,M-1982-50,T-30,0,1,P-08939,T-30,26',first half,0,1
G-1184,WC-1982,M-1982-50,T-30,0,1,P-54040,T-30,92',"extra time, first half",0,0
G-1185,WC-1982,M-1982-50,T-30,0,1,P-79617,T-30,98',"extra time, first half",0,0
G-1186,WC-1982,M-1982-50,T-86,1,0,P-59574,T-86,102',"extra time, first half",0,0
G-1187,WC-1982,M-1982-50,T-86,1,0,P-52461,T-86,108',"extra time, second half",0,0
G-1188,WC-1982,M-1982-51,T-30,0,1,P-32542,T-30,13',first half,0,0
G-1189,WC-1982,M-1982-51,T-57,1,0,P-92867,T-57,40',first half,0,0
G-1190,WC-1982,M-1982-51,T-57,1,0,P-01165,T-57,44',first half,0,0
G-1191,WC-1982,M-1982-51,T-57,1,0,P-15890,T-57,46',second half,0,0
G-1192,WC-1982,M-1982-51,T-30,0,1,P-13150,T-30,72',second half,0,0
G-1193,WC-1982,M-1982-52,T-41,1,0,P-91717,T-41,57',second half,0,0
G-1194,WC-1982,M-1982-52,T-41,1,0,P-93788,T-41,69',second half,0,0
G-1195,WC-1982,M-1982-52,T-41,1,0,P-46574,T-41,81',second half,0,0
G-1196,WC-1982,M-1982-52,T-86,0,1,P-48686,T-86,83',second half,0,0
G-1197,WC-1986,M-1986-01,T-41,0,1,P-46574,T-41,44',first half,0,0
G-1198,WC-1986,M-1986-01,T-10,1,0,P-05061,T-10,85',second half,0,0
G-1199,WC-1986,M-1986-02,T-09,0,1,P-78605,T-09,62',second half,0,0
G-1200,WC-1986,M-1986-03,T-30,0,1,P-31235,T-30,79',second half,0,0
G-1201,WC-1986,M-1986-04,T-03,1,0,P-02464,T-03,6',first half,0,0
G-1202,WC-1986,M-1986-04,T-03,1,0,P-79080,T-03,18',first half,0,0
G-1203,WC-1986,M-1986-04,T-03,1,0,P-02464,T-03,46',second half,0,0
G-1204,WC-1986,M-1986-04,T-71,0,1,P-99813,T-71,73',second half,0,0
G-1205,WC-1986,M-1986-05,T-72,1,0,P-33328,T-72,2',first half,0,0
G-1206,WC-1986,M-1986-05,T-72,1,0,P-86677,T-72,4',first half,0,0
G-1207,WC-1986,M-1986-05,T-72,1,0,P-10855,T-72,24',first half,0,1
G-1208,WC-1986,M-1986-05,T-72,1,0,P-34497,T-72,66',second half,0,0
G-1209,WC-1986,M-1986-05,T-72,1,0,P-52793,T-36,73',second half,1,0
G-1210,WC-1986,M-1986-05,T-72,1,0,P-05562,T-72,80',second half,0,0
G-1211,WC-1986,M-1986-07,T-46,0,1,P-28996,T-46,23',first half,0,0
G-1212,WC-1986,M-1986-07,T-46,0,1,P-26316,T-46,39',first half,0,0
G-1213,WC-1986,M-1986-07,T-06,1,0,P-06736,T-06,45',first half,0,0
G-1214,WC-1986,M-1986-08,T-52,0,1,P-62599,T-52,6',first half,0,0
G-1215,WC-1986,M-1986-08,T-01,1,0,P-42885,T-01,59',second half,0,0
G-1216,WC-1986,M-1986-09,T-58,1,0,P-81444,T-58,75',second half,0,0
G-1217,WC-1986,M-1986-10,T-55,1,0,P-73704,T-55,35',first half,0,0
G-1218,WC-1986,M-1986-11,T-84,1,0,P-68463,T-84,4',first half,0,0
G-1219,WC-1986,M-1986-11,T-86,0,1,P-95392,T-86,84',second half,0,0
G-1220,WC-1986,M-1986-12,T-22,0,1,P-36502,T-22,57',second half,0,0
G-1221,WC-1986,M-1986-13,T-41,1,0,P-46574,T-41,6',first half,0,1
G-1222,WC-1986,M-1986-13,T-03,0,1,P-80404,T-03,34',first half,0,0
G-1223,WC-1986,M-1986-14,T-72,0,1,P-16126,T-72,53',second half,0,0
G-1224,WC-1986,M-1986-14,T-30,1,0,P-00643,T-30,62',second half,0,0
G-1225,WC-1986,M-1986-15,T-10,0,1,P-76141,T-10,11',first half,0,0
G-1226,WC-1986,M-1986-15,T-71,1,0,P-19309,T-71,70',second half,0,0
G-1227,WC-1986,M-1986-16,T-36,1,0,P-06745,T-36,2',first half,0,0
G-1228,WC-1986,M-1986-16,T-36,1,0,P-88653,T-36,75',second half,0,0
G-1229,WC-1986,M-1986-17,T-09,1,0,P-90635,T-09,66',second half,0,0
G-1230,WC-1986,M-1986-19,T-46,1,0,P-85837,T-46,3',first half,0,0
G-1231,WC-1986,M-1986-19,T-55,0,1,P-73704,T-55,85',second half,0,0
G-1232,WC-1986,M-1986-20,T-73,0,1,P-12940,T-73,1',first half,0,0
G-1233,WC-1986,M-1986-20,T-73,0,1,P-18314,T-73,18',first half,0,0
G-1234,WC-1986,M-1986-20,T-52,1,0,P-74529,T-52,46',second half,0,0
G-1235,WC-1986,M-1986-21,T-57,1,0,P-57931,T-57,68',second half,0,0
G-1236,WC-1986,M-1986-22,T-06,0,1,P-97414,T-06,16',first half,0,0
G-1237,WC-1986,M-1986-22,T-06,0,1,P-47038,T-06,21',first half,0,1
G-1238,WC-1986,M-1986-22,T-39,1,0,P-37600,T-39,59',second half,0,0
G-1239,WC-1986,M-1986-23,T-64,0,1,P-46604,T-64,18',first half,0,0
G-1240,WC-1986,M-1986-23,T-86,1,0,P-04572,T-86,23',first half,0,0
G-1241,WC-1986,M-1986-23,T-86,1,0,P-95392,T-86,49',second half,0,0
G-1242,WC-1986,M-1986-24,T-22,1,0,P-36502,T-22,11',first half,0,0
G-1243,WC-1986,M-1986-24,T-22,1,0,P-92595,T-22,41',first half,0,0
G-1244,WC-1986,M-1986-24,T-84,0,1,P-36582,T-84,45',first half,0,1
G-1245,WC-1986,M-1986-24,T-22,1,0,P-56788,T-22,52',second half,0,0
G-1246,WC-1986,M-1986-24,T-22,1,0,P-36502,T-22,67',second half,0,0
G-1247,WC-1986,M-1986-24,T-22,1,0,P-36502,T-22,80',second half,0,0
G-1248,WC-1986,M-1986-24,T-22,1,0,P-21213,T-22,88',second half,0,0
G-1249,WC-1986,M-1986-25,T-30,0,1,P-22982,T-30,29',first half,0,0
G-1250,WC-1986,M-1986-25,T-30,0,1,P-76592,T-30,62',second half,0,0
G-1251,WC-1986,M-1986-25,T-30,0,1,P-99991,T-30,84',second half,0,0
G-1252,WC-1986,M-1986-26,T-72,1,0,P-03282,T-72,58',second half,0,0
G-1253,WC-1986,M-1986-26,T-72,1,0,P-27906,T-72,74',second half,0,0
G-1254,WC-1986,M-1986-27,T-03,1,0,P-02464,T-03,4',first half,0,0
G-1255,WC-1986,M-1986-27,T-03,1,0,P-95267,T-03,77',second half,0,0
G-1256,WC-1986,M-1986-28,T-41,0,1,P-46574,T-41,17',first half,0,0
G-1257,WC-1986,M-1986-28,T-71,1,0,P-51349,T-71,62',second half,0,0
G-1258,WC-1986,M-1986-28,T-41,0,1,P-46574,T-41,73',second half,0,0
G-1259,WC-1986,M-1986-28,T-41,0,1,P-45849,T-71,82',second half,1,0
G-1260,WC-1986,M-1986-28,T-71,1,0,P-64475,T-71,83',second half,0,0
G-1261,WC-1986,M-1986-29,T-46,0,1,P-28996,T-46,54',second half,0,0
G-1262,WC-1986,M-1986-30,T-06,0,1,P-26401,T-06,30',first half,0,0
G-1263,WC-1986,M-1986-30,T-55,1,0,P-29440,T-55,50',second half,0,0
G-1264,WC-1986,M-1986-30,T-06,0,1,P-24703,T-06,59',second half,0,0
G-1265,WC-1986,M-1986-30,T-55,1,0,P-29440,T-55,76',second half,0,0
G-1266,WC-1986,M-1986-31,T-28,1,0,P-36651,T-28,9',first half,0,0
G-1267,WC-1986,M-1986-31,T-28,1,0,P-36651,T-28,14',first half,0,0
G-1268,WC-1986,M-1986-31,T-28,1,0,P-36651,T-28,34',first half,0,0
G-1269,WC-1986,M-1986-32,T-47,0,1,P-21024,T-47,19',first half,0,0
G-1270,WC-1986,M-1986-32,T-47,0,1,P-21024,T-47,26',first half,0,0
G-1271,WC-1986,M-1986-32,T-47,0,1,P-32922,T-47,62',second half,0,0
G-1272,WC-1986,M-1986-32,T-58,1,0,P-88661,T-58,80',second half,0,0
G-1273,WC-1986,M-1986-33,T-73,0,1,P-14296,T-73,15',first half,0,0
G-1274,WC-1986,M-1986-33,T-73,0,1,P-14296,T-73,68',second half,0,0
G-1275,WC-1986,M-1986-33,T-73,0,1,P-74307,T-73,70',second half,0,0
G-1276,WC-1986,M-1986-34,T-09,0,1,P-90635,T-09,15',first half,0,0
G-1277,WC-1986,M-1986-34,T-09,0,1,P-79755,T-09,42',first half,0,0
G-1278,WC-1986,M-1986-34,T-09,0,1,P-90635,T-09,87',second half,0,0
G-1279,WC-1986,M-1986-35,T-22,1,0,P-21213,T-22,43',first half,0,1
G-1280,WC-1986,M-1986-35,T-22,1,0,P-92292,T-22,62',second half,0,0
G-1281,WC-1986,M-1986-37,T-46,1,0,P-66199,T-46,34',first half,0,0
G-1282,WC-1986,M-1986-37,T-46,1,0,P-89412,T-46,61',second half,0,0
G-1283,WC-1986,M-1986-38,T-72,1,0,P-10855,T-72,27',first half,0,0
G-1284,WC-1986,M-1986-38,T-06,0,1,P-97414,T-06,56',second half,0,0
G-1285,WC-1986,M-1986-38,T-72,1,0,P-10855,T-72,70',second half,0,0
G-1286,WC-1986,M-1986-38,T-06,0,1,P-25456,T-06,77',second half,0,0
G-1287,WC-1986,M-1986-38,T-06,0,1,P-95299,T-06,102',"extra time, first half",0,0
G-1288,WC-1986,M-1986-38,T-06,0,1,P-47038,T-06,110',"extra time, second half",0,0
G-1289,WC-1986,M-1986-38,T-72,1,0,P-10855,T-72,111',"extra time, second half",0,1
G-1290,WC-1986,M-1986-39,T-09,1,0,P-78605,T-09,30',first half,0,1
G-1291,WC-1986,M-1986-39,T-09,1,0,P-79755,T-09,55',second half,0,0
G-1292,WC-1986,M-1986-39,T-09,1,0,P-12950,T-09,79',second half,0,0
G-1293,WC-1986,M-1986-39,T-09,1,0,P-90635,T-09,83',second half,0,1
G-1294,WC-1986,M-1986-40,T-03,1,0,P-12666,T-03,42',first half,0,0
G-1295,WC-1986,M-1986-41,T-30,0,1,P-08939,T-30,15',first half,0,0
G-1296,WC-1986,M-1986-41,T-30,0,1,P-22982,T-30,57',second half,0,0
G-1297,WC-1986,M-1986-42,T-86,0,1,P-49502,T-86,87',second half,0,0
G-1298,WC-1986,M-1986-43,T-28,1,0,P-36651,T-28,31',first half,0,0
G-1299,WC-1986,M-1986-43,T-28,1,0,P-18335,T-28,56',second half,0,0
G-1300,WC-1986,M-1986-43,T-28,1,0,P-36651,T-28,73',second half,0,0
G-1301,WC-1986,M-1986-44,T-22,1,0,P-21213,T-22,33',first half,0,1
G-1302,WC-1986,M-1986-44,T-73,0,1,P-12940,T-73,43',first half,0,0
G-1303,WC-1986,M-1986-44,T-73,0,1,P-12940,T-73,56',second half,0,0
G-1304,WC-1986,M-1986-44,T-73,0,1,P-93792,T-73,68',second half,0,1
G-1305,WC-1986,M-1986-44,T-73,0,1,P-12940,T-73,80',second half,0,0
G-1306,WC-1986,M-1986-44,T-73,0,1,P-12940,T-73,88',second half,0,1
G-1307,WC-1986,M-1986-45,T-09,1,0,P-90635,T-09,17',first half,0,0
G-1308,WC-1986,M-1986-45,T-30,0,1,P-08939,T-30,40',first half,0,0
G-1309,WC-1986,M-1986-47,T-03,1,0,P-80404,T-03,51',second half,0,0
G-1310,WC-1986,M-1986-47,T-03,1,0,P-80404,T-03,55',second half,0,0
G-1311,WC-1986,M-1986-47,T-28,0,1,P-36651,T-28,81',second half,0,0
G-1312,WC-1986,M-1986-48,T-06,0,1,P-25456,T-06,35',first half,0,0
G-1313,WC-1986,M-1986-48,T-73,1,0,P-32414,T-73,85',second half,0,0
G-1314,WC-1986,M-1986-49,T-86,0,1,P-67713,T-86,9',first half,0,0
G-1315,WC-1986,M-1986-49,T-86,0,1,P-04572,T-86,90',second half,0,0
G-1316,WC-1986,M-1986-50,T-03,1,0,P-80404,T-03,51',second half,0,0
G-1317,WC-1986,M-1986-50,T-03,1,0,P-80404,T-03,63',second half,0,0
G-1318,WC-1986,M-1986-51,T-06,1,0,P-25456,T-06,11',first half,0,0
G-1319,WC-1986,M-1986-51,T-30,0,1,P-80821,T-30,27',first half,0,0
G-1320,WC-1986,M-1986-51,T-30,0,1,P-31235,T-30,43',first half,0,0
G-1321,WC-1986,M-1986-51,T-06,1,0,P-47038,T-06,73',second half,0,0
G-1322,WC-1986,M-1986-51,T-30,0,1,P-05511,T-30,104',"extra time, first half",0,0
G-1323,WC-1986,M-1986-51,T-30,0,1,P-69834,T-30,111',"extra time, second half",0,1
G-1324,WC-1986,M-1986-52,T-03,1,0,P-62815,T-03,23',first half,0,0
G-1325,WC-1986,M-1986-52,T-03,1,0,P-02464,T-03,56',second half,0,0
G-1326,WC-1986,M-1986-52,T-86,0,1,P-59574,T-86,74',second half,0,0
G-1327,WC-1986,M-1986-52,T-86,0,1,P-04572,T-86,81',second half,0,0
G-1328,WC-1986,M-1986-52,T-03,1,0,P-95267,T-03,84',second half,0,0
G-1329,WC-1990,M-1990-01,T-11,0,1,P-77989,T-11,67',second half,0,0
G-1330,WC-1990,M-1990-02,T-61,0,1,P-01137,T-61,41',first half,0,0
G-1331,WC-1990,M-1990-02,T-61,0,1,P-01137,T-61,55',second half,0,1
G-1332,WC-1990,M-1990-03,T-16,0,1,P-02405,T-16,50',second half,0,0
G-1333,WC-1990,M-1990-03,T-16,0,1,P-49600,T-16,85',second half,0,0
G-1334,WC-1990,M-1990-04,T-41,1,0,P-76544,T-41,78',second half,0,0
G-1335,WC-1990,M-1990-05,T-21,0,1,P-71260,T-21,26',first half,0,0
G-1336,WC-1990,M-1990-05,T-21,0,1,P-08239,T-21,40',first half,0,1
G-1337,WC-1990,M-1990-05,T-21,0,1,P-73737,T-21,50',second half,0,0
G-1338,WC-1990,M-1990-05,T-83,1,0,P-82723,T-83,60',second half,0,0
G-1339,WC-1990,M-1990-05,T-21,0,1,P-71260,T-21,78',second half,0,0
G-1340,WC-1990,M-1990-05,T-21,0,1,P-99987,T-21,90'+3',"second half, stoppage time",0,0
G-1341,WC-1990,M-1990-06,T-09,1,0,P-90635,T-09,40',first half,0,0
G-1342,WC-1990,M-1990-06,T-09,1,0,P-90635,T-09,63',second half,0,0
G-1343,WC-1990,M-1990-06,T-74,0,1,P-26281,T-74,79',second half,0,0
G-1344,WC-1990,M-1990-07,T-86,1,0,P-49502,T-86,28',first half,0,0
G-1345,WC-1990,M-1990-07,T-86,1,0,P-91373,T-86,39',first half,0,0
G-1346,WC-1990,M-1990-07,T-87,0,1,P-01298,T-87,55',second half,0,0
G-1347,WC-1990,M-1990-07,T-86,1,0,P-49502,T-86,64',second half,0,0
G-1348,WC-1990,M-1990-07,T-86,1,0,P-04572,T-86,70',second half,0,0
G-1349,WC-1990,M-1990-08,T-17,1,0,P-18941,T-17,49',second half,0,0
G-1350,WC-1990,M-1990-09,T-28,1,0,P-36651,T-28,9',first half,0,0
G-1351,WC-1990,M-1990-09,T-60,0,1,P-72379,T-60,73',second half,0,0
G-1352,WC-1990,M-1990-10,T-06,1,0,P-28230,T-06,53',second half,0,0
G-1353,WC-1990,M-1990-10,T-06,1,0,P-39297,T-06,64',second half,0,0
G-1354,WC-1990,M-1990-11,T-48,1,0,P-11241,T-48,58',second half,0,0
G-1355,WC-1990,M-1990-11,T-26,0,1,P-62193,T-26,83',second half,0,1
G-1356,WC-1990,M-1990-13,T-03,1,0,P-30977,T-03,27',first half,0,0
G-1357,WC-1990,M-1990-13,T-03,1,0,P-95267,T-03,79',second half,0,0
G-1358,WC-1990,M-1990-14,T-11,1,0,P-58080,T-11,76',second half,0,0
G-1359,WC-1990,M-1990-14,T-11,1,0,P-58080,T-11,86',second half,0,0
G-1360,WC-1990,M-1990-14,T-61,0,1,P-67274,T-61,88',second half,0,0
G-1361,WC-1990,M-1990-15,T-87,1,0,P-01298,T-87,75',second half,0,0
G-1362,WC-1990,M-1990-16,T-41,1,0,P-75545,T-41,11',first half,0,0
G-1363,WC-1990,M-1990-17,T-21,0,1,P-08239,T-21,31',first half,0,1
G-1364,WC-1990,M-1990-18,T-86,1,0,P-04572,T-86,35',first half,0,0
G-1365,WC-1990,M-1990-18,T-86,1,0,P-91373,T-86,37',first half,0,0
G-1366,WC-1990,M-1990-18,T-82,0,1,P-90097,T-82,46',second half,0,0
G-1367,WC-1990,M-1990-18,T-86,1,0,P-49502,T-86,47',second half,0,0
G-1368,WC-1990,M-1990-18,T-86,1,0,P-60022,T-86,58',second half,0,0
G-1369,WC-1990,M-1990-18,T-86,1,0,P-04572,T-86,75',second half,0,0
G-1370,WC-1990,M-1990-19,T-09,1,0,P-60969,T-09,33',first half,0,0
G-1371,WC-1990,M-1990-20,T-64,0,1,P-49470,T-64,11',first half,0,0
G-1372,WC-1990,M-1990-20,T-64,0,1,P-17223,T-64,81',second half,0,1
G-1373,WC-1990,M-1990-20,T-74,1,0,P-67329,T-74,86',second half,0,0
G-1374,WC-1990,M-1990-23,T-06,1,0,P-05723,T-06,15',first half,0,0
G-1375,WC-1990,M-1990-23,T-06,1,0,P-97414,T-06,24',first half,0,0
G-1376,WC-1990,M-1990-23,T-06,1,0,P-25456,T-06,47',second half,0,0
G-1377,WC-1990,M-1990-23,T-84,0,1,P-52902,T-84,73',second half,0,0
G-1378,WC-1990,M-1990-24,T-73,0,1,P-06498,T-73,23',first half,0,0
G-1379,WC-1990,M-1990-24,T-71,1,0,P-76411,T-71,43',first half,0,0
G-1380,WC-1990,M-1990-24,T-73,0,1,P-06498,T-73,61',second half,0,0
G-1381,WC-1990,M-1990-24,T-73,0,1,P-06498,T-73,81',second half,0,0
G-1382,WC-1990,M-1990-25,T-03,1,0,P-31161,T-03,62',second half,0,0
G-1383,WC-1990,M-1990-25,T-61,0,1,P-67274,T-61,68',second half,0,0
G-1384,WC-1990,M-1990-26,T-72,0,1,P-10906,T-72,20',first half,0,0
G-1385,WC-1990,M-1990-26,T-72,0,1,P-05885,T-72,29',first half,0,0
G-1386,WC-1990,M-1990-26,T-72,0,1,P-27906,T-72,52',second half,0,0
G-1387,WC-1990,M-1990-26,T-72,0,1,P-77250,T-72,63',second half,0,0
G-1388,WC-1990,M-1990-27,T-86,1,0,P-89975,T-86,88',second half,0,0
G-1389,WC-1990,M-1990-27,T-16,0,1,P-69504,T-16,90'+3',"second half, stoppage time",0,0
G-1390,WC-1990,M-1990-28,T-87,1,0,P-74361,T-87,5',first half,0,0
G-1391,WC-1990,M-1990-28,T-87,1,0,P-31892,T-87,9',first half,0,0
G-1392,WC-1990,M-1990-28,T-82,0,1,P-56780,T-82,22',first half,0,0
G-1393,WC-1990,M-1990-28,T-87,1,0,P-31892,T-87,46',second half,0,0
G-1394,WC-1990,M-1990-28,T-87,1,0,P-62861,T-87,90'+3',"second half, stoppage time",0,0
G-1395,WC-1990,M-1990-29,T-05,1,0,P-07284,T-05,49',second half,0,0
G-1396,WC-1990,M-1990-29,T-05,1,0,P-79953,T-05,63',second half,0,0
G-1397,WC-1990,M-1990-29,T-83,0,1,P-93627,T-83,83',second half,0,0
G-1398,WC-1990,M-1990-30,T-41,1,0,P-76544,T-41,9',first half,0,0
G-1399,WC-1990,M-1990-30,T-41,1,0,P-78756,T-41,78',second half,0,0
G-1400,WC-1990,M-1990-31,T-09,1,0,P-60969,T-09,81',second half,0,0
G-1401,WC-1990,M-1990-32,T-74,1,0,P-60456,T-74,32',first half,0,0
G-1402,WC-1990,M-1990-32,T-17,0,1,P-59912,T-17,75',second half,0,0
G-1403,WC-1990,M-1990-32,T-17,0,1,P-02273,T-17,87',second half,0,0
G-1404,WC-1990,M-1990-33,T-73,0,1,P-06498,T-73,26',first half,0,1
G-1405,WC-1990,M-1990-33,T-06,1,0,P-92384,T-06,29',first half,0,0
G-1406,WC-1990,M-1990-33,T-73,0,1,P-82189,T-73,38',first half,0,0
G-1407,WC-1990,M-1990-34,T-84,0,1,P-30100,T-84,90'+1',"second half, stoppage time",0,0
G-1408,WC-1990,M-1990-35,T-28,1,0,P-68510,T-28,58',second half,0,0
G-1409,WC-1990,M-1990-36,T-48,0,1,P-32830,T-48,11',first half,0,0
G-1410,WC-1990,M-1990-36,T-60,1,0,P-51629,T-60,71',second half,0,0
G-1411,WC-1990,M-1990-37,T-11,1,0,P-58080,T-11,106',"extra time, second half",0,0
G-1412,WC-1990,M-1990-37,T-11,1,0,P-58080,T-11,108',"extra time, second half",0,0
G-1413,WC-1990,M-1990-37,T-16,0,1,P-02405,T-16,115',"extra time, second half",0,0
G-1414,WC-1990,M-1990-38,T-21,1,0,P-71260,T-21,12',first half,0,0
G-1415,WC-1990,M-1990-38,T-17,0,1,P-74237,T-17,55',second half,0,0
G-1416,WC-1990,M-1990-38,T-21,1,0,P-71260,T-21,63',second half,0,0
G-1417,WC-1990,M-1990-38,T-21,1,0,P-16313,T-21,76',second half,0,0
G-1418,WC-1990,M-1990-38,T-21,1,0,P-71260,T-21,82',second half,0,0
G-1419,WC-1990,M-1990-39,T-03,0,1,P-35873,T-03,81',second half,0,0
G-1420,WC-1990,M-1990-40,T-86,1,0,P-91373,T-86,51',second half,0,0
G-1421,WC-1990,M-1990-40,T-86,1,0,P-67713,T-86,85',second half,0,0
G-1422,WC-1990,M-1990-40,T-48,0,1,P-72919,T-48,89',second half,0,1
G-1423,WC-1990,M-1990-42,T-41,1,0,P-76544,T-41,65',second half,0,0
G-1424,WC-1990,M-1990-42,T-41,1,0,P-35253,T-41,83',second half,0,0
G-1425,WC-1990,M-1990-43,T-87,0,1,P-93318,T-87,78',second half,0,0
G-1426,WC-1990,M-1990-43,T-73,1,0,P-18314,T-73,84',second half,0,0
G-1427,WC-1990,M-1990-43,T-87,0,1,P-93318,T-87,93',"extra time, first half",0,0
G-1428,WC-1990,M-1990-44,T-28,1,0,P-34450,T-28,119',"extra time, second half",0,0
G-1429,WC-1990,M-1990-46,T-41,0,1,P-76544,T-41,38',first half,0,0
G-1430,WC-1990,M-1990-47,T-86,0,1,P-49502,T-86,25',first half,0,1
G-1431,WC-1990,M-1990-48,T-28,0,1,P-34450,T-28,25',first half,0,0
G-1432,WC-1990,M-1990-48,T-11,1,0,P-44016,T-11,61',second half,0,1
G-1433,WC-1990,M-1990-48,T-11,1,0,P-41084,T-11,65',second half,0,0
G-1434,WC-1990,M-1990-48,T-28,0,1,P-36651,T-28,83',second half,0,1
G-1435,WC-1990,M-1990-48,T-28,0,1,P-36651,T-28,105',"extra time, first half",0,1
G-1436,WC-1990,M-1990-49,T-41,0,1,P-76544,T-41,17',first half,0,0
G-1437,WC-1990,M-1990-49,T-03,1,0,P-35873,T-03,67',second half,0,0
G-1438,WC-1990,M-1990-50,T-86,1,0,P-67713,T-86,60',second half,0,0
G-1439,WC-1990,M-1990-50,T-28,0,1,P-36651,T-28,80',second half,0,0
G-1440,WC-1990,M-1990-51,T-41,1,0,P-78756,T-41,71',second half,0,0
G-1441,WC-1990,M-1990-51,T-28,0,1,P-34450,T-28,81',second half,0,0
G-1442,WC-1990,M-1990-51,T-41,1,0,P-76544,T-41,86',second half,0,1
G-1443,WC-1990,M-1990-52,T-86,1,0,P-67713,T-86,85',second half,0,1
G-1444,WC-1991,M-1991-01,T-14,1,0,P-84060,T-14,22',first half,0,0
G-1445,WC-1991,M-1991-01,T-14,1,0,P-10128,T-14,45',first half,0,0
G-1446,WC-1991,M-1991-01,T-14,1,0,P-10128,T-14,50',second half,0,0
G-1447,WC-1991,M-1991-01,T-14,1,0,P-49949,T-14,75',second half,0,0
G-1448,WC-1991,M-1991-02,T-31,1,0,P-10757,T-31,16',first half,0,0
G-1449,WC-1991,M-1991-02,T-31,1,0,P-30335,T-31,32',first half,0,0
G-1450,WC-1991,M-1991-02,T-31,1,0,P-30335,T-31,34',first half,0,0
G-1451,WC-1991,M-1991-02,T-31,1,0,P-47441,T-31,57',second half,0,0
G-1452,WC-1991,M-1991-03,T-22,1,0,P-42117,T-22,15',first half,0,0
G-1453,WC-1991,M-1991-03,T-22,1,0,P-42117,T-22,40',first half,0,0
G-1454,WC-1991,M-1991-03,T-22,1,0,P-25916,T-22,42',first half,0,0
G-1455,WC-1991,M-1991-04,T-09,0,1,P-41343,T-09,4',first half,0,0
G-1456,WC-1991,M-1991-05,T-83,0,1,P-99328,T-83,40',first half,0,0
G-1457,WC-1991,M-1991-05,T-83,0,1,P-99328,T-83,49',second half,0,0
G-1458,WC-1991,M-1991-05,T-83,0,1,P-28901,T-83,62',second half,0,0
G-1459,WC-1991,M-1991-05,T-74,1,0,P-33270,T-74,65',second half,0,0
G-1460,WC-1991,M-1991-05,T-74,1,0,P-02652,T-74,71',second half,0,0
G-1461,WC-1991,M-1991-06,T-41,0,1,P-65393,T-41,15',first half,0,0
G-1462,WC-1991,M-1991-06,T-41,0,1,P-57735,T-41,29',first half,0,0
G-1463,WC-1991,M-1991-06,T-41,0,1,P-89767,T-41,37',first half,0,0
G-1464,WC-1991,M-1991-06,T-41,0,1,P-89767,T-41,52',second half,0,0
G-1465,WC-1991,M-1991-06,T-41,0,1,P-89767,T-41,66',second half,0,0
G-1466,WC-1991,M-1991-07,T-53,1,0,P-75601,T-49,30',first half,1,0
G-1467,WC-1991,M-1991-07,T-53,1,0,P-58688,T-53,32',first half,0,0
G-1468,WC-1991,M-1991-07,T-53,1,0,P-58688,T-53,38',first half,0,0
G-1469,WC-1991,M-1991-07,T-53,1,0,P-84389,T-53,49',second half,0,0
G-1470,WC-1991,M-1991-08,T-41,1,0,P-89767,T-41,68',second half,0,0
G-1471,WC-1991,M-1991-09,T-22,0,1,P-08319,T-22,24',first half,0,0
G-1472,WC-1991,M-1991-09,T-14,1,0,P-14903,T-14,37',first half,0,0
G-1473,WC-1991,M-1991-09,T-22,0,1,P-23712,T-22,55',second half,0,0
G-1474,WC-1991,M-1991-09,T-14,1,0,P-47025,T-14,76',second half,0,0
G-1475,WC-1991,M-1991-10,T-83,0,1,P-90564,T-83,23',first half,0,0
G-1476,WC-1991,M-1991-10,T-83,0,1,P-90564,T-83,35',first half,0,0
G-1477,WC-1991,M-1991-10,T-83,0,1,P-99328,T-83,38',first half,0,0
G-1478,WC-1991,M-1991-10,T-83,0,1,P-54794,T-83,39',first half,0,0
G-1479,WC-1991,M-1991-10,T-83,0,1,P-28901,T-83,63',second half,0,0
G-1480,WC-1991,M-1991-11,T-74,0,1,P-33270,T-74,1',first half,0,0
G-1481,WC-1991,M-1991-11,T-74,0,1,P-33270,T-74,11',first half,0,0
G-1482,WC-1991,M-1991-11,T-74,0,1,P-81571,T-74,15',first half,0,0
G-1483,WC-1991,M-1991-11,T-74,0,1,P-08153,T-74,25',first half,0,0
G-1484,WC-1991,M-1991-11,T-74,0,1,P-98080,T-74,27',first half,0,0
G-1485,WC-1991,M-1991-11,T-74,0,1,P-12441,T-74,34',first half,0,0
G-1486,WC-1991,M-1991-11,T-74,0,1,P-81571,T-74,60',second half,0,0
G-1487,WC-1991,M-1991-11,T-74,0,1,P-85493,T-44,70',second half,1,0
G-1488,WC-1991,M-1991-12,T-31,0,1,P-53366,T-31,10',first half,0,1
G-1489,WC-1991,M-1991-12,T-31,0,1,P-30335,T-31,21',first half,0,0
G-1490,WC-1991,M-1991-12,T-31,0,1,P-30335,T-31,50',second half,0,0
G-1491,WC-1991,M-1991-13,T-74,0,1,P-12441,T-74,42',first half,0,1
G-1492,WC-1991,M-1991-13,T-74,0,1,P-24936,T-74,56',second half,0,0
G-1493,WC-1991,M-1991-14,T-83,0,1,P-54794,T-83,20',first half,0,0
G-1494,WC-1991,M-1991-14,T-83,0,1,P-54794,T-83,37',first half,0,0
G-1495,WC-1991,M-1991-14,T-83,0,1,P-05397,T-83,39',first half,0,0
G-1496,WC-1991,M-1991-15,T-14,1,0,P-02688,T-14,20',first half,0,0
G-1497,WC-1991,M-1991-15,T-14,1,0,P-10128,T-14,22',first half,0,0
G-1498,WC-1991,M-1991-15,T-14,1,0,P-15966,T-14,24',first half,0,0
G-1499,WC-1991,M-1991-15,T-14,1,0,P-10128,T-14,60',second half,0,0
G-1500,WC-1991,M-1991-15,T-49,0,1,P-35084,T-49,65',second half,0,0
G-1501,WC-1991,M-1991-16,T-53,1,0,P-18995,T-53,14',first half,0,1
G-1502,WC-1991,M-1991-16,T-22,0,1,P-88749,T-22,54',second half,0,1
G-1503,WC-1991,M-1991-16,T-53,1,0,P-58688,T-53,56',second half,0,0
G-1504,WC-1991,M-1991-17,T-15,1,0,P-34495,T-15,38',first half,0,0
G-1505,WC-1991,M-1991-17,T-15,1,0,P-19063,T-15,55',second half,0,0
G-1506,WC-1991,M-1991-18,T-31,0,1,P-30335,T-31,67',second half,0,0
G-1507,WC-1991,M-1991-18,T-31,0,1,P-51730,T-31,79',second half,0,0
G-1508,WC-1991,M-1991-19,T-31,0,1,P-53366,T-31,17',first half,0,1
G-1509,WC-1991,M-1991-19,T-22,1,0,P-25916,T-22,25',first half,0,1
G-1510,WC-1991,M-1991-19,T-31,0,1,P-30335,T-31,98',"extra time, first half",0,0
G-1511,WC-1991,M-1991-20,T-74,0,1,P-12441,T-74,3',first half,0,0
G-1512,WC-1991,M-1991-21,T-53,1,0,P-35393,T-53,22',first half,0,0
G-1513,WC-1991,M-1991-21,T-41,0,1,P-90918,T-41,31',first half,0,0
G-1514,WC-1991,M-1991-21,T-53,1,0,P-06023,T-53,67',second half,0,0
G-1515,WC-1991,M-1991-21,T-41,0,1,P-50912,T-41,80',second half,0,0
G-1516,WC-1991,M-1991-21,T-53,1,0,P-18995,T-53,96',"extra time, first half",0,1
G-1517,WC-1991,M-1991-22,T-83,1,0,P-54794,T-83,8',first half,0,0
G-1518,WC-1991,M-1991-22,T-83,1,0,P-54794,T-83,29',first half,0,0
G-1519,WC-1991,M-1991-22,T-83,1,0,P-54794,T-83,33',first half,0,0
G-1520,WC-1991,M-1991-22,T-83,1,0,P-89416,T-83,38',first half,0,0
G-1521,WC-1991,M-1991-22,T-83,1,0,P-54794,T-83,44',first half,0,1
G-1522,WC-1991,M-1991-22,T-83,1,0,P-54794,T-83,48',second half,0,0
G-1523,WC-1991,M-1991-22,T-83,1,0,P-30345,T-83,79',second half,0,0
G-1524,WC-1991,M-1991-23,T-74,1,0,P-33270,T-74,6',first half,0,0
G-1525,WC-1991,M-1991-23,T-53,0,1,P-18995,T-53,39',first half,0,1
G-1526,WC-1991,M-1991-23,T-53,0,1,P-58688,T-53,41',first half,0,0
G-1527,WC-1991,M-1991-23,T-53,0,1,P-06023,T-53,67',second half,0,0
G-1528,WC-1991,M-1991-23,T-53,0,1,P-58688,T-53,77',second half,0,0
G-1529,WC-1991,M-1991-24,T-83,0,1,P-99328,T-83,10',first half,0,0
G-1530,WC-1991,M-1991-24,T-83,0,1,P-99328,T-83,22',first half,0,0
G-1531,WC-1991,M-1991-24,T-83,0,1,P-99328,T-83,33',first half,0,0
G-1532,WC-1991,M-1991-24,T-31,1,0,P-30335,T-31,34',first half,0,0
G-1533,WC-1991,M-1991-24,T-83,0,1,P-90564,T-83,54',second half,0,0
G-1534,WC-1991,M-1991-24,T-31,1,0,P-53366,T-31,63',second half,0,0
G-1535,WC-1991,M-1991-24,T-83,0,1,P-90564,T-83,75',second half,0,0
G-1536,WC-1991,M-1991-25,T-74,1,0,P-81571,T-74,7',first half,0,0
G-1537,WC-1991,M-1991-25,T-74,1,0,P-12441,T-74,11',first half,0,0
G-1538,WC-1991,M-1991-25,T-74,1,0,P-33270,T-74,29',first half,0,0
G-1539,WC-1991,M-1991-25,T-74,1,0,P-98080,T-74,43',first half,0,0
G-1540,WC-1991,M-1991-26,T-83,0,1,P-54794,T-83,20',first half,0,0
G-1541,WC-1991,M-1991-26,T-53,1,0,P-58688,T-53,29',first half,0,0
G-1542,WC-1991,M-1991-26,T-83,0,1,P-54794,T-83,78',second half,0,0
G-1543,WC-1994,M-1994-01,T-31,1,0,P-91373,T-31,61',second half,0,0
G-1544,WC-1994,M-1994-02,T-73,1,0,P-18314,T-73,51',second half,0,0
G-1545,WC-1994,M-1994-02,T-73,1,0,P-00619,T-73,55',second half,0,0
G-1546,WC-1994,M-1994-02,T-71,0,1,P-55097,T-71,85',second half,0,0
G-1547,WC-1994,M-1994-02,T-71,0,1,P-65525,T-71,90',second half,0,0
G-1548,WC-1994,M-1994-03,T-75,0,1,P-26437,T-75,39',first half,0,0
G-1549,WC-1994,M-1994-03,T-83,1,0,P-67232,T-83,44',first half,0,0
G-1550,WC-1994,M-1994-04,T-60,0,1,P-95491,T-60,11',first half,0,0
G-1551,WC-1994,M-1994-05,T-61,0,1,P-69340,T-61,15',first half,0,0
G-1552,WC-1994,M-1994-05,T-61,0,1,P-30739,T-61,34',first half,0,0
G-1553,WC-1994,M-1994-05,T-16,1,0,P-55994,T-16,43',first half,0,0
G-1554,WC-1994,M-1994-05,T-61,0,1,P-69340,T-61,89',second half,0,0
G-1555,WC-1994,M-1994-06,T-06,1,0,P-28230,T-06,11',first half,0,0
G-1556,WC-1994,M-1994-07,T-53,1,0,P-72296,T-53,84',second half,0,0
G-1557,WC-1994,M-1994-08,T-74,0,1,P-75066,T-74,8',first half,0,0
G-1558,WC-1994,M-1994-08,T-11,1,0,P-43560,T-11,31',first half,0,0
G-1559,WC-1994,M-1994-08,T-11,1,0,P-77989,T-11,47',second half,0,0
G-1560,WC-1994,M-1994-08,T-74,0,1,P-63429,T-74,75',second half,0,0
G-1561,WC-1994,M-1994-09,T-09,1,0,P-61251,T-09,26',first half,0,0
G-1562,WC-1994,M-1994-09,T-09,1,0,P-93386,T-09,52',second half,0,1
G-1563,WC-1994,M-1994-10,T-63,0,1,P-21550,T-63,18',first half,0,0
G-1564,WC-1994,M-1994-10,T-48,1,0,P-27957,T-48,50',second half,0,0
G-1565,WC-1994,M-1994-10,T-48,1,0,P-20827,T-48,86',second half,0,0
G-1566,WC-1994,M-1994-11,T-03,1,0,P-84542,T-03,2',first half,0,0
G-1567,WC-1994,M-1994-11,T-03,1,0,P-84542,T-03,44',first half,0,0
G-1568,WC-1994,M-1994-11,T-03,1,0,P-80404,T-03,60',second half,0,0
G-1569,WC-1994,M-1994-11,T-03,1,0,P-84542,T-03,90',second half,0,1
G-1570,WC-1994,M-1994-12,T-73,0,1,P-00619,T-73,14',first half,0,0
G-1571,WC-1994,M-1994-12,T-31,1,0,P-91373,T-31,48',second half,0,0
G-1572,WC-1994,M-1994-13,T-50,1,0,P-98228,T-50,21',first half,0,0
G-1573,WC-1994,M-1994-13,T-50,1,0,P-84893,T-50,43',first half,0,0
G-1574,WC-1994,M-1994-13,T-50,1,0,P-22820,T-50,55',second half,0,0
G-1575,WC-1994,M-1994-14,T-75,0,1,P-56818,T-75,16',first half,0,0
G-1576,WC-1994,M-1994-14,T-61,1,0,P-30739,T-61,35',first half,0,0
G-1577,WC-1994,M-1994-14,T-75,0,1,P-28977,T-75,52',second half,0,0
G-1578,WC-1994,M-1994-14,T-75,0,1,P-01678,T-75,65',second half,0,0
G-1579,WC-1994,M-1994-14,T-75,0,1,P-01678,T-75,72',second half,0,0
G-1580,WC-1994,M-1994-15,T-83,1,0,P-70177,T-16,35',first half,1,0
G-1581,WC-1994,M-1994-15,T-83,1,0,P-96178,T-83,52',second half,0,0
G-1582,WC-1994,M-1994-15,T-16,0,1,P-55994,T-16,90',second half,0,0
G-1583,WC-1994,M-1994-16,T-41,1,0,P-52474,T-41,69',second half,0,0
G-1584,WC-1994,M-1994-18,T-46,1,0,P-46904,T-46,42',first half,0,0
G-1585,WC-1994,M-1994-18,T-46,1,0,P-46904,T-46,65',second half,0,0
G-1586,WC-1994,M-1994-18,T-60,0,1,P-42603,T-60,84',second half,0,0
G-1587,WC-1994,M-1994-19,T-09,1,0,P-61251,T-09,39',first half,0,0
G-1588,WC-1994,M-1994-19,T-09,1,0,P-07679,T-09,66',second half,0,0
G-1589,WC-1994,M-1994-19,T-09,1,0,P-68671,T-09,73',second half,0,0
G-1590,WC-1994,M-1994-20,T-62,0,1,P-73354,T-62,4',first half,0,1
G-1591,WC-1994,M-1994-20,T-74,1,0,P-26281,T-74,39',first half,0,1
G-1592,WC-1994,M-1994-20,T-74,1,0,P-63429,T-74,60',second half,0,0
G-1593,WC-1994,M-1994-20,T-74,1,0,P-63429,T-74,82',second half,0,0
G-1594,WC-1994,M-1994-21,T-06,1,0,P-43307,T-06,65',second half,0,0
G-1595,WC-1994,M-1994-22,T-63,1,0,P-88041,T-63,7',first half,0,1
G-1596,WC-1994,M-1994-22,T-47,0,1,P-09278,T-47,26',first half,0,0
G-1597,WC-1994,M-1994-22,T-63,1,0,P-21550,T-63,45',first half,0,0
G-1598,WC-1994,M-1994-23,T-50,0,1,P-72487,T-50,8',first half,0,0
G-1599,WC-1994,M-1994-23,T-03,1,0,P-35873,T-03,21',first half,0,0
G-1600,WC-1994,M-1994-23,T-03,1,0,P-35873,T-03,28',first half,0,0
G-1601,WC-1994,M-1994-24,T-10,1,0,P-81648,T-10,5',first half,0,1
G-1602,WC-1994,M-1994-24,T-10,1,0,P-81648,T-10,55',second half,0,1
G-1603,WC-1994,M-1994-24,T-10,1,0,P-19567,T-10,65',second half,0,0
G-1604,WC-1994,M-1994-24,T-10,1,0,P-40793,T-10,90',second half,0,0
G-1605,WC-1994,M-1994-25,T-16,0,1,P-42991,T-16,44',first half,0,0
G-1606,WC-1994,M-1994-25,T-16,0,1,P-19743,T-16,90',second half,0,0
G-1607,WC-1994,M-1994-26,T-61,0,1,P-12625,T-61,18',first half,0,0
G-1608,WC-1994,M-1994-27,T-73,0,1,P-78385,T-73,19',first half,0,1
G-1609,WC-1994,M-1994-27,T-73,0,1,P-97666,T-73,66',second half,0,0
G-1610,WC-1994,M-1994-27,T-07,1,0,P-09978,T-07,67',second half,0,0
G-1611,WC-1994,M-1994-27,T-73,0,1,P-97666,T-73,70',second half,0,0
G-1612,WC-1994,M-1994-28,T-31,1,0,P-91373,T-31,12',first half,0,0
G-1613,WC-1994,M-1994-28,T-31,1,0,P-43380,T-31,20',first half,0,0
G-1614,WC-1994,M-1994-28,T-31,1,0,P-91373,T-31,37',first half,0,0
G-1615,WC-1994,M-1994-28,T-71,0,1,P-15222,T-71,52',second half,0,0
G-1616,WC-1994,M-1994-28,T-71,0,1,P-55097,T-71,63',second half,0,0
G-1617,WC-1994,M-1994-29,T-41,1,0,P-31072,T-41,48',second half,0,0
G-1618,WC-1994,M-1994-29,T-46,0,1,P-40627,T-46,57',second half,0,0
G-1619,WC-1994,M-1994-31,T-62,1,0,P-73354,T-62,15',first half,0,0
G-1620,WC-1994,M-1994-31,T-62,1,0,P-73354,T-62,41',first half,0,0
G-1621,WC-1994,M-1994-31,T-62,1,0,P-73354,T-62,44',first half,0,1
G-1622,WC-1994,M-1994-31,T-11,0,1,P-58080,T-11,46',second half,0,0
G-1623,WC-1994,M-1994-31,T-62,1,0,P-73354,T-62,72',second half,0,0
G-1624,WC-1994,M-1994-31,T-62,1,0,P-73354,T-62,75',second half,0,0
G-1625,WC-1994,M-1994-31,T-62,1,0,P-42532,T-62,81',second half,0,0
G-1626,WC-1994,M-1994-32,T-74,0,1,P-60371,T-74,23',first half,0,0
G-1627,WC-1994,M-1994-32,T-09,1,0,P-61251,T-09,47',second half,0,0
G-1628,WC-1994,M-1994-33,T-63,0,1,P-41428,T-63,5',first half,0,0
G-1629,WC-1994,M-1994-34,T-48,0,1,P-22409,T-48,43',first half,0,0
G-1630,WC-1994,M-1994-34,T-47,1,0,P-89133,T-47,47',second half,0,0
G-1631,WC-1994,M-1994-34,T-48,0,1,P-03942,T-48,77',second half,0,0
G-1632,WC-1994,M-1994-35,T-10,0,1,P-81648,T-10,61',second half,0,0
G-1633,WC-1994,M-1994-35,T-10,0,1,P-05061,T-10,90'+3',"second half, stoppage time",0,0
G-1634,WC-1994,M-1994-36,T-50,0,1,P-54287,T-50,45'+2',"first half, stoppage time",0,0
G-1635,WC-1994,M-1994-36,T-50,0,1,P-84893,T-50,90'+5',"second half, stoppage time",0,0
G-1636,WC-1994,M-1994-37,T-31,1,0,P-04572,T-31,6',first half,0,0
G-1637,WC-1994,M-1994-37,T-06,0,1,P-99499,T-06,8',first half,0,0
G-1638,WC-1994,M-1994-37,T-31,1,0,P-91373,T-31,11',first half,0,0
G-1639,WC-1994,M-1994-37,T-31,1,0,P-04572,T-31,38',first half,0,0
G-1640,WC-1994,M-1994-37,T-06,0,1,P-43307,T-06,90',second half,0,0
G-1641,WC-1994,M-1994-38,T-73,1,0,P-35246,T-73,15',first half,0,0
G-1642,WC-1994,M-1994-38,T-73,1,0,P-38878,T-73,74',second half,0,0
G-1643,WC-1994,M-1994-38,T-73,1,0,P-23403,T-73,86',second half,0,1
G-1644,WC-1994,M-1994-39,T-74,0,1,P-63429,T-74,6',first half,0,0
G-1645,WC-1994,M-1994-39,T-74,0,1,P-60371,T-74,51',second half,0,0
G-1646,WC-1994,M-1994-39,T-63,1,0,P-39267,T-63,85',second half,0,0
G-1647,WC-1994,M-1994-39,T-74,0,1,P-60371,T-74,88',second half,0,0
G-1648,WC-1994,M-1994-40,T-61,1,0,P-54322,T-61,11',first half,0,0
G-1649,WC-1994,M-1994-40,T-03,0,1,P-84542,T-03,16',first half,0,1
G-1650,WC-1994,M-1994-40,T-61,1,0,P-54322,T-61,18',first half,0,0
G-1651,WC-1994,M-1994-40,T-61,1,0,P-30739,T-61,58',second half,0,0
G-1652,WC-1994,M-1994-40,T-03,0,1,P-07031,T-03,75',second half,0,0
G-1653,WC-1994,M-1994-41,T-48,1,0,P-22409,T-48,11',first half,0,0
G-1654,WC-1994,M-1994-41,T-48,1,0,P-27957,T-48,41',first half,0,0
G-1655,WC-1994,M-1994-42,T-09,1,0,P-68671,T-09,72',second half,0,0
G-1656,WC-1994,M-1994-43,T-50,1,0,P-22820,T-50,25',first half,0,0
G-1657,WC-1994,M-1994-43,T-41,0,1,P-78756,T-41,88',second half,0,0
G-1658,WC-1994,M-1994-43,T-41,0,1,P-78756,T-41,102',"extra time, first half",0,1
G-1659,WC-1994,M-1994-44,T-10,0,1,P-81648,T-10,6',first half,0,0
G-1660,WC-1994,M-1994-44,T-46,1,0,P-21495,T-46,18',first half,0,1
G-1661,WC-1994,M-1994-45,T-41,1,0,P-52474,T-41,25',first half,0,0
G-1662,WC-1994,M-1994-45,T-73,0,1,P-97666,T-73,58',second half,0,0
G-1663,WC-1994,M-1994-45,T-41,1,0,P-78756,T-41,88',second half,0,0
G-1664,WC-1994,M-1994-46,T-09,0,1,P-61251,T-09,53',second half,0,0
G-1665,WC-1994,M-1994-46,T-09,0,1,P-68671,T-09,63',second half,0,0
G-1666,WC-1994,M-1994-46,T-48,1,0,P-22409,T-48,64',second half,0,0
G-1667,WC-1994,M-1994-46,T-48,1,0,P-42249,T-48,76',second half,0,0
G-1668,WC-1994,M-1994-46,T-09,0,1,P-90842,T-09,81',second half,0,0
G-1669,WC-1994,M-1994-47,T-31,0,1,P-49502,T-31,47',second half,0,1
G-1670,WC-1994,M-1994-47,T-10,1,0,P-81648,T-10,75',second half,0,0
G-1671,WC-1994,M-1994-47,T-10,1,0,P-19567,T-10,78',second half,0,0
G-1672,WC-1994,M-1994-48,T-74,0,1,P-26281,T-74,78',second half,0,0
G-1673,WC-1994,M-1994-48,T-61,1,0,P-69340,T-61,88',second half,0,0
G-1674,WC-1994,M-1994-48,T-61,1,0,P-69340,T-61,101',"extra time, first half",0,0
G-1675,WC-1994,M-1994-48,T-74,0,1,P-60371,T-74,115',"extra time, second half",0,0
G-1676,WC-1994,M-1994-49,T-41,0,1,P-78756,T-41,21',first half,0,0
G-1677,WC-1994,M-1994-49,T-41,0,1,P-78756,T-41,25',first half,0,0
G-1678,WC-1994,M-1994-49,T-10,1,0,P-81648,T-10,44',first half,0,1
G-1679,WC-1994,M-1994-50,T-09,0,1,P-61251,T-09,80',second half,0,0
G-1680,WC-1994,M-1994-51,T-74,1,0,P-26281,T-74,8',first half,0,0
G-1681,WC-1994,M-1994-51,T-74,1,0,P-66178,T-74,30',first half,0,0
G-1682,WC-1994,M-1994-51,T-74,1,0,P-42895,T-74,37',first half,0,0
G-1683,WC-1994,M-1994-51,T-74,1,0,P-60371,T-74,39',first half,0,0
G-1684,WC-1995,M-1995-01,T-31,1,0,P-10757,T-31,23',first half,0,0
G-1685,WC-1995,M-1995-02,T-09,0,1,P-18032,T-09,37',first half,0,0
G-1686,WC-1995,M-1995-03,T-28,1,0,P-85614,T-28,51',second half,0,1
G-1687,WC-1995,M-1995-03,T-28,1,0,P-63458,T-28,76',second half,0,1
G-1688,WC-1995,M-1995-03,T-28,1,0,P-85614,T-28,85',second half,0,0
G-1689,WC-1995,M-1995-03,T-12,0,1,P-89408,T-12,87',second half,0,0
G-1690,WC-1995,M-1995-03,T-12,0,1,P-28260,T-12,90'+1',"second half, stoppage time",0,0
G-1691,WC-1995,M-1995-04,T-53,1,0,P-84049,T-53,30',first half,0,0
G-1692,WC-1995,M-1995-04,T-53,1,0,P-84049,T-53,44',first half,0,0
G-1693,WC-1995,M-1995-04,T-53,1,0,P-84389,T-53,49',second half,0,0
G-1694,WC-1995,M-1995-04,T-53,1,0,P-29915,T-53,60',second half,0,0
G-1695,WC-1995,M-1995-04,T-53,1,0,P-58688,T-53,67',second half,0,0
G-1696,WC-1995,M-1995-04,T-53,1,0,P-18995,T-53,76',second half,0,1
G-1697,WC-1995,M-1995-04,T-53,1,0,P-84049,T-53,82',second half,0,0
G-1698,WC-1995,M-1995-04,T-53,1,0,P-29915,T-53,90',second half,0,0
G-1699,WC-1995,M-1995-05,T-22,1,0,P-93175,T-22,12',first half,0,0
G-1700,WC-1995,M-1995-05,T-22,1,0,P-71560,T-22,25',first half,0,0
G-1701,WC-1995,M-1995-05,T-22,1,0,P-42117,T-22,37',first half,0,0
G-1702,WC-1995,M-1995-05,T-22,1,0,P-93175,T-22,48',second half,0,0
G-1703,WC-1995,M-1995-05,T-22,1,0,P-89851,T-22,86',second half,0,0
G-1704,WC-1995,M-1995-06,T-83,1,0,P-49668,T-83,22',first half,0,0
G-1705,WC-1995,M-1995-06,T-83,1,0,P-98699,T-83,34',first half,0,0
G-1706,WC-1995,M-1995-06,T-14,0,1,P-44067,T-14,38',first half,0,0
G-1707,WC-1995,M-1995-06,T-83,1,0,P-28901,T-83,51',second half,0,0
G-1708,WC-1995,M-1995-06,T-14,0,1,P-47025,T-14,74',second half,0,0
G-1709,WC-1995,M-1995-06,T-14,0,1,P-14903,T-14,79',second half,0,0
G-1710,WC-1995,M-1995-07,T-09,1,0,P-26383,T-09,7',first half,0,0
G-1711,WC-1995,M-1995-07,T-44,0,1,P-41046,T-44,13',first half,0,0
G-1712,WC-1995,M-1995-07,T-44,0,1,P-41046,T-44,45',first half,0,0
G-1713,WC-1995,M-1995-08,T-31,0,1,P-53366,T-31,9',first half,0,1
G-1714,WC-1995,M-1995-08,T-31,0,1,P-78183,T-31,42',first half,0,0
G-1715,WC-1995,M-1995-08,T-74,1,0,P-97773,T-74,65',second half,0,1
G-1716,WC-1995,M-1995-08,T-74,1,0,P-12441,T-74,80',second half,0,0
G-1717,WC-1995,M-1995-08,T-74,1,0,P-97773,T-74,86',second half,0,0
G-1718,WC-1995,M-1995-09,T-12,0,1,P-08594,T-12,12',first half,0,0
G-1719,WC-1995,M-1995-09,T-12,0,1,P-28260,T-12,20',first half,0,0
G-1720,WC-1995,M-1995-09,T-50,1,0,P-33681,T-50,26',first half,0,0
G-1721,WC-1995,M-1995-09,T-12,0,1,P-08594,T-12,55',second half,0,0
G-1722,WC-1995,M-1995-09,T-50,1,0,P-10791,T-50,60',second half,0,0
G-1723,WC-1995,M-1995-09,T-50,1,0,P-65225,T-50,77',second half,0,0
G-1724,WC-1995,M-1995-10,T-53,1,0,P-24254,T-53,7',first half,0,0
G-1725,WC-1995,M-1995-10,T-53,1,0,P-84389,T-53,37',first half,0,0
G-1726,WC-1995,M-1995-11,T-14,1,0,P-02688,T-14,23',first half,0,0
G-1727,WC-1995,M-1995-11,T-04,0,1,P-72800,T-04,25',first half,0,0
G-1728,WC-1995,M-1995-11,T-14,1,0,P-35093,T-14,54',second half,0,0
G-1729,WC-1995,M-1995-11,T-14,1,0,P-35093,T-14,78',second half,0,0
G-1730,WC-1995,M-1995-11,T-04,0,1,P-11465,T-04,89',second half,0,0
G-1731,WC-1995,M-1995-11,T-14,1,0,P-10128,T-14,90'+3',"second half, stoppage time",0,0
G-1732,WC-1995,M-1995-12,T-83,1,0,P-25850,T-83,9',first half,0,0
G-1733,WC-1995,M-1995-12,T-83,1,0,P-98699,T-83,49',second half,0,0
G-1734,WC-1995,M-1995-13,T-31,0,1,P-52478,T-31,5',first half,0,0
G-1735,WC-1995,M-1995-13,T-09,1,0,P-18032,T-09,19',first half,0,0
G-1736,WC-1995,M-1995-13,T-31,0,1,P-50598,T-31,22',first half,0,0
G-1737,WC-1995,M-1995-13,T-31,0,1,P-53366,T-31,42',first half,0,1
G-1738,WC-1995,M-1995-13,T-31,0,1,P-30335,T-31,78',second half,0,0
G-1739,WC-1995,M-1995-13,T-31,0,1,P-30335,T-31,89',second half,0,0
G-1740,WC-1995,M-1995-13,T-31,0,1,P-27293,T-31,90',second half,0,0
G-1741,WC-1995,M-1995-14,T-74,1,0,P-33270,T-74,66',second half,0,0
G-1742,WC-1995,M-1995-14,T-74,1,0,P-81571,T-74,88',second half,0,0
G-1743,WC-1995,M-1995-15,T-28,0,1,P-19148,T-28,10',first half,0,0
G-1744,WC-1995,M-1995-15,T-50,1,0,P-65225,T-50,13',first half,0,0
G-1745,WC-1995,M-1995-15,T-28,0,1,P-84117,T-28,27',first half,0,0
G-1746,WC-1995,M-1995-15,T-28,0,1,P-19148,T-28,38',first half,0,0
G-1747,WC-1995,M-1995-15,T-50,1,0,P-33681,T-50,74',second half,0,0
G-1748,WC-1995,M-1995-16,T-53,1,0,P-29915,T-53,4',first half,0,0
G-1749,WC-1995,M-1995-16,T-53,1,0,P-84389,T-53,12',first half,0,0
G-1750,WC-1995,M-1995-16,T-53,1,0,P-29915,T-53,21',first half,0,0
G-1751,WC-1995,M-1995-16,T-53,1,0,P-75121,T-53,71',second half,0,0
G-1752,WC-1995,M-1995-16,T-53,1,0,P-79792,T-53,84',second half,0,0
G-1753,WC-1995,M-1995-16,T-53,1,0,P-75121,T-53,89',second half,0,0
G-1754,WC-1995,M-1995-16,T-53,1,0,P-29915,T-53,90'+3',"second half, stoppage time",0,0
G-1755,WC-1995,M-1995-17,T-14,1,0,P-35093,T-14,21',first half,0,0
G-1756,WC-1995,M-1995-17,T-22,0,1,P-06433,T-22,44',first half,0,0
G-1757,WC-1995,M-1995-17,T-14,1,0,P-14903,T-14,76',second half,0,0
G-1758,WC-1995,M-1995-17,T-14,1,0,P-47025,T-14,90',second half,0,0
G-1759,WC-1995,M-1995-18,T-04,0,1,P-98447,T-04,54',second half,0,0
G-1760,WC-1995,M-1995-18,T-83,1,0,P-89416,T-83,69',second half,0,0
G-1761,WC-1995,M-1995-18,T-83,1,0,P-30345,T-83,72',second half,0,0
G-1762,WC-1995,M-1995-18,T-83,1,0,P-56906,T-83,90'+2',"second half, stoppage time",0,1
G-1763,WC-1995,M-1995-18,T-83,1,0,P-78370,T-83,90'+4',"second half, stoppage time",0,0
G-1764,WC-1995,M-1995-19,T-83,0,1,P-25850,T-83,8',first half,0,0
G-1765,WC-1995,M-1995-19,T-83,0,1,P-25850,T-83,42',first half,0,0
G-1766,WC-1995,M-1995-19,T-83,0,1,P-98699,T-83,45',first half,0,0
G-1767,WC-1995,M-1995-19,T-83,0,1,P-49668,T-83,80',second half,0,0
G-1768,WC-1995,M-1995-20,T-53,1,0,P-67204,T-53,21',first half,0,0
G-1769,WC-1995,M-1995-20,T-53,1,0,P-58688,T-53,64',second half,0,0
G-1770,WC-1995,M-1995-20,T-53,1,0,P-84389,T-53,85',second half,0,0
G-1771,WC-1995,M-1995-20,T-22,0,1,P-93175,T-22,86',second half,0,0
G-1772,WC-1995,M-1995-21,T-31,1,0,P-21423,T-31,41',first half,0,0
G-1773,WC-1995,M-1995-21,T-31,1,0,P-50598,T-31,55',second half,0,0
G-1774,WC-1995,M-1995-21,T-31,1,0,P-30335,T-31,82',second half,0,0
G-1775,WC-1995,M-1995-22,T-14,0,1,P-49949,T-14,29',first half,0,0
G-1776,WC-1995,M-1995-22,T-74,1,0,P-87263,T-74,90'+3',"second half, stoppage time",0,0
G-1777,WC-1995,M-1995-23,T-53,0,1,P-29915,T-53,10',first half,0,0
G-1778,WC-1995,M-1995-24,T-31,1,0,P-53366,T-31,88',second half,0,0
G-1779,WC-1995,M-1995-25,T-83,0,1,P-49668,T-83,24',first half,0,0
G-1780,WC-1995,M-1995-25,T-83,0,1,P-28901,T-83,55',second half,0,0
G-1781,WC-1995,M-1995-26,T-53,0,1,P-84389,T-53,37',first half,0,0
G-1782,WC-1995,M-1995-26,T-53,0,1,P-75121,T-53,40',first half,0,0
G-1783,WC-1998,M-1998-01,T-09,1,0,P-03658,T-09,5',first half,0,0
G-1784,WC-1998,M-1998-01,T-64,0,1,P-39646,T-64,38',first half,0,1
G-1785,WC-1998,M-1998-01,T-09,1,0,P-48864,T-64,74',second half,1,0
G-1786,WC-1998,M-1998-02,T-47,1,0,P-45896,T-47,37',first half,0,0
G-1787,WC-1998,M-1998-02,T-53,0,1,P-78077,T-47,45'+1',"first half, stoppage time",1,0
G-1788,WC-1998,M-1998-02,T-47,1,0,P-14349,T-47,60',second half,0,0
G-1789,WC-1998,M-1998-02,T-53,0,1,P-59890,T-53,61',second half,0,0
G-1790,WC-1998,M-1998-03,T-41,1,0,P-34670,T-41,10',first half,0,0
G-1791,WC-1998,M-1998-03,T-13,0,1,P-39251,T-13,45'+3',"first half, stoppage time",0,0
G-1792,WC-1998,M-1998-03,T-13,0,1,P-39251,T-13,50',second half,0,0
G-1793,WC-1998,M-1998-03,T-41,1,0,P-78756,T-41,84',second half,0,1
G-1794,WC-1998,M-1998-04,T-11,1,0,P-53197,T-11,77',second half,0,0
G-1795,WC-1998,M-1998-04,T-05,0,1,P-16938,T-05,90'+1',"second half, stoppage time",0,0
G-1796,WC-1998,M-1998-06,T-22,0,1,P-77711,T-22,69',second half,0,0
G-1797,WC-1998,M-1998-07,T-30,1,0,P-74065,T-30,35',first half,0,0
G-1798,WC-1998,M-1998-07,T-30,1,0,P-65806,T-70,77',second half,1,0
G-1799,WC-1998,M-1998-07,T-30,1,0,P-51395,T-30,90'+2',"second half, stoppage time",0,0
G-1800,WC-1998,M-1998-08,T-73,1,0,P-35246,T-73,21',first half,0,0
G-1801,WC-1998,M-1998-08,T-50,0,1,P-56969,T-50,24',first half,0,0
G-1802,WC-1998,M-1998-08,T-73,1,0,P-24556,T-73,47',second half,0,0
G-1803,WC-1998,M-1998-08,T-50,0,1,P-63214,T-73,73',second half,1,0
G-1804,WC-1998,M-1998-08,T-50,0,1,P-41790,T-50,78',second half,0,0
G-1805,WC-1998,M-1998-09,T-71,1,0,P-55350,T-71,27',first half,0,0
G-1806,WC-1998,M-1998-09,T-46,0,1,P-50252,T-46,50',second half,0,0
G-1807,WC-1998,M-1998-09,T-46,0,1,P-45941,T-46,75',second half,0,0
G-1808,WC-1998,M-1998-09,T-46,0,1,P-45941,T-46,84',second half,0,0
G-1809,WC-1998,M-1998-11,T-03,1,0,P-84542,T-03,28',first half,0,0
G-1810,WC-1998,M-1998-12,T-87,1,0,P-04188,T-87,73',second half,0,0
G-1811,WC-1998,M-1998-13,T-18,0,1,P-75377,T-18,27',first half,0,0
G-1812,WC-1998,M-1998-13,T-43,1,0,P-16421,T-43,45',first half,0,0
G-1813,WC-1998,M-1998-13,T-18,0,1,P-62861,T-18,53',second half,0,0
G-1814,WC-1998,M-1998-13,T-18,0,1,P-58374,T-18,69',second half,0,0
G-1815,WC-1998,M-1998-14,T-28,1,0,P-63416,T-28,42',first half,0,0
G-1816,WC-1998,M-1998-14,T-28,1,0,P-63916,T-28,89',second half,0,0
G-1817,WC-1998,M-1998-15,T-61,1,0,P-70680,T-61,45'+1',"first half, stoppage time",0,0
G-1818,WC-1998,M-1998-16,T-31,1,0,P-37963,T-31,9',first half,0,0
G-1819,WC-1998,M-1998-16,T-31,1,0,P-91373,T-31,65',second half,0,0
G-1820,WC-1998,M-1998-17,T-53,0,1,P-99732,T-53,46',second half,0,0
G-1821,WC-1998,M-1998-17,T-64,1,0,P-74264,T-64,66',second half,0,0
G-1822,WC-1998,M-1998-18,T-09,1,0,P-62722,T-09,9',first half,0,0
G-1823,WC-1998,M-1998-18,T-09,1,0,P-74261,T-09,45'+2',"first half, stoppage time",0,0
G-1824,WC-1998,M-1998-18,T-09,1,0,P-68671,T-09,50',second half,0,0
G-1825,WC-1998,M-1998-19,T-13,1,0,P-39251,T-13,70',second half,0,0
G-1826,WC-1998,M-1998-19,T-05,0,1,P-28521,T-05,90'+2',"second half, stoppage time",0,0
G-1827,WC-1998,M-1998-20,T-41,1,0,P-42659,T-41,7',first half,0,0
G-1828,WC-1998,M-1998-20,T-41,1,0,P-34670,T-41,75',second half,0,0
G-1829,WC-1998,M-1998-20,T-41,1,0,P-34670,T-41,89',second half,0,0
G-1830,WC-1998,M-1998-21,T-22,0,1,P-62564,T-22,12',first half,0,0
G-1831,WC-1998,M-1998-21,T-70,1,0,P-59298,T-70,51',second half,0,0
G-1832,WC-1998,M-1998-22,T-30,1,0,P-51395,T-30,37',first half,0,0
G-1833,WC-1998,M-1998-22,T-30,1,0,P-12167,T-30,68',second half,0,0
G-1834,WC-1998,M-1998-22,T-30,1,0,P-51395,T-30,78',second half,0,0
G-1835,WC-1998,M-1998-22,T-30,1,0,P-56735,T-30,85',second half,0,0
G-1836,WC-1998,M-1998-23,T-50,1,0,P-25715,T-50,28',first half,0,0
G-1837,WC-1998,M-1998-25,T-18,0,1,P-58374,T-18,77',second half,0,0
G-1838,WC-1998,M-1998-26,T-06,1,0,P-69659,T-06,42',first half,0,0
G-1839,WC-1998,M-1998-26,T-06,1,0,P-69659,T-06,47',second half,0,0
G-1840,WC-1998,M-1998-26,T-46,0,1,P-21495,T-46,55',second half,0,1
G-1841,WC-1998,M-1998-26,T-46,0,1,P-88428,T-46,62',second half,0,0
G-1842,WC-1998,M-1998-27,T-48,1,0,P-42224,T-48,37',first half,0,0
G-1843,WC-1998,M-1998-27,T-48,1,0,P-33834,T-48,41',first half,0,0
G-1844,WC-1998,M-1998-27,T-48,1,0,P-22409,T-48,71',second half,0,0
G-1845,WC-1998,M-1998-27,T-48,1,0,P-88340,T-48,80',second half,0,0
G-1846,WC-1998,M-1998-27,T-48,1,0,P-92804,T-48,83',second half,0,0
G-1847,WC-1998,M-1998-28,T-87,0,1,P-82329,T-87,13',first half,0,0
G-1848,WC-1998,M-1998-28,T-87,0,1,P-93318,T-87,52',second half,0,0
G-1849,WC-1998,M-1998-28,T-31,1,0,P-04188,T-87,72',second half,1,0
G-1850,WC-1998,M-1998-28,T-31,1,0,P-84534,T-31,78',second half,0,0
G-1851,WC-1998,M-1998-29,T-03,1,0,P-00065,T-03,31',first half,0,0
G-1852,WC-1998,M-1998-29,T-03,1,0,P-00065,T-03,55',second half,0,0
G-1853,WC-1998,M-1998-29,T-03,1,0,P-84542,T-03,73',second half,0,0
G-1854,WC-1998,M-1998-29,T-03,1,0,P-84542,T-03,78',second half,0,0
G-1855,WC-1998,M-1998-29,T-03,1,0,P-84542,T-03,83',second half,0,1
G-1856,WC-1998,M-1998-30,T-38,0,1,P-78085,T-38,40',first half,0,0
G-1857,WC-1998,M-1998-30,T-38,0,1,P-93633,T-38,84',second half,0,0
G-1858,WC-1998,M-1998-30,T-83,1,0,P-60597,T-83,87',second half,0,0
G-1859,WC-1998,M-1998-31,T-16,1,0,P-64415,T-16,82',second half,0,0
G-1860,WC-1998,M-1998-32,T-61,1,0,P-67833,T-61,46',second half,0,0
G-1861,WC-1998,M-1998-32,T-28,0,1,P-51130,T-28,81',second half,0,0
G-1862,WC-1998,M-1998-32,T-61,1,0,P-12625,T-61,90',second half,0,0
G-1863,WC-1998,M-1998-33,T-13,1,0,P-85178,T-13,20',first half,0,0
G-1864,WC-1998,M-1998-33,T-11,0,1,P-18804,T-11,56',second half,0,0
G-1865,WC-1998,M-1998-34,T-41,1,0,P-34670,T-41,48',second half,0,0
G-1866,WC-1998,M-1998-34,T-41,1,0,P-78756,T-41,90',second half,0,0
G-1867,WC-1998,M-1998-34,T-05,0,1,P-46897,T-05,90'+2',"second half, stoppage time",0,1
G-1868,WC-1998,M-1998-35,T-09,1,0,P-68671,T-09,78',second half,0,0
G-1869,WC-1998,M-1998-35,T-53,0,1,P-03442,T-53,83',second half,0,0
G-1870,WC-1998,M-1998-35,T-53,0,1,P-72296,T-53,89',second half,0,1
G-1871,WC-1998,M-1998-36,T-47,0,1,P-87059,T-47,23',first half,0,0
G-1872,WC-1998,M-1998-36,T-47,0,1,P-14349,T-47,46',second half,0,0
G-1873,WC-1998,M-1998-36,T-47,0,1,P-87059,T-47,85',second half,0,0
G-1874,WC-1998,M-1998-37,T-30,1,0,P-80680,T-30,12',first half,0,1
G-1875,WC-1998,M-1998-37,T-22,0,1,P-56788,T-22,42',first half,0,1
G-1876,WC-1998,M-1998-37,T-30,1,0,P-40400,T-30,56',second half,0,0
G-1877,WC-1998,M-1998-38,T-70,1,0,P-24299,T-70,18',first half,0,0
G-1878,WC-1998,M-1998-38,T-63,0,1,P-88041,T-63,45'+2',"first half, stoppage time",0,1
G-1879,WC-1998,M-1998-38,T-63,0,1,P-30161,T-63,74',second half,0,1
G-1880,WC-1998,M-1998-38,T-70,1,0,P-24299,T-70,90'+3',"second half, stoppage time",0,1
G-1881,WC-1998,M-1998-39,T-55,0,1,P-34957,T-55,1',first half,0,0
G-1882,WC-1998,M-1998-39,T-50,1,0,P-89782,T-50,11',first half,0,0
G-1883,WC-1998,M-1998-39,T-55,0,1,P-40108,T-55,58',second half,0,0
G-1884,WC-1998,M-1998-39,T-55,0,1,P-98051,T-55,86',second half,0,0
G-1885,WC-1998,M-1998-40,T-73,1,0,P-35246,T-73,6',first half,0,1
G-1886,WC-1998,M-1998-40,T-73,1,0,P-38878,T-73,18',first half,0,0
G-1887,WC-1998,M-1998-40,T-73,1,0,P-08514,T-73,55',second half,0,0
G-1888,WC-1998,M-1998-40,T-10,0,1,P-23633,T-10,58',second half,0,0
G-1889,WC-1998,M-1998-40,T-73,1,0,P-08514,T-73,81',second half,0,0
G-1890,WC-1998,M-1998-40,T-73,1,0,P-41316,T-10,88',second half,1,0
G-1891,WC-1998,M-1998-40,T-73,1,0,P-64962,T-73,90'+4',"second half, stoppage time",0,0
G-1892,WC-1998,M-1998-41,T-06,1,0,P-51869,T-06,7',first half,0,0
G-1893,WC-1998,M-1998-41,T-71,0,1,P-75255,T-71,72',second half,0,0
G-1894,WC-1998,M-1998-42,T-48,1,0,P-42224,T-48,4',first half,0,0
G-1895,WC-1998,M-1998-42,T-48,1,0,P-92804,T-48,18',first half,0,0
G-1896,WC-1998,M-1998-42,T-46,0,1,P-50252,T-46,75',second half,0,0
G-1897,WC-1998,M-1998-42,T-46,0,1,P-45941,T-46,90'+4',"second half, stoppage time",0,0
G-1898,WC-1998,M-1998-43,T-31,1,0,P-84534,T-31,50',second half,0,0
G-1899,WC-1998,M-1998-43,T-31,1,0,P-91373,T-31,57',second half,0,0
G-1900,WC-1998,M-1998-44,T-87,0,1,P-43392,T-87,4',first half,0,0
G-1901,WC-1998,M-1998-45,T-03,1,0,P-28597,T-03,36',first half,0,0
G-1902,WC-1998,M-1998-46,T-43,0,1,P-19136,T-43,39',first half,0,0
G-1903,WC-1998,M-1998-46,T-43,0,1,P-19136,T-43,54',second half,0,0
G-1904,WC-1998,M-1998-46,T-44,1,0,P-84762,T-44,74',second half,0,0
G-1905,WC-1998,M-1998-47,T-28,0,1,P-40570,T-28,20',first half,0,0
G-1906,WC-1998,M-1998-47,T-28,0,1,P-81049,T-28,29',first half,0,0
G-1907,WC-1998,M-1998-48,T-79,0,1,P-58711,T-79,12',first half,0,1
G-1908,WC-1998,M-1998-48,T-61,1,0,P-67833,T-61,71',second half,0,0
G-1909,WC-1998,M-1998-49,T-41,1,0,P-34670,T-41,18',first half,0,0
G-1910,WC-1998,M-1998-50,T-09,1,0,P-03658,T-09,11',first half,0,0
G-1911,WC-1998,M-1998-50,T-09,1,0,P-03658,T-09,26',first half,0,0
G-1912,WC-1998,M-1998-50,T-09,1,0,P-62722,T-09,45'+3',"first half, stoppage time",0,1
G-1913,WC-1998,M-1998-50,T-13,0,1,P-39251,T-13,70',second half,0,0
G-1914,WC-1998,M-1998-50,T-09,1,0,P-62722,T-09,72',second half,0,0
G-1915,WC-1998,M-1998-51,T-30,1,0,P-74952,T-30,114',"extra time, second half",0,0
G-1916,WC-1998,M-1998-52,T-22,0,1,P-87668,T-22,3',first half,0,0
G-1917,WC-1998,M-1998-52,T-22,0,1,P-28133,T-22,12',first half,0,0
G-1918,WC-1998,M-1998-52,T-22,0,1,P-80289,T-22,58',second half,0,0
G-1919,WC-1998,M-1998-52,T-22,0,1,P-72404,T-22,76',second half,0,0
G-1920,WC-1998,M-1998-52,T-50,1,0,P-02360,T-50,77',second half,0,0
G-1921,WC-1998,M-1998-53,T-46,0,1,P-45941,T-46,47',second half,0,0
G-1922,WC-1998,M-1998-53,T-31,1,0,P-91373,T-31,74',second half,0,0
G-1923,WC-1998,M-1998-53,T-31,1,0,P-84534,T-31,86',second half,0,0
G-1924,WC-1998,M-1998-54,T-48,1,0,P-22409,T-48,38',first half,0,0
G-1925,WC-1998,M-1998-54,T-87,0,1,P-43392,T-87,48',second half,0,0
G-1926,WC-1998,M-1998-54,T-48,1,0,P-45916,T-48,90'+2',"second half, stoppage time",0,0
G-1927,WC-1998,M-1998-55,T-18,0,1,P-58374,T-18,45'+2',"first half, stoppage time",0,1
G-1928,WC-1998,M-1998-56,T-03,1,0,P-84542,T-03,5',first half,0,1
G-1929,WC-1998,M-1998-56,T-28,0,1,P-63416,T-28,9',first half,0,1
G-1930,WC-1998,M-1998-56,T-28,0,1,P-51130,T-28,16',first half,0,0
G-1931,WC-1998,M-1998-56,T-03,1,0,P-53716,T-03,45'+1',"first half, stoppage time",0,0
G-1932,WC-1998,M-1998-58,T-22,0,1,P-68055,T-22,2',first half,0,0
G-1933,WC-1998,M-1998-58,T-09,1,0,P-68671,T-09,10',first half,0,0
G-1934,WC-1998,M-1998-58,T-09,1,0,P-74261,T-09,25',first half,0,0
G-1935,WC-1998,M-1998-58,T-22,0,1,P-28133,T-22,50',second half,0,0
G-1936,WC-1998,M-1998-58,T-09,1,0,P-74261,T-09,59',second half,0,0
G-1937,WC-1998,M-1998-59,T-48,1,0,P-59191,T-48,12',first half,0,0
G-1938,WC-1998,M-1998-59,T-03,0,1,P-60203,T-03,17',first half,0,0
G-1939,WC-1998,M-1998-59,T-48,1,0,P-22409,T-48,90',second half,0,0
G-1940,WC-1998,M-1998-60,T-18,0,1,P-26414,T-18,45'+3',"first half, stoppage time",0,0
G-1941,WC-1998,M-1998-60,T-18,0,1,P-96110,T-18,80',second half,0,0
G-1942,WC-1998,M-1998-60,T-18,0,1,P-58374,T-18,85',second half,0,0
G-1943,WC-1998,M-1998-61,T-09,1,0,P-62722,T-09,46',second half,0,0
G-1944,WC-1998,M-1998-61,T-48,0,1,P-59191,T-48,87',second half,0,0
G-1945,WC-1998,M-1998-62,T-18,0,1,P-58374,T-18,46',second half,0,0
G-1946,WC-1998,M-1998-62,T-30,1,0,P-56947,T-30,47',second half,0,0
G-1947,WC-1998,M-1998-62,T-30,1,0,P-56947,T-30,70',second half,0,0
G-1948,WC-1998,M-1998-63,T-18,0,1,P-62861,T-18,14',first half,0,0
G-1949,WC-1998,M-1998-63,T-48,1,0,P-34767,T-48,22',first half,0,0
G-1950,WC-1998,M-1998-63,T-18,0,1,P-58374,T-18,36',first half,0,0
G-1951,WC-1998,M-1998-64,T-30,0,1,P-56430,T-30,27',first half,0,0
G-1952,WC-1998,M-1998-64,T-30,0,1,P-56430,T-30,45'+1',"first half, stoppage time",0,0
G-1953,WC-1998,M-1998-64,T-30,0,1,P-40400,T-30,90'+3',"second half, stoppage time",0,0
G-1954,WC-1999,M-1999-01,T-83,1,0,P-28901,T-83,17',first half,0,0
G-1955,WC-1999,M-1999-01,T-83,1,0,P-89416,T-83,73',second half,0,0
G-1956,WC-1999,M-1999-01,T-83,1,0,P-25850,T-83,89',second half,0,0
G-1957,WC-1999,M-1999-02,T-74,0,1,P-26509,T-74,2',first half,0,0
G-1958,WC-1999,M-1999-02,T-14,1,0,P-09811,T-14,17',first half,0,0
G-1959,WC-1999,M-1999-02,T-14,1,0,P-10128,T-14,69',second half,0,0
G-1960,WC-1999,M-1999-03,T-09,1,0,P-26383,T-09,3',first half,0,0
G-1961,WC-1999,M-1999-03,T-46,0,1,P-92275,T-46,10',first half,0,0
G-1962,WC-1999,M-1999-03,T-09,1,0,P-26383,T-09,12',first half,0,0
G-1963,WC-1999,M-1999-03,T-09,1,0,P-57452,T-09,29',first half,0,0
G-1964,WC-1999,M-1999-03,T-09,1,0,P-90420,T-09,35',first half,0,1
G-1965,WC-1999,M-1999-03,T-09,1,0,P-57452,T-09,42',first half,0,0
G-1966,WC-1999,M-1999-03,T-09,1,0,P-57452,T-09,50',second half,0,0
G-1967,WC-1999,M-1999-03,T-09,1,0,P-26383,T-09,90'+1',"second half, stoppage time",0,0
G-1968,WC-1999,M-1999-04,T-12,0,1,P-08594,T-12,32',first half,0,0
G-1969,WC-1999,M-1999-04,T-44,1,0,P-82283,T-44,64',second half,0,0
G-1970,WC-1999,M-1999-05,T-41,0,1,P-06810,T-41,36',first half,0,0
G-1971,WC-1999,M-1999-05,T-31,1,0,P-53366,T-31,61',second half,0,1
G-1972,WC-1999,M-1999-06,T-53,1,0,P-04956,T-53,28',first half,0,0
G-1973,WC-1999,M-1999-06,T-53,1,0,P-75121,T-53,68',second half,0,0
G-1974,WC-1999,M-1999-06,T-62,0,1,P-37971,T-62,78',second half,0,0
G-1975,WC-1999,M-1999-07,T-50,0,1,P-93242,T-50,50',second half,0,0
G-1976,WC-1999,M-1999-07,T-51,1,0,P-07307,T-51,74',second half,0,0
G-1977,WC-1999,M-1999-07,T-50,0,1,P-33681,T-50,79',second half,0,0
G-1978,WC-1999,M-1999-08,T-04,1,0,P-61821,T-04,74',second half,0,0
G-1979,WC-1999,M-1999-08,T-32,0,1,P-84404,T-32,76',second half,0,0
G-1980,WC-1999,M-1999-09,T-62,0,1,P-42638,T-62,29',first half,0,0
G-1981,WC-1999,M-1999-09,T-62,0,1,P-42830,T-62,52',second half,0,0
G-1982,WC-1999,M-1999-09,T-62,0,1,P-31383,T-62,58',second half,0,0
G-1983,WC-1999,M-1999-09,T-62,0,1,P-90659,T-62,80',second half,0,0
G-1984,WC-1999,M-1999-09,T-62,0,1,P-42830,T-62,90',second half,0,0
G-1985,WC-1999,M-1999-10,T-53,1,0,P-29915,T-53,8',first half,0,0
G-1986,WC-1999,M-1999-10,T-12,0,1,P-26057,T-12,31',first half,0,0
G-1987,WC-1999,M-1999-10,T-53,1,0,P-29915,T-53,36',first half,0,0
G-1988,WC-1999,M-1999-10,T-53,1,0,P-72974,T-53,49',second half,0,0
G-1989,WC-1999,M-1999-10,T-53,1,0,P-84389,T-53,54',second half,0,0
G-1990,WC-1999,M-1999-10,T-53,1,0,P-58688,T-53,62',second half,0,0
G-1991,WC-1999,M-1999-10,T-53,1,0,P-75121,T-53,76',second half,0,0
G-1992,WC-1999,M-1999-10,T-53,1,0,P-70069,T-53,87',second half,0,0
G-1993,WC-1999,M-1999-11,T-74,0,1,P-84530,T-74,8',first half,0,0
G-1994,WC-1999,M-1999-11,T-74,0,1,P-31388,T-74,21',first half,0,0
G-1995,WC-1999,M-1999-11,T-04,1,0,P-61821,T-04,32',first half,0,0
G-1996,WC-1999,M-1999-11,T-74,0,1,P-31388,T-74,69',second half,0,0
G-1997,WC-1999,M-1999-12,T-14,1,0,P-14903,T-14,9',first half,0,0
G-1998,WC-1999,M-1999-12,T-14,1,0,P-09811,T-14,16',first half,0,0
G-1999,WC-1999,M-1999-12,T-14,1,0,P-14903,T-14,21',first half,0,0
G-2000,WC-1999,M-1999-12,T-14,1,0,P-14903,T-14,54',second half,0,0
G-2001,WC-1999,M-1999-12,T-14,1,0,P-70314,T-14,82',second half,0,0
G-2002,WC-1999,M-1999-12,T-14,1,0,P-70314,T-14,90'+1',"second half, stoppage time",0,0
G-2003,WC-1999,M-1999-12,T-14,1,0,P-65910,T-14,90'+2',"second half, stoppage time",0,0
G-2004,WC-1999,M-1999-13,T-09,1,0,P-57452,T-09,3',first half,0,0
G-2005,WC-1999,M-1999-13,T-09,1,0,P-57452,T-09,63',second half,0,0
G-2006,WC-1999,M-1999-14,T-51,1,0,P-46500,T-51,15',first half,0,0
G-2007,WC-1999,M-1999-14,T-51,1,0,P-07307,T-51,39',first half,0,0
G-2008,WC-1999,M-1999-14,T-51,1,0,P-16569,T-51,73',second half,0,0
G-2009,WC-1999,M-1999-14,T-22,0,1,P-34416,T-22,74',second half,0,0
G-2010,WC-1999,M-1999-15,T-50,0,1,P-68759,T-50,2',first half,0,0
G-2011,WC-1999,M-1999-15,T-83,1,0,P-38422,T-50,19',first half,1,0
G-2012,WC-1999,M-1999-15,T-83,1,0,P-28901,T-83,20',first half,0,0
G-2013,WC-1999,M-1999-15,T-83,1,0,P-98699,T-83,23',first half,0,0
G-2014,WC-1999,M-1999-15,T-83,1,0,P-25850,T-83,32',first half,0,0
G-2015,WC-1999,M-1999-15,T-83,1,0,P-54794,T-83,39',first half,0,0
G-2016,WC-1999,M-1999-15,T-83,1,0,P-18634,T-83,42',first half,0,0
G-2017,WC-1999,M-1999-15,T-83,1,0,P-98699,T-83,83',second half,0,0
G-2018,WC-1999,M-1999-16,T-31,1,0,P-27479,T-31,10',first half,0,0
G-2019,WC-1999,M-1999-16,T-31,1,0,P-49074,T-31,45'+1',"first half, stoppage time",0,0
G-2020,WC-1999,M-1999-16,T-31,1,0,P-78246,T-31,49',second half,0,0
G-2021,WC-1999,M-1999-16,T-31,1,0,P-27479,T-31,57',second half,0,0
G-2022,WC-1999,M-1999-16,T-31,1,0,P-42444,T-31,89',second half,0,0
G-2023,WC-1999,M-1999-16,T-31,1,0,P-27479,T-31,90'+2',"second half, stoppage time",0,0
G-2024,WC-1999,M-1999-17,T-62,0,1,P-62577,T-62,54',second half,0,0
G-2025,WC-1999,M-1999-17,T-62,0,1,P-90185,T-62,66',second half,0,0
G-2026,WC-1999,M-1999-17,T-12,1,0,P-26057,T-12,76',second half,0,0
G-2027,WC-1999,M-1999-17,T-62,0,1,P-90185,T-62,86',second half,0,0
G-2028,WC-1999,M-1999-17,T-62,0,1,P-20242,T-62,90'+1',"second half, stoppage time",0,0
G-2029,WC-1999,M-1999-18,T-14,1,0,P-14903,T-14,39',first half,0,0
G-2030,WC-1999,M-1999-18,T-14,1,0,P-14903,T-14,51',second half,0,0
G-2031,WC-1999,M-1999-18,T-04,0,1,P-19145,T-04,66',second half,0,0
G-2032,WC-1999,M-1999-18,T-14,1,0,P-48897,T-14,73',second half,0,0
G-2033,WC-1999,M-1999-19,T-74,0,1,P-36470,T-74,58',second half,0,0
G-2034,WC-1999,M-1999-19,T-74,0,1,P-36470,T-74,86',second half,0,0
G-2035,WC-1999,M-1999-20,T-53,1,0,P-84389,T-53,8',first half,0,1
G-2036,WC-1999,M-1999-20,T-53,1,0,P-51492,T-44,26',first half,1,0
G-2037,WC-1999,M-1999-20,T-53,1,0,P-29915,T-53,36',first half,0,0
G-2038,WC-1999,M-1999-20,T-53,1,0,P-49154,T-53,61',second half,0,0
G-2039,WC-1999,M-1999-21,T-31,1,0,P-52478,T-31,8',first half,0,0
G-2040,WC-1999,M-1999-21,T-09,0,1,P-90420,T-09,15',first half,0,0
G-2041,WC-1999,M-1999-21,T-09,0,1,P-57452,T-09,20',first half,0,0
G-2042,WC-1999,M-1999-21,T-31,1,0,P-53366,T-31,46',second half,0,1
G-2043,WC-1999,M-1999-21,T-31,1,0,P-70251,T-31,58',second half,0,0
G-2044,WC-1999,M-1999-21,T-09,0,1,P-67574,T-09,90'+4',"second half, stoppage time",0,0
G-2045,WC-1999,M-1999-22,T-50,1,0,P-93242,T-50,25',first half,0,0
G-2046,WC-1999,M-1999-22,T-50,1,0,P-68759,T-50,81',second half,0,0
G-2047,WC-1999,M-1999-23,T-41,0,1,P-06810,T-41,37',first half,0,0
G-2048,WC-1999,M-1999-23,T-41,0,1,P-58574,T-41,51',second half,0,0
G-2049,WC-1999,M-1999-24,T-83,1,0,P-14832,T-83,56',second half,0,0
G-2050,WC-1999,M-1999-24,T-83,1,0,P-49668,T-83,68',second half,0,0
G-2051,WC-1999,M-1999-24,T-83,1,0,P-49668,T-83,76',second half,0,0
G-2052,WC-1999,M-1999-25,T-14,1,0,P-67766,T-14,37',first half,0,0
G-2053,WC-1999,M-1999-25,T-14,1,0,P-09811,T-14,56',second half,0,0
G-2054,WC-1999,M-1999-26,T-53,1,0,P-29915,T-53,51',second half,0,0
G-2055,WC-1999,M-1999-26,T-53,1,0,P-75121,T-53,58',second half,0,0
G-2056,WC-1999,M-1999-26,T-53,1,0,P-84389,T-53,72',second half,0,1
G-2057,WC-1999,M-1999-26,T-74,0,1,P-52220,T-74,90'+1',"second half, stoppage time",0,0
G-2058,WC-1999,M-1999-27,T-31,0,1,P-99201,T-83,5',first half,1,0
G-2059,WC-1999,M-1999-27,T-83,1,0,P-98699,T-83,16',first half,0,0
G-2060,WC-1999,M-1999-27,T-31,0,1,P-53366,T-31,45'+1',"first half, stoppage time",0,0
G-2061,WC-1999,M-1999-27,T-83,1,0,P-99201,T-83,49',second half,0,0
G-2062,WC-1999,M-1999-27,T-83,1,0,P-30345,T-83,66',second half,0,0
G-2063,WC-1999,M-1999-28,T-09,1,0,P-96106,T-09,4',first half,0,0
G-2064,WC-1999,M-1999-28,T-09,1,0,P-96106,T-09,22',first half,0,0
G-2065,WC-1999,M-1999-28,T-09,1,0,P-09127,T-09,35',first half,0,0
G-2066,WC-1999,M-1999-28,T-50,0,1,P-65870,T-50,63',second half,0,0
G-2067,WC-1999,M-1999-28,T-50,0,1,P-68759,T-50,72',second half,0,0
G-2068,WC-1999,M-1999-28,T-50,0,1,P-05883,T-50,85',second half,0,0
G-2069,WC-1999,M-1999-28,T-09,1,0,P-57452,T-09,104',"extra time, first half",0,0
G-2070,WC-1999,M-1999-29,T-83,1,0,P-18634,T-83,5',first half,0,0
G-2071,WC-1999,M-1999-29,T-83,1,0,P-54794,T-83,80',second half,0,1
G-2072,WC-1999,M-1999-30,T-14,0,1,P-14903,T-14,3',first half,0,0
G-2073,WC-1999,M-1999-30,T-14,0,1,P-10128,T-14,14',first half,0,0
G-2074,WC-1999,M-1999-30,T-14,0,1,P-10128,T-14,51',second half,0,0
G-2075,WC-1999,M-1999-30,T-14,0,1,P-36217,T-14,65',second half,0,0
G-2076,WC-1999,M-1999-30,T-14,0,1,P-14903,T-14,72',second half,0,1
G-2077,WC-2002,M-2002-01,T-65,0,1,P-82212,T-65,30',first half,0,0
G-2078,WC-2002,M-2002-02,T-11,0,1,P-18804,T-11,39',first half,0,0
G-2079,WC-2002,M-2002-02,T-60,1,0,P-00105,T-60,52',second half,0,0
G-2080,WC-2002,M-2002-03,T-22,0,1,P-50534,T-22,45',first half,0,0
G-2081,WC-2002,M-2002-03,T-84,1,0,P-49428,T-84,47',second half,0,0
G-2082,WC-2002,M-2002-03,T-22,0,1,P-50534,T-22,83',second half,0,0
G-2083,WC-2002,M-2002-04,T-31,1,0,P-27787,T-31,20',first half,0,0
G-2084,WC-2002,M-2002-04,T-31,1,0,P-27787,T-31,25',first half,0,0
G-2085,WC-2002,M-2002-04,T-31,1,0,P-84003,T-31,40',first half,0,0
G-2086,WC-2002,M-2002-04,T-31,1,0,P-45490,T-31,45'+1',"first half, stoppage time",0,0
G-2087,WC-2002,M-2002-04,T-31,1,0,P-27787,T-31,70',second half,0,0
G-2088,WC-2002,M-2002-04,T-31,1,0,P-17520,T-31,73',second half,0,0
G-2089,WC-2002,M-2002-04,T-31,1,0,P-84534,T-31,84',second half,0,0
G-2090,WC-2002,M-2002-04,T-31,1,0,P-32136,T-31,90'+1',"second half, stoppage time",0,0
G-2091,WC-2002,M-2002-05,T-03,1,0,P-84542,T-03,63',second half,0,0
G-2092,WC-2002,M-2002-06,T-55,1,0,P-34530,T-55,39',first half,0,0
G-2093,WC-2002,M-2002-06,T-55,1,0,P-76678,T-55,55',second half,0,0
G-2094,WC-2002,M-2002-06,T-70,0,1,P-99521,T-70,63',second half,0,0
G-2095,WC-2002,M-2002-06,T-70,0,1,P-02423,T-70,90'+1',"second half, stoppage time",0,1
G-2096,WC-2002,M-2002-07,T-28,1,0,P-97840,T-28,24',first half,0,0
G-2097,WC-2002,M-2002-07,T-74,0,1,P-42808,T-74,59',second half,0,0
G-2098,WC-2002,M-2002-08,T-73,1,0,P-24556,T-73,44',first half,0,0
G-2099,WC-2002,M-2002-08,T-73,1,0,P-76612,T-73,74',second half,0,0
G-2100,WC-2002,M-2002-08,T-69,0,1,P-00649,T-69,82',second half,0,0
G-2101,WC-2002,M-2002-08,T-73,1,0,P-35246,T-73,87',second half,0,1
G-2102,WC-2002,M-2002-09,T-46,0,1,P-88428,T-46,60',second half,0,1
G-2103,WC-2002,M-2002-10,T-80,0,1,P-23883,T-80,45'+2',"first half, stoppage time",0,0
G-2104,WC-2002,M-2002-10,T-09,1,0,P-62722,T-09,50',second half,0,0
G-2105,WC-2002,M-2002-10,T-09,1,0,P-74261,T-09,87',second half,0,1
G-2106,WC-2002,M-2002-11,T-41,1,0,P-34670,T-41,7',first half,0,0
G-2107,WC-2002,M-2002-11,T-41,1,0,P-34670,T-41,27',first half,0,0
G-2108,WC-2002,M-2002-12,T-17,0,1,P-55170,T-17,61',second half,0,0
G-2109,WC-2002,M-2002-12,T-17,0,1,P-56613,T-17,65',second half,0,0
G-2110,WC-2002,M-2002-13,T-06,0,1,P-69659,T-06,57',second half,0,0
G-2111,WC-2002,M-2002-13,T-44,1,0,P-96566,T-44,59',second half,0,0
G-2112,WC-2002,M-2002-13,T-44,1,0,P-46807,T-44,67',second half,0,0
G-2113,WC-2002,M-2002-13,T-06,0,1,P-02977,T-06,75',second half,0,0
G-2114,WC-2002,M-2002-14,T-71,1,0,P-15222,T-71,26',first half,0,0
G-2115,WC-2002,M-2002-14,T-71,1,0,P-75255,T-71,53',second half,0,0
G-2116,WC-2002,M-2002-15,T-62,1,0,P-66907,T-62,59',second half,0,0
G-2117,WC-2002,M-2002-15,T-62,1,0,P-48249,T-62,64',second half,0,1
G-2118,WC-2002,M-2002-16,T-83,1,0,P-88043,T-83,4',first half,0,0
G-2119,WC-2002,M-2002-16,T-83,1,0,P-73722,T-58,29',first half,1,0
G-2120,WC-2002,M-2002-16,T-83,1,0,P-60597,T-83,36',first half,0,0
G-2121,WC-2002,M-2002-16,T-58,0,1,P-37140,T-58,39',first half,0,0
G-2122,WC-2002,M-2002-16,T-58,0,1,P-72797,T-83,71',second half,1,0
G-2123,WC-2002,M-2002-17,T-31,1,0,P-27787,T-31,19',first half,0,0
G-2124,WC-2002,M-2002-17,T-60,0,1,P-84878,T-60,90'+2',"second half, stoppage time",0,0
G-2125,WC-2002,M-2002-18,T-22,1,0,P-50534,T-22,16',first half,0,1
G-2126,WC-2002,M-2002-18,T-65,0,1,P-35019,T-65,52',second half,0,0
G-2127,WC-2002,M-2002-19,T-11,1,0,P-61703,T-11,66',second half,0,0
G-2128,WC-2002,M-2002-21,T-50,0,1,P-74228,T-50,27',first half,0,0
G-2129,WC-2002,M-2002-21,T-74,1,0,P-42895,T-74,35',first half,0,0
G-2130,WC-2002,M-2002-21,T-74,1,0,P-42895,T-74,63',second half,0,1
G-2131,WC-2002,M-2002-22,T-55,0,1,P-51089,T-73,10',first half,1,0
G-2132,WC-2002,M-2002-22,T-73,1,0,P-08514,T-73,53',second half,0,0
G-2133,WC-2002,M-2002-22,T-73,1,0,P-08514,T-73,69',second half,0,0
G-2134,WC-2002,M-2002-22,T-73,1,0,P-35246,T-73,83',second half,0,1
G-2135,WC-2002,M-2002-23,T-28,0,1,P-81049,T-28,44',first half,0,1
G-2136,WC-2002,M-2002-24,T-70,1,0,P-22393,T-70,4',first half,0,0
G-2137,WC-2002,M-2002-25,T-41,1,0,P-34670,T-41,55',second half,0,0
G-2138,WC-2002,M-2002-25,T-18,0,1,P-13265,T-18,73',second half,0,0
G-2139,WC-2002,M-2002-25,T-18,0,1,P-55293,T-18,76',second half,0,0
G-2140,WC-2002,M-2002-26,T-09,1,0,P-85176,T-09,15',first half,0,0
G-2141,WC-2002,M-2002-26,T-09,1,0,P-74261,T-09,32',first half,0,0
G-2142,WC-2002,M-2002-26,T-09,1,0,P-57361,T-09,45',first half,0,1
G-2143,WC-2002,M-2002-26,T-09,1,0,P-62722,T-09,55',second half,0,0
G-2144,WC-2002,M-2002-27,T-25,0,1,P-19156,T-25,5',first half,0,0
G-2145,WC-2002,M-2002-27,T-46,1,0,P-81643,T-46,28',first half,0,0
G-2146,WC-2002,M-2002-27,T-46,1,0,P-89297,T-46,57',second half,0,0
G-2147,WC-2002,M-2002-28,T-80,0,1,P-46497,T-80,56',second half,0,0
G-2148,WC-2002,M-2002-28,T-17,1,0,P-20880,T-17,86',second half,0,0
G-2149,WC-2002,M-2002-29,T-44,1,0,P-46807,T-44,51',second half,0,0
G-2150,WC-2002,M-2002-30,T-83,0,1,P-38074,T-83,24',first half,0,0
G-2151,WC-2002,M-2002-30,T-71,1,0,P-26616,T-71,78',second half,0,0
G-2152,WC-2002,M-2002-31,T-06,0,1,P-69659,T-06,13',first half,0,0
G-2153,WC-2002,M-2002-31,T-79,1,0,P-87702,T-79,17',first half,0,0
G-2154,WC-2002,M-2002-32,T-58,1,0,P-57982,T-58,14',first half,0,0
G-2155,WC-2002,M-2002-32,T-58,1,0,P-57982,T-58,65',second half,0,0
G-2156,WC-2002,M-2002-32,T-58,1,0,P-57982,T-58,77',second half,0,0
G-2157,WC-2002,M-2002-32,T-58,1,0,P-62808,T-58,88',second half,0,0
G-2158,WC-2002,M-2002-33,T-22,1,0,P-80170,T-22,22',first half,0,0
G-2159,WC-2002,M-2002-33,T-22,1,0,P-50534,T-22,67',second half,0,0
G-2160,WC-2002,M-2002-34,T-65,1,0,P-62977,T-65,20',first half,0,1
G-2161,WC-2002,M-2002-34,T-65,1,0,P-82212,T-65,26',first half,0,0
G-2162,WC-2002,M-2002-34,T-65,1,0,P-82212,T-65,38',first half,0,0
G-2163,WC-2002,M-2002-34,T-84,0,1,P-48761,T-84,46',second half,0,0
G-2164,WC-2002,M-2002-34,T-84,0,1,P-86087,T-84,69',second half,0,0
G-2165,WC-2002,M-2002-34,T-84,0,1,P-66684,T-84,88',second half,0,1
G-2166,WC-2002,M-2002-35,T-31,0,1,P-03026,T-31,50',second half,0,0
G-2167,WC-2002,M-2002-35,T-31,0,1,P-27787,T-31,79',second half,0,0
G-2168,WC-2002,M-2002-36,T-60,0,1,P-84878,T-60,7',first half,0,0
G-2169,WC-2002,M-2002-36,T-60,0,1,P-22209,T-60,61',second half,0,0
G-2170,WC-2002,M-2002-36,T-60,0,1,P-18106,T-60,87',second half,0,0
G-2171,WC-2002,M-2002-38,T-74,1,0,P-85432,T-74,59',second half,0,0
G-2172,WC-2002,M-2002-38,T-03,0,1,P-19888,T-03,88',second half,0,0
G-2173,WC-2002,M-2002-39,T-69,1,0,P-44943,T-69,45'+1',"first half, stoppage time",0,0
G-2174,WC-2002,M-2002-39,T-55,0,1,P-88899,T-55,65',second half,0,0
G-2175,WC-2002,M-2002-39,T-55,0,1,P-78557,T-55,73',second half,0,0
G-2176,WC-2002,M-2002-39,T-55,0,1,P-88899,T-55,84',second half,0,0
G-2177,WC-2002,M-2002-40,T-73,0,1,P-24556,T-73,4',first half,0,0
G-2178,WC-2002,M-2002-40,T-70,1,0,P-59298,T-70,31',first half,0,0
G-2179,WC-2002,M-2002-40,T-73,0,1,P-37161,T-73,45'+1',"first half, stoppage time",0,0
G-2180,WC-2002,M-2002-40,T-70,1,0,P-56543,T-70,53',second half,0,0
G-2181,WC-2002,M-2002-40,T-73,0,1,P-24556,T-73,56',second half,0,0
G-2182,WC-2002,M-2002-41,T-09,0,1,P-62722,T-09,10',first half,0,0
G-2183,WC-2002,M-2002-41,T-09,0,1,P-62722,T-09,13',first half,0,0
G-2184,WC-2002,M-2002-41,T-09,0,1,P-09270,T-09,38',first half,0,0
G-2185,WC-2002,M-2002-41,T-17,1,0,P-22046,T-17,39',first half,0,0
G-2186,WC-2002,M-2002-41,T-17,1,0,P-55170,T-17,56',second half,0,0
G-2187,WC-2002,M-2002-41,T-09,0,1,P-74261,T-09,62',second half,0,0
G-2188,WC-2002,M-2002-41,T-09,0,1,P-29601,T-09,64',second half,0,0
G-2189,WC-2002,M-2002-42,T-80,1,0,P-23883,T-80,6',first half,0,0
G-2190,WC-2002,M-2002-42,T-80,1,0,P-94559,T-80,9',first half,0,0
G-2191,WC-2002,M-2002-42,T-80,1,0,P-31566,T-80,85',second half,0,0
G-2192,WC-2002,M-2002-43,T-25,1,0,P-42534,T-25,48',second half,0,0
G-2193,WC-2002,M-2002-44,T-46,1,0,P-81643,T-46,34',first half,0,0
G-2194,WC-2002,M-2002-44,T-41,0,1,P-83836,T-41,85',second half,0,0
G-2195,WC-2002,M-2002-45,T-06,1,0,P-03447,T-06,7',first half,0,0
G-2196,WC-2002,M-2002-45,T-62,0,1,P-76498,T-62,52',second half,0,0
G-2197,WC-2002,M-2002-45,T-06,1,0,P-64922,T-06,78',second half,0,0
G-2198,WC-2002,M-2002-45,T-06,1,0,P-69659,T-06,82',second half,0,0
G-2199,WC-2002,M-2002-45,T-62,0,1,P-04731,T-62,88',second half,0,0
G-2200,WC-2002,M-2002-46,T-44,0,1,P-17348,T-44,48',second half,0,0
G-2201,WC-2002,M-2002-46,T-44,0,1,P-09349,T-44,75',second half,0,0
G-2202,WC-2002,M-2002-47,T-57,1,0,P-75230,T-57,3',first half,0,0
G-2203,WC-2002,M-2002-47,T-57,1,0,P-69995,T-57,5',first half,0,0
G-2204,WC-2002,M-2002-47,T-57,1,0,P-03927,T-57,66',second half,0,0
G-2205,WC-2002,M-2002-47,T-83,0,1,P-05728,T-83,83',second half,0,0
G-2206,WC-2002,M-2002-48,T-71,0,1,P-25724,T-71,70',second half,0,0
G-2207,WC-2002,M-2002-49,T-31,1,0,P-55504,T-31,88',second half,0,0
G-2208,WC-2002,M-2002-50,T-28,0,1,P-01249,T-28,5',first half,0,0
G-2209,WC-2002,M-2002-50,T-28,0,1,P-51130,T-28,22',first half,0,0
G-2210,WC-2002,M-2002-50,T-28,0,1,P-08307,T-28,44',first half,0,0
G-2211,WC-2002,M-2002-51,T-74,1,0,P-42895,T-74,11',first half,0,0
G-2212,WC-2002,M-2002-51,T-65,0,1,P-01462,T-65,37',first half,0,0
G-2213,WC-2002,M-2002-51,T-65,0,1,P-01462,T-65,104',"extra time, first half",0,0
G-2214,WC-2002,M-2002-52,T-73,1,0,P-08514,T-73,8',first half,0,0
G-2215,WC-2002,M-2002-52,T-60,0,1,P-84878,T-60,90',second half,0,1
G-2216,WC-2002,M-2002-53,T-83,0,1,P-60597,T-83,8',first half,0,0
G-2217,WC-2002,M-2002-53,T-83,0,1,P-05728,T-83,65',second half,0,0
G-2218,WC-2002,M-2002-54,T-09,1,0,P-74261,T-09,67',second half,0,0
G-2219,WC-2002,M-2002-54,T-09,1,0,P-62722,T-09,87',second half,0,0
G-2220,WC-2002,M-2002-55,T-80,0,1,P-31566,T-80,12',first half,0,0
G-2221,WC-2002,M-2002-56,T-41,0,1,P-34670,T-41,18',first half,0,0
G-2222,WC-2002,M-2002-56,T-71,1,0,P-56626,T-71,88',second half,0,0
G-2223,WC-2002,M-2002-56,T-71,1,0,P-26616,T-71,117',"extra time, second half",0,0
G-2224,WC-2002,M-2002-57,T-28,1,0,P-51130,T-28,23',first half,0,0
G-2225,WC-2002,M-2002-57,T-09,0,1,P-74261,T-09,45'+2',"first half, stoppage time",0,0
G-2226,WC-2002,M-2002-57,T-09,0,1,P-57361,T-09,50',second half,0,0
G-2227,WC-2002,M-2002-58,T-31,1,0,P-84003,T-31,39',first half,0,0
G-2228,WC-2002,M-2002-60,T-80,0,1,P-41133,T-80,94',"extra time, first half",0,0
G-2229,WC-2002,M-2002-61,T-31,1,0,P-84003,T-31,75',second half,0,0
G-2230,WC-2002,M-2002-62,T-09,1,0,P-62722,T-09,49',second half,0,0
G-2231,WC-2002,M-2002-63,T-80,0,1,P-58212,T-80,1',first half,0,0
G-2232,WC-2002,M-2002-63,T-71,1,0,P-60562,T-71,9',first half,0,0
G-2233,WC-2002,M-2002-63,T-80,0,1,P-41133,T-80,13',first half,0,0
G-2234,WC-2002,M-2002-63,T-80,0,1,P-41133,T-80,32',first half,0,0
G-2235,WC-2002,M-2002-63,T-71,1,0,P-83544,T-71,90'+3',"second half, stoppage time",0,0
G-2236,WC-2002,M-2002-64,T-09,0,1,P-62722,T-09,67',second half,0,0
G-2237,WC-2002,M-2002-64,T-09,0,1,P-62722,T-09,79',second half,0,0
G-2238,WC-2003,M-2003-01,T-53,1,0,P-00556,T-53,47',second half,0,0
G-2239,WC-2003,M-2003-01,T-53,1,0,P-49154,T-53,66',second half,0,0
G-2240,WC-2003,M-2003-02,T-51,0,1,P-46500,T-51,13',first half,0,0
G-2241,WC-2003,M-2003-02,T-51,0,1,P-61977,T-51,73',second half,0,0
G-2242,WC-2003,M-2003-02,T-51,0,1,P-46500,T-51,88',second half,0,0
G-2243,WC-2003,M-2003-03,T-12,0,1,P-97813,T-12,4',first half,0,0
G-2244,WC-2003,M-2003-03,T-31,1,0,P-53366,T-31,39',first half,0,1
G-2245,WC-2003,M-2003-03,T-31,1,0,P-06382,T-31,47',second half,0,0
G-2246,WC-2003,M-2003-03,T-31,1,0,P-52478,T-31,75',second half,0,0
G-2247,WC-2003,M-2003-03,T-31,1,0,P-08780,T-31,90'+2',"second half, stoppage time",0,0
G-2248,WC-2003,M-2003-04,T-44,1,0,P-72113,T-44,13',first half,0,0
G-2249,WC-2003,M-2003-04,T-44,1,0,P-72113,T-44,38',first half,0,0
G-2250,WC-2003,M-2003-04,T-44,1,0,P-37697,T-44,64',second half,0,0
G-2251,WC-2003,M-2003-04,T-44,1,0,P-36911,T-44,72',second half,0,0
G-2252,WC-2003,M-2003-04,T-44,1,0,P-36911,T-44,75',second half,0,0
G-2253,WC-2003,M-2003-04,T-44,1,0,P-36911,T-44,80',second half,0,0
G-2254,WC-2003,M-2003-05,T-83,1,0,P-25850,T-83,27',first half,0,0
G-2255,WC-2003,M-2003-05,T-83,1,0,P-18634,T-83,36',first half,0,0
G-2256,WC-2003,M-2003-05,T-74,0,1,P-36470,T-74,58',second half,0,0
G-2257,WC-2003,M-2003-05,T-83,1,0,P-92403,T-83,78',second half,0,0
G-2258,WC-2003,M-2003-06,T-09,1,0,P-07458,T-09,14',first half,0,1
G-2259,WC-2003,M-2003-06,T-09,1,0,P-90420,T-09,55',second half,0,0
G-2260,WC-2003,M-2003-06,T-09,1,0,P-90420,T-09,62',second half,0,0
G-2261,WC-2003,M-2003-07,T-04,1,0,P-72006,T-04,38',first half,0,0
G-2262,WC-2003,M-2003-07,T-62,0,1,P-35111,T-04,39',first half,1,0
G-2263,WC-2003,M-2003-07,T-62,0,1,P-90185,T-62,89',second half,0,0
G-2264,WC-2003,M-2003-08,T-14,1,0,P-14903,T-14,29',first half,0,0
G-2265,WC-2003,M-2003-09,T-09,0,1,P-46780,T-09,26',first half,0,0
G-2266,WC-2003,M-2003-09,T-09,0,1,P-85281,T-09,37',first half,0,0
G-2267,WC-2003,M-2003-09,T-53,1,0,P-75121,T-53,45',first half,0,0
G-2268,WC-2003,M-2003-09,T-09,0,1,P-07458,T-09,59',second half,0,0
G-2269,WC-2003,M-2003-09,T-09,0,1,P-90420,T-09,68',second half,0,0
G-2270,WC-2003,M-2003-10,T-31,1,0,P-53205,T-31,23',first half,0,0
G-2271,WC-2003,M-2003-10,T-31,1,0,P-52478,T-31,36',first half,0,0
G-2272,WC-2003,M-2003-10,T-31,1,0,P-52478,T-31,66',second half,0,0
G-2273,WC-2003,M-2003-11,T-30,1,0,P-17746,T-30,84',second half,0,0
G-2274,WC-2003,M-2003-12,T-12,1,0,P-26057,T-12,19',first half,0,1
G-2275,WC-2003,M-2003-12,T-12,1,0,P-74702,T-12,79',second half,0,0
G-2276,WC-2003,M-2003-12,T-12,1,0,P-74702,T-12,82',second half,0,0
G-2277,WC-2003,M-2003-13,T-62,0,1,P-24480,T-62,36',first half,0,0
G-2278,WC-2003,M-2003-13,T-62,0,1,P-90659,T-62,54',second half,0,0
G-2279,WC-2003,M-2003-13,T-62,0,1,P-42830,T-62,80',second half,0,0
G-2280,WC-2003,M-2003-14,T-74,1,0,P-36470,T-74,7',first half,0,0
G-2281,WC-2003,M-2003-15,T-04,0,1,P-47947,T-04,28',first half,0,0
G-2282,WC-2003,M-2003-15,T-14,1,0,P-16075,T-14,46',second half,0,0
G-2283,WC-2003,M-2003-16,T-83,1,0,P-28901,T-83,6',first half,0,1
G-2284,WC-2003,M-2003-16,T-83,1,0,P-28901,T-83,12',first half,0,0
G-2285,WC-2003,M-2003-16,T-83,1,0,P-18634,T-83,47',second half,0,0
G-2286,WC-2003,M-2003-16,T-83,1,0,P-89236,T-83,65',second half,0,0
G-2287,WC-2003,M-2003-16,T-83,1,0,P-89416,T-83,89',second half,0,1
G-2288,WC-2003,M-2003-17,T-09,0,1,P-90420,T-09,58',second half,0,0
G-2289,WC-2003,M-2003-17,T-30,1,0,P-17746,T-30,90'+2',"second half, stoppage time",0,0
G-2290,WC-2003,M-2003-18,T-53,0,1,P-70069,T-53,5',first half,0,0
G-2291,WC-2003,M-2003-18,T-53,0,1,P-49154,T-53,24',first half,0,0
G-2292,WC-2003,M-2003-18,T-53,0,1,P-49154,T-53,31',first half,0,0
G-2293,WC-2003,M-2003-18,T-53,0,1,P-75121,T-53,40',first half,0,0
G-2294,WC-2003,M-2003-18,T-53,0,1,P-04956,T-53,52',second half,0,0
G-2295,WC-2003,M-2003-18,T-71,1,0,P-32577,T-71,75',second half,0,0
G-2296,WC-2003,M-2003-18,T-53,0,1,P-65709,T-53,80',second half,0,0
G-2297,WC-2003,M-2003-18,T-53,0,1,P-65709,T-53,90',second half,0,0
G-2298,WC-2003,M-2003-19,T-31,0,1,P-50598,T-31,3',first half,0,0
G-2299,WC-2003,M-2003-19,T-31,0,1,P-53366,T-31,24',first half,0,1
G-2300,WC-2003,M-2003-19,T-31,0,1,P-52478,T-31,32',first half,0,0
G-2301,WC-2003,M-2003-19,T-31,0,1,P-50598,T-31,43',first half,0,0
G-2302,WC-2003,M-2003-19,T-03,1,0,P-70312,T-03,71',second half,0,0
G-2303,WC-2003,M-2003-19,T-31,0,1,P-09674,T-31,89',second half,0,0
G-2304,WC-2003,M-2003-19,T-31,0,1,P-80012,T-31,90'+2',"second half, stoppage time",0,0
G-2305,WC-2003,M-2003-20,T-44,0,1,P-72113,T-44,20',first half,0,0
G-2306,WC-2003,M-2003-20,T-12,1,0,P-74702,T-12,36',first half,0,0
G-2307,WC-2003,M-2003-20,T-12,1,0,P-97813,T-12,49',second half,0,0
G-2308,WC-2003,M-2003-20,T-12,1,0,P-20854,T-12,72',second half,0,0
G-2309,WC-2003,M-2003-21,T-74,1,0,P-31388,T-74,56',second half,0,0
G-2310,WC-2003,M-2003-21,T-74,1,0,P-31388,T-74,79',second half,0,0
G-2311,WC-2003,M-2003-21,T-74,1,0,P-52220,T-74,81',second half,0,0
G-2312,WC-2003,M-2003-22,T-83,0,1,P-89236,T-83,17',first half,0,1
G-2313,WC-2003,M-2003-22,T-83,0,1,P-27814,T-83,48',second half,0,0
G-2314,WC-2003,M-2003-22,T-83,0,1,P-27814,T-83,66',second half,0,0
G-2315,WC-2003,M-2003-23,T-32,1,0,P-99818,T-32,34',first half,0,0
G-2316,WC-2003,M-2003-23,T-32,1,0,P-99818,T-32,39',first half,0,0
G-2317,WC-2003,M-2003-23,T-04,0,1,P-47947,T-04,61',second half,0,0
G-2318,WC-2003,M-2003-24,T-14,1,0,P-16075,T-14,16',first half,0,0
G-2319,WC-2003,M-2003-25,T-74,0,1,P-36470,T-74,23',first half,0,0
G-2320,WC-2003,M-2003-25,T-09,1,0,P-07458,T-09,44',first half,0,1
G-2321,WC-2003,M-2003-25,T-74,0,1,P-97773,T-74,53',second half,0,0
G-2322,WC-2003,M-2003-26,T-83,1,0,P-89236,T-83,24',first half,0,0
G-2323,WC-2003,M-2003-27,T-31,1,0,P-80012,T-31,25',first half,0,0
G-2324,WC-2003,M-2003-27,T-31,1,0,P-53205,T-31,57',second half,0,0
G-2325,WC-2003,M-2003-27,T-31,1,0,P-08789,T-31,60',second half,0,0
G-2326,WC-2003,M-2003-27,T-31,1,0,P-08780,T-31,62',second half,0,0
G-2327,WC-2003,M-2003-27,T-62,0,1,P-17206,T-62,70',second half,0,0
G-2328,WC-2003,M-2003-27,T-31,1,0,P-52478,T-31,80',second half,0,0
G-2329,WC-2003,M-2003-27,T-31,1,0,P-08780,T-31,85',second half,0,0
G-2330,WC-2003,M-2003-27,T-31,1,0,P-52478,T-31,89',second half,0,0
G-2331,WC-2003,M-2003-28,T-12,0,1,P-26057,T-12,7',first half,0,0
G-2332,WC-2003,M-2003-29,T-31,0,1,P-08780,T-31,15',first half,0,0
G-2333,WC-2003,M-2003-29,T-31,0,1,P-50598,T-31,90'+1',"second half, stoppage time",0,0
G-2334,WC-2003,M-2003-29,T-31,0,1,P-52478,T-31,90'+3',"second half, stoppage time",0,0
G-2335,WC-2003,M-2003-30,T-12,0,1,P-20854,T-12,64',second half,0,0
G-2336,WC-2003,M-2003-30,T-74,1,0,P-52220,T-74,79',second half,0,0
G-2337,WC-2003,M-2003-30,T-74,1,0,P-29677,T-74,86',second half,0,0
G-2338,WC-2003,M-2003-31,T-83,1,0,P-25850,T-83,22',first half,0,0
G-2339,WC-2003,M-2003-31,T-12,0,1,P-97813,T-12,38',first half,0,0
G-2340,WC-2003,M-2003-31,T-83,1,0,P-92403,T-83,51',second half,0,0
G-2341,WC-2003,M-2003-31,T-83,1,0,P-98699,T-83,80',second half,0,0
G-2342,WC-2003,M-2003-32,T-74,0,1,P-31388,T-74,41',first half,0,0
G-2343,WC-2003,M-2003-32,T-31,1,0,P-50598,T-31,46',second half,0,0
G-2344,WC-2003,M-2003-32,T-31,1,0,P-41816,T-31,98',"extra time, first half",0,0
G-2345,WC-2006,M-2006-01,T-31,1,0,P-18599,T-31,6',first half,0,0
G-2346,WC-2006,M-2006-01,T-17,0,1,P-22046,T-17,12',first half,0,0
G-2347,WC-2006,M-2006-01,T-31,1,0,P-27787,T-31,17',first half,0,0
G-2348,WC-2006,M-2006-01,T-31,1,0,P-27787,T-31,61',second half,0,0
G-2349,WC-2006,M-2006-01,T-17,0,1,P-22046,T-17,73',second half,0,0
G-2350,WC-2006,M-2006-01,T-31,1,0,P-35264,T-31,87',second half,0,0
G-2351,WC-2006,M-2006-02,T-25,0,1,P-86943,T-25,24',first half,0,0
G-2352,WC-2006,M-2006-02,T-25,0,1,P-19156,T-25,80',second half,0,0
G-2353,WC-2006,M-2006-03,T-28,1,0,P-19241,T-55,3',first half,1,0
G-2354,WC-2006,M-2006-05,T-03,1,0,P-19888,T-03,24',first half,0,0
G-2355,WC-2006,M-2006-05,T-03,1,0,P-38901,T-03,38',first half,0,0
G-2356,WC-2006,M-2006-05,T-42,0,1,P-99466,T-42,82',second half,0,0
G-2357,WC-2006,M-2006-06,T-48,0,1,P-23705,T-48,18',first half,0,0
G-2358,WC-2006,M-2006-07,T-46,1,0,P-34977,T-46,28',first half,0,0
G-2359,WC-2006,M-2006-07,T-38,0,1,P-20762,T-38,36',first half,0,0
G-2360,WC-2006,M-2006-07,T-46,1,0,P-34977,T-46,76',second half,0,0
G-2361,WC-2006,M-2006-07,T-46,1,0,P-30651,T-46,79',second half,0,0
G-2362,WC-2006,M-2006-08,T-58,0,1,P-57982,T-58,4',first half,0,0
G-2363,WC-2006,M-2006-09,T-44,0,1,P-77277,T-44,26',first half,0,0
G-2364,WC-2006,M-2006-09,T-04,1,0,P-44926,T-04,84',second half,0,0
G-2365,WC-2006,M-2006-09,T-04,1,0,P-44926,T-04,89',second half,0,0
G-2366,WC-2006,M-2006-09,T-04,1,0,P-59039,T-04,90'+2',"second half, stoppage time",0,0
G-2367,WC-2006,M-2006-10,T-20,0,1,P-81477,T-20,5',first half,0,0
G-2368,WC-2006,M-2006-10,T-20,0,1,P-29090,T-20,36',first half,0,0
G-2369,WC-2006,M-2006-10,T-20,0,1,P-29090,T-20,76',second half,0,0
G-2370,WC-2006,M-2006-11,T-41,1,0,P-99537,T-41,40',first half,0,0
G-2371,WC-2006,M-2006-11,T-41,1,0,P-38599,T-41,83',second half,0,0
G-2372,WC-2006,M-2006-12,T-77,0,1,P-04210,T-77,31',first half,0,0
G-2373,WC-2006,M-2006-12,T-71,1,0,P-22338,T-71,54',second half,0,0
G-2374,WC-2006,M-2006-12,T-71,1,0,P-26616,T-71,72',second half,0,0
G-2375,WC-2006,M-2006-14,T-09,1,0,P-58388,T-09,44',first half,0,0
G-2376,WC-2006,M-2006-15,T-73,1,0,P-73924,T-73,13',first half,0,0
G-2377,WC-2006,M-2006-15,T-73,1,0,P-49097,T-73,17',first half,0,0
G-2378,WC-2006,M-2006-15,T-73,1,0,P-49097,T-73,48',second half,0,1
G-2379,WC-2006,M-2006-15,T-73,1,0,P-71661,T-73,81',second half,0,0
G-2380,WC-2006,M-2006-16,T-79,1,0,P-00640,T-79,23',first half,0,0
G-2381,WC-2006,M-2006-16,T-63,0,1,P-87114,T-63,57',second half,0,0
G-2382,WC-2006,M-2006-16,T-63,0,1,P-88041,T-63,84',second half,0,0
G-2383,WC-2006,M-2006-16,T-79,1,0,P-76769,T-79,90'+2',"second half, stoppage time",0,0
G-2384,WC-2006,M-2006-17,T-31,1,0,P-55504,T-31,90'+1',"second half, stoppage time",0,0
G-2385,WC-2006,M-2006-18,T-25,1,0,P-86943,T-25,8',first half,0,0
G-2386,WC-2006,M-2006-18,T-25,1,0,P-19156,T-25,54',second half,0,0
G-2387,WC-2006,M-2006-18,T-25,1,0,P-03128,T-25,90'+2',"second half, stoppage time",0,0
G-2388,WC-2006,M-2006-19,T-28,1,0,P-77532,T-28,83',second half,0,0
G-2389,WC-2006,M-2006-19,T-28,1,0,P-62157,T-28,90'+1',"second half, stoppage time",0,0
G-2390,WC-2006,M-2006-20,T-74,1,0,P-84022,T-74,89',second half,0,0
G-2391,WC-2006,M-2006-21,T-03,1,0,P-33570,T-03,6',first half,0,0
G-2392,WC-2006,M-2006-21,T-03,1,0,P-66229,T-03,31',first half,0,0
G-2393,WC-2006,M-2006-21,T-03,1,0,P-33570,T-03,41',first half,0,0
G-2394,WC-2006,M-2006-21,T-03,1,0,P-19888,T-03,78',second half,0,0
G-2395,WC-2006,M-2006-21,T-03,1,0,P-29080,T-03,84',second half,0,0
G-2396,WC-2006,M-2006-21,T-03,1,0,P-14758,T-03,88',second half,0,0
G-2397,WC-2006,M-2006-22,T-48,1,0,P-99934,T-48,23',first half,0,0
G-2398,WC-2006,M-2006-22,T-48,1,0,P-03013,T-48,27',first half,0,0
G-2399,WC-2006,M-2006-22,T-42,0,1,P-64184,T-42,38',first half,0,0
G-2400,WC-2006,M-2006-24,T-58,1,0,P-96343,T-58,63',second half,0,0
G-2401,WC-2006,M-2006-24,T-58,1,0,P-70442,T-58,80',second half,0,1
G-2402,WC-2006,M-2006-25,T-32,0,1,P-38556,T-32,2',first half,0,0
G-2403,WC-2006,M-2006-25,T-32,0,1,P-50641,T-32,82',second half,0,0
G-2404,WC-2006,M-2006-26,T-41,1,0,P-48645,T-41,22',first half,0,0
G-2405,WC-2006,M-2006-26,T-83,0,1,P-14267,T-41,27',first half,1,0
G-2406,WC-2006,M-2006-28,T-09,1,0,P-20372,T-09,49',second half,0,0
G-2407,WC-2006,M-2006-28,T-09,1,0,P-54042,T-09,90',second half,0,0
G-2408,WC-2006,M-2006-29,T-30,1,0,P-51395,T-30,9',first half,0,0
G-2409,WC-2006,M-2006-29,T-71,0,1,P-25724,T-71,81',second half,0,0
G-2410,WC-2006,M-2006-30,T-75,0,1,P-61684,T-75,16',first half,0,0
G-2411,WC-2006,M-2006-30,T-75,0,1,P-97143,T-75,88',second half,0,0
G-2412,WC-2006,M-2006-31,T-81,0,1,P-07368,T-81,4',first half,0,0
G-2413,WC-2006,M-2006-31,T-81,0,1,P-56553,T-81,36',first half,0,0
G-2414,WC-2006,M-2006-31,T-81,0,1,P-86650,T-81,46',second half,0,0
G-2415,WC-2006,M-2006-31,T-81,0,1,P-98387,T-81,84',second half,0,0
G-2416,WC-2006,M-2006-32,T-79,0,1,P-61850,T-79,8',first half,0,0
G-2417,WC-2006,M-2006-32,T-73,1,0,P-24556,T-73,71',second half,0,0
G-2418,WC-2006,M-2006-32,T-73,1,0,P-71661,T-73,76',second half,0,0
G-2419,WC-2006,M-2006-32,T-73,1,0,P-71661,T-73,90'+1',"second half, stoppage time",0,1
G-2420,WC-2006,M-2006-33,T-17,1,0,P-55170,T-17,25',first half,0,0
G-2421,WC-2006,M-2006-33,T-57,0,1,P-37586,T-57,33',first half,0,0
G-2422,WC-2006,M-2006-33,T-57,0,1,P-37586,T-57,65',second half,0,0
G-2423,WC-2006,M-2006-34,T-31,0,1,P-27787,T-31,4',first half,0,0
G-2424,WC-2006,M-2006-34,T-31,0,1,P-27787,T-31,44',first half,0,0
G-2425,WC-2006,M-2006-34,T-31,0,1,P-36287,T-31,57',second half,0,0
G-2426,WC-2006,M-2006-35,T-55,1,0,P-52480,T-78,25',first half,1,0
G-2427,WC-2006,M-2006-35,T-55,1,0,P-88899,T-55,86',second half,0,0
G-2428,WC-2006,M-2006-36,T-28,0,1,P-37933,T-28,34',first half,0,0
G-2429,WC-2006,M-2006-36,T-74,1,0,P-45212,T-74,51',second half,0,0
G-2430,WC-2006,M-2006-36,T-28,0,1,P-62157,T-28,85',second half,0,0
G-2431,WC-2006,M-2006-36,T-74,1,0,P-42895,T-74,90',second half,0,0
G-2432,WC-2006,M-2006-37,T-02,0,1,P-78483,T-02,60',second half,0,0
G-2433,WC-2006,M-2006-37,T-38,1,0,P-02909,T-38,75',second half,0,0
G-2434,WC-2006,M-2006-38,T-58,1,0,P-17581,T-58,6',first half,0,0
G-2435,WC-2006,M-2006-38,T-58,1,0,P-32279,T-58,24',first half,0,1
G-2436,WC-2006,M-2006-38,T-46,0,1,P-89438,T-46,29',first half,0,0
G-2437,WC-2006,M-2006-39,T-67,0,1,P-18094,T-67,10',first half,0,0
G-2438,WC-2006,M-2006-39,T-67,0,1,P-05783,T-67,20',first half,0,0
G-2439,WC-2006,M-2006-39,T-42,1,0,P-93241,T-42,37',first half,0,1
G-2440,WC-2006,M-2006-39,T-42,1,0,P-93241,T-42,67',second half,0,0
G-2441,WC-2006,M-2006-39,T-42,1,0,P-67250,T-42,86',second half,0,1
G-2442,WC-2006,M-2006-41,T-41,0,1,P-37126,T-41,26',first half,0,0
G-2443,WC-2006,M-2006-41,T-41,0,1,P-29172,T-41,87',second half,0,0
G-2444,WC-2006,M-2006-42,T-32,1,0,P-51458,T-32,22',first half,0,0
G-2445,WC-2006,M-2006-42,T-83,0,1,P-18672,T-83,43',first half,0,0
G-2446,WC-2006,M-2006-42,T-32,1,0,P-09728,T-32,45'+2',"first half, stoppage time",0,1
G-2447,WC-2006,M-2006-43,T-18,1,0,P-97008,T-18,2',first half,0,0
G-2448,WC-2006,M-2006-43,T-04,0,1,P-66908,T-04,38',first half,0,1
G-2449,WC-2006,M-2006-43,T-18,1,0,P-84378,T-18,56',second half,0,0
G-2450,WC-2006,M-2006-43,T-04,0,1,P-14290,T-04,79',second half,0,0
G-2451,WC-2006,M-2006-44,T-44,1,0,P-15134,T-44,34',first half,0,0
G-2452,WC-2006,M-2006-44,T-09,0,1,P-62722,T-09,45'+1',"first half, stoppage time",0,0
G-2453,WC-2006,M-2006-44,T-09,0,1,P-37735,T-09,53',second half,0,0
G-2454,WC-2006,M-2006-44,T-09,0,1,P-30363,T-09,59',second half,0,0
G-2455,WC-2006,M-2006-44,T-09,0,1,P-62722,T-09,81',second half,0,0
G-2456,WC-2006,M-2006-45,T-73,0,1,P-51440,T-73,36',first half,0,0
G-2457,WC-2006,M-2006-46,T-81,1,0,P-86650,T-81,70',second half,0,1
G-2458,WC-2006,M-2006-47,T-75,1,0,P-94161,T-75,23',first half,0,0
G-2459,WC-2006,M-2006-47,T-75,1,0,P-61684,T-75,77',second half,0,0
G-2460,WC-2006,M-2006-48,T-30,0,1,P-96540,T-30,55',second half,0,0
G-2461,WC-2006,M-2006-48,T-30,0,1,P-51395,T-30,61',second half,0,0
G-2462,WC-2006,M-2006-49,T-31,1,0,P-36287,T-31,4',first half,0,0
G-2463,WC-2006,M-2006-49,T-31,1,0,P-36287,T-31,12',first half,0,0
G-2464,WC-2006,M-2006-50,T-46,0,1,P-44763,T-46,6',first half,0,0
G-2465,WC-2006,M-2006-50,T-03,1,0,P-19888,T-03,10',first half,0,0
G-2466,WC-2006,M-2006-50,T-03,1,0,P-33570,T-03,98',"extra time, first half",0,0
G-2467,WC-2006,M-2006-51,T-28,1,0,P-81049,T-28,60',second half,0,0
G-2468,WC-2006,M-2006-52,T-58,1,0,P-17581,T-58,23',first half,0,0
G-2469,WC-2006,M-2006-53,T-41,1,0,P-42038,T-41,90'+5',"second half, stoppage time",0,1
G-2470,WC-2006,M-2006-55,T-09,1,0,P-62722,T-09,5',first half,0,0
G-2471,WC-2006,M-2006-55,T-09,1,0,P-20372,T-09,45'+1',"first half, stoppage time",0,0
G-2472,WC-2006,M-2006-55,T-09,1,0,P-39545,T-09,84',second half,0,0
G-2473,WC-2006,M-2006-56,T-73,1,0,P-49097,T-73,28',first half,0,1
G-2474,WC-2006,M-2006-56,T-30,0,1,P-55659,T-30,41',first half,0,0
G-2475,WC-2006,M-2006-56,T-30,0,1,P-96540,T-30,83',second half,0,0
G-2476,WC-2006,M-2006-56,T-30,0,1,P-56430,T-30,90'+2',"second half, stoppage time",0,0
G-2477,WC-2006,M-2006-57,T-03,0,1,P-83403,T-03,49',second half,0,0
G-2478,WC-2006,M-2006-57,T-31,1,0,P-27787,T-31,80',second half,0,0
G-2479,WC-2006,M-2006-58,T-41,1,0,P-42227,T-41,6',first half,0,0
G-2480,WC-2006,M-2006-58,T-41,1,0,P-96512,T-41,59',second half,0,0
G-2481,WC-2006,M-2006-58,T-41,1,0,P-96512,T-41,69',second half,0,0
G-2482,WC-2006,M-2006-60,T-30,0,1,P-51395,T-30,57',second half,0,0
G-2483,WC-2006,M-2006-61,T-41,0,1,P-99473,T-41,119',"extra time, second half",0,0
G-2484,WC-2006,M-2006-61,T-41,0,1,P-83836,T-41,120'+1',"extra time, second half, stoppage time",0,0
G-2485,WC-2006,M-2006-62,T-30,0,1,P-56430,T-30,33',first half,0,1
G-2486,WC-2006,M-2006-63,T-31,1,0,P-43400,T-31,56',second half,0,0
G-2487,WC-2006,M-2006-63,T-31,1,0,P-92307,T-58,60',second half,1,0
G-2488,WC-2006,M-2006-63,T-31,1,0,P-43400,T-31,78',second half,0,0
G-2489,WC-2006,M-2006-63,T-58,0,1,P-57631,T-58,88',second half,0,0
G-2490,WC-2006,M-2006-64,T-30,0,1,P-56430,T-30,7',first half,0,1
G-2491,WC-2006,M-2006-64,T-41,1,0,P-37126,T-41,19',first half,0,0
G-2492,WC-2007,M-2007-01,T-31,1,0,P-39260,T-31,12',first half,0,0
G-2493,WC-2007,M-2007-01,T-31,1,0,P-08780,T-31,17',first half,0,0
G-2494,WC-2007,M-2007-01,T-31,1,0,P-39260,T-31,24',first half,0,0
G-2495,WC-2007,M-2007-01,T-31,1,0,P-52478,T-31,29',first half,0,0
G-2496,WC-2007,M-2007-01,T-31,1,0,P-52478,T-31,45'+1',"first half, stoppage time",0,0
G-2497,WC-2007,M-2007-01,T-31,1,0,P-42444,T-31,51',second half,0,0
G-2498,WC-2007,M-2007-01,T-31,1,0,P-49074,T-31,57',second half,0,0
G-2499,WC-2007,M-2007-01,T-31,1,0,P-52478,T-31,59',second half,0,0
G-2500,WC-2007,M-2007-01,T-31,1,0,P-49074,T-31,70',second half,0,0
G-2501,WC-2007,M-2007-01,T-31,1,0,P-49074,T-31,79',second half,0,0
G-2502,WC-2007,M-2007-01,T-31,1,0,P-42444,T-31,90'+1',"second half, stoppage time",0,0
G-2503,WC-2007,M-2007-02,T-83,1,0,P-89236,T-83,50',second half,0,0
G-2504,WC-2007,M-2007-02,T-51,0,1,P-96884,T-51,58',second half,0,0
G-2505,WC-2007,M-2007-02,T-51,0,1,P-83515,T-51,62',second half,0,0
G-2506,WC-2007,M-2007-02,T-83,1,0,P-54396,T-83,69',second half,0,0
G-2507,WC-2007,M-2007-03,T-44,1,0,P-04310,T-44,55',second half,0,0
G-2508,WC-2007,M-2007-03,T-28,0,1,P-12357,T-28,81',second half,0,0
G-2509,WC-2007,M-2007-03,T-28,0,1,P-12357,T-28,83',second half,0,0
G-2510,WC-2007,M-2007-03,T-44,1,0,P-04310,T-44,90'+5',"second half, stoppage time",0,0
G-2511,WC-2007,M-2007-04,T-74,0,1,P-36470,T-74,50',second half,0,0
G-2512,WC-2007,M-2007-04,T-50,1,0,P-16613,T-50,82',second half,0,0
G-2513,WC-2007,M-2007-05,T-04,0,1,P-26286,T-04,15',first half,0,0
G-2514,WC-2007,M-2007-05,T-04,0,1,P-83079,T-04,57',second half,0,0
G-2515,WC-2007,M-2007-05,T-04,0,1,P-47947,T-04,69',second half,0,0
G-2516,WC-2007,M-2007-05,T-32,1,0,P-68309,T-32,70',second half,0,0
G-2517,WC-2007,M-2007-05,T-04,0,1,P-83079,T-04,81',second half,0,0
G-2518,WC-2007,M-2007-06,T-09,0,1,P-46780,T-09,10',first half,0,0
G-2519,WC-2007,M-2007-06,T-09,0,1,P-93057,T-09,54',second half,0,0
G-2520,WC-2007,M-2007-06,T-09,0,1,P-07458,T-09,74',second half,0,0
G-2521,WC-2007,M-2007-06,T-09,0,1,P-31275,T-09,86',second half,0,0
G-2522,WC-2007,M-2007-06,T-09,0,1,P-07458,T-09,90'+3',"second half, stoppage time",0,0
G-2523,WC-2007,M-2007-07,T-12,0,1,P-19025,T-12,33',first half,0,0
G-2524,WC-2007,M-2007-07,T-53,1,0,P-74483,T-53,52',second half,0,0
G-2525,WC-2007,M-2007-07,T-53,1,0,P-25199,T-53,81',second half,0,0
G-2526,WC-2007,M-2007-08,T-14,1,0,P-83032,T-14,31',first half,0,0
G-2527,WC-2007,M-2007-08,T-14,1,0,P-44137,T-14,50',second half,0,0
G-2528,WC-2007,M-2007-08,T-22,0,1,P-71560,T-22,51',second half,0,0
G-2529,WC-2007,M-2007-08,T-22,0,1,P-11819,T-22,87',second half,0,0
G-2530,WC-2007,M-2007-08,T-14,1,0,P-48604,T-14,88',second half,0,0
G-2531,WC-2007,M-2007-09,T-44,0,1,P-20246,T-44,90'+1',"second half, stoppage time",0,0
G-2532,WC-2007,M-2007-10,T-83,0,1,P-89236,T-83,34',first half,0,1
G-2533,WC-2007,M-2007-10,T-83,0,1,P-89236,T-83,58',second half,0,0
G-2534,WC-2007,M-2007-12,T-51,1,0,P-93587,T-51,17',first half,0,0
G-2535,WC-2007,M-2007-12,T-51,1,0,P-59010,T-51,21',first half,0,0
G-2536,WC-2007,M-2007-13,T-12,1,0,P-97813,T-12,16',first half,0,0
G-2537,WC-2007,M-2007-13,T-12,1,0,P-95092,T-12,55',second half,0,0
G-2538,WC-2007,M-2007-13,T-12,1,0,P-97813,T-12,62',second half,0,0
G-2539,WC-2007,M-2007-13,T-12,1,0,P-62671,T-12,77',second half,0,0
G-2540,WC-2007,M-2007-14,T-22,1,0,P-80373,T-22,61',second half,0,0
G-2541,WC-2007,M-2007-14,T-22,1,0,P-11819,T-22,66',second half,0,0
G-2542,WC-2007,M-2007-15,T-53,0,1,P-74483,T-53,5',first half,0,0
G-2543,WC-2007,M-2007-15,T-04,1,0,P-83079,T-04,83',second half,0,0
G-2544,WC-2007,M-2007-16,T-09,1,0,P-07458,T-09,42',first half,0,0
G-2545,WC-2007,M-2007-16,T-09,1,0,P-93057,T-09,47',second half,0,0
G-2546,WC-2007,M-2007-16,T-09,1,0,P-93057,T-09,48',second half,0,0
G-2547,WC-2007,M-2007-16,T-09,1,0,P-07458,T-09,70',second half,0,0
G-2548,WC-2007,M-2007-17,T-28,1,0,P-24548,T-03,9',first half,1,0
G-2549,WC-2007,M-2007-17,T-28,1,0,P-41187,T-28,10',first half,0,0
G-2550,WC-2007,M-2007-17,T-28,1,0,P-10986,T-28,50',second half,0,1
G-2551,WC-2007,M-2007-17,T-03,0,1,P-24548,T-03,60',second half,0,0
G-2552,WC-2007,M-2007-17,T-28,1,0,P-12357,T-28,64',second half,0,0
G-2553,WC-2007,M-2007-17,T-28,1,0,P-12357,T-28,77',second half,0,0
G-2554,WC-2007,M-2007-17,T-28,1,0,P-88697,T-28,90',second half,0,1
G-2555,WC-2007,M-2007-18,T-31,1,0,P-52478,T-31,21',first half,0,0
G-2556,WC-2007,M-2007-18,T-31,1,0,P-42444,T-31,87',second half,0,1
G-2557,WC-2007,M-2007-19,T-83,0,1,P-69030,T-83,1',first half,0,0
G-2558,WC-2007,M-2007-20,T-74,0,1,P-96721,T-74,4',first half,0,0
G-2559,WC-2007,M-2007-20,T-51,1,0,P-07625,T-51,22',first half,0,0
G-2560,WC-2007,M-2007-20,T-74,0,1,P-96721,T-74,54',second half,0,0
G-2561,WC-2007,M-2007-21,T-12,0,1,P-27120,T-12,1',first half,0,0
G-2562,WC-2007,M-2007-21,T-04,1,0,P-87492,T-04,53',second half,0,0
G-2563,WC-2007,M-2007-21,T-12,0,1,P-97813,T-12,85',second half,0,0
G-2564,WC-2007,M-2007-21,T-04,1,0,P-19145,T-04,90'+2',"second half, stoppage time",0,0
G-2565,WC-2007,M-2007-22,T-53,1,0,P-25739,T-53,4',first half,0,0
G-2566,WC-2007,M-2007-22,T-53,1,0,P-74483,T-53,39',first half,0,0
G-2567,WC-2007,M-2007-22,T-53,1,0,P-25199,T-53,45',first half,0,1
G-2568,WC-2007,M-2007-22,T-53,1,0,P-09212,T-53,56',second half,0,0
G-2569,WC-2007,M-2007-22,T-53,1,0,P-74483,T-53,59',second half,0,0
G-2570,WC-2007,M-2007-22,T-53,1,0,P-74483,T-53,62',second half,0,0
G-2571,WC-2007,M-2007-22,T-53,1,0,P-60731,T-53,69',second half,0,0
G-2572,WC-2007,M-2007-22,T-32,0,1,P-47674,T-32,73',second half,0,0
G-2573,WC-2007,M-2007-22,T-32,0,1,P-52992,T-32,80',second half,0,1
G-2574,WC-2007,M-2007-23,T-09,1,0,P-26383,T-09,90'+1',"second half, stoppage time",0,0
G-2575,WC-2007,M-2007-24,T-14,1,0,P-83032,T-14,57',second half,0,0
G-2576,WC-2007,M-2007-24,T-14,1,0,P-57621,T-14,79',second half,0,0
G-2577,WC-2007,M-2007-25,T-31,1,0,P-08780,T-31,44',first half,0,0
G-2578,WC-2007,M-2007-25,T-31,1,0,P-42444,T-31,67',second half,0,0
G-2579,WC-2007,M-2007-25,T-31,1,0,P-67377,T-31,72',second half,0,0
G-2580,WC-2007,M-2007-26,T-83,1,0,P-89236,T-83,48',second half,0,0
G-2581,WC-2007,M-2007-26,T-83,1,0,P-92403,T-83,57',second half,0,0
G-2582,WC-2007,M-2007-26,T-83,1,0,P-25850,T-83,60',second half,0,0
G-2583,WC-2007,M-2007-27,T-53,1,0,P-09212,T-53,32',first half,0,0
G-2584,WC-2007,M-2007-28,T-09,1,0,P-19610,T-09,4',first half,0,0
G-2585,WC-2007,M-2007-28,T-09,1,0,P-07458,T-09,23',first half,0,1
G-2586,WC-2007,M-2007-28,T-04,0,1,P-83079,T-04,36',first half,0,0
G-2587,WC-2007,M-2007-28,T-04,0,1,P-82607,T-04,68',second half,0,0
G-2588,WC-2007,M-2007-28,T-09,1,0,P-93057,T-09,75',second half,0,0
G-2589,WC-2007,M-2007-29,T-31,1,0,P-29694,T-53,42',first half,1,0
G-2590,WC-2007,M-2007-29,T-31,1,0,P-27862,T-31,72',second half,0,0
G-2591,WC-2007,M-2007-29,T-31,1,0,P-80012,T-31,75',second half,0,0
G-2592,WC-2007,M-2007-30,T-09,0,1,P-17276,T-83,20',first half,1,0
G-2593,WC-2007,M-2007-30,T-09,0,1,P-07458,T-09,27',first half,0,0
G-2594,WC-2007,M-2007-30,T-09,0,1,P-93057,T-09,56',second half,0,0
G-2595,WC-2007,M-2007-30,T-09,0,1,P-07458,T-09,79',second half,0,0
G-2596,WC-2007,M-2007-31,T-83,0,1,P-89236,T-83,30',first half,0,0
G-2597,WC-2007,M-2007-31,T-83,0,1,P-89236,T-83,46',second half,0,0
G-2598,WC-2007,M-2007-31,T-83,0,1,P-69030,T-83,58',second half,0,0
G-2599,WC-2007,M-2007-31,T-83,0,1,P-54396,T-83,59',second half,0,0
G-2600,WC-2007,M-2007-31,T-53,1,0,P-74483,T-53,63',second half,0,0
G-2601,WC-2007,M-2007-32,T-31,1,0,P-52478,T-31,52',second half,0,0
G-2602,WC-2007,M-2007-32,T-31,1,0,P-47092,T-31,86',second half,0,0
G-2603,WC-2010,M-2010-01,T-70,1,0,P-31160,T-70,55',second half,0,0
G-2604,WC-2010,M-2010-01,T-46,0,1,P-44763,T-46,79',second half,0,0
G-2605,WC-2010,M-2010-03,T-71,1,0,P-07494,T-71,7',first half,0,0
G-2606,WC-2010,M-2010-03,T-71,1,0,P-25724,T-71,52',second half,0,0
G-2607,WC-2010,M-2010-04,T-03,1,0,P-64352,T-03,6',first half,0,0
G-2608,WC-2010,M-2010-05,T-28,1,0,P-62157,T-28,4',first half,0,0
G-2609,WC-2010,M-2010-05,T-83,0,1,P-18672,T-83,40',first half,0,0
G-2610,WC-2010,M-2010-06,T-69,0,1,P-17662,T-69,79',second half,0,0
G-2611,WC-2010,M-2010-07,T-32,0,1,P-38556,T-32,85',second half,0,1
G-2612,WC-2010,M-2010-08,T-31,1,0,P-36287,T-31,8',first half,0,0
G-2613,WC-2010,M-2010-08,T-31,1,0,P-27787,T-31,26',first half,0,0
G-2614,WC-2010,M-2010-08,T-31,1,0,P-28154,T-31,68',second half,0,0
G-2615,WC-2010,M-2010-08,T-31,1,0,P-10713,T-31,70',second half,0,0
G-2616,WC-2010,M-2010-09,T-48,1,0,P-52264,T-22,46',second half,1,0
G-2617,WC-2010,M-2010-09,T-48,1,0,P-33312,T-48,85',second half,0,0
G-2618,WC-2010,M-2010-10,T-44,1,0,P-33175,T-44,39',first half,0,0
G-2619,WC-2010,M-2010-11,T-55,0,1,P-87859,T-55,39',first half,0,0
G-2620,WC-2010,M-2010-11,T-41,1,0,P-65802,T-41,63',second half,0,0
G-2621,WC-2010,M-2010-12,T-68,0,1,P-14764,T-68,50',second half,0,0
G-2622,WC-2010,M-2010-12,T-49,1,0,P-57058,T-49,90'+3',"second half, stoppage time",0,0
G-2623,WC-2010,M-2010-14,T-09,1,0,P-94551,T-09,55',second half,0,0
G-2624,WC-2010,M-2010-14,T-09,1,0,P-78264,T-09,72',second half,0,0
G-2625,WC-2010,M-2010-14,T-51,0,1,P-01454,T-51,89',second half,0,0
G-2626,WC-2010,M-2010-15,T-13,0,1,P-74480,T-13,34',first half,0,0
G-2627,WC-2010,M-2010-16,T-75,0,1,P-77553,T-75,52',second half,0,0
G-2628,WC-2010,M-2010-17,T-84,0,1,P-86087,T-84,24',first half,0,0
G-2629,WC-2010,M-2010-17,T-84,0,1,P-86087,T-84,80',second half,0,1
G-2630,WC-2010,M-2010-17,T-84,0,1,P-11075,T-84,90'+5',"second half, stoppage time",0,0
G-2631,WC-2010,M-2010-18,T-03,1,0,P-06608,T-71,17',first half,1,0
G-2632,WC-2010,M-2010-18,T-03,1,0,P-29398,T-03,33',first half,0,0
G-2633,WC-2010,M-2010-18,T-71,0,1,P-40927,T-71,45'+1',"first half, stoppage time",0,0
G-2634,WC-2010,M-2010-18,T-03,1,0,P-29398,T-03,76',second half,0,0
G-2635,WC-2010,M-2010-18,T-03,1,0,P-29398,T-03,80',second half,0,0
G-2636,WC-2010,M-2010-19,T-50,0,1,P-98626,T-50,16',first half,0,0
G-2637,WC-2010,M-2010-19,T-33,1,0,P-75292,T-33,44',first half,0,0
G-2638,WC-2010,M-2010-19,T-33,1,0,P-05210,T-33,71',second half,0,0
G-2639,WC-2010,M-2010-20,T-46,0,1,P-36515,T-46,64',second half,0,0
G-2640,WC-2010,M-2010-20,T-46,0,1,P-88428,T-46,79',second half,0,1
G-2641,WC-2010,M-2010-21,T-66,0,1,P-56515,T-66,38',first half,0,0
G-2642,WC-2010,M-2010-22,T-69,1,0,P-20008,T-69,13',first half,0,0
G-2643,WC-2010,M-2010-22,T-69,1,0,P-01012,T-69,42',first half,0,0
G-2644,WC-2010,M-2010-22,T-83,0,1,P-05728,T-83,48',second half,0,0
G-2645,WC-2010,M-2010-22,T-83,0,1,P-97258,T-83,82',second half,0,0
G-2646,WC-2010,M-2010-24,T-48,1,0,P-51336,T-48,53',second half,0,0
G-2647,WC-2010,M-2010-25,T-04,0,1,P-96211,T-04,11',first half,0,0
G-2648,WC-2010,M-2010-25,T-32,1,0,P-38556,T-32,25',first half,0,1
G-2649,WC-2010,M-2010-26,T-11,1,0,P-61703,T-11,10',first half,0,0
G-2650,WC-2010,M-2010-26,T-22,0,1,P-38862,T-22,33',first half,0,0
G-2651,WC-2010,M-2010-26,T-22,0,1,P-80170,T-22,61',second half,0,0
G-2652,WC-2010,M-2010-27,T-55,0,1,P-18210,T-55,27',first half,0,0
G-2653,WC-2010,M-2010-27,T-55,0,1,P-78654,T-55,86',second half,0,0
G-2654,WC-2010,M-2010-28,T-49,0,1,P-90145,T-49,7',first half,0,0
G-2655,WC-2010,M-2010-28,T-41,1,0,P-38599,T-41,29',first half,0,1
G-2656,WC-2010,M-2010-29,T-09,1,0,P-98528,T-09,25',first half,0,0
G-2657,WC-2010,M-2010-29,T-09,1,0,P-98528,T-09,50',second half,0,0
G-2658,WC-2010,M-2010-29,T-09,1,0,P-78264,T-09,62',second half,0,0
G-2659,WC-2010,M-2010-29,T-42,0,1,P-99466,T-42,79',second half,0,0
G-2660,WC-2010,M-2010-30,T-58,1,0,P-88101,T-58,29',first half,0,0
G-2661,WC-2010,M-2010-30,T-58,1,0,P-32279,T-58,53',second half,0,0
G-2662,WC-2010,M-2010-30,T-58,1,0,P-14428,T-58,56',second half,0,0
G-2663,WC-2010,M-2010-30,T-58,1,0,P-21434,T-58,60',second half,0,0
G-2664,WC-2010,M-2010-30,T-58,1,0,P-28404,T-58,81',second half,0,0
G-2665,WC-2010,M-2010-30,T-58,1,0,P-70442,T-58,87',second half,0,0
G-2666,WC-2010,M-2010-30,T-58,1,0,P-21434,T-58,89',second half,0,0
G-2667,WC-2010,M-2010-31,T-13,1,0,P-35574,T-13,75',second half,0,0
G-2668,WC-2010,M-2010-32,T-73,1,0,P-49097,T-73,17',first half,0,0
G-2669,WC-2010,M-2010-32,T-73,1,0,P-49097,T-73,51',second half,0,0
G-2670,WC-2010,M-2010-33,T-70,0,1,P-61943,T-70,20',first half,0,0
G-2671,WC-2010,M-2010-33,T-70,0,1,P-39078,T-70,37',first half,0,0
G-2672,WC-2010,M-2010-33,T-30,1,0,P-18830,T-30,70',second half,0,0
G-2673,WC-2010,M-2010-34,T-84,0,1,P-30486,T-84,43',first half,0,0
G-2674,WC-2010,M-2010-35,T-03,0,1,P-39810,T-03,77',second half,0,0
G-2675,WC-2010,M-2010-35,T-03,0,1,P-60592,T-03,89',second half,0,0
G-2676,WC-2010,M-2010-36,T-50,1,0,P-98626,T-50,12',first half,0,0
G-2677,WC-2010,M-2010-36,T-71,0,1,P-07494,T-71,38',first half,0,0
G-2678,WC-2010,M-2010-36,T-71,0,1,P-06608,T-71,49',second half,0,0
G-2679,WC-2010,M-2010-36,T-50,1,0,P-98373,T-50,69',second half,0,1
G-2680,WC-2010,M-2010-37,T-28,0,1,P-42890,T-28,23',first half,0,0
G-2681,WC-2010,M-2010-38,T-83,1,0,P-05728,T-83,90'+1',"second half, stoppage time",0,0
G-2682,WC-2010,M-2010-39,T-04,1,0,P-44926,T-04,69',second half,0,0
G-2683,WC-2010,M-2010-39,T-04,1,0,P-96211,T-04,73',second half,0,0
G-2684,WC-2010,M-2010-39,T-66,0,1,P-07371,T-66,84',second half,0,0
G-2685,WC-2010,M-2010-40,T-31,0,1,P-12818,T-31,60',second half,0,0
G-2686,WC-2010,M-2010-42,T-68,1,0,P-14764,T-68,25',first half,0,0
G-2687,WC-2010,M-2010-42,T-68,1,0,P-14764,T-68,73',second half,0,0
G-2688,WC-2010,M-2010-42,T-41,0,1,P-75306,T-41,81',second half,0,0
G-2689,WC-2010,M-2010-42,T-68,1,0,P-40368,T-68,89',second half,0,0
G-2690,WC-2010,M-2010-42,T-41,0,1,P-01045,T-41,90'+2',"second half, stoppage time",0,0
G-2691,WC-2010,M-2010-43,T-48,0,1,P-99934,T-48,36',first half,0,0
G-2692,WC-2010,M-2010-43,T-11,1,0,P-61703,T-11,65',second half,0,1
G-2693,WC-2010,M-2010-43,T-48,0,1,P-64344,T-48,83',second half,0,0
G-2694,WC-2010,M-2010-44,T-44,0,1,P-33175,T-44,17',first half,0,0
G-2695,WC-2010,M-2010-44,T-44,0,1,P-61292,T-44,30',first half,0,0
G-2696,WC-2010,M-2010-44,T-22,1,0,P-50534,T-22,81',second half,0,0
G-2697,WC-2010,M-2010-44,T-44,0,1,P-84807,T-44,87',second half,0,0
G-2698,WC-2010,M-2010-45,T-42,0,1,P-44934,T-42,14',first half,0,0
G-2699,WC-2010,M-2010-45,T-42,0,1,P-55581,T-42,20',first half,0,0
G-2700,WC-2010,M-2010-45,T-42,0,1,P-31976,T-42,82',second half,0,0
G-2701,WC-2010,M-2010-47,T-73,0,1,P-49097,T-73,24',first half,0,0
G-2702,WC-2010,M-2010-47,T-73,0,1,P-56330,T-73,37',first half,0,0
G-2703,WC-2010,M-2010-47,T-13,1,0,P-39840,T-13,47',second half,0,0
G-2704,WC-2010,M-2010-49,T-84,1,0,P-30486,T-84,8',first half,0,0
G-2705,WC-2010,M-2010-49,T-71,0,1,P-40927,T-71,68',second half,0,0
G-2706,WC-2010,M-2010-49,T-84,1,0,P-30486,T-84,80',second half,0,0
G-2707,WC-2010,M-2010-50,T-32,0,1,P-66316,T-32,5',first half,0,0
G-2708,WC-2010,M-2010-50,T-83,1,0,P-05728,T-83,62',second half,0,1
G-2709,WC-2010,M-2010-50,T-32,0,1,P-38556,T-32,93',"extra time, first half",0,0
G-2710,WC-2010,M-2010-51,T-31,1,0,P-27787,T-31,20',first half,0,0
G-2711,WC-2010,M-2010-51,T-31,1,0,P-36287,T-31,32',first half,0,0
G-2712,WC-2010,M-2010-51,T-28,0,1,P-41152,T-28,37',first half,0,0
G-2713,WC-2010,M-2010-51,T-31,1,0,P-28154,T-31,67',second half,0,0
G-2714,WC-2010,M-2010-51,T-31,1,0,P-28154,T-31,70',second half,0,0
G-2715,WC-2010,M-2010-52,T-03,1,0,P-29080,T-03,26',first half,0,0
G-2716,WC-2010,M-2010-52,T-03,1,0,P-29398,T-03,33',first half,0,0
G-2717,WC-2010,M-2010-52,T-03,1,0,P-29080,T-03,52',second half,0,0
G-2718,WC-2010,M-2010-52,T-46,0,1,P-36515,T-46,71',second half,0,0
G-2719,WC-2010,M-2010-53,T-48,1,0,P-23705,T-48,18',first half,0,0
G-2720,WC-2010,M-2010-53,T-48,1,0,P-51336,T-48,84',second half,0,0
G-2721,WC-2010,M-2010-53,T-68,0,1,P-14764,T-68,90'+4',"second half, stoppage time",0,1
G-2722,WC-2010,M-2010-54,T-09,1,0,P-98607,T-09,35',first half,0,0
G-2723,WC-2010,M-2010-54,T-09,1,0,P-98528,T-09,38',first half,0,0
G-2724,WC-2010,M-2010-54,T-09,1,0,P-13354,T-09,59',second half,0,0
G-2725,WC-2010,M-2010-56,T-73,1,0,P-49097,T-73,63',second half,0,0
G-2726,WC-2010,M-2010-57,T-09,0,1,P-13354,T-09,10',first half,0,0
G-2727,WC-2010,M-2010-57,T-48,1,0,P-51336,T-48,53',second half,0,0
G-2728,WC-2010,M-2010-57,T-48,1,0,P-51336,T-48,68',second half,0,0
G-2729,WC-2010,M-2010-58,T-32,0,1,P-50641,T-32,45'+2',"first half, stoppage time",0,0
G-2730,WC-2010,M-2010-58,T-84,1,0,P-86087,T-84,55',second half,0,0
G-2731,WC-2010,M-2010-59,T-31,0,1,P-28154,T-31,3',first half,0,0
G-2732,WC-2010,M-2010-59,T-31,0,1,P-27787,T-31,68',second half,0,0
G-2733,WC-2010,M-2010-59,T-31,0,1,P-43481,T-31,74',second half,0,0
G-2734,WC-2010,M-2010-59,T-31,0,1,P-27787,T-31,89',second half,0,0
G-2735,WC-2010,M-2010-60,T-73,0,1,P-49097,T-73,83',second half,0,0
G-2736,WC-2010,M-2010-61,T-48,0,1,P-21832,T-48,18',first half,0,0
G-2737,WC-2010,M-2010-61,T-84,1,0,P-86087,T-84,41',first half,0,0
G-2738,WC-2010,M-2010-61,T-48,0,1,P-51336,T-48,70',second half,0,0
G-2739,WC-2010,M-2010-61,T-48,0,1,P-23705,T-48,73',second half,0,0
G-2740,WC-2010,M-2010-61,T-84,1,0,P-41944,T-84,90'+2',"second half, stoppage time",0,0
G-2741,WC-2010,M-2010-62,T-73,0,1,P-51089,T-73,73',second half,0,0
G-2742,WC-2010,M-2010-63,T-31,0,1,P-28154,T-31,19',first half,0,0
G-2743,WC-2010,M-2010-63,T-84,1,0,P-59138,T-84,28',first half,0,0
G-2744,WC-2010,M-2010-63,T-84,1,0,P-86087,T-84,51',second half,0,0
G-2745,WC-2010,M-2010-63,T-31,0,1,P-50326,T-31,56',second half,0,0
G-2746,WC-2010,M-2010-63,T-31,0,1,P-13029,T-31,82',second half,0,0
G-2747,WC-2010,M-2010-64,T-73,0,1,P-56330,T-73,116',"extra time, second half",0,0
G-2748,WC-2011,M-2011-01,T-30,0,1,P-89379,T-30,56',second half,0,0
G-2749,WC-2011,M-2011-02,T-31,1,0,P-08780,T-31,10',first half,0,0
G-2750,WC-2011,M-2011-02,T-31,1,0,P-66612,T-31,42',first half,0,0
G-2751,WC-2011,M-2011-02,T-12,0,1,P-97813,T-12,82',second half,0,0
G-2752,WC-2011,M-2011-03,T-44,1,0,P-20246,T-44,6',first half,0,0
G-2753,WC-2011,M-2011-03,T-49,0,1,P-57283,T-49,12',first half,0,0
G-2754,WC-2011,M-2011-03,T-44,1,0,P-04310,T-44,68',second half,0,0
G-2755,WC-2011,M-2011-04,T-28,0,1,P-10986,T-28,21',first half,0,0
G-2756,WC-2011,M-2011-04,T-46,1,0,P-03700,T-46,33',first half,0,0
G-2757,WC-2011,M-2011-05,T-74,0,1,P-49071,T-74,57',second half,0,0
G-2758,WC-2011,M-2011-06,T-83,1,0,P-81449,T-83,54',second half,0,0
G-2759,WC-2011,M-2011-06,T-83,1,0,P-76699,T-83,76',second half,0,0
G-2760,WC-2011,M-2011-07,T-53,1,0,P-48031,T-53,84',second half,0,0
G-2761,WC-2011,M-2011-08,T-09,1,0,P-85281,T-09,54',second half,0,0
G-2762,WC-2011,M-2011-09,T-30,0,1,P-23859,T-30,24',first half,0,0
G-2763,WC-2011,M-2011-09,T-30,0,1,P-23859,T-30,60',second half,0,0
G-2764,WC-2011,M-2011-09,T-30,0,1,P-72635,T-30,66',second half,0,0
G-2765,WC-2011,M-2011-09,T-30,0,1,P-00064,T-30,83',second half,0,0
G-2766,WC-2011,M-2011-10,T-31,1,0,P-47092,T-31,54',second half,0,0
G-2767,WC-2011,M-2011-11,T-44,1,0,P-72113,T-44,13',first half,0,0
G-2768,WC-2011,M-2011-11,T-44,1,0,P-86882,T-44,15',first half,0,0
G-2769,WC-2011,M-2011-11,T-44,1,0,P-72113,T-44,39',first half,0,0
G-2770,WC-2011,M-2011-11,T-44,1,0,P-72113,T-44,80',second half,0,0
G-2771,WC-2011,M-2011-12,T-49,1,0,P-24335,T-49,18',first half,0,0
G-2772,WC-2011,M-2011-12,T-28,0,1,P-41187,T-28,63',second half,0,0
G-2773,WC-2011,M-2011-12,T-28,0,1,P-65975,T-28,81',second half,0,0
G-2774,WC-2011,M-2011-13,T-74,0,1,P-71934,T-74,64',second half,0,0
G-2775,WC-2011,M-2011-14,T-83,1,0,P-54396,T-83,12',first half,0,0
G-2776,WC-2011,M-2011-14,T-83,1,0,P-09273,T-83,50',second half,0,0
G-2777,WC-2011,M-2011-14,T-83,1,0,P-62104,T-83,57',second half,0,0
G-2778,WC-2011,M-2011-15,T-04,1,0,P-36992,T-04,8',first half,0,0
G-2779,WC-2011,M-2011-15,T-29,0,1,P-37720,T-29,21',first half,0,0
G-2780,WC-2011,M-2011-15,T-04,1,0,P-58730,T-04,48',second half,0,0
G-2781,WC-2011,M-2011-15,T-04,1,0,P-83079,T-04,51',second half,0,0
G-2782,WC-2011,M-2011-15,T-29,0,1,P-37720,T-29,83',second half,0,0
G-2783,WC-2011,M-2011-16,T-09,1,0,P-07458,T-09,22',first half,0,0
G-2784,WC-2011,M-2011-16,T-09,1,0,P-85281,T-09,46',second half,0,0
G-2785,WC-2011,M-2011-16,T-09,1,0,P-07458,T-09,48',second half,0,0
G-2786,WC-2011,M-2011-17,T-28,1,0,P-84864,T-28,15',first half,0,0
G-2787,WC-2011,M-2011-17,T-28,1,0,P-38142,T-28,66',second half,0,0
G-2788,WC-2011,M-2011-18,T-46,0,1,P-40788,T-46,2',first half,0,0
G-2789,WC-2011,M-2011-18,T-46,0,1,P-92275,T-46,29',first half,0,0
G-2790,WC-2011,M-2011-18,T-49,1,0,P-46683,T-49,90',second half,0,0
G-2791,WC-2011,M-2011-18,T-49,1,0,P-44115,T-49,90'+4',"second half, stoppage time",0,0
G-2792,WC-2011,M-2011-19,T-50,0,1,P-55990,T-50,73',second half,0,0
G-2793,WC-2011,M-2011-20,T-31,0,1,P-08780,T-31,25',first half,0,0
G-2794,WC-2011,M-2011-20,T-31,0,1,P-27479,T-31,32',first half,0,0
G-2795,WC-2011,M-2011-20,T-30,1,0,P-89379,T-30,56',second half,0,0
G-2796,WC-2011,M-2011-20,T-31,0,1,P-27479,T-31,68',second half,0,1
G-2797,WC-2011,M-2011-20,T-30,1,0,P-75036,T-30,72',second half,0,0
G-2798,WC-2011,M-2011-20,T-31,0,1,P-66612,T-31,89',second half,0,0
G-2799,WC-2011,M-2011-21,T-53,0,1,P-38110,T-53,56',second half,0,0
G-2800,WC-2011,M-2011-21,T-04,1,0,P-77133,T-04,57',second half,0,0
G-2801,WC-2011,M-2011-21,T-04,1,0,P-77133,T-04,87',second half,0,0
G-2802,WC-2011,M-2011-22,T-09,0,1,P-82497,T-09,49',second half,0,0
G-2803,WC-2011,M-2011-22,T-09,0,1,P-93057,T-09,54',second half,0,0
G-2804,WC-2011,M-2011-22,T-09,0,1,P-93057,T-09,90'+3',"second half, stoppage time",0,1
G-2805,WC-2011,M-2011-24,T-74,1,0,P-71934,T-74,16',first half,0,1
G-2806,WC-2011,M-2011-24,T-74,1,0,P-72716,T-83,35',first half,1,0
G-2807,WC-2011,M-2011-24,T-83,0,1,P-89236,T-83,67',second half,0,0
G-2808,WC-2011,M-2011-25,T-28,1,0,P-41187,T-28,59',second half,0,0
G-2809,WC-2011,M-2011-25,T-30,0,1,P-81978,T-30,88',second half,0,0
G-2810,WC-2011,M-2011-26,T-44,0,1,P-30837,T-44,108',"extra time, second half",0,0
G-2811,WC-2011,M-2011-27,T-74,1,0,P-95194,T-74,11',first half,0,0
G-2812,WC-2011,M-2011-27,T-74,1,0,P-71934,T-74,16',first half,0,0
G-2813,WC-2011,M-2011-27,T-04,0,1,P-24314,T-04,40',first half,0,0
G-2814,WC-2011,M-2011-27,T-74,1,0,P-96721,T-74,52',second half,0,0
G-2815,WC-2011,M-2011-28,T-83,0,1,P-25746,T-09,2',first half,1,0
G-2816,WC-2011,M-2011-28,T-09,1,0,P-07458,T-09,68',second half,0,1
G-2817,WC-2011,M-2011-28,T-09,1,0,P-07458,T-09,92',"extra time, first half",0,0
G-2818,WC-2011,M-2011-28,T-83,0,1,P-89236,T-83,120'+2',"extra time, second half, stoppage time",0,0
G-2819,WC-2011,M-2011-29,T-83,0,1,P-81449,T-83,9',first half,0,0
G-2820,WC-2011,M-2011-29,T-30,1,0,P-25958,T-30,55',second half,0,0
G-2821,WC-2011,M-2011-29,T-83,0,1,P-89236,T-83,79',second half,0,0
G-2822,WC-2011,M-2011-29,T-83,0,1,P-37034,T-83,82',second half,0,0
G-2823,WC-2011,M-2011-30,T-74,0,1,P-29677,T-74,10',first half,0,0
G-2824,WC-2011,M-2011-30,T-44,1,0,P-79593,T-44,19',first half,0,0
G-2825,WC-2011,M-2011-30,T-44,1,0,P-72113,T-44,60',second half,0,0
G-2826,WC-2011,M-2011-30,T-44,1,0,P-79593,T-44,64',second half,0,0
G-2827,WC-2011,M-2011-31,T-74,1,0,P-96721,T-74,29',first half,0,0
G-2828,WC-2011,M-2011-31,T-30,0,1,P-00064,T-30,56',second half,0,0
G-2829,WC-2011,M-2011-31,T-74,1,0,P-16359,T-74,82',second half,0,0
G-2830,WC-2011,M-2011-32,T-83,0,1,P-37034,T-83,69',second half,0,0
G-2831,WC-2011,M-2011-32,T-44,1,0,P-04310,T-44,81',second half,0,0
G-2832,WC-2011,M-2011-32,T-83,0,1,P-89236,T-83,104',"extra time, first half",0,0
G-2833,WC-2011,M-2011-32,T-44,1,0,P-72113,T-44,117',"extra time, second half",0,0
G-2834,WC-2014,M-2014-01,T-18,0,1,P-70650,T-09,12',first half,1,0
G-2835,WC-2014,M-2014-01,T-09,1,0,P-87008,T-09,29',first half,0,0
G-2836,WC-2014,M-2014-01,T-09,1,0,P-87008,T-09,71',second half,0,1
G-2837,WC-2014,M-2014-01,T-09,1,0,P-37239,T-09,90'+1',"second half, stoppage time",0,0
G-2838,WC-2014,M-2014-02,T-46,1,0,P-83642,T-46,61',second half,0,0
G-2839,WC-2014,M-2014-03,T-73,1,0,P-73924,T-73,27',first half,0,1
G-2840,WC-2014,M-2014-03,T-48,0,1,P-99934,T-48,44',first half,0,0
G-2841,WC-2014,M-2014-03,T-48,0,1,P-23705,T-48,53',second half,0,0
G-2842,WC-2014,M-2014-03,T-48,0,1,P-70280,T-48,64',second half,0,0
G-2843,WC-2014,M-2014-03,T-48,0,1,P-99934,T-48,72',second half,0,0
G-2844,WC-2014,M-2014-03,T-48,0,1,P-23705,T-48,80',second half,0,0
G-2845,WC-2014,M-2014-04,T-13,1,0,P-30014,T-13,12',first half,0,0
G-2846,WC-2014,M-2014-04,T-13,1,0,P-65631,T-13,14',first half,0,0
G-2847,WC-2014,M-2014-04,T-04,0,1,P-44926,T-04,35',first half,0,0
G-2848,WC-2014,M-2014-04,T-13,1,0,P-74480,T-13,90'+2',"second half, stoppage time",0,0
G-2849,WC-2014,M-2014-05,T-16,1,0,P-95402,T-16,5',first half,0,0
G-2850,WC-2014,M-2014-05,T-16,1,0,P-77705,T-16,58',second half,0,0
G-2851,WC-2014,M-2014-05,T-16,1,0,P-89392,T-16,90'+3',"second half, stoppage time",0,0
G-2852,WC-2014,M-2014-06,T-84,1,0,P-59138,T-84,24',first half,0,1
G-2853,WC-2014,M-2014-06,T-17,0,1,P-70812,T-17,54',second half,0,0
G-2854,WC-2014,M-2014-06,T-17,0,1,P-97912,T-17,57',second half,0,0
G-2855,WC-2014,M-2014-06,T-17,0,1,P-11307,T-17,84',second half,0,0
G-2856,WC-2014,M-2014-07,T-41,0,1,P-37848,T-41,35',first half,0,0
G-2857,WC-2014,M-2014-07,T-28,1,0,P-06678,T-28,37',first half,0,0
G-2858,WC-2014,M-2014-07,T-41,0,1,P-16785,T-41,50',second half,0,0
G-2859,WC-2014,M-2014-08,T-44,0,1,P-33175,T-44,16',first half,0,0
G-2860,WC-2014,M-2014-08,T-42,1,0,P-84532,T-42,64',second half,0,0
G-2861,WC-2014,M-2014-08,T-42,1,0,P-33586,T-42,66',second half,0,0
G-2862,WC-2014,M-2014-09,T-25,0,1,P-75912,T-25,22',first half,0,0
G-2863,WC-2014,M-2014-09,T-75,1,0,P-51579,T-75,48',second half,0,0
G-2864,WC-2014,M-2014-09,T-75,1,0,P-07180,T-75,90'+3',"second half, stoppage time",0,0
G-2865,WC-2014,M-2014-10,T-30,1,0,P-35408,T-30,45',first half,0,1
G-2866,WC-2014,M-2014-10,T-30,1,0,P-93059,T-35,48',second half,1,0
G-2867,WC-2014,M-2014-10,T-30,1,0,P-35408,T-30,72',second half,0,0
G-2868,WC-2014,M-2014-11,T-03,1,0,P-96934,T-08,3',first half,1,0
G-2869,WC-2014,M-2014-11,T-03,1,0,P-14758,T-03,65',second half,0,0
G-2870,WC-2014,M-2014-11,T-08,0,1,P-43723,T-08,85',second half,0,0
G-2871,WC-2014,M-2014-12,T-31,1,0,P-28154,T-31,12',first half,0,1
G-2872,WC-2014,M-2014-12,T-31,1,0,P-81447,T-31,32',first half,0,0
G-2873,WC-2014,M-2014-12,T-31,1,0,P-28154,T-31,45'+1',"first half, stoppage time",0,0
G-2874,WC-2014,M-2014-12,T-31,1,0,P-28154,T-31,78',second half,0,0
G-2875,WC-2014,M-2014-14,T-83,0,1,P-18672,T-83,1',first half,0,0
G-2876,WC-2014,M-2014-14,T-32,1,0,P-01945,T-32,82',second half,0,0
G-2877,WC-2014,M-2014-14,T-83,0,1,P-41262,T-83,86',second half,0,0
G-2878,WC-2014,M-2014-15,T-01,0,1,P-12165,T-01,25',first half,0,1
G-2879,WC-2014,M-2014-15,T-06,1,0,P-63363,T-06,70',second half,0,0
G-2880,WC-2014,M-2014-15,T-06,1,0,P-84852,T-06,80',second half,0,0
G-2881,WC-2014,M-2014-17,T-71,0,1,P-71308,T-71,68',second half,0,0
G-2882,WC-2014,M-2014-17,T-62,1,0,P-89971,T-62,74',second half,0,0
G-2883,WC-2014,M-2014-18,T-48,0,1,P-23705,T-48,20',first half,0,0
G-2884,WC-2014,M-2014-18,T-04,1,0,P-44926,T-04,21',first half,0,0
G-2885,WC-2014,M-2014-18,T-04,1,0,P-37275,T-04,54',second half,0,1
G-2886,WC-2014,M-2014-18,T-48,0,1,P-99934,T-48,58',second half,0,0
G-2887,WC-2014,M-2014-18,T-48,0,1,P-27540,T-48,68',second half,0,0
G-2888,WC-2014,M-2014-19,T-13,0,1,P-36808,T-13,20',first half,0,0
G-2889,WC-2014,M-2014-19,T-13,0,1,P-22391,T-13,43',first half,0,0
G-2890,WC-2014,M-2014-20,T-18,0,1,P-13265,T-18,11',first half,0,0
G-2891,WC-2014,M-2014-20,T-18,0,1,P-93884,T-18,48',second half,0,0
G-2892,WC-2014,M-2014-20,T-18,0,1,P-25745,T-18,61',second half,0,0
G-2893,WC-2014,M-2014-20,T-18,0,1,P-25745,T-18,73',second half,0,0
G-2894,WC-2014,M-2014-21,T-16,1,0,P-89392,T-16,64',second half,0,0
G-2895,WC-2014,M-2014-21,T-16,1,0,P-14499,T-16,70',second half,0,0
G-2896,WC-2014,M-2014-21,T-42,0,1,P-33586,T-42,73',second half,0,0
G-2897,WC-2014,M-2014-22,T-84,1,0,P-30486,T-84,39',first half,0,0
G-2898,WC-2014,M-2014-22,T-28,0,1,P-99967,T-28,75',second half,0,0
G-2899,WC-2014,M-2014-22,T-84,1,0,P-30486,T-84,85',second half,0,0
G-2900,WC-2014,M-2014-24,T-17,0,1,P-99590,T-17,44',first half,0,0
G-2901,WC-2014,M-2014-25,T-30,0,1,P-89750,T-30,17',first half,0,0
G-2902,WC-2014,M-2014-25,T-30,0,1,P-04964,T-30,18',first half,0,0
G-2903,WC-2014,M-2014-25,T-30,0,1,P-84312,T-30,40',first half,0,0
G-2904,WC-2014,M-2014-25,T-30,0,1,P-35408,T-30,67',second half,0,0
G-2905,WC-2014,M-2014-25,T-30,0,1,P-07870,T-30,73',second half,0,0
G-2906,WC-2014,M-2014-25,T-75,1,0,P-35818,T-75,81',second half,0,0
G-2907,WC-2014,M-2014-25,T-75,1,0,P-77224,T-75,87',second half,0,0
G-2908,WC-2014,M-2014-26,T-35,1,0,P-38682,T-35,31',first half,0,0
G-2909,WC-2014,M-2014-26,T-25,0,1,P-75912,T-25,34',first half,0,0
G-2910,WC-2014,M-2014-26,T-25,0,1,P-75912,T-25,65',second half,0,0
G-2911,WC-2014,M-2014-27,T-03,1,0,P-14758,T-03,90'+1',"second half, stoppage time",0,0
G-2912,WC-2014,M-2014-28,T-31,1,0,P-63673,T-31,51',second half,0,0
G-2913,WC-2014,M-2014-28,T-32,0,1,P-01945,T-32,54',second half,0,0
G-2914,WC-2014,M-2014-28,T-32,0,1,P-38556,T-32,63',second half,0,0
G-2915,WC-2014,M-2014-28,T-31,1,0,P-27787,T-31,71',second half,0,0
G-2916,WC-2014,M-2014-29,T-50,1,0,P-70006,T-50,29',first half,0,0
G-2917,WC-2014,M-2014-30,T-06,1,0,P-77619,T-06,88',second half,0,0
G-2918,WC-2014,M-2014-31,T-01,0,1,P-59199,T-01,26',first half,0,0
G-2919,WC-2014,M-2014-31,T-01,0,1,P-19453,T-01,28',first half,0,0
G-2920,WC-2014,M-2014-31,T-01,0,1,P-59147,T-01,38',first half,0,0
G-2921,WC-2014,M-2014-31,T-71,1,0,P-77335,T-71,50',second half,0,0
G-2922,WC-2014,M-2014-31,T-01,0,1,P-24983,T-01,62',second half,0,0
G-2923,WC-2014,M-2014-31,T-71,1,0,P-47440,T-71,72',second half,0,0
G-2924,WC-2014,M-2014-32,T-58,0,1,P-78296,T-58,5',first half,0,0
G-2925,WC-2014,M-2014-32,T-83,1,0,P-10072,T-83,64',second half,0,0
G-2926,WC-2014,M-2014-32,T-83,1,0,P-18672,T-83,81',second half,0,0
G-2927,WC-2014,M-2014-32,T-58,0,1,P-25600,T-58,90'+5',"second half, stoppage time",0,0
G-2928,WC-2014,M-2014-33,T-73,0,1,P-49097,T-73,36',first half,0,0
G-2929,WC-2014,M-2014-33,T-73,0,1,P-71661,T-73,69',second half,0,0
G-2930,WC-2014,M-2014-33,T-73,0,1,P-47597,T-73,82',second half,0,0
G-2931,WC-2014,M-2014-34,T-48,1,0,P-20877,T-48,77',second half,0,0
G-2932,WC-2014,M-2014-34,T-48,1,0,P-27540,T-48,90'+2',"second half, stoppage time",0,0
G-2933,WC-2014,M-2014-35,T-09,0,1,P-87008,T-09,17',first half,0,0
G-2934,WC-2014,M-2014-35,T-11,1,0,P-47974,T-11,26',first half,0,0
G-2935,WC-2014,M-2014-35,T-09,0,1,P-87008,T-09,35',first half,0,0
G-2936,WC-2014,M-2014-35,T-09,0,1,P-54042,T-09,49',second half,0,0
G-2937,WC-2014,M-2014-35,T-09,0,1,P-41758,T-09,84',second half,0,0
G-2938,WC-2014,M-2014-36,T-46,0,1,P-44763,T-46,72',second half,0,0
G-2939,WC-2014,M-2014-36,T-46,0,1,P-40312,T-46,75',second half,0,0
G-2940,WC-2014,M-2014-36,T-46,0,1,P-36515,T-46,82',second half,0,0
G-2941,WC-2014,M-2014-36,T-18,1,0,P-93884,T-18,87',second half,0,0
G-2942,WC-2014,M-2014-38,T-84,0,1,P-78440,T-84,81',second half,0,0
G-2943,WC-2014,M-2014-39,T-16,0,1,P-83216,T-16,17',first half,0,1
G-2944,WC-2014,M-2014-39,T-44,1,0,P-84807,T-44,45'+1',"first half, stoppage time",0,0
G-2945,WC-2014,M-2014-39,T-16,0,1,P-01068,T-16,55',second half,0,0
G-2946,WC-2014,M-2014-39,T-16,0,1,P-01068,T-16,82',second half,0,0
G-2947,WC-2014,M-2014-39,T-16,0,1,P-89392,T-16,90',second half,0,0
G-2948,WC-2014,M-2014-40,T-33,1,0,P-30845,T-33,42',first half,0,0
G-2949,WC-2014,M-2014-40,T-42,0,1,P-84532,T-42,74',second half,0,0
G-2950,WC-2014,M-2014-40,T-33,1,0,P-58348,T-33,90'+3',"second half, stoppage time",0,1
G-2951,WC-2014,M-2014-41,T-08,1,0,P-31839,T-08,23',first half,0,0
G-2952,WC-2014,M-2014-41,T-08,1,0,P-19478,T-08,59',second half,0,0
G-2953,WC-2014,M-2014-41,T-38,0,1,P-85324,T-38,82',second half,0,0
G-2954,WC-2014,M-2014-41,T-08,1,0,P-35118,T-08,83',second half,0,0
G-2955,WC-2014,M-2014-42,T-03,0,1,P-14758,T-03,3',first half,0,0
G-2956,WC-2014,M-2014-42,T-50,1,0,P-19591,T-50,4',first half,0,0
G-2957,WC-2014,M-2014-42,T-03,0,1,P-14758,T-03,45'+1',"first half, stoppage time",0,0
G-2958,WC-2014,M-2014-42,T-50,1,0,P-19591,T-50,47',second half,0,0
G-2959,WC-2014,M-2014-42,T-03,0,1,P-18222,T-03,50',second half,0,0
G-2960,WC-2014,M-2014-43,T-75,0,1,P-39460,T-75,6',first half,0,0
G-2961,WC-2014,M-2014-43,T-75,0,1,P-39460,T-75,31',first half,0,0
G-2962,WC-2014,M-2014-43,T-75,0,1,P-39460,T-75,71',second half,0,0
G-2963,WC-2014,M-2014-45,T-58,1,0,P-06024,T-32,31',first half,1,0
G-2964,WC-2014,M-2014-45,T-32,0,1,P-38556,T-32,57',second half,0,0
G-2965,WC-2014,M-2014-45,T-58,1,0,P-70442,T-58,80',second half,0,0
G-2966,WC-2014,M-2014-46,T-31,0,1,P-28154,T-31,55',second half,0,0
G-2967,WC-2014,M-2014-47,T-62,0,1,P-67113,T-62,6',first half,0,0
G-2968,WC-2014,M-2014-47,T-01,1,0,P-59199,T-01,60',second half,0,0
G-2969,WC-2014,M-2014-48,T-06,0,1,P-64049,T-06,78',second half,0,0
G-2970,WC-2014,M-2014-49,T-09,1,0,P-87449,T-09,18',first half,0,0
G-2971,WC-2014,M-2014-49,T-13,0,1,P-30014,T-13,32',first half,0,0
G-2972,WC-2014,M-2014-50,T-16,1,0,P-89392,T-16,28',first half,0,0
G-2973,WC-2014,M-2014-50,T-16,1,0,P-89392,T-16,50',second half,0,0
G-2974,WC-2014,M-2014-51,T-46,0,1,P-77047,T-46,48',second half,0,0
G-2975,WC-2014,M-2014-51,T-48,1,0,P-51336,T-48,88',second half,0,0
G-2976,WC-2014,M-2014-51,T-48,1,0,P-64344,T-48,90'+4',"second half, stoppage time",0,1
G-2977,WC-2014,M-2014-52,T-17,1,0,P-99590,T-17,52',second half,0,0
G-2978,WC-2014,M-2014-52,T-33,0,1,P-11436,T-33,90'+1',"second half, stoppage time",0,0
G-2979,WC-2014,M-2014-53,T-30,1,0,P-17509,T-30,79',second half,0,0
G-2980,WC-2014,M-2014-53,T-30,1,0,P-64104,T-50,90'+2',"second half, stoppage time",1,0
G-2981,WC-2014,M-2014-54,T-31,1,0,P-46979,T-31,92',"extra time, first half",0,0
G-2982,WC-2014,M-2014-54,T-31,1,0,P-12818,T-31,120',"extra time, second half",0,0
G-2983,WC-2014,M-2014-54,T-01,0,1,P-59147,T-01,120'+1',"extra time, second half, stoppage time",0,0
G-2984,WC-2014,M-2014-55,T-03,1,0,P-42113,T-03,118',"extra time, second half",0,0
G-2985,WC-2014,M-2014-56,T-06,1,0,P-48955,T-06,93',"extra time, first half",0,0
G-2986,WC-2014,M-2014-56,T-06,1,0,P-72637,T-06,105',"extra time, first half",0,0
G-2987,WC-2014,M-2014-56,T-83,0,1,P-91438,T-83,107',"extra time, second half",0,0
G-2988,WC-2014,M-2014-57,T-31,0,1,P-81447,T-31,13',first half,0,0
G-2989,WC-2014,M-2014-58,T-09,1,0,P-32798,T-09,7',first half,0,0
G-2990,WC-2014,M-2014-58,T-09,1,0,P-87449,T-09,69',second half,0,0
G-2991,WC-2014,M-2014-58,T-16,0,1,P-89392,T-16,80',second half,0,1
G-2992,WC-2014,M-2014-59,T-03,1,0,P-29398,T-03,8',first half,0,0
G-2993,WC-2014,M-2014-61,T-31,0,1,P-28154,T-31,11',first half,0,0
G-2994,WC-2014,M-2014-61,T-31,0,1,P-27787,T-31,23',first half,0,0
G-2995,WC-2014,M-2014-61,T-31,0,1,P-39356,T-31,24',first half,0,0
G-2996,WC-2014,M-2014-61,T-31,0,1,P-39356,T-31,26',first half,0,0
G-2997,WC-2014,M-2014-61,T-31,0,1,P-13029,T-31,29',first half,0,0
G-2998,WC-2014,M-2014-61,T-31,0,1,P-46979,T-31,69',second half,0,0
G-2999,WC-2014,M-2014-61,T-31,0,1,P-46979,T-31,79',second half,0,0
G-3000,WC-2014,M-2014-61,T-09,1,0,P-37239,T-09,90',second half,0,0
G-3001,WC-2014,M-2014-63,T-48,0,1,P-99934,T-48,3',first half,0,1
G-3002,WC-2014,M-2014-63,T-48,0,1,P-39861,T-48,17',first half,0,0
G-3003,WC-2014,M-2014-63,T-48,0,1,P-85698,T-48,90'+1',"second half, stoppage time",0,0
G-3004,WC-2014,M-2014-64,T-31,1,0,P-63673,T-31,113',"extra time, second half",0,0
G-3005,WC-2015,M-2015-01,T-12,1,0,P-97813,T-12,90'+2',"second half, stoppage time",0,1
G-3006,WC-2015,M-2015-02,T-48,0,1,P-00336,T-48,33',first half,0,0
G-3007,WC-2015,M-2015-03,T-53,1,0,P-29694,T-53,15',first half,0,0
G-3008,WC-2015,M-2015-03,T-53,1,0,P-09212,T-53,29',first half,0,0
G-3009,WC-2015,M-2015-03,T-53,1,0,P-09212,T-53,34',first half,0,0
G-3010,WC-2015,M-2015-03,T-53,1,0,P-20831,T-53,68',second half,0,0
G-3011,WC-2015,M-2015-04,T-31,1,0,P-66612,T-31,3',first half,0,0
G-3012,WC-2015,M-2015-04,T-31,1,0,P-66612,T-31,14',first half,0,0
G-3013,WC-2015,M-2015-04,T-31,1,0,P-30564,T-31,29',first half,0,0
G-3014,WC-2015,M-2015-04,T-31,1,0,P-66612,T-31,31',first half,0,0
G-3015,WC-2015,M-2015-04,T-31,1,0,P-30564,T-31,35',first half,0,0
G-3016,WC-2015,M-2015-04,T-31,1,0,P-30564,T-31,64',second half,0,0
G-3017,WC-2015,M-2015-04,T-31,1,0,P-47092,T-31,71',second half,0,0
G-3018,WC-2015,M-2015-04,T-31,1,0,P-29896,T-31,75',second half,0,0
G-3019,WC-2015,M-2015-04,T-31,1,0,P-39260,T-31,79',second half,0,0
G-3020,WC-2015,M-2015-04,T-31,1,0,P-80216,T-31,85',second half,0,0
G-3021,WC-2015,M-2015-05,T-74,1,0,P-67645,T-50,21',first half,1,0
G-3022,WC-2015,M-2015-05,T-74,1,0,P-52228,T-74,31',first half,0,0
G-3023,WC-2015,M-2015-05,T-50,0,1,P-22604,T-50,50',second half,0,0
G-3024,WC-2015,M-2015-05,T-50,0,1,P-59598,T-50,53',second half,0,0
G-3025,WC-2015,M-2015-05,T-74,1,0,P-10056,T-74,60',second half,0,0
G-3026,WC-2015,M-2015-05,T-50,0,1,P-86061,T-50,87',second half,0,0
G-3027,WC-2015,M-2015-06,T-11,1,0,P-43002,T-11,34',first half,0,0
G-3028,WC-2015,M-2015-06,T-11,1,0,P-18928,T-11,36',first half,0,0
G-3029,WC-2015,M-2015-06,T-11,1,0,P-22573,T-11,44',first half,0,1
G-3030,WC-2015,M-2015-06,T-11,1,0,P-18928,T-11,73',second half,0,0
G-3031,WC-2015,M-2015-06,T-11,1,0,P-24905,T-11,79',second half,0,1
G-3032,WC-2015,M-2015-06,T-11,1,0,P-18928,T-11,90'+4',"second half, stoppage time",0,1
G-3033,WC-2015,M-2015-07,T-83,1,0,P-09273,T-83,12',first half,0,0
G-3034,WC-2015,M-2015-07,T-04,0,1,P-83079,T-04,27',first half,0,0
G-3035,WC-2015,M-2015-07,T-83,1,0,P-79931,T-83,61',second half,0,0
G-3036,WC-2015,M-2015-07,T-83,1,0,P-09273,T-83,78',second half,0,0
G-3037,WC-2015,M-2015-08,T-44,1,0,P-04310,T-44,29',first half,0,1
G-3038,WC-2015,M-2015-09,T-30,1,0,P-70239,T-30,29',first half,0,0
G-3039,WC-2015,M-2015-10,T-73,1,0,P-10289,T-73,13',first half,0,0
G-3040,WC-2015,M-2015-10,T-17,0,1,P-08309,T-17,14',first half,0,0
G-3041,WC-2015,M-2015-11,T-46,0,1,P-32979,T-46,36',first half,0,0
G-3042,WC-2015,M-2015-11,T-16,1,0,P-24999,T-16,82',second half,0,0
G-3043,WC-2015,M-2015-12,T-09,1,0,P-19610,T-09,33',first half,0,0
G-3044,WC-2015,M-2015-12,T-09,1,0,P-07458,T-09,53',second half,0,1
G-3045,WC-2015,M-2015-13,T-14,1,0,P-59654,T-14,90'+1',"second half, stoppage time",0,0
G-3046,WC-2015,M-2015-14,T-31,1,0,P-30564,T-31,6',first half,0,0
G-3047,WC-2015,M-2015-14,T-53,0,1,P-74073,T-53,61',second half,0,0
G-3048,WC-2015,M-2015-16,T-42,1,0,P-26065,T-42,4',first half,0,0
G-3049,WC-2015,M-2015-16,T-76,0,1,P-42972,T-76,26',first half,0,0
G-3050,WC-2015,M-2015-16,T-76,0,1,P-42972,T-76,45'+3',"first half, stoppage time",0,0
G-3051,WC-2015,M-2015-16,T-76,0,1,P-34796,T-76,75',second half,0,0
G-3052,WC-2015,M-2015-16,T-42,1,0,P-06222,T-42,88',second half,0,0
G-3053,WC-2015,M-2015-17,T-75,1,0,P-18236,T-25,24',first half,1,0
G-3054,WC-2015,M-2015-17,T-75,1,0,P-25824,T-75,45'+2',"first half, stoppage time",0,0
G-3055,WC-2015,M-2015-17,T-75,1,0,P-28291,T-75,47',second half,0,0
G-3056,WC-2015,M-2015-17,T-75,1,0,P-28291,T-75,49',second half,0,0
G-3057,WC-2015,M-2015-17,T-75,1,0,P-28291,T-75,52',second half,0,0
G-3058,WC-2015,M-2015-17,T-75,1,0,P-61487,T-75,60',second half,0,1
G-3059,WC-2015,M-2015-17,T-75,1,0,P-61487,T-75,61',second half,0,0
G-3060,WC-2015,M-2015-17,T-25,0,1,P-18236,T-25,64',second half,0,1
G-3061,WC-2015,M-2015-17,T-75,1,0,P-18236,T-25,71',second half,1,0
G-3062,WC-2015,M-2015-17,T-75,1,0,P-15441,T-75,76',second half,0,0
G-3063,WC-2015,M-2015-17,T-75,1,0,P-61487,T-75,81',second half,0,0
G-3064,WC-2015,M-2015-18,T-04,1,0,P-77133,T-04,29',first half,0,0
G-3065,WC-2015,M-2015-18,T-04,1,0,P-77133,T-04,68',second half,0,0
G-3066,WC-2015,M-2015-19,T-44,1,0,P-75658,T-44,6',first half,0,0
G-3067,WC-2015,M-2015-19,T-44,1,0,P-34571,T-44,17',first half,0,0
G-3068,WC-2015,M-2015-19,T-11,0,1,P-69986,T-11,90',second half,0,0
G-3069,WC-2015,M-2015-21,T-16,0,1,P-24913,T-16,19',first half,0,0
G-3070,WC-2015,M-2015-21,T-16,0,1,P-76437,T-16,90'+3',"second half, stoppage time",0,0
G-3071,WC-2015,M-2015-22,T-09,1,0,P-91993,T-09,44',first half,0,0
G-3072,WC-2015,M-2015-23,T-28,1,0,P-61922,T-28,71',second half,0,0
G-3073,WC-2015,M-2015-23,T-28,1,0,P-34666,T-28,82',second half,0,0
G-3074,WC-2015,M-2015-23,T-46,0,1,P-33442,T-46,90'+1',"second half, stoppage time",0,0
G-3075,WC-2015,M-2015-24,T-17,0,1,P-83648,T-17,17',first half,0,0
G-3076,WC-2015,M-2015-24,T-71,1,0,P-08264,T-71,21',first half,0,1
G-3077,WC-2015,M-2015-24,T-71,1,0,P-83266,T-71,25',first half,0,0
G-3078,WC-2015,M-2015-24,T-17,0,1,P-87850,T-17,89',second half,0,0
G-3079,WC-2015,M-2015-25,T-31,0,1,P-17418,T-31,24',first half,0,0
G-3080,WC-2015,M-2015-25,T-31,0,1,P-27184,T-31,56',second half,0,0
G-3081,WC-2015,M-2015-25,T-31,0,1,P-27184,T-31,58',second half,0,0
G-3082,WC-2015,M-2015-25,T-31,0,1,P-29896,T-31,73',second half,0,0
G-3083,WC-2015,M-2015-26,T-53,0,1,P-20831,T-53,6',first half,0,0
G-3084,WC-2015,M-2015-26,T-53,0,1,P-20831,T-53,62',second half,0,0
G-3085,WC-2015,M-2015-26,T-53,0,1,P-70069,T-53,67',second half,0,0
G-3086,WC-2015,M-2015-26,T-42,1,0,P-26065,T-42,71',second half,0,0
G-3087,WC-2015,M-2015-27,T-49,0,1,P-44826,T-49,28',first half,0,0
G-3088,WC-2015,M-2015-27,T-14,1,0,P-59654,T-14,41',first half,0,1
G-3089,WC-2015,M-2015-27,T-14,1,0,P-40014,T-14,60',second half,0,0
G-3090,WC-2015,M-2015-27,T-49,0,1,P-44115,T-49,64',second half,0,0
G-3091,WC-2015,M-2015-28,T-12,0,1,P-67881,T-12,10',first half,0,0
G-3092,WC-2015,M-2015-28,T-48,1,0,P-98141,T-48,87',second half,0,0
G-3093,WC-2015,M-2015-29,T-75,1,0,P-96874,T-75,24',first half,0,0
G-3094,WC-2015,M-2015-29,T-11,0,1,P-24905,T-11,47',second half,0,0
G-3095,WC-2015,M-2015-29,T-11,0,1,P-43002,T-11,62',second half,0,0
G-3096,WC-2015,M-2015-30,T-44,0,1,P-20246,T-44,5',first half,0,0
G-3097,WC-2015,M-2015-31,T-83,0,1,P-89236,T-83,45',first half,0,0
G-3098,WC-2015,M-2015-32,T-04,1,0,P-83079,T-04,5',first half,0,0
G-3099,WC-2015,M-2015-32,T-74,0,1,P-27729,T-74,15',first half,0,0
G-3100,WC-2015,M-2015-33,T-28,1,0,P-34666,T-28,15',first half,0,0
G-3101,WC-2015,M-2015-33,T-28,1,0,P-10986,T-28,38',first half,0,1
G-3102,WC-2015,M-2015-33,T-16,0,1,P-24913,T-16,90'+4',"second half, stoppage time",0,0
G-3103,WC-2015,M-2015-34,T-30,0,1,P-89379,T-30,1',first half,0,0
G-3104,WC-2015,M-2015-34,T-30,0,1,P-13965,T-46,9',first half,1,0
G-3105,WC-2015,M-2015-34,T-30,0,1,P-70239,T-30,13',first half,0,0
G-3106,WC-2015,M-2015-34,T-30,0,1,P-70239,T-30,36',first half,0,0
G-3107,WC-2015,M-2015-34,T-30,0,1,P-64050,T-30,80',second half,0,0
G-3108,WC-2015,M-2015-35,T-73,0,1,P-37281,T-73,29',first half,0,0
G-3109,WC-2015,M-2015-35,T-71,1,0,P-35864,T-71,53',second half,0,0
G-3110,WC-2015,M-2015-35,T-71,1,0,P-78430,T-71,78',second half,0,0
G-3111,WC-2015,M-2015-36,T-09,0,1,P-11773,T-09,83',second half,0,0
G-3112,WC-2015,M-2015-37,T-31,1,0,P-30564,T-31,24',first half,0,0
G-3113,WC-2015,M-2015-37,T-31,1,0,P-66612,T-31,36',first half,0,1
G-3114,WC-2015,M-2015-37,T-31,1,0,P-66612,T-31,78',second half,0,0
G-3115,WC-2015,M-2015-37,T-74,0,1,P-10056,T-74,82',second half,0,0
G-3116,WC-2015,M-2015-37,T-31,1,0,P-84273,T-31,88',second half,0,0
G-3117,WC-2015,M-2015-38,T-14,1,0,P-40014,T-14,12',first half,0,0
G-3118,WC-2015,M-2015-39,T-04,0,1,P-77133,T-04,80',second half,0,0
G-3119,WC-2015,M-2015-40,T-30,1,0,P-89379,T-30,4',first half,0,0
G-3120,WC-2015,M-2015-40,T-30,1,0,P-00064,T-30,8',first half,0,0
G-3121,WC-2015,M-2015-40,T-30,1,0,P-89379,T-30,48',second half,0,0
G-3122,WC-2015,M-2015-41,T-12,1,0,P-31118,T-12,52',second half,0,0
G-3123,WC-2015,M-2015-42,T-53,1,0,P-70069,T-53,54',second half,0,0
G-3124,WC-2015,M-2015-42,T-28,0,1,P-30706,T-28,61',second half,0,0
G-3125,WC-2015,M-2015-42,T-28,0,1,P-23779,T-28,76',second half,0,0
G-3126,WC-2015,M-2015-43,T-83,1,0,P-37034,T-83,53',second half,0,0
G-3127,WC-2015,M-2015-43,T-83,1,0,P-62104,T-83,66',second half,0,1
G-3128,WC-2015,M-2015-44,T-44,1,0,P-66148,T-44,10',first half,0,0
G-3129,WC-2015,M-2015-44,T-44,1,0,P-99210,T-44,78',second half,0,0
G-3130,WC-2015,M-2015-44,T-48,0,1,P-98141,T-48,90'+2',"second half, stoppage time",0,0
G-3131,WC-2015,M-2015-45,T-30,0,1,P-63892,T-30,64',second half,0,0
G-3132,WC-2015,M-2015-45,T-31,1,0,P-66612,T-31,84',second half,0,1
G-3133,WC-2015,M-2015-46,T-83,0,1,P-62104,T-83,51',second half,0,0
G-3134,WC-2015,M-2015-47,T-44,0,1,P-26643,T-44,87',second half,0,0
G-3135,WC-2015,M-2015-48,T-28,1,0,P-57382,T-28,11',first half,0,0
G-3136,WC-2015,M-2015-48,T-28,1,0,P-23779,T-28,14',first half,0,0
G-3137,WC-2015,M-2015-48,T-12,0,1,P-97813,T-12,42',first half,0,0
G-3138,WC-2015,M-2015-49,T-83,1,0,P-62104,T-83,69',second half,0,1
G-3139,WC-2015,M-2015-49,T-83,1,0,P-72568,T-83,84',second half,0,0
G-3140,WC-2015,M-2015-50,T-44,1,0,P-04310,T-44,33',first half,0,1
G-3141,WC-2015,M-2015-50,T-28,0,1,P-10986,T-28,40',first half,0,1
G-3142,WC-2015,M-2015-50,T-44,1,0,P-69145,T-28,90'+2',"second half, stoppage time",1,0
G-3143,WC-2015,M-2015-51,T-28,0,1,P-10986,T-28,108',"extra time, second half",0,1
G-3144,WC-2015,M-2015-52,T-83,1,0,P-62104,T-83,3',first half,0,0
G-3145,WC-2015,M-2015-52,T-83,1,0,P-62104,T-83,5',first half,0,0
G-3146,WC-2015,M-2015-52,T-83,1,0,P-81449,T-83,14',first half,0,0
G-3147,WC-2015,M-2015-52,T-83,1,0,P-62104,T-83,16',first half,0,0
G-3148,WC-2015,M-2015-52,T-44,0,1,P-20246,T-44,27',first half,0,0
G-3149,WC-2015,M-2015-52,T-44,0,1,P-65433,T-83,52',second half,1,0
G-3150,WC-2015,M-2015-52,T-83,1,0,P-35525,T-83,54',second half,0,0
G-3151,WC-2018,M-2018-01,T-62,1,0,P-20571,T-62,12',first half,0,0
G-3152,WC-2018,M-2018-01,T-62,1,0,P-43675,T-62,43',first half,0,0
G-3153,WC-2018,M-2018-01,T-62,1,0,P-37840,T-62,71',second half,0,0
G-3154,WC-2018,M-2018-01,T-62,1,0,P-43675,T-62,90'+1',"second half, stoppage time",0,0
G-3155,WC-2018,M-2018-01,T-62,1,0,P-22778,T-62,90'+4',"second half, stoppage time",0,0
G-3156,WC-2018,M-2018-02,T-84,0,1,P-65659,T-84,89',second half,0,0
G-3157,WC-2018,M-2018-03,T-38,0,1,P-60872,T-47,90'+5',"second half, stoppage time",1,0
G-3158,WC-2018,M-2018-04,T-58,1,0,P-70442,T-58,4',first half,0,1
G-3159,WC-2018,M-2018-04,T-73,0,1,P-02231,T-73,24',first half,0,0
G-3160,WC-2018,M-2018-04,T-58,1,0,P-70442,T-58,44',first half,0,0
G-3161,WC-2018,M-2018-04,T-73,0,1,P-02231,T-73,55',second half,0,0
G-3162,WC-2018,M-2018-04,T-73,0,1,P-15848,T-73,58',second half,0,0
G-3163,WC-2018,M-2018-04,T-58,1,0,P-70442,T-58,88',second half,0,0
G-3164,WC-2018,M-2018-05,T-30,1,0,P-90908,T-30,58',second half,0,1
G-3165,WC-2018,M-2018-05,T-04,0,1,P-37275,T-04,62',second half,0,1
G-3166,WC-2018,M-2018-05,T-30,1,0,P-51118,T-04,81',second half,1,0
G-3167,WC-2018,M-2018-06,T-03,1,0,P-36870,T-03,19',first half,0,0
G-3168,WC-2018,M-2018-06,T-37,0,1,P-70085,T-37,23',first half,0,0
G-3169,WC-2018,M-2018-07,T-22,0,1,P-08442,T-22,59',second half,0,0
G-3170,WC-2018,M-2018-08,T-18,1,0,P-62455,T-50,32',first half,1,0
G-3171,WC-2018,M-2018-08,T-18,1,0,P-29491,T-18,71',second half,0,1
G-3172,WC-2018,M-2018-09,T-66,0,1,P-33059,T-66,56',second half,0,0
G-3173,WC-2018,M-2018-10,T-46,0,1,P-24705,T-46,35',first half,0,0
G-3174,WC-2018,M-2018-11,T-09,1,0,P-37171,T-09,20',first half,0,0
G-3175,WC-2018,M-2018-11,T-75,0,1,P-71840,T-75,50',second half,0,0
G-3176,WC-2018,M-2018-12,T-74,1,0,P-34998,T-74,65',second half,0,1
G-3177,WC-2018,M-2018-13,T-06,1,0,P-84852,T-06,47',second half,0,0
G-3178,WC-2018,M-2018-13,T-06,1,0,P-72637,T-06,69',second half,0,0
G-3179,WC-2018,M-2018-13,T-06,1,0,P-72637,T-06,75',second half,0,0
G-3180,WC-2018,M-2018-14,T-28,0,1,P-58924,T-28,11',first half,0,0
G-3181,WC-2018,M-2018-14,T-79,1,0,P-90867,T-79,35',first half,0,1
G-3182,WC-2018,M-2018-14,T-28,0,1,P-58924,T-28,90'+1',"second half, stoppage time",0,0
G-3183,WC-2018,M-2018-15,T-44,0,1,P-36964,T-44,6',first half,0,1
G-3184,WC-2018,M-2018-15,T-16,1,0,P-14499,T-16,39',first half,0,0
G-3185,WC-2018,M-2018-15,T-44,0,1,P-23371,T-44,73',second half,0,0
G-3186,WC-2018,M-2018-16,T-65,0,1,P-40820,T-57,37',first half,1,0
G-3187,WC-2018,M-2018-16,T-65,0,1,P-23774,T-65,60',second half,0,0
G-3188,WC-2018,M-2018-16,T-57,1,0,P-45449,T-57,86',second half,0,0
G-3189,WC-2018,M-2018-17,T-62,1,0,P-44093,T-26,47',second half,1,0
G-3190,WC-2018,M-2018-17,T-62,1,0,P-43675,T-62,59',second half,0,0
G-3191,WC-2018,M-2018-17,T-62,1,0,P-37840,T-62,62',second half,0,0
G-3192,WC-2018,M-2018-17,T-26,0,1,P-75890,T-26,73',second half,0,1
G-3193,WC-2018,M-2018-18,T-58,1,0,P-70442,T-58,4',first half,0,0
G-3194,WC-2018,M-2018-19,T-84,1,0,P-30486,T-84,23',first half,0,0
G-3195,WC-2018,M-2018-20,T-73,0,1,P-02231,T-73,54',second half,0,0
G-3196,WC-2018,M-2018-21,T-22,1,0,P-50104,T-22,7',first half,0,0
G-3197,WC-2018,M-2018-21,T-04,0,1,P-37275,T-04,38',first half,0,1
G-3198,WC-2018,M-2018-22,T-30,1,0,P-64077,T-30,34',first half,0,0
G-3199,WC-2018,M-2018-23,T-18,0,1,P-44463,T-18,53',second half,0,0
G-3200,WC-2018,M-2018-23,T-18,0,1,P-29491,T-18,80',second half,0,0
G-3201,WC-2018,M-2018-23,T-18,0,1,P-65979,T-18,90'+1',"second half, stoppage time",0,0
G-3202,WC-2018,M-2018-24,T-09,1,0,P-37171,T-09,90'+1',"second half, stoppage time",0,0
G-3203,WC-2018,M-2018-24,T-09,1,0,P-87008,T-09,90'+7',"second half, stoppage time",0,0
G-3204,WC-2018,M-2018-25,T-50,1,0,P-19591,T-50,49',second half,0,0
G-3205,WC-2018,M-2018-25,T-50,1,0,P-19591,T-50,75',second half,0,0
G-3206,WC-2018,M-2018-26,T-66,1,0,P-85696,T-66,5',first half,0,0
G-3207,WC-2018,M-2018-26,T-75,0,1,P-77224,T-75,52',second half,0,0
G-3208,WC-2018,M-2018-26,T-75,0,1,P-39460,T-75,90',second half,0,0
G-3209,WC-2018,M-2018-27,T-06,1,0,P-72011,T-06,6',first half,0,1
G-3210,WC-2018,M-2018-27,T-06,1,0,P-72637,T-06,16',first half,0,0
G-3211,WC-2018,M-2018-27,T-79,0,1,P-11879,T-79,18',first half,0,0
G-3212,WC-2018,M-2018-27,T-06,1,0,P-72637,T-06,45'+3',"first half, stoppage time",0,0
G-3213,WC-2018,M-2018-27,T-06,1,0,P-72011,T-06,51',second half,0,0
G-3214,WC-2018,M-2018-27,T-06,1,0,P-13975,T-06,90',second half,0,0
G-3215,WC-2018,M-2018-27,T-79,0,1,P-42223,T-79,90'+3',"second half, stoppage time",0,0
G-3216,WC-2018,M-2018-28,T-46,0,1,P-68042,T-46,26',first half,0,1
G-3217,WC-2018,M-2018-28,T-46,0,1,P-36515,T-46,66',second half,0,0
G-3218,WC-2018,M-2018-28,T-71,1,0,P-77335,T-71,90'+3',"second half, stoppage time",0,0
G-3219,WC-2018,M-2018-29,T-74,0,1,P-10221,T-74,32',first half,0,0
G-3220,WC-2018,M-2018-29,T-31,1,0,P-94447,T-31,48',second half,0,0
G-3221,WC-2018,M-2018-29,T-31,1,0,P-39356,T-31,90'+5',"second half, stoppage time",0,0
G-3222,WC-2018,M-2018-30,T-28,1,0,P-92628,T-28,8',first half,0,0
G-3223,WC-2018,M-2018-30,T-28,1,0,P-58924,T-28,22',first half,0,1
G-3224,WC-2018,M-2018-30,T-28,1,0,P-63620,T-28,36',first half,0,0
G-3225,WC-2018,M-2018-30,T-28,1,0,P-92628,T-28,40',first half,0,0
G-3226,WC-2018,M-2018-30,T-28,1,0,P-58924,T-28,45'+1',"first half, stoppage time",0,1
G-3227,WC-2018,M-2018-30,T-28,1,0,P-58924,T-28,62',second half,0,0
G-3228,WC-2018,M-2018-30,T-54,0,1,P-76368,T-54,78',second half,0,0
G-3229,WC-2018,M-2018-31,T-65,0,1,P-79299,T-65,11',first half,0,0
G-3230,WC-2018,M-2018-31,T-44,1,0,P-89984,T-44,34',first half,0,0
G-3231,WC-2018,M-2018-31,T-65,0,1,P-57411,T-65,71',second half,0,0
G-3232,WC-2018,M-2018-31,T-44,1,0,P-33175,T-44,78',second half,0,0
G-3233,WC-2018,M-2018-32,T-16,0,1,P-43196,T-16,40',first half,0,0
G-3234,WC-2018,M-2018-32,T-16,0,1,P-74655,T-16,70',second half,0,0
G-3235,WC-2018,M-2018-32,T-16,0,1,P-83216,T-16,75',second half,0,0
G-3236,WC-2018,M-2018-33,T-26,0,1,P-75890,T-26,22',first half,0,0
G-3237,WC-2018,M-2018-33,T-63,1,0,P-93688,T-63,45'+6',"first half, stoppage time",0,1
G-3238,WC-2018,M-2018-33,T-63,1,0,P-70583,T-63,90'+5',"second half, stoppage time",0,0
G-3239,WC-2018,M-2018-34,T-84,1,0,P-30486,T-84,10',first half,0,0
G-3240,WC-2018,M-2018-34,T-84,1,0,P-43675,T-62,23',first half,1,0
G-3241,WC-2018,M-2018-34,T-84,1,0,P-59138,T-84,90',second half,0,0
G-3242,WC-2018,M-2018-35,T-47,0,1,P-15199,T-47,14',first half,0,0
G-3243,WC-2018,M-2018-35,T-73,1,0,P-52418,T-73,19',first half,0,0
G-3244,WC-2018,M-2018-35,T-47,0,1,P-42517,T-47,81',second half,0,0
G-3245,WC-2018,M-2018-35,T-73,1,0,P-60554,T-73,90'+1',"second half, stoppage time",0,0
G-3246,WC-2018,M-2018-36,T-58,0,1,P-95670,T-58,45',first half,0,0
G-3247,WC-2018,M-2018-36,T-38,1,0,P-53957,T-38,90'+3',"second half, stoppage time",0,1
G-3248,WC-2018,M-2018-37,T-56,0,1,P-39610,T-56,18',first half,0,0
G-3249,WC-2018,M-2018-37,T-56,0,1,P-29117,T-56,50',second half,0,0
G-3250,WC-2018,M-2018-39,T-18,0,1,P-77789,T-18,53',second half,0,0
G-3251,WC-2018,M-2018-39,T-37,1,0,P-83367,T-37,76',second half,0,1
G-3252,WC-2018,M-2018-39,T-18,0,1,P-93884,T-18,90',second half,0,0
G-3253,WC-2018,M-2018-40,T-03,0,1,P-14758,T-03,14',first half,0,0
G-3254,WC-2018,M-2018-40,T-50,1,0,P-26900,T-50,51',second half,0,1
G-3255,WC-2018,M-2018-40,T-03,0,1,P-18222,T-03,86',second half,0,0
G-3256,WC-2018,M-2018-41,T-71,1,0,P-07259,T-71,90'+2',"second half, stoppage time",0,0
G-3257,WC-2018,M-2018-41,T-71,1,0,P-77335,T-71,90'+6',"second half, stoppage time",0,0
G-3258,WC-2018,M-2018-42,T-74,0,1,P-30993,T-74,50',second half,0,0
G-3259,WC-2018,M-2018-42,T-74,0,1,P-34998,T-74,62',second half,0,1
G-3260,WC-2018,M-2018-42,T-74,0,1,P-26546,T-46,74',second half,1,0
G-3261,WC-2018,M-2018-43,T-09,0,1,P-54013,T-09,36',first half,0,0
G-3262,WC-2018,M-2018-43,T-09,0,1,P-32798,T-09,68',second half,0,0
G-3263,WC-2018,M-2018-44,T-75,1,0,P-35818,T-75,31',first half,0,0
G-3264,WC-2018,M-2018-44,T-17,0,1,P-37984,T-17,56',second half,0,0
G-3265,WC-2018,M-2018-44,T-75,1,0,P-07453,T-75,88',second half,0,0
G-3266,WC-2018,M-2018-44,T-17,0,1,P-63312,T-75,90'+3',"second half, stoppage time",1,0
G-3267,WC-2018,M-2018-45,T-57,0,1,P-10172,T-57,59',second half,0,0
G-3268,WC-2018,M-2018-46,T-16,0,1,P-43196,T-16,74',second half,0,0
G-3269,WC-2018,M-2018-47,T-06,0,1,P-15896,T-06,51',second half,0,0
G-3270,WC-2018,M-2018-48,T-54,1,0,P-81706,T-79,33',first half,1,0
G-3271,WC-2018,M-2018-48,T-79,0,1,P-94563,T-79,51',second half,0,0
G-3272,WC-2018,M-2018-48,T-79,0,1,P-42223,T-79,66',second half,0,0
G-3273,WC-2018,M-2018-49,T-30,1,0,P-90908,T-30,13',first half,0,1
G-3274,WC-2018,M-2018-49,T-03,0,1,P-42113,T-03,41',first half,0,0
G-3275,WC-2018,M-2018-49,T-03,0,1,P-32508,T-03,48',second half,0,0
G-3276,WC-2018,M-2018-49,T-30,1,0,P-60652,T-30,57',second half,0,0
G-3277,WC-2018,M-2018-49,T-30,1,0,P-64077,T-30,64',second half,0,0
G-3278,WC-2018,M-2018-49,T-30,1,0,P-64077,T-30,68',second half,0,0
G-3279,WC-2018,M-2018-49,T-03,0,1,P-36870,T-03,90'+3',"second half, stoppage time",0,0
G-3280,WC-2018,M-2018-50,T-84,1,0,P-59138,T-84,7',first half,0,0
G-3281,WC-2018,M-2018-50,T-58,0,1,P-81972,T-58,55',second half,0,0
G-3282,WC-2018,M-2018-50,T-84,1,0,P-59138,T-84,62',second half,0,0
G-3283,WC-2018,M-2018-51,T-73,1,0,P-79763,T-62,12',first half,1,0
G-3284,WC-2018,M-2018-51,T-62,0,1,P-37840,T-62,41',first half,0,1
G-3285,WC-2018,M-2018-52,T-22,0,1,P-61976,T-22,1',first half,0,0
G-3286,WC-2018,M-2018-52,T-18,1,0,P-25745,T-18,4',first half,0,0
G-3287,WC-2018,M-2018-53,T-09,1,0,P-87008,T-09,51',second half,0,0
G-3288,WC-2018,M-2018-53,T-09,1,0,P-37877,T-09,88',second half,0,0
G-3289,WC-2018,M-2018-54,T-44,0,1,P-54138,T-44,48',second half,0,0
G-3290,WC-2018,M-2018-54,T-44,0,1,P-89984,T-44,52',second half,0,0
G-3291,WC-2018,M-2018-54,T-06,1,0,P-64049,T-06,69',second half,0,0
G-3292,WC-2018,M-2018-54,T-06,1,0,P-63363,T-06,74',second half,0,0
G-3293,WC-2018,M-2018-54,T-06,1,0,P-69919,T-06,90'+4',"second half, stoppage time",0,0
G-3294,WC-2018,M-2018-55,T-74,1,0,P-04686,T-74,66',second half,0,0
G-3295,WC-2018,M-2018-56,T-28,0,1,P-58924,T-28,57',second half,0,1
G-3296,WC-2018,M-2018-56,T-16,1,0,P-43196,T-16,90'+3',"second half, stoppage time",0,0
G-3297,WC-2018,M-2018-57,T-30,0,1,P-42326,T-30,40',first half,0,0
G-3298,WC-2018,M-2018-57,T-30,0,1,P-90908,T-30,61',second half,0,0
G-3299,WC-2018,M-2018-58,T-06,0,1,P-41758,T-09,13',first half,1,0
G-3300,WC-2018,M-2018-58,T-06,0,1,P-48955,T-06,31',first half,0,0
G-3301,WC-2018,M-2018-58,T-09,1,0,P-49997,T-09,76',second half,0,0
G-3302,WC-2018,M-2018-59,T-28,0,1,P-02465,T-28,30',first half,0,0
G-3303,WC-2018,M-2018-59,T-28,0,1,P-83363,T-28,59',second half,0,0
G-3304,WC-2018,M-2018-60,T-62,1,0,P-43675,T-62,31',first half,0,0
G-3305,WC-2018,M-2018-60,T-18,0,1,P-65182,T-18,39',first half,0,0
G-3306,WC-2018,M-2018-60,T-18,0,1,P-91294,T-18,101',"extra time, first half",0,0
G-3307,WC-2018,M-2018-60,T-62,1,0,P-17872,T-62,115',"extra time, second half",0,0
G-3308,WC-2018,M-2018-61,T-30,1,0,P-67297,T-30,51',second half,0,0
G-3309,WC-2018,M-2018-62,T-28,0,1,P-25937,T-28,5',first half,0,0
G-3310,WC-2018,M-2018-62,T-18,1,0,P-93884,T-18,68',second half,0,0
G-3311,WC-2018,M-2018-62,T-18,1,0,P-25745,T-18,109',"extra time, second half",0,0
G-3312,WC-2018,M-2018-63,T-06,1,0,P-22930,T-06,4',first half,0,0
G-3313,WC-2018,M-2018-63,T-06,1,0,P-72011,T-06,82',second half,0,0
G-3314,WC-2018,M-2018-64,T-30,1,0,P-25745,T-18,18',first half,1,0
G-3315,WC-2018,M-2018-64,T-18,0,1,P-93884,T-18,28',first half,0,0
G-3316,WC-2018,M-2018-64,T-30,1,0,P-90908,T-30,38',first half,0,1
G-3317,WC-2018,M-2018-64,T-30,1,0,P-17509,T-30,59',second half,0,0
G-3318,WC-2018,M-2018-64,T-30,1,0,P-64077,T-30,65',second half,0,0
G-3319,WC-2018,M-2018-64,T-18,0,1,P-25745,T-18,69',second half,0,0
G-3320,WC-2019,M-2019-01,T-30,1,0,P-70239,T-30,9',first half,0,0
G-3321,WC-2019,M-2019-01,T-30,1,0,P-32017,T-30,35',first half,0,0
G-3322,WC-2019,M-2019-01,T-30,1,0,P-32017,T-30,45'+2',"first half, stoppage time",0,0
G-3323,WC-2019,M-2019-01,T-30,1,0,P-64050,T-30,85',second half,0,0
G-3324,WC-2019,M-2019-02,T-31,1,0,P-91637,T-31,66',second half,0,0
G-3325,WC-2019,M-2019-03,T-70,0,1,P-46109,T-70,25',first half,0,0
G-3326,WC-2019,M-2019-03,T-73,1,0,P-90837,T-73,69' (penalty.),second half,0,1
G-3327,WC-2019,M-2019-03,T-73,1,0,P-90837,T-73,82' (penalty.),second half,0,1
G-3328,WC-2019,M-2019-03,T-73,1,0,P-22924,T-73,89',second half,0,0
G-3329,WC-2019,M-2019-04,T-53,1,0,P-77652,T-53,17',first half,0,0
G-3330,WC-2019,M-2019-04,T-53,1,0,P-67898,T-53,34',first half,0,0
G-3331,WC-2019,M-2019-04,T-53,1,0,P-23374,T-50,37',first half,1,0
G-3332,WC-2019,M-2019-05,T-04,1,0,P-76435,T-04,22',first half,0,0
G-3333,WC-2019,M-2019-05,T-41,0,1,P-47343,T-41,56',second half,0,0
G-3334,WC-2019,M-2019-05,T-41,0,1,P-47343,T-41,90'+5',"second half, stoppage time",0,0
G-3335,WC-2019,M-2019-06,T-09,1,0,P-93057,T-09,15',first half,0,0
G-3336,WC-2019,M-2019-06,T-09,1,0,P-93057,T-09,50',second half,0,0
G-3337,WC-2019,M-2019-06,T-09,1,0,P-93057,T-09,64',second half,0,0
G-3338,WC-2019,M-2019-07,T-28,1,0,P-62542,T-28,14',first half,0,1
G-3339,WC-2019,M-2019-07,T-28,1,0,P-84864,T-28,40',first half,0,0
G-3340,WC-2019,M-2019-07,T-64,0,1,P-91406,T-64,79',second half,0,0
G-3341,WC-2019,M-2019-09,T-12,1,0,P-60142,T-12,45',first half,0,0
G-3342,WC-2019,M-2019-10,T-48,0,1,P-52476,T-48,90'+2',"second half, stoppage time",0,0
G-3343,WC-2019,M-2019-11,T-74,0,1,P-90086,T-74,83',second half,0,0
G-3344,WC-2019,M-2019-11,T-74,0,1,P-93553,T-74,90'+4',"second half, stoppage time",0,0
G-3345,WC-2019,M-2019-12,T-83,1,0,P-37034,T-83,12',first half,0,0
G-3346,WC-2019,M-2019-12,T-83,1,0,P-65982,T-83,20',first half,0,0
G-3347,WC-2019,M-2019-12,T-83,1,0,P-46428,T-83,32',first half,0,0
G-3348,WC-2019,M-2019-12,T-83,1,0,P-59472,T-83,50',second half,0,0
G-3349,WC-2019,M-2019-12,T-83,1,0,P-37034,T-83,53',second half,0,0
G-3350,WC-2019,M-2019-12,T-83,1,0,P-59472,T-83,54',second half,0,0
G-3351,WC-2019,M-2019-12,T-83,1,0,P-65982,T-83,56',second half,0,0
G-3352,WC-2019,M-2019-12,T-83,1,0,P-37034,T-83,74',second half,0,0
G-3353,WC-2019,M-2019-12,T-83,1,0,P-09273,T-83,79',second half,0,0
G-3354,WC-2019,M-2019-12,T-83,1,0,P-37034,T-83,81',second half,0,0
G-3355,WC-2019,M-2019-12,T-83,1,0,P-06125,T-83,85',second half,0,0
G-3356,WC-2019,M-2019-12,T-83,1,0,P-37034,T-83,87',second half,0,0
G-3357,WC-2019,M-2019-12,T-83,1,0,P-62104,T-83,90'+2',"second half, stoppage time",0,0
G-3358,WC-2019,M-2019-13,T-50,1,0,P-11539,T-71,29',first half,1,0
G-3359,WC-2019,M-2019-13,T-50,1,0,P-59598,T-50,75',second half,0,0
G-3360,WC-2019,M-2019-14,T-31,1,0,P-29896,T-31,42',first half,0,0
G-3361,WC-2019,M-2019-15,T-30,1,0,P-44380,T-30,46',second half,0,0
G-3362,WC-2019,M-2019-15,T-53,0,1,P-32017,T-30,54',second half,1,0
G-3363,WC-2019,M-2019-15,T-30,1,0,P-70239,T-30,72',second half,0,1
G-3364,WC-2019,M-2019-16,T-09,0,1,P-07458,T-09,27',first half,0,1
G-3365,WC-2019,M-2019-16,T-09,0,1,P-93057,T-09,38',first half,0,0
G-3366,WC-2019,M-2019-16,T-04,1,0,P-87785,T-04,45'+1',"first half, stoppage time",0,0
G-3367,WC-2019,M-2019-16,T-04,1,0,P-36494,T-04,58',second half,0,0
G-3368,WC-2019,M-2019-16,T-04,1,0,P-83758,T-09,66',second half,1,0
G-3369,WC-2019,M-2019-17,T-14,0,1,P-33435,T-14,40',first half,0,0
G-3370,WC-2019,M-2019-18,T-44,1,0,P-26643,T-44,23',first half,0,0
G-3371,WC-2019,M-2019-18,T-44,1,0,P-34571,T-44,37',first half,0,1
G-3372,WC-2019,M-2019-18,T-64,0,1,P-90678,T-64,88',second half,0,0
G-3373,WC-2019,M-2019-19,T-41,0,1,P-49416,T-41,12',first half,0,1
G-3374,WC-2019,M-2019-19,T-41,0,1,P-49416,T-41,25',first half,0,0
G-3375,WC-2019,M-2019-19,T-41,0,1,P-49416,T-41,46',second half,0,0
G-3376,WC-2019,M-2019-19,T-41,0,1,P-33581,T-41,71',second half,0,0
G-3377,WC-2019,M-2019-19,T-41,0,1,P-33581,T-41,81',second half,0,0
G-3378,WC-2019,M-2019-20,T-28,1,0,P-57382,T-28,62',second half,0,0
G-3379,WC-2019,M-2019-21,T-48,1,0,P-69967,T-48,41',first half,0,0
G-3380,WC-2019,M-2019-21,T-11,0,1,P-24905,T-11,43',first half,0,0
G-3381,WC-2019,M-2019-21,T-48,1,0,P-94893,T-48,48',second half,0,0
G-3382,WC-2019,M-2019-21,T-48,1,0,P-69967,T-48,85',second half,0,0
G-3383,WC-2019,M-2019-22,T-12,1,0,P-03895,T-12,48',second half,0,0
G-3384,WC-2019,M-2019-22,T-12,1,0,P-26193,T-12,79',second half,0,0
G-3385,WC-2019,M-2019-23,T-74,1,0,P-10056,T-74,6',first half,0,0
G-3386,WC-2019,M-2019-23,T-74,1,0,P-90086,T-74,19',first half,0,0
G-3387,WC-2019,M-2019-23,T-74,1,0,P-99138,T-74,42',first half,0,0
G-3388,WC-2019,M-2019-23,T-74,1,0,P-48545,T-74,81',second half,0,0
G-3389,WC-2019,M-2019-23,T-76,0,1,P-88523,T-76,90'+1',"second half, stoppage time",0,0
G-3390,WC-2019,M-2019-23,T-74,1,0,P-76903,T-74,90'+6',"second half, stoppage time",0,1
G-3391,WC-2019,M-2019-24,T-83,1,0,P-62104,T-83,11',first half,0,0
G-3392,WC-2019,M-2019-24,T-83,1,0,P-65433,T-83,26',first half,0,0
G-3393,WC-2019,M-2019-24,T-83,1,0,P-62104,T-83,35',first half,0,0
G-3394,WC-2019,M-2019-26,T-31,0,1,P-17418,T-31,14',first half,0,0
G-3395,WC-2019,M-2019-26,T-31,0,1,P-29896,T-31,29',first half,0,0
G-3396,WC-2019,M-2019-26,T-31,0,1,P-80216,T-31,40',first half,0,0
G-3397,WC-2019,M-2019-26,T-31,0,1,P-83353,T-31,58',second half,0,0
G-3398,WC-2019,M-2019-27,T-30,0,1,P-32017,T-30,79',second half,0,1
G-3399,WC-2019,M-2019-28,T-53,0,1,P-22811,T-53,5' (penalty.),first half,0,1
G-3400,WC-2019,M-2019-28,T-53,0,1,P-09212,T-53,51' (penalty.),second half,0,1
G-3401,WC-2019,M-2019-28,T-71,1,0,P-56762,T-71,78',second half,0,0
G-3402,WC-2019,M-2019-29,T-09,0,1,P-07458,T-09,74',second half,0,1
G-3403,WC-2019,M-2019-30,T-04,0,1,P-76435,T-04,11',first half,0,0
G-3404,WC-2019,M-2019-30,T-04,0,1,P-76435,T-04,42',first half,0,0
G-3405,WC-2019,M-2019-30,T-43,1,0,P-24113,T-43,49',second half,0,0
G-3406,WC-2019,M-2019-30,T-04,0,1,P-76435,T-04,69',second half,0,0
G-3407,WC-2019,M-2019-30,T-04,0,1,P-76435,T-04,83',second half,0,0
G-3408,WC-2019,M-2019-31,T-28,0,1,P-84864,T-28,14',first half,0,0
G-3409,WC-2019,M-2019-31,T-28,0,1,P-84864,T-28,84',second half,0,0
G-3410,WC-2019,M-2019-32,T-64,1,0,P-07522,T-64,19',first half,0,0
G-3411,WC-2019,M-2019-32,T-64,1,0,P-86688,T-64,49',second half,0,0
G-3412,WC-2019,M-2019-32,T-64,1,0,P-39315,T-64,69',second half,0,0
G-3413,WC-2019,M-2019-32,T-03,0,1,P-38768,T-03,74',second half,0,0
G-3414,WC-2019,M-2019-32,T-03,0,1,P-76817,T-64,79',second half,1,0
G-3415,WC-2019,M-2019-32,T-03,0,1,P-15565,T-03,90'+4',"second half, stoppage time",0,1
G-3416,WC-2019,M-2019-33,T-11,1,0,P-69986,T-11,57',second half,0,0
G-3417,WC-2019,M-2019-33,T-49,0,1,P-59141,T-11,80',second half,1,0
G-3418,WC-2019,M-2019-33,T-11,1,0,P-69986,T-11,90'+5',"second half, stoppage time",0,0
G-3419,WC-2019,M-2019-34,T-48,1,0,P-53833,T-48,54',second half,0,0
G-3420,WC-2019,M-2019-34,T-12,0,1,P-97813,T-12,60',second half,0,0
G-3421,WC-2019,M-2019-34,T-48,1,0,P-82354,T-48,75',second half,0,0
G-3422,WC-2019,M-2019-35,T-83,0,1,P-46428,T-83,3',first half,0,0
G-3423,WC-2019,M-2019-35,T-83,0,1,P-07053,T-74,50',second half,1,0
G-3424,WC-2019,M-2019-36,T-13,0,1,P-87745,T-76,48',second half,1,0
G-3425,WC-2019,M-2019-36,T-13,0,1,P-93835,T-13,80',second half,0,0
G-3426,WC-2019,M-2019-37,T-31,1,0,P-80216,T-31,20',first half,0,0
G-3427,WC-2019,M-2019-37,T-31,1,0,P-29896,T-31,27',first half,0,1
G-3428,WC-2019,M-2019-37,T-31,1,0,P-25269,T-31,82',second half,0,0
G-3429,WC-2019,M-2019-38,T-53,1,0,P-09212,T-53,31',first half,0,0
G-3430,WC-2019,M-2019-38,T-04,0,1,P-81723,T-04,83',second half,0,0
G-3431,WC-2019,M-2019-39,T-28,1,0,P-30706,T-28,14',first half,0,0
G-3432,WC-2019,M-2019-39,T-28,1,0,P-84864,T-28,45'+4',"first half, stoppage time",0,0
G-3433,WC-2019,M-2019-39,T-28,1,0,P-38788,T-28,58',second half,0,0
G-3434,WC-2019,M-2019-40,T-30,1,0,P-44380,T-30,52',second half,0,0
G-3435,WC-2019,M-2019-40,T-09,0,1,P-62964,T-09,63',second half,0,0
G-3436,WC-2019,M-2019-40,T-30,1,0,P-64050,T-30,107',"extra time, second half",0,0
G-3437,WC-2019,M-2019-41,T-83,0,1,P-09273,T-83,7',first half,0,1
G-3438,WC-2019,M-2019-41,T-73,1,0,P-90837,T-73,9',first half,0,0
G-3439,WC-2019,M-2019-41,T-83,0,1,P-09273,T-83,75',second half,0,1
G-3440,WC-2019,M-2019-42,T-74,1,0,P-62190,T-74,55',second half,0,0
G-3441,WC-2019,M-2019-43,T-41,1,0,P-21343,T-41,15',first half,0,0
G-3442,WC-2019,M-2019-43,T-41,1,0,P-33581,T-41,49',second half,0,0
G-3443,WC-2019,M-2019-44,T-48,1,0,P-00336,T-48,17',first half,0,0
G-3444,WC-2019,M-2019-44,T-44,0,1,P-12315,T-44,43',first half,0,0
G-3445,WC-2019,M-2019-44,T-48,1,0,P-00336,T-48,90',second half,0,1
G-3446,WC-2019,M-2019-45,T-28,0,1,P-41187,T-28,3',first half,0,0
G-3447,WC-2019,M-2019-45,T-28,0,1,P-84864,T-28,40',first half,0,0
G-3448,WC-2019,M-2019-45,T-28,0,1,P-23779,T-28,57',second half,0,0
G-3449,WC-2019,M-2019-46,T-83,0,1,P-09273,T-83,5',first half,0,0
G-3450,WC-2019,M-2019-46,T-83,0,1,P-09273,T-83,65',second half,0,0
G-3451,WC-2019,M-2019-46,T-30,1,0,P-32017,T-30,81',second half,0,0
G-3452,WC-2019,M-2019-47,T-48,0,1,P-69967,T-48,70',second half,0,0
G-3453,WC-2019,M-2019-47,T-48,0,1,P-13594,T-48,80',second half,0,0
G-3454,WC-2019,M-2019-48,T-31,1,0,P-83353,T-31,16',first half,0,0
G-3455,WC-2019,M-2019-48,T-74,0,1,P-27729,T-74,22',first half,0,0
G-3456,WC-2019,M-2019-48,T-74,0,1,P-62190,T-74,48',second half,0,0
G-3457,WC-2019,M-2019-49,T-83,0,1,P-79931,T-83,10',first half,0,0
G-3458,WC-2019,M-2019-49,T-28,1,0,P-84864,T-28,19',first half,0,0
G-3459,WC-2019,M-2019-49,T-83,0,1,P-37034,T-83,31',first half,0,0
G-3460,WC-2019,M-2019-50,T-48,1,0,P-96101,T-48,99',"extra time, first half",0,0
G-3461,WC-2019,M-2019-51,T-74,0,1,P-90086,T-74,11',first half,0,0
G-3462,WC-2019,M-2019-51,T-74,0,1,P-27729,T-74,22',first half,0,0
G-3463,WC-2019,M-2019-51,T-28,1,0,P-61922,T-28,31',first half,0,0
G-3464,WC-2019,M-2019-52,T-83,1,0,P-09273,T-83,61',second half,0,1
G-3465,WC-2019,M-2019-52,T-83,1,0,P-65982,T-83,69',second half,0,0
G-3466,WC-2022,M-2022-01,T-25,0,1,P-75912,T-25,16',first half,0,1
G-3467,WC-2022,M-2022-01,T-25,0,1,P-75912,T-25,31',first half,0,0
G-3468,WC-2022,M-2022-02,T-28,1,0,P-15674,T-28,35',first half,0,0
G-3469,WC-2022,M-2022-02,T-28,1,0,P-76842,T-28,43',first half,0,0
G-3470,WC-2022,M-2022-02,T-28,1,0,P-21553,T-28,45'+1',"first half, stoppage time",0,0
G-3471,WC-2022,M-2022-02,T-28,1,0,P-76842,T-28,62',second half,0,0
G-3472,WC-2022,M-2022-02,T-38,0,1,P-85860,T-38,65',second half,0,0
G-3473,WC-2022,M-2022-02,T-28,1,0,P-59837,T-28,71',second half,0,0
G-3474,WC-2022,M-2022-02,T-28,1,0,P-21153,T-28,90',second half,0,0
G-3475,WC-2022,M-2022-02,T-38,0,1,P-85860,T-38,90'+13',"second half, stoppage time",0,1
G-3476,WC-2022,M-2022-03,T-48,0,1,P-28911,T-48,84',second half,0,0
G-3477,WC-2022,M-2022-03,T-48,0,1,P-42078,T-48,90'+9',"second half, stoppage time",0,0
G-3478,WC-2022,M-2022-04,T-83,1,0,P-30252,T-83,36',first half,0,0
G-3479,WC-2022,M-2022-04,T-85,0,1,P-63927,T-85,82',second half,0,1
G-3480,WC-2022,M-2022-05,T-03,1,0,P-14758,T-03,10',first half,0,1
G-3481,WC-2022,M-2022-05,T-63,0,1,P-37308,T-63,48',second half,0,0
G-3482,WC-2022,M-2022-05,T-63,0,1,P-70583,T-63,53',second half,0,0
G-3483,WC-2022,M-2022-08,T-04,0,1,P-82010,T-04,9',first half,0,0
G-3484,WC-2022,M-2022-08,T-30,1,0,P-57401,T-30,27',first half,0,0
G-3485,WC-2022,M-2022-08,T-30,1,0,P-89750,T-30,32',first half,0,0
G-3486,WC-2022,M-2022-08,T-30,1,0,P-64077,T-30,68',second half,0,0
G-3487,WC-2022,M-2022-08,T-30,1,0,P-89750,T-30,71',second half,0,0
G-3488,WC-2022,M-2022-10,T-31,1,0,P-08896,T-31,33',first half,0,1
G-3489,WC-2022,M-2022-10,T-44,0,1,P-58907,T-44,75',second half,0,0
G-3490,WC-2022,M-2022-10,T-44,0,1,P-46913,T-44,83',second half,0,0
G-3491,WC-2022,M-2022-11,T-73,1,0,P-40007,T-73,11',first half,0,0
G-3492,WC-2022,M-2022-11,T-73,1,0,P-09400,T-73,21',first half,0,0
G-3493,WC-2022,M-2022-11,T-73,1,0,P-31301,T-73,31',first half,0,1
G-3494,WC-2022,M-2022-11,T-73,1,0,P-31301,T-73,54',second half,0,0
G-3495,WC-2022,M-2022-11,T-73,1,0,P-88433,T-73,74',second half,0,0
G-3496,WC-2022,M-2022-11,T-73,1,0,P-30405,T-73,90',second half,0,0
G-3497,WC-2022,M-2022-11,T-73,1,0,P-29274,T-73,90'+2',"second half, stoppage time",0,0
G-3498,WC-2022,M-2022-12,T-06,1,0,P-13975,T-06,44',first half,0,0
G-3499,WC-2022,M-2022-13,T-75,1,0,P-19075,T-75,48',second half,0,0
G-3500,WC-2022,M-2022-15,T-58,1,0,P-70442,T-58,65',second half,0,1
G-3501,WC-2022,M-2022-15,T-32,0,1,P-01945,T-32,73',second half,0,0
G-3502,WC-2022,M-2022-15,T-58,1,0,P-17931,T-58,78',second half,0,0
G-3503,WC-2022,M-2022-15,T-58,1,0,P-27349,T-58,80',second half,0,0
G-3504,WC-2022,M-2022-15,T-32,0,1,P-72363,T-32,89',second half,0,0
G-3505,WC-2022,M-2022-16,T-09,1,0,P-68016,T-09,62',second half,0,0
G-3506,WC-2022,M-2022-16,T-09,1,0,P-68016,T-09,73',second half,0,0
G-3507,WC-2022,M-2022-17,T-38,0,1,P-98747,T-38,90'+8',"second half, stoppage time",0,0
G-3508,WC-2022,M-2022-17,T-38,0,1,P-47137,T-38,90'+11',"second half, stoppage time",0,0
G-3509,WC-2022,M-2022-18,T-65,0,1,P-33622,T-65,41',first half,0,0
G-3510,WC-2022,M-2022-18,T-65,0,1,P-27280,T-65,48',second half,0,0
G-3511,WC-2022,M-2022-18,T-59,1,0,P-17048,T-59,78',second half,0,0
G-3512,WC-2022,M-2022-18,T-65,0,1,P-88928,T-65,84',second half,0,0
G-3513,WC-2022,M-2022-19,T-48,1,0,P-28911,T-48,6',first half,0,0
G-3514,WC-2022,M-2022-19,T-25,0,1,P-75912,T-25,49',second half,0,0
G-3515,WC-2022,M-2022-21,T-04,0,1,P-91029,T-04,23',first half,0,0
G-3516,WC-2022,M-2022-22,T-57,1,0,P-32165,T-57,39',first half,0,0
G-3517,WC-2022,M-2022-22,T-57,1,0,P-00549,T-57,82',second half,0,0
G-3518,WC-2022,M-2022-23,T-30,1,0,P-64077,T-30,61',second half,0,0
G-3519,WC-2022,M-2022-23,T-22,0,1,P-18923,T-22,68',second half,0,0
G-3520,WC-2022,M-2022-23,T-30,1,0,P-64077,T-30,86',second half,0,0
G-3521,WC-2022,M-2022-24,T-03,1,0,P-14758,T-03,64',second half,0,0
G-3522,WC-2022,M-2022-24,T-03,1,0,P-10739,T-03,87',second half,0,0
G-3523,WC-2022,M-2022-25,T-17,0,1,P-80986,T-17,81',second half,0,0
G-3524,WC-2022,M-2022-26,T-47,0,1,P-26068,T-47,73',second half,0,0
G-3525,WC-2022,M-2022-26,T-47,0,1,P-48295,T-47,90'+2',"second half, stoppage time",0,0
G-3526,WC-2022,M-2022-27,T-12,0,1,P-46358,T-12,2',first half,0,0
G-3527,WC-2022,M-2022-27,T-18,1,0,P-65182,T-18,36',first half,0,0
G-3528,WC-2022,M-2022-27,T-18,1,0,P-31643,T-18,44',first half,0,0
G-3529,WC-2022,M-2022-27,T-18,1,0,P-65182,T-18,70',second half,0,0
G-3530,WC-2022,M-2022-27,T-18,1,0,P-64353,T-18,90'+4',"second half, stoppage time",0,0
G-3531,WC-2022,M-2022-28,T-73,1,0,P-29274,T-73,62',second half,0,0
G-3532,WC-2022,M-2022-28,T-31,0,1,P-46246,T-31,83',second half,0,0
G-3533,WC-2022,M-2022-29,T-11,1,0,P-59303,T-11,29',first half,0,0
G-3534,WC-2022,M-2022-29,T-66,0,1,P-98435,T-66,45'+1',"first half, stoppage time",0,0
G-3535,WC-2022,M-2022-29,T-66,0,1,P-27744,T-66,45'+3',"first half, stoppage time",0,0
G-3536,WC-2022,M-2022-29,T-66,0,1,P-85696,T-66,53',second half,0,0
G-3537,WC-2022,M-2022-29,T-11,1,0,P-53452,T-11,63',second half,0,0
G-3538,WC-2022,M-2022-29,T-11,1,0,P-06117,T-11,66',second half,0,0
G-3539,WC-2022,M-2022-30,T-32,0,1,P-50142,T-32,24',first half,0,0
G-3540,WC-2022,M-2022-30,T-32,0,1,P-23821,T-32,34',first half,0,0
G-3541,WC-2022,M-2022-30,T-71,1,0,P-87169,T-71,58',second half,0,0
G-3542,WC-2022,M-2022-30,T-71,1,0,P-87169,T-71,61',second half,0,0
G-3543,WC-2022,M-2022-30,T-32,0,1,P-23821,T-32,68',second half,0,0
G-3544,WC-2022,M-2022-31,T-09,1,0,P-02305,T-09,83',second half,0,0
G-3545,WC-2022,M-2022-32,T-58,1,0,P-39584,T-58,54',second half,0,0
G-3546,WC-2022,M-2022-32,T-58,1,0,P-39584,T-58,90'+3',"second half, stoppage time",0,1
G-3547,WC-2022,M-2022-33,T-65,0,1,P-37935,T-65,44',first half,0,1
G-3548,WC-2022,M-2022-33,T-25,1,0,P-82216,T-25,67',second half,0,0
G-3549,WC-2022,M-2022-33,T-65,0,1,P-47321,T-65,70',second half,0,0
G-3550,WC-2022,M-2022-34,T-48,1,0,P-28911,T-48,26',first half,0,0
G-3551,WC-2022,M-2022-34,T-48,1,0,P-17688,T-48,49',second half,0,0
G-3552,WC-2022,M-2022-35,T-83,0,1,P-11737,T-83,38',first half,0,0
G-3553,WC-2022,M-2022-36,T-28,0,1,P-59837,T-28,50',second half,0,0
G-3554,WC-2022,M-2022-36,T-28,0,1,P-10501,T-28,51',second half,0,0
G-3555,WC-2022,M-2022-36,T-28,0,1,P-59837,T-28,68',second half,0,0
G-3556,WC-2022,M-2022-37,T-04,1,0,P-35837,T-04,60',second half,0,0
G-3557,WC-2022,M-2022-38,T-79,1,0,P-42223,T-79,58',second half,0,0
G-3558,WC-2022,M-2022-39,T-03,0,1,P-71343,T-03,46',second half,0,0
G-3559,WC-2022,M-2022-39,T-03,0,1,P-19776,T-03,67',second half,0,0
G-3560,WC-2022,M-2022-40,T-46,0,1,P-49482,T-46,47',second half,0,0
G-3561,WC-2022,M-2022-40,T-46,0,1,P-49806,T-46,52',second half,0,0
G-3562,WC-2022,M-2022-40,T-63,1,0,P-70583,T-63,90'+5',"second half, stoppage time",0,0
G-3563,WC-2022,M-2022-41,T-47,0,1,P-70715,T-47,4',first half,0,0
G-3564,WC-2022,M-2022-41,T-47,0,1,P-42517,T-47,23',first half,0,0
G-3565,WC-2022,M-2022-41,T-12,1,0,P-47490,T-47,40',first half,1,0
G-3566,WC-2022,M-2022-43,T-31,0,1,P-75989,T-31,10',first half,0,0
G-3567,WC-2022,M-2022-43,T-17,1,0,P-24978,T-17,58',second half,0,0
G-3568,WC-2022,M-2022-43,T-17,1,0,P-65777,T-17,70',second half,0,0
G-3569,WC-2022,M-2022-43,T-31,0,1,P-77743,T-31,73',second half,0,0
G-3570,WC-2022,M-2022-43,T-31,0,1,P-77743,T-31,85',second half,0,0
G-3571,WC-2022,M-2022-43,T-31,0,1,P-46246,T-31,89',second half,0,0
G-3572,WC-2022,M-2022-44,T-73,0,1,P-29274,T-73,11',first half,0,0
G-3573,WC-2022,M-2022-44,T-44,1,0,P-58907,T-44,48',second half,0,0
G-3574,WC-2022,M-2022-44,T-44,1,0,P-82447,T-44,51',second half,0,0
G-3575,WC-2022,M-2022-45,T-84,0,1,P-62594,T-84,26',first half,0,0
G-3576,WC-2022,M-2022-45,T-84,0,1,P-62594,T-84,32',first half,0,0
G-3577,WC-2022,M-2022-46,T-58,0,1,P-05304,T-58,5',first half,0,0
G-3578,WC-2022,M-2022-46,T-71,1,0,P-07259,T-71,27',first half,0,0
G-3579,WC-2022,M-2022-46,T-71,1,0,P-58692,T-71,90'+1',"second half, stoppage time",0,0
G-3580,WC-2022,M-2022-47,T-11,1,0,P-53452,T-11,90'+2',"second half, stoppage time",0,0
G-3581,WC-2022,M-2022-48,T-75,0,1,P-39460,T-75,20',first half,0,0
G-3582,WC-2022,M-2022-48,T-66,1,0,P-85696,T-66,26',first half,0,0
G-3583,WC-2022,M-2022-48,T-66,1,0,P-63293,T-66,35',first half,0,0
G-3584,WC-2022,M-2022-48,T-75,0,1,P-19075,T-75,44',first half,0,0
G-3585,WC-2022,M-2022-48,T-75,0,1,P-68060,T-75,48',second half,0,0
G-3586,WC-2022,M-2022-49,T-48,1,0,P-27540,T-48,10',first half,0,0
G-3587,WC-2022,M-2022-49,T-48,1,0,P-39861,T-48,45'+1',"first half, stoppage time",0,0
G-3588,WC-2022,M-2022-49,T-83,0,1,P-68131,T-83,76',second half,0,0
G-3589,WC-2022,M-2022-49,T-48,1,0,P-97615,T-48,81',second half,0,0
G-3590,WC-2022,M-2022-50,T-03,1,0,P-14758,T-03,35',first half,0,0
G-3591,WC-2022,M-2022-50,T-03,1,0,P-19776,T-03,57',second half,0,0
G-3592,WC-2022,M-2022-50,T-04,0,1,P-10739,T-03,77',second half,1,0
G-3593,WC-2022,M-2022-51,T-30,1,0,P-89750,T-30,44',first half,0,0
G-3594,WC-2022,M-2022-51,T-30,1,0,P-64077,T-30,74',second half,0,0
G-3595,WC-2022,M-2022-51,T-30,1,0,P-64077,T-30,90'+1',"second half, stoppage time",0,0
G-3596,WC-2022,M-2022-51,T-57,0,1,P-00549,T-57,90'+9',"second half, stoppage time",0,1
G-3597,WC-2022,M-2022-52,T-28,1,0,P-08169,T-28,38',first half,0,0
G-3598,WC-2022,M-2022-52,T-28,1,0,P-58924,T-28,45'+3',"first half, stoppage time",0,0
G-3599,WC-2022,M-2022-52,T-28,1,0,P-76842,T-28,57',second half,0,0
G-3600,WC-2022,M-2022-53,T-44,1,0,P-30206,T-44,43',first half,0,0
G-3601,WC-2022,M-2022-53,T-18,0,1,P-93884,T-18,55',second half,0,0
G-3602,WC-2022,M-2022-54,T-09,1,0,P-92812,T-09,7',first half,0,0
G-3603,WC-2022,M-2022-54,T-09,1,0,P-87008,T-09,13',first half,0,1
G-3604,WC-2022,M-2022-54,T-09,1,0,P-68016,T-09,29',first half,0,0
G-3605,WC-2022,M-2022-54,T-09,1,0,P-05164,T-09,36',first half,0,0
G-3606,WC-2022,M-2022-54,T-71,0,1,P-32599,T-71,76',second half,0,0
G-3607,WC-2022,M-2022-56,T-58,1,0,P-41647,T-58,17',first half,0,0
G-3608,WC-2022,M-2022-56,T-58,1,0,P-81972,T-58,33',first half,0,0
G-3609,WC-2022,M-2022-56,T-58,1,0,P-41647,T-58,51',second half,0,0
G-3610,WC-2022,M-2022-56,T-58,1,0,P-67578,T-58,55',second half,0,0
G-3611,WC-2022,M-2022-56,T-75,0,1,P-23925,T-75,58',second half,0,0
G-3612,WC-2022,M-2022-56,T-58,1,0,P-41647,T-58,67',second half,0,0
G-3613,WC-2022,M-2022-56,T-58,1,0,P-27349,T-58,90'+2',"second half, stoppage time",0,0
G-3614,WC-2022,M-2022-57,T-09,0,1,P-87008,T-09,105'+1',"extra time, first half, stoppage time",0,0
G-3615,WC-2022,M-2022-57,T-18,1,0,P-46461,T-18,117',"extra time, second half",0,0
G-3616,WC-2022,M-2022-58,T-03,0,1,P-84430,T-03,35',first half,0,0
G-3617,WC-2022,M-2022-58,T-03,0,1,P-14758,T-03,73',second half,0,1
G-3618,WC-2022,M-2022-58,T-48,1,0,P-95036,T-48,83',second half,0,0
G-3619,WC-2022,M-2022-58,T-48,1,0,P-95036,T-48,90'+11',"second half, stoppage time",0,0
G-3620,WC-2022,M-2022-59,T-47,1,0,P-42517,T-47,42',first half,0,0
G-3621,WC-2022,M-2022-60,T-30,0,1,P-54517,T-30,17',first half,0,0
G-3622,WC-2022,M-2022-60,T-28,1,0,P-58924,T-28,54',second half,0,1
G-3623,WC-2022,M-2022-60,T-30,0,1,P-89750,T-30,78',second half,0,0
G-3624,WC-2022,M-2022-61,T-03,1,0,P-14758,T-03,34',first half,0,1
G-3625,WC-2022,M-2022-61,T-03,1,0,P-19776,T-03,39',first half,0,0
G-3626,WC-2022,M-2022-61,T-03,1,0,P-19776,T-03,69',second half,0,0
G-3627,WC-2022,M-2022-62,T-30,1,0,P-09867,T-30,5',first half,0,0
G-3628,WC-2022,M-2022-62,T-30,1,0,P-92987,T-30,79',second half,0,0
G-3629,WC-2022,M-2022-63,T-18,1,0,P-58420,T-18,7',first half,0,0
G-3630,WC-2022,M-2022-63,T-47,0,1,P-52013,T-47,9',first half,0,0
G-3631,WC-2022,M-2022-63,T-18,1,0,P-26942,T-18,42',first half,0,0
G-3632,WC-2022,M-2022-64,T-03,1,0,P-14758,T-03,23',first half,0,1
G-3633,WC-2022,M-2022-64,T-03,1,0,P-42113,T-03,36',first half,0,0
G-3634,WC-2022,M-2022-64,T-30,0,1,P-64077,T-30,80',second half,0,1
G-3635,WC-2022,M-2022-64,T-30,0,1,P-64077,T-30,81',second half,0,0
G-3636,WC-2022,M-2022-64,T-03,1,0,P-14758,T-03,108',"extra time, second half",0,0
G-3637,WC-2022,M-2022-64,T-30,0,1,P-64077,T-30,118',"extra time, second half",0,1
