tournament_id,team_id,player_id,position_name,position_code
WC-1930,T-03,P-69244,goal keeper,GK
WC-1930,T-03,P-23160,goal keeper,GK
WC-1930,T-03,P-99230,forward,FW
WC-1930,T-03,P-41921,defender,DF
WC-1930,T-03,P-22739,defender,DF
WC-1930,T-03,P-30720,forward,FW
WC-1930,T-03,P-30543,midfielder,MF
WC-1930,T-03,P-23897,forward,FW
WC-1930,T-03,P-60505,forward,FW
WC-1930,T-03,P-25760,midfielder,MF
WC-1930,T-03,P-49556,defender,DF
WC-1930,T-03,P-91238,midfielder,MF
WC-1930,T-03,P-58537,defender,DF
WC-1930,T-03,P-24312,forward,FW
WC-1930,T-03,P-70166,forward,FW
WC-1930,T-03,P-49151,defender,DF
WC-1930,T-03,P-44916,forward,FW
WC-1930,T-03,P-21441,forward,FW
WC-1930,T-03,P-56486,forward,FW
WC-1930,T-03,P-56908,midfielder,MF
WC-1930,T-03,P-37326,forward,FW
WC-1930,T-03,P-76546,midfielder,MF
WC-1930,T-06,P-92795,forward,FW
WC-1930,T-06,P-20690,goal keeper,GK
WC-1930,T-06,P-40714,midfielder,MF
WC-1930,T-06,P-41990,midfielder,MF
WC-1930,T-06,P-97126,goal keeper,GK
WC-1930,T-06,P-93713,midfielder,MF
WC-1930,T-06,P-41710,defender,DF
WC-1930,T-06,P-45315,midfielder,MF
WC-1930,T-06,P-16891,forward,FW
WC-1930,T-06,P-61253,midfielder,MF
WC-1930,T-06,P-44475,defender,DF
WC-1930,T-06,P-74839,forward,FW
WC-1930,T-06,P-46390,defender,DF
WC-1930,T-06,P-28503,forward,FW
WC-1930,T-06,P-69286,forward,FW
WC-1930,T-06,P-85443,forward,FW
WC-1930,T-07,P-43807,forward,FW
WC-1930,T-07,P-62751,midfielder,MF
WC-1930,T-07,P-95008,goal keeper,GK
WC-1930,T-07,P-97354,midfielder,MF
WC-1930,T-07,P-16019,forward,FW
WC-1930,T-07,P-36835,defender,DF
WC-1930,T-07,P-69877,defender,DF
WC-1930,T-07,P-61667,forward,FW
WC-1930,T-07,P-48216,forward,FW
WC-1930,T-07,P-92600,midfielder,MF
WC-1930,T-07,P-84833,forward,FW
WC-1930,T-07,P-92838,goal keeper,GK
WC-1930,T-07,P-93364,midfielder,MF
WC-1930,T-07,P-56114,forward,FW
WC-1930,T-07,P-35684,defender,DF
WC-1930,T-07,P-00369,midfielder,MF
WC-1930,T-07,P-67934,midfielder,MF
WC-1930,T-09,P-13299,forward,FW
WC-1930,T-09,P-70170,forward,FW
WC-1930,T-09,P-11648,midfielder,MF
WC-1930,T-09,P-81166,defender,DF
WC-1930,T-09,P-58460,forward,FW
WC-1930,T-09,P-52323,defender,DF
WC-1930,T-09,P-00708,midfielder,MF
WC-1930,T-09,P-49818,midfielder,MF
WC-1930,T-09,P-29865,defender,DF
WC-1930,T-09,P-92427,defender,DF
WC-1930,T-09,P-16656,goal keeper,GK
WC-1930,T-09,P-72889,forward,FW
WC-1930,T-09,P-30679,forward,FW
WC-1930,T-09,P-49633,midfielder,MF
WC-1930,T-09,P-83987,forward,FW
WC-1930,T-09,P-10526,forward,FW
WC-1930,T-09,P-52064,midfielder,MF
WC-1930,T-09,P-32535,midfielder,MF
WC-1930,T-09,P-38379,forward,FW
WC-1930,T-09,P-91171,forward,FW
WC-1930,T-09,P-82422,forward,FW
WC-1930,T-09,P-26796,forward,FW
WC-1930,T-09,P-28745,goal keeper,GK
WC-1930,T-09,P-22493,defender,DF
WC-1930,T-13,P-95800,forward,FW
WC-1930,T-13,P-33635,forward,FW
WC-1930,T-13,P-54301,defender,DF
WC-1930,T-13,P-88235,midfielder,MF
WC-1930,T-13,P-01278,goal keeper,GK
WC-1930,T-13,P-41928,midfielder,MF
WC-1930,T-13,P-32614,goal keeper,GK
WC-1930,T-13,P-07122,defender,DF
WC-1930,T-13,P-66860,forward,FW
WC-1930,T-13,P-19195,forward,FW
WC-1930,T-13,P-97943,defender,DF
WC-1930,T-13,P-85142,defender,DF
WC-1930,T-13,P-49261,midfielder,MF
WC-1930,T-13,P-89829,forward,FW
WC-1930,T-13,P-08459,forward,FW
WC-1930,T-13,P-10927,midfielder,MF
WC-1930,T-13,P-28795,midfielder,MF
WC-1930,T-13,P-61338,forward,FW
WC-1930,T-13,P-65664,forward,FW
WC-1930,T-30,P-68817,defender,DF
WC-1930,T-30,P-77318,defender,DF
WC-1930,T-30,P-83054,midfielder,MF
WC-1930,T-30,P-10604,midfielder,MF
WC-1930,T-30,P-53878,midfielder,MF
WC-1930,T-30,P-99087,forward,FW
WC-1930,T-30,P-73308,defender,DF
WC-1930,T-30,P-05470,forward,FW
WC-1930,T-30,P-89688,forward,FW
WC-1930,T-30,P-60620,forward,FW
WC-1930,T-30,P-67332,defender,DF
WC-1930,T-30,P-58728,forward,FW
WC-1930,T-30,P-62322,goal keeper,GK
WC-1930,T-30,P-50248,goal keeper,GK
WC-1930,T-30,P-02281,forward,FW
WC-1930,T-30,P-48345,midfielder,MF
WC-1930,T-46,P-36379,midfielder,MF
WC-1930,T-46,P-33560,goal keeper,GK
WC-1930,T-46,P-94135,forward,FW
WC-1930,T-46,P-33321,forward,FW
WC-1930,T-46,P-43777,defender,DF
WC-1930,T-46,P-41910,defender,DF
WC-1930,T-46,P-31066,forward,FW
WC-1930,T-46,P-84297,forward,FW
WC-1930,T-46,P-21313,forward,FW
WC-1930,T-46,P-27734,forward,FW
WC-1930,T-46,P-31687,forward,FW
WC-1930,T-46,P-58196,midfielder,MF
WC-1930,T-46,P-08566,midfielder,MF
WC-1930,T-46,P-89481,defender,DF
WC-1930,T-46,P-17565,forward,FW
WC-1930,T-46,P-83291,midfielder,MF
WC-1930,T-46,P-65099,goal keeper,GK
WC-1930,T-55,P-33814,midfielder,MF
WC-1930,T-55,P-35834,goal keeper,GK
WC-1930,T-55,P-30741,midfielder,MF
WC-1930,T-55,P-78377,forward,FW
WC-1930,T-55,P-61392,forward,FW
WC-1930,T-55,P-51301,defender,DF
WC-1930,T-55,P-68567,goal keeper,GK
WC-1930,T-55,P-37309,midfielder,MF
WC-1930,T-55,P-21707,forward,FW
WC-1930,T-55,P-08814,midfielder,MF
WC-1930,T-55,P-54557,midfielder,MF
WC-1930,T-55,P-86082,defender,DF
WC-1930,T-55,P-65504,midfielder,MF
WC-1930,T-55,P-64697,forward,FW
WC-1930,T-55,P-04623,defender,DF
WC-1930,T-55,P-98075,forward,FW
WC-1930,T-55,P-11035,defender,DF
WC-1930,T-55,P-09057,forward,FW
WC-1930,T-55,P-04417,forward,FW
WC-1930,T-55,P-51624,forward,FW
WC-1930,T-55,P-06201,forward,FW
WC-1930,T-55,P-51390,forward,FW
WC-1930,T-56,P-35875,midfielder,MF
WC-1930,T-56,P-45407,midfielder,MF
WC-1930,T-56,P-79515,defender,DF
WC-1930,T-56,P-07526,midfielder,MF
WC-1930,T-56,P-45649,defender,DF
WC-1930,T-56,P-64036,midfielder,MF
WC-1930,T-56,P-38495,midfielder,MF
WC-1930,T-56,P-29687,forward,FW
WC-1930,T-56,P-93477,forward,FW
WC-1930,T-56,P-44526,forward,FW
WC-1930,T-56,P-57115,defender,DF
WC-1930,T-56,P-71799,forward,FW
WC-1930,T-56,P-19170,forward,FW
WC-1930,T-56,P-06866,goal keeper,GK
WC-1930,T-56,P-08526,midfielder,MF
WC-1930,T-56,P-27561,forward,FW
WC-1930,T-56,P-36167,forward,FW
WC-1930,T-56,P-66691,defender,DF
WC-1930,T-56,P-44010,forward,FW
WC-1930,T-56,P-89076,goal keeper,GK
WC-1930,T-56,P-41536,midfielder,MF
WC-1930,T-56,P-36243,forward,FW
WC-1930,T-61,P-99417,forward,FW
WC-1930,T-61,P-62376,defender,DF
WC-1930,T-61,P-27752,defender,DF
WC-1930,T-61,P-91295,forward,FW
WC-1930,T-61,P-20672,midfielder,MF
WC-1930,T-61,P-70294,forward,FW
WC-1930,T-61,P-09282,goal keeper,GK
WC-1930,T-61,P-07972,midfielder,MF
WC-1930,T-61,P-02455,midfielder,MF
WC-1930,T-61,P-18615,forward,FW
WC-1930,T-61,P-51872,defender,DF
WC-1930,T-61,P-81554,forward,FW
WC-1930,T-61,P-22907,defender,DF
WC-1930,T-61,P-85622,forward,FW
WC-1930,T-61,P-22304,goal keeper,GK
WC-1930,T-83,P-58795,midfielder,MF
WC-1930,T-83,P-94425,forward,FW
WC-1930,T-83,P-06424,forward,FW
WC-1930,T-83,P-12437,goal keeper,GK
WC-1930,T-83,P-37361,forward,FW
WC-1930,T-83,P-99522,midfielder,MF
WC-1930,T-83,P-00733,forward,FW
WC-1930,T-83,P-85569,forward,FW
WC-1930,T-83,P-65185,forward,FW
WC-1930,T-83,P-25155,defender,DF
WC-1930,T-83,P-46121,forward,FW
WC-1930,T-83,P-71973,forward,FW
WC-1930,T-83,P-47437,midfielder,MF
WC-1930,T-83,P-04110,forward,FW
WC-1930,T-83,P-49855,defender,DF
WC-1930,T-83,P-56459,defender,DF
WC-1930,T-84,P-63826,midfielder,MF
WC-1930,T-84,P-57352,forward,FW
WC-1930,T-84,P-63987,goal keeper,GK
WC-1930,T-84,P-47453,forward,FW
WC-1930,T-84,P-76186,goal keeper,GK
WC-1930,T-84,P-54697,forward,FW
WC-1930,T-84,P-18628,forward,FW
WC-1930,T-84,P-38674,forward,FW
WC-1930,T-84,P-53856,midfielder,MF
WC-1930,T-84,P-39785,midfielder,MF
WC-1930,T-84,P-31959,forward,FW
WC-1930,T-84,P-49150,defender,DF
WC-1930,T-84,P-55304,midfielder,MF
WC-1930,T-84,P-76270,defender,DF
WC-1930,T-84,P-93278,forward,FW
WC-1930,T-84,P-41238,midfielder,MF
WC-1930,T-84,P-63026,defender,DF
WC-1930,T-84,P-98216,midfielder,MF
WC-1930,T-84,P-93344,forward,FW
WC-1930,T-84,P-44201,forward,FW
WC-1930,T-84,P-86932,defender,DF
WC-1930,T-84,P-17569,forward,FW
WC-1930,T-87,P-72808,midfielder,MF
WC-1930,T-87,P-43734,forward,FW
WC-1930,T-87,P-13261,midfielder,MF
WC-1930,T-87,P-15059,midfielder,MF
WC-1930,T-87,P-44887,defender,DF
WC-1930,T-87,P-24808,goal keeper,GK
WC-1930,T-87,P-75929,forward,FW
WC-1930,T-87,P-10671,forward,FW
WC-1930,T-87,P-19712,defender,DF
WC-1930,T-87,P-91900,forward,FW
WC-1930,T-87,P-94965,forward,FW
WC-1930,T-87,P-74878,midfielder,MF
WC-1930,T-87,P-62267,defender,DF
WC-1930,T-87,P-55273,goal keeper,GK
WC-1930,T-87,P-43349,forward,FW
WC-1930,T-87,P-59061,defender,DF
WC-1930,T-87,P-33565,forward,FW
WC-1934,T-03,P-32516,midfielder,MF
WC-1934,T-03,P-42498,defender,DF
WC-1934,T-03,P-11019,defender,DF
WC-1934,T-03,P-21951,defender,DF
WC-1934,T-03,P-05185,forward,FW
WC-1934,T-03,P-98837,goal keeper,GK
WC-1934,T-03,P-61839,forward,FW
WC-1934,T-03,P-33940,goal keeper,GK
WC-1934,T-03,P-82803,forward,FW
WC-1934,T-03,P-02358,forward,FW
WC-1934,T-03,P-32246,midfielder,MF
WC-1934,T-03,P-05772,midfielder,MF
WC-1934,T-03,P-64351,midfielder,MF
WC-1934,T-03,P-15166,defender,DF
WC-1934,T-03,P-16377,forward,FW
WC-1934,T-03,P-94114,forward,FW
WC-1934,T-03,P-33461,midfielder,MF
WC-1934,T-03,P-95620,forward,FW
WC-1934,T-05,P-51668,forward,FW
WC-1934,T-05,P-37758,forward,FW
WC-1934,T-05,P-72888,defender,DF
WC-1934,T-05,P-28322,goal keeper,GK
WC-1934,T-05,P-32150,forward,FW
WC-1934,T-05,P-94617,midfielder,MF
WC-1934,T-05,P-51711,forward,FW
WC-1934,T-05,P-92579,defender,DF
WC-1934,T-05,P-48419,forward,FW
WC-1934,T-05,P-14775,goal keeper,GK
WC-1934,T-05,P-17740,goal keeper,GK
WC-1934,T-05,P-87474,forward,FW
WC-1934,T-05,P-14790,defender,DF
WC-1934,T-05,P-05609,defender,DF
WC-1934,T-05,P-11865,forward,FW
WC-1934,T-05,P-71630,midfielder,MF
WC-1934,T-05,P-30750,forward,FW
WC-1934,T-05,P-97102,midfielder,MF
WC-1934,T-05,P-65339,forward,FW
WC-1934,T-05,P-39159,midfielder,MF
WC-1934,T-05,P-19490,forward,FW
WC-1934,T-05,P-05719,forward,FW
WC-1934,T-06,P-20690,goal keeper,GK
WC-1934,T-06,P-57945,midfielder,MF
WC-1934,T-06,P-56476,forward,FW
WC-1934,T-06,P-27187,forward,FW
WC-1934,T-06,P-89966,midfielder,MF
WC-1934,T-06,P-31088,forward,FW
WC-1934,T-06,P-28338,forward,FW
WC-1934,T-06,P-61253,midfielder,MF
WC-1934,T-06,P-97896,forward,FW
WC-1934,T-06,P-00356,defender,DF
WC-1934,T-06,P-03817,forward,FW
WC-1934,T-06,P-93825,forward,FW
WC-1934,T-06,P-51930,defender,DF
WC-1934,T-06,P-11200,midfielder,MF
WC-1934,T-06,P-81829,midfielder,MF
WC-1934,T-06,P-87214,midfielder,MF
WC-1934,T-06,P-38767,defender,DF
WC-1934,T-06,P-97759,midfielder,MF
WC-1934,T-06,P-32287,goal keeper,GK
WC-1934,T-06,P-69286,forward,FW
WC-1934,T-06,P-85443,forward,FW
WC-1934,T-06,P-01972,midfielder,MF
WC-1934,T-09,P-63886,forward,FW
WC-1934,T-09,P-32881,midfielder,MF
WC-1934,T-09,P-91413,forward,FW
WC-1934,T-09,P-07398,forward,FW
WC-1934,T-09,P-03130,midfielder,MF
WC-1934,T-09,P-52951,forward,FW
WC-1934,T-09,P-48079,goal keeper,GK
WC-1934,T-09,P-93712,defender,DF
WC-1934,T-09,P-72889,forward,FW
WC-1934,T-09,P-09730,forward,FW
WC-1934,T-09,P-35048,forward,FW
WC-1934,T-09,P-66864,defender,DF
WC-1934,T-09,P-70690,midfielder,MF
WC-1934,T-09,P-77114,defender,DF
WC-1934,T-09,P-32535,midfielder,MF
WC-1934,T-09,P-85795,forward,FW
WC-1934,T-09,P-08627,goal keeper,GK
WC-1934,T-09,P-03576,midfielder,MF
WC-1934,T-09,P-93990,midfielder,MF
WC-1934,T-21,P-94788,midfielder,MF
WC-1934,T-21,P-76056,defender,DF
WC-1934,T-21,P-28531,midfielder,MF
WC-1934,T-21,P-68716,defender,DF
WC-1934,T-21,P-70254,defender,DF
WC-1934,T-21,P-19582,forward,FW
WC-1934,T-21,P-88929,forward,FW
WC-1934,T-21,P-64425,midfielder,MF
WC-1934,T-21,P-53978,midfielder,MF
WC-1934,T-21,P-30773,midfielder,MF
WC-1934,T-21,P-60513,forward,FW
WC-1934,T-21,P-70970,goal keeper,GK
WC-1934,T-21,P-52528,goal keeper,GK
WC-1934,T-21,P-51219,forward,FW
WC-1934,T-21,P-23820,forward,FW
WC-1934,T-21,P-94005,midfielder,MF
WC-1934,T-21,P-58983,forward,FW
WC-1934,T-21,P-57162,forward,FW
WC-1934,T-21,P-21644,forward,FW
WC-1934,T-21,P-13470,forward,FW
WC-1934,T-21,P-64843,midfielder,MF
WC-1934,T-21,P-42431,defender,DF
WC-1934,T-26,P-87740,midfielder,MF
WC-1934,T-26,P-78354,midfielder,MF
WC-1934,T-26,P-62813,defender,DF
WC-1934,T-26,P-76014,forward,FW
WC-1934,T-26,P-96407,defender,DF
WC-1934,T-26,P-82850,goal keeper,GK
WC-1934,T-26,P-28239,forward,FW
WC-1934,T-26,P-44834,midfielder,MF
WC-1934,T-26,P-18819,defender,DF
WC-1934,T-26,P-66692,forward,FW
WC-1934,T-26,P-55444,midfielder,MF
WC-1934,T-26,P-45036,forward,FW
WC-1934,T-26,P-13156,forward,FW
WC-1934,T-26,P-17075,goal keeper,GK
WC-1934,T-26,P-46343,forward,FW
WC-1934,T-26,P-12336,forward,FW
WC-1934,T-26,P-01246,midfielder,MF
WC-1934,T-26,P-48383,midfielder,MF
WC-1934,T-26,P-96789,forward,FW
WC-1934,T-26,P-67758,midfielder,MF
WC-1934,T-30,P-09225,forward,FW
WC-1934,T-30,P-93801,forward,FW
WC-1934,T-30,P-45731,midfielder,MF
WC-1934,T-30,P-52655,forward,FW
WC-1934,T-30,P-36153,goal keeper,GK
WC-1934,T-30,P-10604,midfielder,MF
WC-1934,T-30,P-53878,midfielder,MF
WC-1934,T-30,P-30130,midfielder,MF
WC-1934,T-30,P-84475,defender,DF
WC-1934,T-30,P-26041,forward,FW
WC-1934,T-30,P-45865,forward,FW
WC-1934,T-30,P-05470,forward,FW
WC-1934,T-30,P-26292,midfielder,MF
WC-1934,T-30,P-59589,goal keeper,GK
WC-1934,T-30,P-69033,defender,DF
WC-1934,T-30,P-67332,defender,DF
WC-1934,T-30,P-70804,forward,FW
WC-1934,T-30,P-49701,midfielder,MF
WC-1934,T-30,P-50248,goal keeper,GK
WC-1934,T-30,P-46249,defender,DF
WC-1934,T-30,P-02281,forward,FW
WC-1934,T-30,P-13166,midfielder,MF
WC-1934,T-31,P-82536,midfielder,MF
WC-1934,T-31,P-54695,midfielder,MF
WC-1934,T-31,P-81440,goal keeper,GK
WC-1934,T-31,P-27770,defender,DF
WC-1934,T-31,P-77348,forward,FW
WC-1934,T-31,P-74210,forward,FW
WC-1934,T-31,P-27139,midfielder,MF
WC-1934,T-31,P-69645,defender,DF
WC-1934,T-31,P-99592,forward,FW
WC-1934,T-31,P-56231,midfielder,MF
WC-1934,T-31,P-90001,goal keeper,GK
WC-1934,T-31,P-24404,defender,DF
WC-1934,T-31,P-04241,forward,FW
WC-1934,T-31,P-74349,goal keeper,GK
WC-1934,T-31,P-38753,forward,FW
WC-1934,T-31,P-60828,defender,DF
WC-1934,T-31,P-30818,forward,FW
WC-1934,T-31,P-72423,defender,DF
WC-1934,T-31,P-53238,forward,FW
WC-1934,T-31,P-92333,forward,FW
WC-1934,T-31,P-86518,forward,FW
WC-1934,T-31,P-85695,midfielder,MF
WC-1934,T-36,P-18927,forward,FW
WC-1934,T-36,P-81185,defender,DF
WC-1934,T-36,P-31849,midfielder,MF
WC-1934,T-36,P-26210,defender,DF
WC-1934,T-36,P-70689,goal keeper,GK
WC-1934,T-36,P-81445,forward,FW
WC-1934,T-36,P-54489,midfielder,MF
WC-1934,T-36,P-23517,forward,FW
WC-1934,T-36,P-32085,midfielder,MF
WC-1934,T-36,P-10473,midfielder,MF
WC-1934,T-36,P-89034,forward,FW
WC-1934,T-36,P-09142,midfielder,MF
WC-1934,T-36,P-14531,defender,DF
WC-1934,T-36,P-60980,goal keeper,GK
WC-1934,T-36,P-29081,forward,FW
WC-1934,T-36,P-99214,midfielder,MF
WC-1934,T-36,P-37684,midfielder,MF
WC-1934,T-36,P-38660,forward,FW
WC-1934,T-36,P-42669,forward,FW
WC-1934,T-36,P-60977,forward,FW
WC-1934,T-36,P-91259,defender,DF
WC-1934,T-36,P-11520,forward,FW
WC-1934,T-41,P-22402,defender,DF
WC-1934,T-41,P-80654,forward,FW
WC-1934,T-41,P-60679,midfielder,MF
WC-1934,T-41,P-40103,forward,FW
WC-1934,T-41,P-84232,defender,DF
WC-1934,T-41,P-56674,midfielder,MF
WC-1934,T-41,P-77995,goal keeper,GK
WC-1934,T-41,P-57546,goal keeper,GK
WC-1934,T-41,P-30720,forward,FW
WC-1934,T-41,P-39512,forward,FW
WC-1934,T-41,P-76282,midfielder,MF
WC-1934,T-41,P-03545,forward,FW
WC-1934,T-41,P-16965,forward,FW
WC-1934,T-41,P-93906,goal keeper,GK
WC-1934,T-41,P-34536,midfielder,MF
WC-1934,T-41,P-25760,midfielder,MF
WC-1934,T-41,P-58691,defender,DF
WC-1934,T-41,P-03638,forward,FW
WC-1934,T-41,P-10605,midfielder,MF
WC-1934,T-41,P-30373,defender,DF
WC-1934,T-41,P-56703,forward,FW
WC-1934,T-41,P-95210,midfielder,MF
WC-1934,T-48,P-51120,midfielder,MF
WC-1934,T-48,P-74001,forward,FW
WC-1934,T-48,P-69466,forward,FW
WC-1934,T-48,P-08052,goal keeper,GK
WC-1934,T-48,P-84091,forward,FW
WC-1934,T-48,P-81649,forward,FW
WC-1934,T-48,P-75398,forward,FW
WC-1934,T-48,P-19181,midfielder,MF
WC-1934,T-48,P-67910,midfielder,MF
WC-1934,T-48,P-19627,midfielder,MF
WC-1934,T-48,P-86401,forward,FW
WC-1934,T-48,P-85884,forward,FW
WC-1934,T-48,P-28465,goal keeper,GK
WC-1934,T-48,P-84890,defender,DF
WC-1934,T-48,P-44776,midfielder,MF
WC-1934,T-48,P-24944,goal keeper,GK
WC-1934,T-48,P-29803,forward,FW
WC-1934,T-48,P-20598,defender,DF
WC-1934,T-48,P-55392,forward,FW
WC-1934,T-48,P-84101,forward,FW
WC-1934,T-48,P-83478,defender,DF
WC-1934,T-48,P-57256,forward,FW
WC-1934,T-61,P-76189,defender,DF
WC-1934,T-61,P-58656,forward,FW
WC-1934,T-61,P-28958,forward,FW
WC-1934,T-61,P-92768,forward,FW
WC-1934,T-61,P-62376,defender,DF
WC-1934,T-61,P-83778,forward,FW
WC-1934,T-61,P-55859,defender,DF
WC-1934,T-61,P-29524,midfielder,MF
WC-1934,T-61,P-55855,forward,FW
WC-1934,T-61,P-49480,midfielder,MF
WC-1934,T-61,P-77815,forward,FW
WC-1934,T-61,P-41753,goal keeper,GK
WC-1934,T-61,P-36734,midfielder,MF
WC-1934,T-61,P-70432,forward,FW
WC-1934,T-61,P-38049,midfielder,MF
WC-1934,T-61,P-67464,goal keeper,GK
WC-1934,T-61,P-57363,forward,FW
WC-1934,T-61,P-89198,forward,FW
WC-1934,T-61,P-49773,defender,DF
WC-1934,T-61,P-22907,defender,DF
WC-1934,T-61,P-79776,midfielder,MF
WC-1934,T-61,P-70088,goal keeper,GK
WC-1934,T-73,P-47714,midfielder,MF
WC-1934,T-73,P-67537,forward,FW
WC-1934,T-73,P-91286,midfielder,MF
WC-1934,T-73,P-29275,defender,DF
WC-1934,T-73,P-85952,midfielder,MF
WC-1934,T-73,P-54892,forward,FW
WC-1934,T-73,P-89086,midfielder,MF
WC-1934,T-73,P-17824,forward,FW
WC-1934,T-73,P-64059,forward,FW
WC-1934,T-73,P-12120,forward,FW
WC-1934,T-73,P-69133,forward,FW
WC-1934,T-73,P-03613,midfielder,MF
WC-1934,T-73,P-41247,midfielder,MF
WC-1934,T-73,P-53344,forward,FW
WC-1934,T-73,P-90409,midfielder,MF
WC-1934,T-73,P-47982,goal keeper,GK
WC-1934,T-73,P-87531,defender,DF
WC-1934,T-73,P-40752,forward,FW
WC-1934,T-73,P-14976,midfielder,MF
WC-1934,T-73,P-17732,midfielder,MF
WC-1934,T-73,P-63912,defender,DF
WC-1934,T-73,P-07867,goal keeper,GK
WC-1934,T-74,P-23401,midfielder,MF
WC-1934,T-74,P-45925,defender,DF
WC-1934,T-74,P-22714,defender,DF
WC-1934,T-74,P-65347,defender,DF
WC-1934,T-74,P-12745,forward,FW
WC-1934,T-74,P-62095,midfielder,MF
WC-1934,T-74,P-19096,midfielder,MF
WC-1934,T-74,P-83366,forward,FW
WC-1934,T-74,P-92190,midfielder,MF
WC-1934,T-74,P-66504,forward,FW
WC-1934,T-74,P-22732,forward,FW
WC-1934,T-74,P-90839,goal keeper,GK
WC-1934,T-74,P-96043,forward,FW
WC-1934,T-74,P-01918,midfielder,MF
WC-1934,T-74,P-79374,forward,FW
WC-1934,T-74,P-94204,forward,FW
WC-1934,T-74,P-02091,forward,FW
WC-1934,T-74,P-18347,forward,FW
WC-1934,T-74,P-67034,forward,FW
WC-1934,T-74,P-16727,midfielder,MF
WC-1934,T-74,P-19469,goal keeper,GK
WC-1934,T-74,P-09085,forward,FW
WC-1934,T-74,P-76001,goal keeper,GK
WC-1934,T-75,P-85334,forward,FW
WC-1934,T-75,P-64427,goal keeper,GK
WC-1934,T-75,P-06791,forward,FW
WC-1934,T-75,P-21616,forward,FW
WC-1934,T-75,P-94058,forward,FW
WC-1934,T-75,P-61867,midfielder,MF
WC-1934,T-75,P-53059,defender,DF
WC-1934,T-75,P-49691,midfielder,MF
WC-1934,T-75,P-41260,forward,FW
WC-1934,T-75,P-49305,goal keeper,GK
WC-1934,T-75,P-97291,midfielder,MF
WC-1934,T-75,P-87405,midfielder,MF
WC-1934,T-75,P-31231,forward,FW
WC-1934,T-75,P-58205,forward,FW
WC-1934,T-75,P-88416,forward,FW
WC-1934,T-75,P-35043,midfielder,MF
WC-1934,T-75,P-85276,defender,DF
WC-1934,T-75,P-17489,defender,DF
WC-1934,T-75,P-15994,forward,FW
WC-1934,T-75,P-96627,goal keeper,GK
WC-1934,T-75,P-71546,forward,FW
WC-1934,T-75,P-13267,defender,DF
WC-1934,T-75,P-44740,defender,DF
WC-1934,T-83,P-37867,midfielder,MF
WC-1934,T-83,P-64188,defender,DF
WC-1934,T-83,P-31804,forward,FW
WC-1934,T-83,P-75829,forward,FW
WC-1934,T-83,P-65285,midfielder,MF
WC-1934,T-83,P-37361,midfielder,MF
WC-1934,T-83,P-99522,midfielder,MF
WC-1934,T-83,P-85569,midfielder,MF
WC-1934,T-83,P-51225,defender,DF
WC-1934,T-83,P-64948,goal keeper,GK
WC-1934,T-83,P-71808,midfielder,MF
WC-1934,T-83,P-65974,midfielder,MF
WC-1934,T-83,P-74221,defender,DF
WC-1934,T-83,P-16062,forward,FW
WC-1934,T-83,P-25155,defender,DF
WC-1934,T-83,P-17263,forward,FW
WC-1934,T-83,P-64536,midfielder,MF
WC-1934,T-83,P-57295,defender,DF
WC-1934,T-83,P-91378,forward,FW
WC-1938,T-06,P-20690,goal keeper,GK
WC-1938,T-06,P-63553,goal keeper,GK
WC-1938,T-06,P-84927,forward,FW
WC-1938,T-06,P-33714,forward,FW
WC-1938,T-06,P-27187,forward,FW
WC-1938,T-06,P-17309,forward,FW
WC-1938,T-06,P-73403,midfielder,MF
WC-1938,T-06,P-94481,midfielder,MF
WC-1938,T-06,P-44080,forward,FW
WC-1938,T-06,P-24202,defender,DF
WC-1938,T-06,P-44854,midfielder,MF
WC-1938,T-06,P-03499,forward,FW
WC-1938,T-06,P-11957,forward,FW
WC-1938,T-06,P-46631,defender,DF
WC-1938,T-06,P-69703,defender,DF
WC-1938,T-06,P-95279,defender,DF
WC-1938,T-06,P-38767,defender,DF
WC-1938,T-06,P-06477,midfielder,MF
WC-1938,T-06,P-57062,midfielder,MF
WC-1938,T-06,P-32038,forward,FW
WC-1938,T-06,P-32287,goal keeper,GK
WC-1938,T-06,P-85443,forward,FW
WC-1938,T-09,P-00279,midfielder,MF
WC-1938,T-09,P-41619,midfielder,MF
WC-1938,T-09,P-14044,goal keeper,GK
WC-1938,T-09,P-24911,midfielder,MF
WC-1938,T-09,P-14381,midfielder,MF
WC-1938,T-09,P-56060,defender,DF
WC-1938,T-09,P-77661,forward,FW
WC-1938,T-09,P-92554,defender,DF
WC-1938,T-09,P-09730,forward,FW
WC-1938,T-09,P-14047,forward,FW
WC-1938,T-09,P-35048,forward,FW
WC-1938,T-09,P-16663,defender,DF
WC-1938,T-09,P-35561,midfielder,MF
WC-1938,T-09,P-68604,defender,DF
WC-1938,T-09,P-88147,forward,FW
WC-1938,T-09,P-85795,forward,FW
WC-1938,T-09,P-70927,forward,FW
WC-1938,T-09,P-81322,forward,FW
WC-1938,T-09,P-44339,forward,FW
WC-1938,T-09,P-05159,forward,FW
WC-1938,T-09,P-76392,goal keeper,GK
WC-1938,T-09,P-42205,midfielder,MF
WC-1938,T-19,P-23003,forward,FW
WC-1938,T-19,P-91946,midfielder,MF
WC-1938,T-19,P-90611,goal keeper,GK
WC-1938,T-19,P-50445,defender,DF
WC-1938,T-19,P-29608,midfielder,MF
WC-1938,T-19,P-72041,goal keeper,GK
WC-1938,T-19,P-82026,defender,DF
WC-1938,T-19,P-77302,forward,FW
WC-1938,T-19,P-46059,forward,FW
WC-1938,T-19,P-56223,forward,FW
WC-1938,T-19,P-43737,forward,FW
WC-1938,T-19,P-19947,midfielder,MF
WC-1938,T-19,P-77922,forward,FW
WC-1938,T-19,P-47473,forward,FW
WC-1938,T-19,P-99758,forward,FW
WC-1938,T-21,P-94788,midfielder,MF
WC-1938,T-21,P-83399,forward,FW
WC-1938,T-21,P-76056,defender,DF
WC-1938,T-21,P-91890,goal keeper,GK
WC-1938,T-21,P-48049,defender,DF
WC-1938,T-21,P-70254,defender,DF
WC-1938,T-21,P-41835,forward,FW
WC-1938,T-21,P-24836,midfielder,MF
WC-1938,T-21,P-64425,midfielder,MF
WC-1938,T-21,P-53978,midfielder,MF
WC-1938,T-21,P-55632,forward,FW
WC-1938,T-21,P-29652,forward,FW
WC-1938,T-21,P-60513,forward,FW
WC-1938,T-21,P-38048,midfielder,MF
WC-1938,T-21,P-33048,defender,DF
WC-1938,T-21,P-52528,goal keeper,GK
WC-1938,T-21,P-51219,forward,FW
WC-1938,T-21,P-30507,forward,FW
WC-1938,T-21,P-03127,forward,FW
WC-1938,T-21,P-47402,forward,FW
WC-1938,T-21,P-15892,forward,FW
WC-1938,T-21,P-27945,forward,FW
WC-1938,T-23,P-65883,midfielder,MF
WC-1938,T-23,P-16278,defender,DF
WC-1938,T-23,P-51934,midfielder,MF
WC-1938,T-23,P-72195,defender,DF
WC-1938,T-23,P-56198,defender,DF
WC-1938,T-23,P-38291,midfielder,MF
WC-1938,T-23,P-05443,midfielder,MF
WC-1938,T-23,P-08131,forward,FW
WC-1938,T-23,P-03631,defender,DF
WC-1938,T-23,P-59945,forward,FW
WC-1938,T-23,P-19995,forward,FW
WC-1938,T-23,P-52233,goal keeper,GK
WC-1938,T-23,P-89666,forward,FW
WC-1938,T-23,P-92120,forward,FW
WC-1938,T-23,P-03175,forward,FW
WC-1938,T-23,P-69801,forward,FW
WC-1938,T-23,P-37048,goal keeper,GK
WC-1938,T-23,P-38536,midfielder,MF
WC-1938,T-23,P-67536,forward,FW
WC-1938,T-30,P-93801,forward,FW
WC-1938,T-30,P-69619,midfielder,MF
WC-1938,T-30,P-09795,defender,DF
WC-1938,T-30,P-79828,midfielder,MF
WC-1938,T-30,P-50527,forward,FW
WC-1938,T-30,P-92301,defender,DF
WC-1938,T-30,P-52655,forward,FW
WC-1938,T-30,P-94763,goal keeper,GK
WC-1938,T-30,P-10604,forward,FW
WC-1938,T-30,P-65422,goal keeper,GK
WC-1938,T-30,P-18863,midfielder,MF
WC-1938,T-30,P-78235,forward,FW
WC-1938,T-30,P-38344,midfielder,MF
WC-1938,T-30,P-26887,midfielder,MF
WC-1938,T-30,P-36564,forward,FW
WC-1938,T-30,P-59589,goal keeper,GK
WC-1938,T-30,P-67332,defender,DF
WC-1938,T-30,P-70804,forward,FW
WC-1938,T-30,P-16634,defender,DF
WC-1938,T-30,P-46249,defender,DF
WC-1938,T-30,P-02281,forward,FW
WC-1938,T-30,P-70720,forward,FW
WC-1938,T-31,P-81440,goal keeper,GK
WC-1938,T-31,P-15763,forward,FW
WC-1938,T-31,P-25957,forward,FW
WC-1938,T-31,P-71483,defender,DF
WC-1938,T-31,P-53466,forward,FW
WC-1938,T-31,P-90001,goal keeper,GK
WC-1938,T-31,P-24404,defender,DF
WC-1938,T-31,P-21402,midfielder,MF
WC-1938,T-31,P-82099,midfielder,MF
WC-1938,T-31,P-38753,forward,FW
WC-1938,T-31,P-00281,midfielder,MF
WC-1938,T-31,P-60828,defender,DF
WC-1938,T-31,P-47513,forward,FW
WC-1938,T-31,P-46036,forward,FW
WC-1938,T-31,P-17740,goal keeper,GK
WC-1938,T-31,P-14790,defender,DF
WC-1938,T-31,P-53238,forward,FW
WC-1938,T-31,P-58969,midfielder,MF
WC-1938,T-31,P-43378,defender,DF
WC-1938,T-31,P-30750,forward,FW
WC-1938,T-31,P-86518,forward,FW
WC-1938,T-31,P-39159,midfielder,MF
WC-1938,T-36,P-58088,midfielder,MF
WC-1938,T-36,P-01726,forward,FW
WC-1938,T-36,P-81185,defender,DF
WC-1938,T-36,P-04962,forward,FW
WC-1938,T-36,P-31849,midfielder,MF
WC-1938,T-36,P-70689,goal keeper,GK
WC-1938,T-36,P-53740,forward,FW
WC-1938,T-36,P-25927,defender,DF
WC-1938,T-36,P-54489,midfielder,MF
WC-1938,T-36,P-36957,goal keeper,GK
WC-1938,T-36,P-10473,defender,DF
WC-1938,T-36,P-52028,midfielder,MF
WC-1938,T-36,P-89034,forward,FW
WC-1938,T-36,P-37357,forward,FW
WC-1938,T-36,P-60980,goal keeper,GK
WC-1938,T-36,P-99214,midfielder,MF
WC-1938,T-36,P-37684,midfielder,MF
WC-1938,T-36,P-24305,forward,FW
WC-1938,T-36,P-60977,forward,FW
WC-1938,T-36,P-33184,midfielder,MF
WC-1938,T-36,P-11520,forward,FW
WC-1938,T-36,P-67652,forward,FW
WC-1938,T-41,P-79580,midfielder,MF
WC-1938,T-41,P-62660,forward,FW
WC-1938,T-41,P-85283,forward,FW
WC-1938,T-41,P-94715,goal keeper,GK
WC-1938,T-41,P-09916,midfielder,MF
WC-1938,T-41,P-76066,forward,FW
WC-1938,T-41,P-07254,midfielder,MF
WC-1938,T-41,P-39512,forward,FW
WC-1938,T-41,P-58640,forward,FW
WC-1938,T-41,P-97762,defender,DF
WC-1938,T-41,P-07131,midfielder,MF
WC-1938,T-41,P-79327,midfielder,MF
WC-1938,T-41,P-93906,goal keeper,GK
WC-1938,T-41,P-34536,midfielder,MF
WC-1938,T-41,P-58691,defender,DF
WC-1938,T-41,P-95291,goal keeper,GK
WC-1938,T-41,P-98926,midfielder,MF
WC-1938,T-41,P-30716,forward,FW
WC-1938,T-41,P-74793,midfielder,MF
WC-1938,T-41,P-65885,forward,FW
WC-1938,T-41,P-27048,defender,DF
WC-1938,T-41,P-82806,midfielder,MF
WC-1938,T-48,P-51120,midfielder,MF
WC-1938,T-48,P-01561,defender,DF
WC-1938,T-48,P-92370,defender,DF
WC-1938,T-48,P-61401,forward,FW
WC-1938,T-48,P-27345,forward,FW
WC-1938,T-48,P-92587,forward,FW
WC-1938,T-48,P-22639,forward,FW
WC-1938,T-48,P-21727,midfielder,MF
WC-1938,T-48,P-39735,goal keeper,GK
WC-1938,T-48,P-71910,forward,FW
WC-1938,T-48,P-67910,midfielder,MF
WC-1938,T-48,P-29879,midfielder,MF
WC-1938,T-48,P-60379,defender,DF
WC-1938,T-48,P-61772,forward,FW
WC-1938,T-48,P-85884,forward,FW
WC-1938,T-48,P-21967,forward,FW
WC-1938,T-48,P-44776,midfielder,MF
WC-1938,T-48,P-24944,goal keeper,GK
WC-1938,T-48,P-91177,forward,FW
WC-1938,T-48,P-55392,forward,FW
WC-1938,T-48,P-83478,defender,DF
WC-1938,T-48,P-57256,forward,FW
WC-1938,T-53,P-39938,defender,DF
WC-1938,T-53,P-44129,defender,DF
WC-1938,T-53,P-27507,midfielder,MF
WC-1938,T-53,P-17838,forward,FW
WC-1938,T-53,P-54406,midfielder,MF
WC-1938,T-53,P-07024,forward,FW
WC-1938,T-53,P-19044,forward,FW
WC-1938,T-53,P-47235,defender,DF
WC-1938,T-53,P-67971,forward,FW
WC-1938,T-53,P-36967,midfielder,MF
WC-1938,T-53,P-60666,midfielder,MF
WC-1938,T-53,P-07358,midfielder,MF
WC-1938,T-53,P-64492,defender,DF
WC-1938,T-53,P-32828,forward,FW
WC-1938,T-53,P-67226,forward,FW
WC-1938,T-53,P-49779,defender,DF
WC-1938,T-53,P-79093,goal keeper,GK
WC-1938,T-53,P-06148,defender,DF
WC-1938,T-53,P-51305,goal keeper,GK
WC-1938,T-53,P-27380,forward,FW
WC-1938,T-53,P-24384,forward,FW
WC-1938,T-53,P-52552,goal keeper,GK
WC-1938,T-57,P-01935,forward,FW
WC-1938,T-57,P-96120,goal keeper,GK
WC-1938,T-57,P-65254,forward,FW
WC-1938,T-57,P-13873,midfielder,MF
WC-1938,T-57,P-11656,defender,DF
WC-1938,T-57,P-43303,defender,DF
WC-1938,T-57,P-99122,midfielder,MF
WC-1938,T-57,P-56303,forward,FW
WC-1938,T-57,P-10030,forward,FW
WC-1938,T-57,P-35230,midfielder,MF
WC-1938,T-57,P-15302,forward,FW
WC-1938,T-57,P-49430,goal keeper,GK
WC-1938,T-57,P-91166,midfielder,MF
WC-1938,T-57,P-01434,forward,FW
WC-1938,T-57,P-35147,forward,FW
WC-1938,T-57,P-62725,midfielder,MF
WC-1938,T-57,P-72075,forward,FW
WC-1938,T-57,P-58047,defender,DF
WC-1938,T-57,P-47738,defender,DF
WC-1938,T-57,P-84687,midfielder,MF
WC-1938,T-57,P-13828,forward,FW
WC-1938,T-57,P-29364,forward,FW
WC-1938,T-61,P-58656,forward,FW
WC-1938,T-61,P-44963,midfielder,MF
WC-1938,T-61,P-28958,forward,FW
WC-1938,T-61,P-92768,forward,FW
WC-1938,T-61,P-60365,forward,FW
WC-1938,T-61,P-30413,midfielder,MF
WC-1938,T-61,P-96839,forward,FW
WC-1938,T-61,P-62376,defender,DF
WC-1938,T-61,P-04762,defender,DF
WC-1938,T-61,P-04835,midfielder,MF
WC-1938,T-61,P-28452,goal keeper,GK
WC-1938,T-61,P-55855,forward,FW
WC-1938,T-61,P-38288,defender,DF
WC-1938,T-61,P-70432,forward,FW
WC-1938,T-61,P-79803,forward,FW
WC-1938,T-61,P-91529,forward,FW
WC-1938,T-61,P-02702,goal keeper,GK
WC-1938,T-61,P-73278,forward,FW
WC-1938,T-61,P-07972,midfielder,MF
WC-1938,T-61,P-92937,midfielder,MF
WC-1938,T-61,P-85689,goal keeper,GK
WC-1938,T-61,P-49773,defender,DF
WC-1938,T-74,P-04266,goal keeper,GK
WC-1938,T-74,P-17215,midfielder,MF
WC-1938,T-74,P-99591,forward,FW
WC-1938,T-74,P-38092,forward,FW
WC-1938,T-74,P-85944,forward,FW
WC-1938,T-74,P-12745,forward,FW
WC-1938,T-74,P-71253,defender,DF
WC-1938,T-74,P-84346,midfielder,MF
WC-1938,T-74,P-69313,forward,FW
WC-1938,T-74,P-90805,midfielder,MF
WC-1938,T-74,P-79374,forward,FW
WC-1938,T-74,P-92191,defender,DF
WC-1938,T-74,P-94204,forward,FW
WC-1938,T-74,P-56514,midfielder,MF
WC-1938,T-74,P-85347,defender,DF
WC-1938,T-74,P-80526,defender,DF
WC-1938,T-74,P-97601,forward,FW
WC-1938,T-74,P-13257,forward,FW
WC-1938,T-74,P-37708,goal keeper,GK
WC-1938,T-74,P-00740,midfielder,MF
WC-1938,T-74,P-33341,forward,FW
WC-1938,T-74,P-58852,forward,FW
WC-1938,T-75,P-85334,forward,FW
WC-1938,T-75,P-80329,forward,FW
WC-1938,T-75,P-40938,forward,FW
WC-1938,T-75,P-59353,forward,FW
WC-1938,T-75,P-44209,goal keeper,GK
WC-1938,T-75,P-50918,forward,FW
WC-1938,T-75,P-64427,goal keeper,GK
WC-1938,T-75,P-06111,forward,FW
WC-1938,T-75,P-05303,forward,FW
WC-1938,T-75,P-49691,midfielder,MF
WC-1938,T-75,P-49305,goal keeper,GK
WC-1938,T-75,P-88416,forward,FW
WC-1938,T-75,P-60333,defender,DF
WC-1938,T-75,P-42031,midfielder,MF
WC-1938,T-75,P-85276,defender,DF
WC-1938,T-75,P-55586,midfielder,MF
WC-1938,T-75,P-90336,forward,FW
WC-1938,T-75,P-52493,midfielder,MF
WC-1938,T-75,P-95497,defender,DF
WC-1938,T-75,P-34867,midfielder,MF
WC-1938,T-75,P-22319,forward,FW
WC-1938,T-75,P-81006,forward,FW
WC-1950,T-07,P-01989,defender,DF
WC-1950,T-07,P-11079,forward,FW
WC-1950,T-07,P-71503,midfielder,MF
WC-1950,T-07,P-15436,midfielder,MF
WC-1950,T-07,P-32386,goal keeper,GK
WC-1950,T-07,P-46561,midfielder,MF
WC-1950,T-07,P-44723,forward,FW
WC-1950,T-07,P-20091,defender,DF
WC-1950,T-07,P-67363,midfielder,MF
WC-1950,T-07,P-05119,forward,FW
WC-1950,T-07,P-72370,midfielder,MF
WC-1950,T-07,P-52656,forward,FW
WC-1950,T-07,P-97528,defender,DF
WC-1950,T-07,P-69661,forward,FW
WC-1950,T-07,P-25954,forward,FW
WC-1950,T-07,P-71481,goal keeper,GK
WC-1950,T-07,P-27174,forward,FW
WC-1950,T-07,P-58955,forward,FW
WC-1950,T-07,P-11841,midfielder,MF
WC-1950,T-07,P-54466,midfielder,MF
WC-1950,T-07,P-97331,forward,FW
WC-1950,T-07,P-05024,midfielder,MF
WC-1950,T-09,P-56943,forward,FW
WC-1950,T-09,P-49381,forward,FW
WC-1950,T-09,P-83086,forward,FW
WC-1950,T-09,P-68961,defender,DF
WC-1950,T-09,P-17754,forward,FW
WC-1950,T-09,P-54481,goal keeper,GK
WC-1950,T-09,P-80201,midfielder,MF
WC-1950,T-09,P-22051,midfielder,MF
WC-1950,T-09,P-86570,goal keeper,GK
WC-1950,T-09,P-22428,forward,FW
WC-1950,T-09,P-28983,midfielder,MF
WC-1950,T-09,P-69827,midfielder,MF
WC-1950,T-09,P-21738,forward,FW
WC-1950,T-09,P-44754,forward,FW
WC-1950,T-09,P-06730,defender,DF
WC-1950,T-09,P-99436,forward,FW
WC-1950,T-09,P-59996,defender,DF
WC-1950,T-09,P-48847,midfielder,MF
WC-1950,T-09,P-03310,forward,FW
WC-1950,T-09,P-17764,midfielder,MF
WC-1950,T-09,P-75955,defender,DF
WC-1950,T-09,P-73743,forward,FW
WC-1950,T-13,P-09739,defender,DF
WC-1950,T-13,P-56673,midfielder,MF
WC-1950,T-13,P-16365,midfielder,MF
WC-1950,T-13,P-19583,midfielder,MF
WC-1950,T-13,P-86320,forward,FW
WC-1950,T-13,P-73717,forward,FW
WC-1950,T-13,P-22625,defender,DF
WC-1950,T-13,P-01719,defender,DF
WC-1950,T-13,P-12771,forward,FW
WC-1950,T-13,P-45101,forward,FW
WC-1950,T-13,P-59252,goal keeper,GK
WC-1950,T-13,P-79363,defender,DF
WC-1950,T-13,P-27728,forward,FW
WC-1950,T-13,P-53655,forward,FW
WC-1950,T-13,P-56453,forward,FW
WC-1950,T-13,P-79097,goal keeper,GK
WC-1950,T-13,P-92243,forward,FW
WC-1950,T-13,P-14657,forward,FW
WC-1950,T-13,P-22014,midfielder,MF
WC-1950,T-13,P-42994,defender,DF
WC-1950,T-13,P-07709,midfielder,MF
WC-1950,T-13,P-54152,defender,DF
WC-1950,T-28,P-81597,defender,DF
WC-1950,T-28,P-41814,forward,FW
WC-1950,T-28,P-64577,forward,FW
WC-1950,T-28,P-15889,midfielder,MF
WC-1950,T-28,P-49092,midfielder,MF
WC-1950,T-28,P-82421,goal keeper,GK
WC-1950,T-28,P-05485,defender,DF
WC-1950,T-28,P-86813,forward,FW
WC-1950,T-28,P-07563,defender,DF
WC-1950,T-28,P-71516,forward,FW
WC-1950,T-28,P-51382,forward,FW
WC-1950,T-28,P-08234,forward,FW
WC-1950,T-28,P-89453,forward,FW
WC-1950,T-28,P-82512,forward,FW
WC-1950,T-28,P-66818,midfielder,MF
WC-1950,T-28,P-02061,defender,DF
WC-1950,T-28,P-01106,defender,DF
WC-1950,T-28,P-79620,defender,DF
WC-1950,T-28,P-25248,midfielder,MF
WC-1950,T-28,P-14235,goal keeper,GK
WC-1950,T-28,P-43459,midfielder,MF
WC-1950,T-41,P-92780,forward,FW
WC-1950,T-41,P-36550,defender,DF
WC-1950,T-41,P-05462,defender,DF
WC-1950,T-41,P-75209,forward,FW
WC-1950,T-41,P-62088,forward,FW
WC-1950,T-41,P-24692,forward,FW
WC-1950,T-41,P-36309,forward,FW
WC-1950,T-41,P-51460,forward,FW
WC-1950,T-41,P-06741,goal keeper,GK
WC-1950,T-41,P-23253,defender,DF
WC-1950,T-41,P-21916,defender,DF
WC-1950,T-41,P-98659,defender,DF
WC-1950,T-41,P-45203,forward,FW
WC-1950,T-41,P-74027,midfielder,MF
WC-1950,T-41,P-07093,midfielder,MF
WC-1950,T-41,P-73814,goal keeper,GK
WC-1950,T-41,P-49869,forward,FW
WC-1950,T-41,P-00152,forward,FW
WC-1950,T-41,P-58223,midfielder,MF
WC-1950,T-41,P-01357,midfielder,MF
WC-1950,T-41,P-59293,goal keeper,GK
WC-1950,T-41,P-42008,midfielder,MF
WC-1950,T-46,P-28840,forward,FW
WC-1950,T-46,P-69496,goal keeper,GK
WC-1950,T-46,P-22131,forward,FW
WC-1950,T-46,P-51375,goal keeper,GK
WC-1950,T-46,P-01521,midfielder,MF
WC-1950,T-46,P-52046,midfielder,MF
WC-1950,T-46,P-74225,defender,DF
WC-1950,T-46,P-25299,midfielder,MF
WC-1950,T-46,P-78559,defender,DF
WC-1950,T-46,P-10564,midfielder,MF
WC-1950,T-46,P-66344,defender,DF
WC-1950,T-46,P-44601,forward,FW
WC-1950,T-46,P-78973,forward,FW
WC-1950,T-46,P-98520,midfielder,MF
WC-1950,T-46,P-36858,midfielder,MF
WC-1950,T-46,P-49495,midfielder,MF
WC-1950,T-46,P-79398,forward,FW
WC-1950,T-46,P-92882,defender,DF
WC-1950,T-46,P-83784,defender,DF
WC-1950,T-46,P-65280,forward,FW
WC-1950,T-46,P-67199,forward,FW
WC-1950,T-46,P-55906,defender,DF
WC-1950,T-55,P-92179,forward,FW
WC-1950,T-55,P-96339,forward,FW
WC-1950,T-55,P-39480,midfielder,MF
WC-1950,T-55,P-76565,forward,FW
WC-1950,T-55,P-52495,defender,DF
WC-1950,T-55,P-92623,forward,FW
WC-1950,T-55,P-15799,forward,FW
WC-1950,T-55,P-69782,midfielder,MF
WC-1950,T-55,P-33494,goal keeper,GK
WC-1950,T-55,P-01889,defender,DF
WC-1950,T-55,P-95911,forward,FW
WC-1950,T-55,P-85737,defender,DF
WC-1950,T-55,P-01116,defender,DF
WC-1950,T-55,P-61383,midfielder,MF
WC-1950,T-55,P-40379,forward,FW
WC-1950,T-55,P-66341,midfielder,MF
WC-1950,T-55,P-31665,forward,FW
WC-1950,T-55,P-97223,forward,FW
WC-1950,T-55,P-02863,defender,DF
WC-1950,T-55,P-70832,forward,FW
WC-1950,T-55,P-22122,forward,FW
WC-1950,T-55,P-52199,goal keeper,GK
WC-1950,T-73,P-79480,goal keeper,GK
WC-1950,T-73,P-80682,defender,DF
WC-1950,T-73,P-49542,defender,DF
WC-1950,T-73,P-67172,defender,DF
WC-1950,T-73,P-26928,forward,FW
WC-1950,T-73,P-20802,forward,FW
WC-1950,T-73,P-57117,goal keeper,GK
WC-1950,T-73,P-92865,forward,FW
WC-1950,T-73,P-48908,defender,DF
WC-1950,T-73,P-69140,midfielder,MF
WC-1950,T-73,P-72035,forward,FW
WC-1950,T-73,P-24336,forward,FW
WC-1950,T-73,P-28347,forward,FW
WC-1950,T-73,P-57993,defender,DF
WC-1950,T-73,P-46247,midfielder,MF
WC-1950,T-73,P-07639,midfielder,MF
WC-1950,T-73,P-23492,midfielder,MF
WC-1950,T-73,P-33693,defender,DF
WC-1950,T-73,P-82311,midfielder,MF
WC-1950,T-73,P-72288,goal keeper,GK
WC-1950,T-73,P-25911,midfielder,MF
WC-1950,T-73,P-65220,forward,FW
WC-1950,T-74,P-38468,midfielder,MF
WC-1950,T-74,P-91027,midfielder,MF
WC-1950,T-74,P-39881,midfielder,MF
WC-1950,T-74,P-03089,forward,FW
WC-1950,T-74,P-87826,defender,DF
WC-1950,T-74,P-84831,forward,FW
WC-1950,T-74,P-50231,goal keeper,GK
WC-1950,T-74,P-29497,defender,DF
WC-1950,T-74,P-59295,forward,FW
WC-1950,T-74,P-85347,defender,DF
WC-1950,T-74,P-81653,forward,FW
WC-1950,T-74,P-39211,midfielder,MF
WC-1950,T-74,P-52190,forward,FW
WC-1950,T-74,P-79649,midfielder,MF
WC-1950,T-74,P-87452,forward,FW
WC-1950,T-74,P-21477,defender,DF
WC-1950,T-74,P-33095,forward,FW
WC-1950,T-74,P-87073,forward,FW
WC-1950,T-74,P-15746,goal keeper,GK
WC-1950,T-74,P-35817,forward,FW
WC-1950,T-74,P-26019,goal keeper,GK
WC-1950,T-74,P-42194,forward,FW
WC-1950,T-75,P-98547,forward,FW
WC-1950,T-75,P-69750,forward,FW
WC-1950,T-75,P-40730,forward,FW
WC-1950,T-75,P-50918,forward,FW
WC-1950,T-75,P-27876,defender,DF
WC-1950,T-75,P-57868,goal keeper,GK
WC-1950,T-75,P-44178,midfielder,MF
WC-1950,T-75,P-80623,forward,FW
WC-1950,T-75,P-89785,forward,FW
WC-1950,T-75,P-01892,defender,DF
WC-1950,T-75,P-13066,goal keeper,GK
WC-1950,T-75,P-97894,defender,DF
WC-1950,T-75,P-93813,forward,FW
WC-1950,T-75,P-19543,defender,DF
WC-1950,T-75,P-75156,midfielder,MF
WC-1950,T-75,P-67346,defender,DF
WC-1950,T-75,P-05710,forward,FW
WC-1950,T-75,P-15697,forward,FW
WC-1950,T-75,P-71162,midfielder,MF
WC-1950,T-75,P-89657,defender,DF
WC-1950,T-75,P-00506,goal keeper,GK
WC-1950,T-75,P-15806,forward,FW
WC-1950,T-83,P-70389,defender,DF
WC-1950,T-83,P-43823,midfielder,MF
WC-1950,T-83,P-89288,goal keeper,GK
WC-1950,T-83,P-06124,midfielder,MF
WC-1950,T-83,P-81517,defender,DF
WC-1950,T-83,P-62878,forward,FW
WC-1950,T-83,P-26508,forward,FW
WC-1950,T-83,P-62622,forward,FW
WC-1950,T-83,P-85649,goal keeper,GK
WC-1950,T-83,P-71673,defender,DF
WC-1950,T-83,P-59276,defender,DF
WC-1950,T-83,P-46476,midfielder,MF
WC-1950,T-83,P-53883,forward,FW
WC-1950,T-83,P-88982,forward,FW
WC-1950,T-83,P-62843,forward,FW
WC-1950,T-83,P-81717,forward,FW
WC-1950,T-83,P-37569,forward,FW
WC-1950,T-83,P-87829,forward,FW
WC-1950,T-84,P-36262,forward,FW
WC-1950,T-84,P-14115,forward,FW
WC-1950,T-84,P-85637,defender,DF
WC-1950,T-84,P-16302,forward,FW
WC-1950,T-84,P-85328,defender,DF
WC-1950,T-84,P-54509,defender,DF
WC-1950,T-84,P-12327,defender,DF
WC-1950,T-84,P-38439,goal keeper,GK
WC-1950,T-84,P-18523,forward,FW
WC-1950,T-84,P-08534,forward,FW
WC-1950,T-84,P-00618,midfielder,MF
WC-1950,T-84,P-64761,goal keeper,GK
WC-1950,T-84,P-84660,forward,FW
WC-1950,T-84,P-76749,midfielder,MF
WC-1950,T-84,P-54124,forward,FW
WC-1950,T-84,P-40941,midfielder,MF
WC-1950,T-84,P-72726,forward,FW
WC-1950,T-84,P-38873,forward,FW
WC-1950,T-84,P-44446,defender,DF
WC-1950,T-84,P-65940,midfielder,MF
WC-1950,T-84,P-36239,forward,FW
WC-1950,T-84,P-67013,defender,DF
WC-1950,T-87,P-83771,midfielder,MF
WC-1950,T-87,P-06291,goal keeper,GK
WC-1950,T-87,P-83431,forward,FW
WC-1950,T-87,P-11158,defender,DF
WC-1950,T-87,P-23914,forward,FW
WC-1950,T-87,P-39366,midfielder,MF
WC-1950,T-87,P-69190,defender,DF
WC-1950,T-87,P-82339,midfielder,MF
WC-1950,T-87,P-78829,forward,FW
WC-1950,T-87,P-78579,defender,DF
WC-1950,T-87,P-54840,defender,DF
WC-1950,T-87,P-63357,midfielder,MF
WC-1950,T-87,P-22353,forward,FW
WC-1950,T-87,P-50931,forward,FW
WC-1950,T-87,P-37589,goal keeper,GK
WC-1950,T-87,P-87730,forward,FW
WC-1950,T-87,P-08770,midfielder,MF
WC-1950,T-87,P-70887,midfielder,MF
WC-1950,T-87,P-23555,defender,DF
WC-1950,T-87,P-07620,forward,FW
WC-1950,T-87,P-93505,forward,FW
WC-1950,T-87,P-60319,defender,DF
WC-1954,T-05,P-69826,goal keeper,GK
WC-1954,T-05,P-98569,defender,DF
WC-1954,T-05,P-34192,defender,DF
WC-1954,T-05,P-75651,defender,DF
WC-1954,T-05,P-53882,midfielder,MF
WC-1954,T-05,P-32967,midfielder,MF
WC-1954,T-05,P-57242,forward,FW
WC-1954,T-05,P-28341,forward,FW
WC-1954,T-05,P-35865,forward,FW
WC-1954,T-05,P-85257,midfielder,MF
WC-1954,T-05,P-26700,forward,FW
WC-1954,T-05,P-49790,midfielder,MF
WC-1954,T-05,P-66263,midfielder,MF
WC-1954,T-05,P-09648,midfielder,MF
WC-1954,T-05,P-16610,goal keeper,GK
WC-1954,T-05,P-93772,goal keeper,GK
WC-1954,T-05,P-89866,midfielder,MF
WC-1954,T-05,P-38526,midfielder,MF
WC-1954,T-05,P-80274,forward,FW
WC-1954,T-05,P-11040,defender,DF
WC-1954,T-05,P-51339,forward,FW
WC-1954,T-05,P-38037,forward,FW
WC-1954,T-06,P-88474,goal keeper,GK
WC-1954,T-06,P-82650,defender,DF
WC-1954,T-06,P-50070,defender,DF
WC-1954,T-06,P-93298,defender,DF
WC-1954,T-06,P-34780,midfielder,MF
WC-1954,T-06,P-66559,midfielder,MF
WC-1954,T-06,P-67742,midfielder,MF
WC-1954,T-06,P-90085,forward,FW
WC-1954,T-06,P-26664,forward,FW
WC-1954,T-06,P-99158,forward,FW
WC-1954,T-06,P-21144,forward,FW
WC-1954,T-06,P-43724,goal keeper,GK
WC-1954,T-06,P-01895,defender,DF
WC-1954,T-06,P-52841,midfielder,MF
WC-1954,T-06,P-62692,forward,FW
WC-1954,T-06,P-19279,forward,FW
WC-1954,T-06,P-88961,goal keeper,GK
WC-1954,T-06,P-14373,defender,DF
WC-1954,T-06,P-02344,midfielder,MF
WC-1954,T-06,P-16358,midfielder,MF
WC-1954,T-06,P-88434,midfielder,MF
WC-1954,T-06,P-65653,forward,FW
WC-1954,T-09,P-86570,goal keeper,GK
WC-1954,T-09,P-52002,defender,DF
WC-1954,T-09,P-75955,defender,DF
WC-1954,T-09,P-25037,defender,DF
WC-1954,T-09,P-16760,midfielder,MF
WC-1954,T-09,P-80201,midfielder,MF
WC-1954,T-09,P-08966,forward,FW
WC-1954,T-09,P-76740,midfielder,MF
WC-1954,T-09,P-17754,forward,FW
WC-1954,T-09,P-15387,forward,FW
WC-1954,T-09,P-03310,forward,FW
WC-1954,T-09,P-09512,defender,DF
WC-1954,T-09,P-93949,defender,DF
WC-1954,T-09,P-69827,midfielder,MF
WC-1954,T-09,P-34782,defender,DF
WC-1954,T-09,P-15506,midfielder,MF
WC-1954,T-09,P-99918,forward,FW
WC-1954,T-09,P-04721,forward,FW
WC-1954,T-09,P-38339,forward,FW
WC-1954,T-09,P-45852,forward,FW
WC-1954,T-09,P-83158,goal keeper,GK
WC-1954,T-09,P-46849,goal keeper,GK
WC-1954,T-21,P-98896,goal keeper,GK
WC-1954,T-21,P-93437,defender,DF
WC-1954,T-21,P-21834,midfielder,MF
WC-1954,T-21,P-77492,defender,DF
WC-1954,T-21,P-45746,defender,DF
WC-1954,T-21,P-22957,midfielder,MF
WC-1954,T-21,P-16096,forward,FW
WC-1954,T-21,P-95256,forward,FW
WC-1954,T-21,P-36121,forward,FW
WC-1954,T-21,P-12214,forward,FW
WC-1954,T-21,P-19161,forward,FW
WC-1954,T-21,P-47234,defender,DF
WC-1954,T-21,P-34931,midfielder,MF
WC-1954,T-21,P-85922,midfielder,MF
WC-1954,T-21,P-59066,forward,FW
WC-1954,T-21,P-44038,midfielder,MF
WC-1954,T-21,P-94749,forward,FW
WC-1954,T-21,P-95129,forward,FW
WC-1954,T-21,P-20189,forward,FW
WC-1954,T-21,P-26239,forward,FW
WC-1954,T-21,P-71680,goal keeper,GK
WC-1954,T-21,P-09155,goal keeper,GK
WC-1954,T-28,P-19646,goal keeper,GK
WC-1954,T-28,P-38384,defender,DF
WC-1954,T-28,P-57872,defender,DF
WC-1954,T-28,P-43459,midfielder,MF
WC-1954,T-28,P-08874,midfielder,MF
WC-1954,T-28,P-49092,midfielder,MF
WC-1954,T-28,P-51382,forward,FW
WC-1954,T-28,P-88758,forward,FW
WC-1954,T-28,P-81234,forward,FW
WC-1954,T-28,P-81755,forward,FW
WC-1954,T-28,P-86813,forward,FW
WC-1954,T-28,P-29849,goal keeper,GK
WC-1954,T-28,P-03147,defender,DF
WC-1954,T-28,P-32350,midfielder,MF
WC-1954,T-28,P-25319,forward,FW
WC-1954,T-28,P-88110,midfielder,MF
WC-1954,T-28,P-82512,forward,FW
WC-1954,T-28,P-75107,midfielder,MF
WC-1954,T-28,P-16654,midfielder,MF
WC-1954,T-28,P-45485,forward,FW
WC-1954,T-28,P-03578,forward,FW
WC-1954,T-28,P-66723,forward,FW
WC-1954,T-30,P-15615,goal keeper,GK
WC-1954,T-30,P-06049,goal keeper,GK
WC-1954,T-30,P-02042,goal keeper,GK
WC-1954,T-30,P-46888,defender,DF
WC-1954,T-30,P-06319,defender,DF
WC-1954,T-30,P-76532,defender,DF
WC-1954,T-30,P-77459,defender,DF
WC-1954,T-30,P-39411,midfielder,MF
WC-1954,T-30,P-38451,midfielder,MF
WC-1954,T-30,P-37808,defender,DF
WC-1954,T-30,P-75698,midfielder,MF
WC-1954,T-30,P-47282,midfielder,MF
WC-1954,T-30,P-79631,forward,FW
WC-1954,T-30,P-66325,midfielder,MF
WC-1954,T-30,P-02848,forward,FW
WC-1954,T-30,P-21077,forward,FW
WC-1954,T-30,P-16064,forward,FW
WC-1954,T-30,P-94605,forward,FW
WC-1954,T-30,P-42108,forward,FW
WC-1954,T-30,P-10730,forward,FW
WC-1954,T-30,P-53023,forward,FW
WC-1954,T-30,P-78417,forward,FW
WC-1954,T-36,P-81262,goal keeper,GK
WC-1954,T-36,P-37134,defender,DF
WC-1954,T-36,P-40638,defender,DF
WC-1954,T-36,P-29493,defender,DF
WC-1954,T-36,P-70989,midfielder,MF
WC-1954,T-36,P-70943,midfielder,MF
WC-1954,T-36,P-23830,forward,FW
WC-1954,T-36,P-07028,forward,FW
WC-1954,T-36,P-01173,forward,FW
WC-1954,T-36,P-12676,forward,FW
WC-1954,T-36,P-93334,forward,FW
WC-1954,T-36,P-48019,defender,DF
WC-1954,T-36,P-15295,defender,DF
WC-1954,T-36,P-28478,midfielder,MF
WC-1954,T-36,P-44025,midfielder,MF
WC-1954,T-36,P-29822,midfielder,MF
WC-1954,T-36,P-97086,forward,FW
WC-1954,T-36,P-46961,forward,FW
WC-1954,T-36,P-42138,forward,FW
WC-1954,T-36,P-24411,forward,FW
WC-1954,T-36,P-09102,goal keeper,GK
WC-1954,T-36,P-32482,goal keeper,GK
WC-1954,T-41,P-98482,goal keeper,GK
WC-1954,T-41,P-89990,defender,DF
WC-1954,T-41,P-02078,defender,DF
WC-1954,T-41,P-53641,midfielder,MF
WC-1954,T-41,P-42008,midfielder,MF
WC-1954,T-41,P-17534,midfielder,MF
WC-1954,T-41,P-49869,forward,FW
WC-1954,T-41,P-00152,forward,FW
WC-1954,T-41,P-32442,forward,FW
WC-1954,T-41,P-24692,forward,FW
WC-1954,T-41,P-45203,forward,FW
WC-1954,T-41,P-66232,goal keeper,GK
WC-1954,T-41,P-27061,defender,DF
WC-1954,T-41,P-25424,defender,DF
WC-1954,T-41,P-07093,midfielder,MF
WC-1954,T-41,P-17792,midfielder,MF
WC-1954,T-41,P-93415,forward,FW
WC-1954,T-41,P-29194,forward,FW
WC-1954,T-41,P-75209,forward,FW
WC-1954,T-41,P-07167,midfielder,MF
WC-1954,T-41,P-64967,forward,FW
WC-1954,T-41,P-43291,goal keeper,GK
WC-1954,T-46,P-69496,goal keeper,GK
WC-1954,T-46,P-88284,defender,DF
WC-1954,T-46,P-84868,defender,DF
WC-1954,T-46,P-07090,defender,DF
WC-1954,T-46,P-53255,midfielder,MF
WC-1954,T-46,P-20318,midfielder,MF
WC-1954,T-46,P-11635,forward,FW
WC-1954,T-46,P-44601,forward,FW
WC-1954,T-46,P-53183,forward,FW
WC-1954,T-46,P-66576,forward,FW
WC-1954,T-46,P-12041,forward,FW
WC-1954,T-46,P-87406,goal keeper,GK
WC-1954,T-46,P-15310,defender,DF
WC-1954,T-46,P-84531,defender,DF
WC-1954,T-46,P-54240,forward,FW
WC-1954,T-46,P-46575,midfielder,MF
WC-1954,T-46,P-65280,forward,FW
WC-1954,T-46,P-81432,forward,FW
WC-1954,T-46,P-97314,forward,FW
WC-1954,T-46,P-92882,forward,FW
WC-1954,T-46,P-98520,midfielder,MF
WC-1954,T-46,P-45918,forward,FW
WC-1954,T-64,P-78119,goal keeper,GK
WC-1954,T-64,P-39669,defender,DF
WC-1954,T-64,P-35569,defender,DF
WC-1954,T-64,P-25807,defender,DF
WC-1954,T-64,P-47080,defender,DF
WC-1954,T-64,P-45574,midfielder,MF
WC-1954,T-64,P-70753,midfielder,MF
WC-1954,T-64,P-60694,forward,FW
WC-1954,T-64,P-28715,forward,FW
WC-1954,T-64,P-09457,forward,FW
WC-1954,T-64,P-15894,forward,FW
WC-1954,T-64,P-72928,forward,FW
WC-1954,T-64,P-70361,forward,FW
WC-1954,T-64,P-60745,goal keeper,GK
WC-1954,T-64,P-04087,forward,FW
WC-1954,T-64,P-83598,forward,FW
WC-1954,T-64,P-81374,midfielder,MF
WC-1954,T-64,P-42336,defender,DF
WC-1954,T-64,P-95817,forward,FW
WC-1954,T-64,P-47525,forward,FW
WC-1954,T-64,P-52450,forward,FW
WC-1954,T-64,P-43964,forward,FW
WC-1954,T-71,P-06529,goal keeper,GK
WC-1954,T-71,P-36442,defender,DF
WC-1954,T-71,P-00390,defender,DF
WC-1954,T-71,P-22072,midfielder,MF
WC-1954,T-71,P-05606,midfielder,MF
WC-1954,T-71,P-80874,defender,DF
WC-1954,T-71,P-85853,forward,FW
WC-1954,T-71,P-66707,forward,FW
WC-1954,T-71,P-68644,forward,FW
WC-1954,T-71,P-10808,forward,FW
WC-1954,T-71,P-04699,midfielder,MF
WC-1954,T-71,P-19652,goal keeper,GK
WC-1954,T-71,P-04951,defender,DF
WC-1954,T-71,P-10562,defender,DF
WC-1954,T-71,P-15820,midfielder,MF
WC-1954,T-71,P-18513,midfielder,MF
WC-1954,T-71,P-26638,forward,FW
WC-1954,T-71,P-87777,forward,FW
WC-1954,T-71,P-73309,forward,FW
WC-1954,T-71,P-06524,forward,FW
WC-1954,T-75,P-64611,goal keeper,GK
WC-1954,T-75,P-05331,goal keeper,GK
WC-1954,T-75,P-00506,goal keeper,GK
WC-1954,T-75,P-27876,midfielder,MF
WC-1954,T-75,P-20993,defender,DF
WC-1954,T-75,P-20604,defender,DF
WC-1954,T-75,P-19543,defender,DF
WC-1954,T-75,P-60020,midfielder,MF
WC-1954,T-75,P-53302,midfielder,MF
WC-1954,T-75,P-44178,midfielder,MF
WC-1954,T-75,P-09700,midfielder,MF
WC-1954,T-75,P-94112,midfielder,MF
WC-1954,T-75,P-68231,midfielder,MF
WC-1954,T-75,P-97894,defender,DF
WC-1954,T-75,P-98547,forward,FW
WC-1954,T-75,P-63738,forward,FW
WC-1954,T-75,P-80623,forward,FW
WC-1954,T-75,P-14406,forward,FW
WC-1954,T-75,P-51308,forward,FW
WC-1954,T-75,P-46939,forward,FW
WC-1954,T-75,P-30328,forward,FW
WC-1954,T-75,P-30097,forward,FW
WC-1954,T-80,P-09081,goal keeper,GK
WC-1954,T-80,P-90871,defender,DF
WC-1954,T-80,P-09221,defender,DF
WC-1954,T-80,P-04447,defender,DF
WC-1954,T-80,P-88846,midfielder,MF
WC-1954,T-80,P-58180,midfielder,MF
WC-1954,T-80,P-15472,forward,FW
WC-1954,T-80,P-71884,forward,FW
WC-1954,T-80,P-15041,forward,FW
WC-1954,T-80,P-04515,forward,FW
WC-1954,T-80,P-92456,forward,FW
WC-1954,T-80,P-38003,goal keeper,GK
WC-1954,T-80,P-25326,goal keeper,GK
WC-1954,T-80,P-81979,defender,DF
WC-1954,T-80,P-72128,midfielder,MF
WC-1954,T-80,P-70566,defender,DF
WC-1954,T-80,P-88221,defender,DF
WC-1954,T-80,P-41399,defender,DF
WC-1954,T-80,P-53949,defender,DF
WC-1954,T-80,P-72588,forward,FW
WC-1954,T-80,P-71030,forward,FW
WC-1954,T-80,P-93253,forward,FW
WC-1954,T-84,P-38439,goal keeper,GK
WC-1954,T-84,P-70798,defender,DF
WC-1954,T-84,P-12327,defender,DF
WC-1954,T-84,P-40941,midfielder,MF
WC-1954,T-84,P-65940,midfielder,MF
WC-1954,T-84,P-57200,midfielder,MF
WC-1954,T-84,P-78277,forward,FW
WC-1954,T-84,P-10601,forward,FW
WC-1954,T-84,P-18523,forward,FW
WC-1954,T-84,P-38873,forward,FW
WC-1954,T-84,P-90496,forward,FW
WC-1954,T-84,P-83575,goal keeper,GK
WC-1954,T-84,P-95472,defender,DF
WC-1954,T-84,P-44446,defender,DF
WC-1954,T-84,P-74898,midfielder,MF
WC-1954,T-84,P-80644,midfielder,MF
WC-1954,T-84,P-92883,midfielder,MF
WC-1954,T-84,P-93118,forward,FW
WC-1954,T-84,P-66683,forward,FW
WC-1954,T-84,P-96652,forward,FW
WC-1954,T-84,P-84660,forward,FW
WC-1954,T-84,P-13223,forward,FW
WC-1954,T-86,P-37943,goal keeper,GK
WC-1954,T-86,P-39583,defender,DF
WC-1954,T-86,P-51214,defender,DF
WC-1954,T-86,P-61853,defender,DF
WC-1954,T-86,P-34121,defender,DF
WC-1954,T-86,P-61483,midfielder,MF
WC-1954,T-86,P-68778,defender,DF
WC-1954,T-86,P-53545,midfielder,MF
WC-1954,T-86,P-09250,midfielder,MF
WC-1954,T-86,P-85009,defender,DF
WC-1954,T-86,P-39750,midfielder,MF
WC-1954,T-86,P-08136,forward,FW
WC-1954,T-86,P-05766,forward,FW
WC-1954,T-86,P-33698,forward,FW
WC-1954,T-86,P-71954,forward,FW
WC-1954,T-86,P-09973,forward,FW
WC-1954,T-86,P-58241,forward,FW
WC-1954,T-86,P-10374,forward,FW
WC-1954,T-86,P-57739,midfielder,MF
WC-1954,T-86,P-63184,forward,FW
WC-1954,T-86,P-80280,goal keeper,GK
WC-1954,T-86,P-15476,goal keeper,GK
WC-1954,T-87,P-06291,goal keeper,GK
WC-1954,T-87,P-23555,defender,DF
WC-1954,T-87,P-67864,defender,DF
WC-1954,T-87,P-39366,midfielder,MF
WC-1954,T-87,P-78579,defender,DF
WC-1954,T-87,P-81384,defender,DF
WC-1954,T-87,P-87730,forward,FW
WC-1954,T-87,P-50931,forward,FW
WC-1954,T-87,P-93505,forward,FW
WC-1954,T-87,P-83431,midfielder,MF
WC-1954,T-87,P-74352,forward,FW
WC-1954,T-87,P-52456,goal keeper,GK
WC-1954,T-87,P-13610,defender,DF
WC-1954,T-87,P-05550,midfielder,MF
WC-1954,T-87,P-70847,midfielder,MF
WC-1954,T-87,P-44949,defender,DF
WC-1954,T-87,P-43123,defender,DF
WC-1954,T-87,P-00042,forward,FW
WC-1954,T-87,P-95843,midfielder,MF
WC-1954,T-87,P-82751,forward,FW
WC-1954,T-87,P-47783,forward,FW
WC-1954,T-87,P-85317,forward,FW
WC-1958,T-03,P-69090,goal keeper,GK
WC-1958,T-03,P-10583,defender,DF
WC-1958,T-03,P-11223,defender,DF
WC-1958,T-03,P-15145,defender,DF
WC-1958,T-03,P-91035,defender,DF
WC-1958,T-03,P-40725,midfielder,MF
WC-1958,T-03,P-71952,forward,FW
WC-1958,T-03,P-43944,forward,FW
WC-1958,T-03,P-98280,forward,FW
WC-1958,T-03,P-35675,forward,FW
WC-1958,T-03,P-33713,forward,FW
WC-1958,T-03,P-73082,goal keeper,GK
WC-1958,T-03,P-35217,defender,DF
WC-1958,T-03,P-60343,defender,DF
WC-1958,T-03,P-81409,defender,DF
WC-1958,T-03,P-51757,midfielder,MF
WC-1958,T-03,P-86786,defender,DF
WC-1958,T-03,P-22258,forward,FW
WC-1958,T-03,P-20645,forward,FW
WC-1958,T-03,P-58138,forward,FW
WC-1958,T-03,P-46624,forward,FW
WC-1958,T-03,P-19812,forward,FW
WC-1958,T-05,P-82202,goal keeper,GK
WC-1958,T-05,P-11040,defender,DF
WC-1958,T-05,P-34192,defender,DF
WC-1958,T-05,P-03503,defender,DF
WC-1958,T-05,P-98569,defender,DF
WC-1958,T-05,P-32967,midfielder,MF
WC-1958,T-05,P-57255,forward,FW
WC-1958,T-05,P-05242,forward,FW
WC-1958,T-05,P-79204,forward,FW
WC-1958,T-05,P-26700,forward,FW
WC-1958,T-05,P-04538,forward,FW
WC-1958,T-05,P-69826,goal keeper,GK
WC-1958,T-05,P-28341,forward,FW
WC-1958,T-05,P-81537,forward,FW
WC-1958,T-05,P-66263,defender,DF
WC-1958,T-05,P-49790,midfielder,MF
WC-1958,T-05,P-54866,midfielder,MF
WC-1958,T-05,P-75651,defender,DF
WC-1958,T-05,P-80274,forward,FW
WC-1958,T-05,P-09741,forward,FW
WC-1958,T-05,P-51811,midfielder,MF
WC-1958,T-05,P-69227,goal keeper,GK
WC-1958,T-09,P-86570,goal keeper,GK
WC-1958,T-09,P-70724,defender,DF
WC-1958,T-09,P-07056,goal keeper,GK
WC-1958,T-09,P-52002,defender,DF
WC-1958,T-09,P-07441,midfielder,MF
WC-1958,T-09,P-76740,midfielder,MF
WC-1958,T-09,P-38164,forward,FW
WC-1958,T-09,P-82336,midfielder,MF
WC-1958,T-09,P-39031,midfielder,MF
WC-1958,T-09,P-38906,forward,FW
WC-1958,T-09,P-46080,forward,FW
WC-1958,T-09,P-75955,defender,DF
WC-1958,T-09,P-07545,midfielder,MF
WC-1958,T-09,P-20979,defender,DF
WC-1958,T-09,P-00577,defender,DF
WC-1958,T-09,P-34782,defender,DF
WC-1958,T-09,P-40185,forward,FW
WC-1958,T-09,P-60629,forward,FW
WC-1958,T-09,P-82525,midfielder,MF
WC-1958,T-09,P-45310,forward,FW
WC-1958,T-09,P-27005,forward,FW
WC-1958,T-09,P-54379,forward,FW
WC-1958,T-21,P-71680,goal keeper,GK
WC-1958,T-21,P-22974,defender,DF
WC-1958,T-21,P-08277,midfielder,MF
WC-1958,T-21,P-77492,defender,DF
WC-1958,T-21,P-37610,midfielder,MF
WC-1958,T-21,P-21834,defender,DF
WC-1958,T-21,P-26239,forward,FW
WC-1958,T-21,P-65506,forward,FW
WC-1958,T-21,P-90655,forward,FW
WC-1958,T-21,P-16445,forward,FW
WC-1958,T-21,P-94749,forward,FW
WC-1958,T-21,P-71720,forward,FW
WC-1958,T-21,P-28805,forward,FW
WC-1958,T-21,P-45404,forward,FW
WC-1958,T-21,P-85922,forward,FW
WC-1958,T-21,P-21516,defender,DF
WC-1958,T-21,P-55526,defender,DF
WC-1958,T-21,P-82183,midfielder,MF
WC-1958,T-21,P-70067,goal keeper,GK
WC-1958,T-21,P-39483,midfielder,MF
WC-1958,T-21,P-93437,defender,DF
WC-1958,T-21,P-09155,goal keeper,GK
WC-1958,T-28,P-06948,goal keeper,GK
WC-1958,T-28,P-58940,defender,DF
WC-1958,T-28,P-42945,defender,DF
WC-1958,T-28,P-39670,midfielder,MF
WC-1958,T-28,P-43459,defender,DF
WC-1958,T-28,P-47763,midfielder,MF
WC-1958,T-28,P-84663,forward,FW
WC-1958,T-28,P-34086,forward,FW
WC-1958,T-28,P-60811,forward,FW
WC-1958,T-28,P-03578,forward,FW
WC-1958,T-28,P-86813,forward,FW
WC-1958,T-28,P-55839,goal keeper,GK
WC-1958,T-28,P-79975,goal keeper,GK
WC-1958,T-28,P-69171,defender,DF
WC-1958,T-28,P-17583,midfielder,MF
WC-1958,T-28,P-93416,defender,DF
WC-1958,T-28,P-00300,forward,FW
WC-1958,T-28,P-75118,forward,FW
WC-1958,T-28,P-96877,forward,FW
WC-1958,T-28,P-08601,forward,FW
WC-1958,T-28,P-35894,forward,FW
WC-1958,T-28,P-97832,midfielder,MF
WC-1958,T-30,P-02042,goal keeper,GK
WC-1958,T-30,P-56360,goal keeper,GK
WC-1958,T-30,P-15615,goal keeper,GK
WC-1958,T-30,P-76532,defender,DF
WC-1958,T-30,P-23507,defender,DF
WC-1958,T-30,P-77459,defender,DF
WC-1958,T-30,P-94935,defender,DF
WC-1958,T-30,P-92981,midfielder,MF
WC-1958,T-30,P-81510,midfielder,MF
WC-1958,T-30,P-37808,midfielder,MF
WC-1958,T-30,P-63080,midfielder,MF
WC-1958,T-30,P-47282,midfielder,MF
WC-1958,T-30,P-66325,defender,DF
WC-1958,T-30,P-48323,midfielder,MF
WC-1958,T-30,P-02130,forward,FW
WC-1958,T-30,P-08451,forward,FW
WC-1958,T-30,P-77939,forward,FW
WC-1958,T-30,P-94605,midfielder,MF
WC-1958,T-30,P-86268,midfielder,MF
WC-1958,T-30,P-38969,forward,FW
WC-1958,T-30,P-78417,forward,FW
WC-1958,T-30,P-75977,forward,FW
WC-1958,T-36,P-81262,goal keeper,GK
WC-1958,T-36,P-61906,defender,DF
WC-1958,T-36,P-92656,defender,DF
WC-1958,T-36,P-44813,defender,DF
WC-1958,T-36,P-70989,defender,DF
WC-1958,T-36,P-73769,midfielder,MF
WC-1958,T-36,P-29822,midfielder,MF
WC-1958,T-36,P-82971,forward,FW
WC-1958,T-36,P-01173,forward,FW
WC-1958,T-36,P-77346,forward,FW
WC-1958,T-36,P-69885,forward,FW
WC-1958,T-36,P-48019,defender,DF
WC-1958,T-36,P-83705,defender,DF
WC-1958,T-36,P-44025,forward,FW
WC-1958,T-36,P-78478,midfielder,MF
WC-1958,T-36,P-91386,forward,FW
WC-1958,T-36,P-99943,forward,FW
WC-1958,T-36,P-78197,forward,FW
WC-1958,T-36,P-78802,forward,FW
WC-1958,T-36,P-47384,forward,FW
WC-1958,T-36,P-36108,forward,FW
WC-1958,T-36,P-01406,goal keeper,GK
WC-1958,T-46,P-69496,goal keeper,GK
WC-1958,T-46,P-75144,defender,DF
WC-1958,T-46,P-84868,midfielder,MF
WC-1958,T-46,P-56205,defender,DF
WC-1958,T-46,P-41805,defender,DF
WC-1958,T-46,P-70829,midfielder,MF
WC-1958,T-46,P-82053,midfielder,MF
WC-1958,T-46,P-92848,forward,FW
WC-1958,T-46,P-90775,forward,FW
WC-1958,T-46,P-53579,forward,FW
WC-1958,T-46,P-45721,forward,FW
WC-1958,T-46,P-97290,goal keeper,GK
WC-1958,T-46,P-21324,goal keeper,GK
WC-1958,T-46,P-01211,forward,FW
WC-1958,T-46,P-63904,midfielder,MF
WC-1958,T-46,P-92882,defender,DF
WC-1958,T-46,P-53255,defender,DF
WC-1958,T-46,P-96660,midfielder,MF
WC-1958,T-46,P-10223,defender,DF
WC-1958,T-46,P-54240,forward,FW
WC-1958,T-46,P-91558,forward,FW
WC-1958,T-46,P-95498,forward,FW
WC-1958,T-52,P-82415,goal keeper,GK
WC-1958,T-52,P-82190,defender,DF
WC-1958,T-52,P-03683,defender,DF
WC-1958,T-52,P-13513,midfielder,MF
WC-1958,T-52,P-56108,defender,DF
WC-1958,T-52,P-41288,midfielder,MF
WC-1958,T-52,P-12780,forward,FW
WC-1958,T-52,P-36975,forward,FW
WC-1958,T-52,P-79456,forward,FW
WC-1958,T-52,P-89933,forward,FW
WC-1958,T-52,P-77851,forward,FW
WC-1958,T-52,P-66051,goal keeper,GK
WC-1958,T-52,P-87116,forward,FW
WC-1958,T-52,P-81010,forward,FW
WC-1958,T-52,P-28578,forward,FW
WC-1958,T-52,P-15853,forward,FW
WC-1958,T-52,P-20825,forward,FW
WC-1958,T-52,P-33683,goal keeper,GK
WC-1958,T-52,P-87420,defender,DF
WC-1958,T-52,P-82907,midfielder,MF
WC-1958,T-52,P-87803,defender,DF
WC-1958,T-52,P-72502,forward,FW
WC-1958,T-55,P-31624,goal keeper,GK
WC-1958,T-55,P-15860,defender,DF
WC-1958,T-55,P-73770,midfielder,MF
WC-1958,T-55,P-17442,defender,DF
WC-1958,T-55,P-11712,midfielder,MF
WC-1958,T-55,P-25462,defender,DF
WC-1958,T-55,P-17292,forward,FW
WC-1958,T-55,P-22636,forward,FW
WC-1958,T-55,P-32438,forward,FW
WC-1958,T-55,P-17727,forward,FW
WC-1958,T-55,P-19817,forward,FW
WC-1958,T-55,P-43460,goal keeper,GK
WC-1958,T-55,P-85095,defender,DF
WC-1958,T-55,P-98385,defender,DF
WC-1958,T-55,P-85798,midfielder,MF
WC-1958,T-55,P-88328,forward,FW
WC-1958,T-55,P-41977,defender,DF
WC-1958,T-55,P-43310,forward,FW
WC-1958,T-55,P-33966,forward,FW
WC-1958,T-55,P-86843,forward,FW
WC-1958,T-55,P-65484,forward,FW
WC-1958,T-55,P-32612,forward,FW
WC-1958,T-64,P-00439,goal keeper,GK
WC-1958,T-64,P-18281,goal keeper,GK
WC-1958,T-64,P-22201,defender,DF
WC-1958,T-64,P-42014,defender,DF
WC-1958,T-64,P-79871,defender,DF
WC-1958,T-64,P-89367,defender,DF
WC-1958,T-64,P-70034,defender,DF
WC-1958,T-64,P-87139,midfielder,MF
WC-1958,T-64,P-25807,defender,DF
WC-1958,T-64,P-47080,midfielder,MF
WC-1958,T-64,P-25161,midfielder,MF
WC-1958,T-64,P-70753,midfielder,MF
WC-1958,T-64,P-73507,forward,FW
WC-1958,T-64,P-90549,forward,FW
WC-1958,T-64,P-76869,forward,FW
WC-1958,T-64,P-07282,forward,FW
WC-1958,T-64,P-19215,forward,FW
WC-1958,T-64,P-13330,forward,FW
WC-1958,T-64,P-75309,forward,FW
WC-1958,T-64,P-91151,forward,FW
WC-1958,T-64,P-27462,forward,FW
WC-1958,T-64,P-72928,forward,FW
WC-1958,T-72,P-09317,goal keeper,GK
WC-1958,T-72,P-48811,defender,DF
WC-1958,T-72,P-33632,midfielder,MF
WC-1958,T-72,P-49657,defender,DF
WC-1958,T-72,P-69088,defender,DF
WC-1958,T-72,P-65970,midfielder,MF
WC-1958,T-72,P-35585,forward,FW
WC-1958,T-72,P-11702,forward,FW
WC-1958,T-72,P-54948,forward,FW
WC-1958,T-72,P-67694,forward,FW
WC-1958,T-72,P-80609,forward,FW
WC-1958,T-72,P-92483,goal keeper,GK
WC-1958,T-72,P-01959,goal keeper,GK
WC-1958,T-72,P-04392,defender,DF
WC-1958,T-72,P-63158,defender,DF
WC-1958,T-72,P-49145,midfielder,MF
WC-1958,T-72,P-92440,forward,FW
WC-1958,T-72,P-77966,forward,FW
WC-1958,T-72,P-87288,forward,FW
WC-1958,T-72,P-45067,forward,FW
WC-1958,T-72,P-09442,forward,FW
WC-1958,T-72,P-68478,defender,DF
WC-1958,T-74,P-15746,goal keeper,GK
WC-1958,T-74,P-25529,defender,DF
WC-1958,T-74,P-08805,defender,DF
WC-1958,T-74,P-10338,midfielder,MF
WC-1958,T-74,P-80056,defender,DF
WC-1958,T-74,P-42409,midfielder,MF
WC-1958,T-74,P-20173,midfielder,MF
WC-1958,T-74,P-69813,forward,FW
WC-1958,T-74,P-82312,forward,FW
WC-1958,T-74,P-44518,forward,FW
WC-1958,T-74,P-33095,midfielder,MF
WC-1958,T-74,P-26019,goal keeper,GK
WC-1958,T-74,P-63780,defender,DF
WC-1958,T-74,P-65514,defender,DF
WC-1958,T-74,P-91855,midfielder,MF
WC-1958,T-74,P-37296,goal keeper,GK
WC-1958,T-74,P-21974,midfielder,MF
WC-1958,T-74,P-81709,forward,FW
WC-1958,T-74,P-81023,forward,FW
WC-1958,T-74,P-59295,forward,FW
WC-1958,T-74,P-12844,midfielder,MF
WC-1958,T-74,P-92811,forward,FW
WC-1958,T-85,P-51617,goal keeper,GK
WC-1958,T-85,P-50023,defender,DF
WC-1958,T-85,P-78856,defender,DF
WC-1958,T-85,P-66078,defender,DF
WC-1958,T-85,P-66610,midfielder,MF
WC-1958,T-85,P-57163,midfielder,MF
WC-1958,T-85,P-90482,forward,FW
WC-1958,T-85,P-08340,forward,FW
WC-1958,T-85,P-12687,forward,FW
WC-1958,T-85,P-71223,forward,FW
WC-1958,T-85,P-29764,forward,FW
WC-1958,T-85,P-10948,goal keeper,GK
WC-1958,T-85,P-85966,goal keeper,GK
WC-1958,T-85,P-72420,defender,DF
WC-1958,T-85,P-27720,defender,DF
WC-1958,T-85,P-49064,midfielder,MF
WC-1958,T-85,P-22295,forward,FW
WC-1958,T-85,P-51500,forward,FW
WC-1958,T-85,P-89259,forward,FW
WC-1958,T-85,P-08736,midfielder,MF
WC-1958,T-85,P-00452,midfielder,MF
WC-1958,T-85,P-01974,midfielder,MF
WC-1958,T-86,P-66256,goal keeper,GK
WC-1958,T-86,P-34121,defender,DF
WC-1958,T-86,P-34271,defender,DF
WC-1958,T-86,P-61483,midfielder,MF
WC-1958,T-86,P-05971,defender,DF
WC-1958,T-86,P-55225,midfielder,MF
WC-1958,T-86,P-02292,defender,DF
WC-1958,T-86,P-08136,forward,FW
WC-1958,T-86,P-09973,midfielder,MF
WC-1958,T-86,P-96191,midfielder,MF
WC-1958,T-86,P-63184,forward,FW
WC-1958,T-86,P-64138,forward,FW
WC-1958,T-86,P-33698,forward,FW
WC-1958,T-86,P-93539,forward,FW
WC-1958,T-86,P-11664,forward,FW
WC-1958,T-86,P-06103,forward,FW
WC-1958,T-86,P-93072,defender,DF
WC-1958,T-86,P-30065,midfielder,MF
WC-1958,T-86,P-48102,midfielder,MF
WC-1958,T-86,P-45615,defender,DF
WC-1958,T-86,P-24558,goal keeper,GK
WC-1958,T-86,P-15476,goal keeper,GK
WC-1958,T-87,P-06291,goal keeper,GK
WC-1958,T-87,P-68158,goal keeper,GK
WC-1958,T-87,P-76961,defender,DF
WC-1958,T-87,P-67864,defender,DF
WC-1958,T-87,P-92425,defender,DF
WC-1958,T-87,P-74352,defender,DF
WC-1958,T-87,P-00042,forward,FW
WC-1958,T-87,P-27264,midfielder,MF
WC-1958,T-87,P-81384,midfielder,MF
WC-1958,T-87,P-71169,midfielder,MF
WC-1958,T-87,P-16586,defender,DF
WC-1958,T-87,P-85317,forward,FW
WC-1958,T-87,P-47783,forward,FW
WC-1958,T-87,P-52170,defender,DF
WC-1958,T-87,P-15756,midfielder,MF
WC-1958,T-87,P-32217,forward,FW
WC-1958,T-87,P-24259,midfielder,MF
WC-1958,T-87,P-17091,forward,FW
WC-1958,T-87,P-47145,forward,FW
WC-1958,T-87,P-10089,goal keeper,GK
WC-1958,T-87,P-44453,defender,DF
WC-1958,T-87,P-55024,forward,FW
WC-1962,T-03,P-00855,goal keeper,GK
WC-1962,T-03,P-86786,defender,DF
WC-1962,T-03,P-00867,defender,DF
WC-1962,T-03,P-25685,defender,DF
WC-1962,T-03,P-81303,midfielder,MF
WC-1962,T-03,P-28121,defender,DF
WC-1962,T-03,P-14074,forward,FW
WC-1962,T-03,P-18389,forward,FW
WC-1962,T-03,P-71464,forward,FW
WC-1962,T-03,P-46624,forward,FW
WC-1962,T-03,P-33017,forward,FW
WC-1962,T-03,P-84034,goal keeper,GK
WC-1962,T-03,P-47266,midfielder,MF
WC-1962,T-03,P-34981,defender,DF
WC-1962,T-03,P-36583,defender,DF
WC-1962,T-03,P-92300,midfielder,MF
WC-1962,T-03,P-27099,defender,DF
WC-1962,T-03,P-96092,defender,DF
WC-1962,T-03,P-27897,forward,FW
WC-1962,T-03,P-90625,forward,FW
WC-1962,T-03,P-32023,midfielder,MF
WC-1962,T-03,P-17625,forward,FW
WC-1962,T-09,P-07056,goal keeper,GK
WC-1962,T-09,P-52002,defender,DF
WC-1962,T-09,P-34782,defender,DF
WC-1962,T-09,P-82525,midfielder,MF
WC-1962,T-09,P-39031,defender,DF
WC-1962,T-09,P-75955,defender,DF
WC-1962,T-09,P-46080,forward,FW
WC-1962,T-09,P-76740,midfielder,MF
WC-1962,T-09,P-87810,forward,FW
WC-1962,T-09,P-38906,forward,FW
WC-1962,T-09,P-54379,forward,FW
WC-1962,T-09,P-17125,defender,DF
WC-1962,T-09,P-70724,defender,DF
WC-1962,T-09,P-76352,defender,DF
WC-1962,T-09,P-58585,defender,DF
WC-1962,T-09,P-89643,midfielder,MF
WC-1962,T-09,P-21480,midfielder,MF
WC-1962,T-09,P-13437,forward,FW
WC-1962,T-09,P-45310,forward,FW
WC-1962,T-09,P-96621,forward,FW
WC-1962,T-09,P-38164,forward,FW
WC-1962,T-09,P-86570,goal keeper,GK
WC-1962,T-10,P-03284,goal keeper,GK
WC-1962,T-10,P-88804,defender,DF
WC-1962,T-10,P-19802,defender,DF
WC-1962,T-10,P-20700,midfielder,MF
WC-1962,T-10,P-80720,defender,DF
WC-1962,T-10,P-55242,midfielder,MF
WC-1962,T-10,P-03125,midfielder,MF
WC-1962,T-10,P-31348,defender,DF
WC-1962,T-10,P-52425,forward,FW
WC-1962,T-10,P-89534,forward,FW
WC-1962,T-10,P-22594,forward,FW
WC-1962,T-10,P-01172,defender,DF
WC-1962,T-10,P-82222,forward,FW
WC-1962,T-10,P-14962,forward,FW
WC-1962,T-10,P-72803,forward,FW
WC-1962,T-10,P-76463,midfielder,MF
WC-1962,T-10,P-46885,midfielder,MF
WC-1962,T-10,P-90267,goal keeper,GK
WC-1962,T-10,P-06520,forward,FW
WC-1962,T-10,P-03916,goal keeper,GK
WC-1962,T-10,P-88639,forward,FW
WC-1962,T-10,P-08847,forward,FW
WC-1962,T-13,P-00747,goal keeper,GK
WC-1962,T-13,P-15923,defender,DF
WC-1962,T-13,P-53489,defender,DF
WC-1962,T-13,P-51334,defender,DF
WC-1962,T-13,P-79148,defender,DF
WC-1962,T-13,P-65214,midfielder,MF
WC-1962,T-13,P-98252,forward,FW
WC-1962,T-13,P-01618,midfielder,MF
WC-1962,T-13,P-87363,forward,FW
WC-1962,T-13,P-69887,forward,FW
WC-1962,T-13,P-22224,forward,FW
WC-1962,T-13,P-80104,goal keeper,GK
WC-1962,T-13,P-43288,defender,DF
WC-1962,T-13,P-36467,defender,DF
WC-1962,T-13,P-77566,defender,DF
WC-1962,T-13,P-23529,defender,DF
WC-1962,T-13,P-58900,midfielder,MF
WC-1962,T-13,P-97048,forward,FW
WC-1962,T-13,P-52647,forward,FW
WC-1962,T-13,P-42198,forward,FW
WC-1962,T-13,P-04782,forward,FW
WC-1962,T-13,P-24782,goal keeper,GK
WC-1962,T-16,P-79242,goal keeper,GK
WC-1962,T-16,P-60014,goal keeper,GK
WC-1962,T-16,P-32148,defender,DF
WC-1962,T-16,P-40750,defender,DF
WC-1962,T-16,P-75261,defender,DF
WC-1962,T-16,P-87249,defender,DF
WC-1962,T-16,P-98630,defender,DF
WC-1962,T-16,P-48377,defender,DF
WC-1962,T-16,P-16644,midfielder,MF
WC-1962,T-16,P-61986,midfielder,MF
WC-1962,T-16,P-10418,defender,DF
WC-1962,T-16,P-38014,midfielder,MF
WC-1962,T-16,P-17067,forward,FW
WC-1962,T-16,P-81306,forward,FW
WC-1962,T-16,P-32950,midfielder,MF
WC-1962,T-16,P-09775,forward,FW
WC-1962,T-16,P-07544,forward,FW
WC-1962,T-16,P-79071,forward,FW
WC-1962,T-16,P-73967,forward,FW
WC-1962,T-16,P-31841,forward,FW
WC-1962,T-16,P-37056,forward,FW
WC-1962,T-16,P-93894,forward,FW
WC-1962,T-21,P-09155,goal keeper,GK
WC-1962,T-21,P-10947,defender,DF
WC-1962,T-21,P-21516,defender,DF
WC-1962,T-21,P-77492,defender,DF
WC-1962,T-21,P-21834,defender,DF
WC-1962,T-21,P-37610,midfielder,MF
WC-1962,T-21,P-53400,midfielder,MF
WC-1962,T-21,P-82183,forward,FW
WC-1962,T-21,P-90655,forward,FW
WC-1962,T-21,P-34289,forward,FW
WC-1962,T-21,P-26685,forward,FW
WC-1962,T-21,P-46630,defender,DF
WC-1962,T-21,P-63937,goal keeper,GK
WC-1962,T-21,P-88346,forward,FW
WC-1962,T-21,P-62981,forward,FW
WC-1962,T-21,P-55526,defender,DF
WC-1962,T-21,P-57430,forward,FW
WC-1962,T-21,P-90033,forward,FW
WC-1962,T-21,P-25708,forward,FW
WC-1962,T-21,P-16445,forward,FW
WC-1962,T-21,P-69107,goal keeper,GK
WC-1962,T-21,P-22136,defender,DF
WC-1962,T-28,P-22822,goal keeper,GK
WC-1962,T-28,P-44896,defender,DF
WC-1962,T-28,P-15317,defender,DF
WC-1962,T-28,P-34086,midfielder,MF
WC-1962,T-28,P-10882,defender,DF
WC-1962,T-28,P-05132,midfielder,MF
WC-1962,T-28,P-09806,midfielder,MF
WC-1962,T-28,P-75574,forward,FW
WC-1962,T-28,P-98541,forward,FW
WC-1962,T-28,P-03578,forward,FW
WC-1962,T-28,P-08601,forward,FW
WC-1962,T-28,P-79975,goal keeper,GK
WC-1962,T-28,P-60811,forward,FW
WC-1962,T-28,P-42021,midfielder,MF
WC-1962,T-28,P-93416,defender,DF
WC-1962,T-28,P-52816,defender,DF
WC-1962,T-28,P-84663,midfielder,MF
WC-1962,T-28,P-33839,forward,FW
WC-1962,T-28,P-87143,forward,FW
WC-1962,T-28,P-97255,midfielder,MF
WC-1962,T-28,P-58940,defender,DF
WC-1962,T-28,P-70505,midfielder,MF
WC-1962,T-36,P-81262,goal keeper,GK
WC-1962,T-36,P-61906,defender,DF
WC-1962,T-36,P-95637,defender,DF
WC-1962,T-36,P-44813,defender,DF
WC-1962,T-36,P-01864,defender,DF
WC-1962,T-36,P-92656,midfielder,MF
WC-1962,T-36,P-69885,forward,FW
WC-1962,T-36,P-78670,forward,FW
WC-1962,T-36,P-21188,forward,FW
WC-1962,T-36,P-82971,midfielder,MF
WC-1962,T-36,P-36108,forward,FW
WC-1962,T-36,P-93850,defender,DF
WC-1962,T-36,P-52027,defender,DF
WC-1962,T-36,P-99498,midfielder,MF
WC-1962,T-36,P-01410,midfielder,MF
WC-1962,T-36,P-74113,forward,FW
WC-1962,T-36,P-30138,forward,FW
WC-1962,T-36,P-78197,forward,FW
WC-1962,T-36,P-23218,forward,FW
WC-1962,T-36,P-04081,forward,FW
WC-1962,T-36,P-05681,goal keeper,GK
WC-1962,T-36,P-01406,goal keeper,GK
WC-1962,T-41,P-95875,goal keeper,GK
WC-1962,T-41,P-05300,defender,DF
WC-1962,T-41,P-11175,midfielder,MF
WC-1962,T-41,P-97727,defender,DF
WC-1962,T-41,P-34023,defender,DF
WC-1962,T-41,P-53115,midfielder,MF
WC-1962,T-41,P-14709,forward,FW
WC-1962,T-41,P-80419,forward,FW
WC-1962,T-41,P-60629,forward,FW
WC-1962,T-41,P-12682,forward,FW
WC-1962,T-41,P-34797,forward,FW
WC-1962,T-41,P-40979,goal keeper,GK
WC-1962,T-41,P-73673,goal keeper,GK
WC-1962,T-41,P-62214,forward,FW
WC-1962,T-41,P-39599,forward,FW
WC-1962,T-41,P-31011,defender,DF
WC-1962,T-41,P-50486,forward,FW
WC-1962,T-41,P-29660,defender,DF
WC-1962,T-41,P-89616,defender,DF
WC-1962,T-41,P-92379,midfielder,MF
WC-1962,T-41,P-37836,midfielder,MF
WC-1962,T-41,P-72738,forward,FW
WC-1962,T-46,P-69496,goal keeper,GK
WC-1962,T-46,P-75144,defender,DF
WC-1962,T-46,P-63904,defender,DF
WC-1962,T-46,P-56205,defender,DF
WC-1962,T-46,P-53255,defender,DF
WC-1962,T-46,P-46575,midfielder,MF
WC-1962,T-46,P-32063,forward,FW
WC-1962,T-46,P-92848,midfielder,MF
WC-1962,T-46,P-61576,forward,FW
WC-1962,T-46,P-52254,forward,FW
WC-1962,T-46,P-05631,forward,FW
WC-1962,T-46,P-21324,goal keeper,GK
WC-1962,T-46,P-76847,defender,DF
WC-1962,T-46,P-87807,midfielder,MF
WC-1962,T-46,P-48537,defender,DF
WC-1962,T-46,P-09921,midfielder,MF
WC-1962,T-46,P-12371,forward,FW
WC-1962,T-46,P-82053,forward,FW
WC-1962,T-46,P-47450,forward,FW
WC-1962,T-46,P-32657,midfielder,MF
WC-1962,T-46,P-70795,forward,FW
WC-1962,T-46,P-62196,goal keeper,GK
WC-1962,T-72,P-09317,goal keeper,GK
WC-1962,T-72,P-92483,goal keeper,GK
WC-1962,T-72,P-56493,goal keeper,GK
WC-1962,T-72,P-70032,defender,DF
WC-1962,T-72,P-68508,defender,DF
WC-1962,T-72,P-04392,defender,DF
WC-1962,T-72,P-63158,defender,DF
WC-1962,T-72,P-28651,midfielder,MF
WC-1962,T-72,P-35635,midfielder,MF
WC-1962,T-72,P-65970,midfielder,MF
WC-1962,T-72,P-22661,midfielder,MF
WC-1962,T-72,P-63252,defender,DF
WC-1962,T-72,P-87288,forward,FW
WC-1962,T-72,P-11702,forward,FW
WC-1962,T-72,P-63122,forward,FW
WC-1962,T-72,P-03441,forward,FW
WC-1962,T-72,P-45798,forward,FW
WC-1962,T-72,P-19936,midfielder,MF
WC-1962,T-72,P-05819,forward,FW
WC-1962,T-72,P-60181,forward,FW
WC-1962,T-72,P-57969,midfielder,MF
WC-1962,T-72,P-38721,midfielder,MF
WC-1962,T-73,P-58349,goal keeper,GK
WC-1962,T-73,P-39089,goal keeper,GK
WC-1962,T-73,P-90224,goal keeper,GK
WC-1962,T-73,P-61299,forward,FW
WC-1962,T-73,P-80578,midfielder,MF
WC-1962,T-73,P-34403,forward,FW
WC-1962,T-73,P-00987,defender,DF
WC-1962,T-73,P-31306,defender,DF
WC-1962,T-73,P-09022,forward,FW
WC-1962,T-73,P-12970,defender,DF
WC-1962,T-73,P-82150,defender,DF
WC-1962,T-73,P-15268,midfielder,MF
WC-1962,T-73,P-89577,defender,DF
WC-1962,T-73,P-12676,forward,FW
WC-1962,T-73,P-93628,forward,FW
WC-1962,T-73,P-59058,defender,DF
WC-1962,T-73,P-81323,defender,DF
WC-1962,T-73,P-03894,midfielder,MF
WC-1962,T-73,P-70798,defender,DF
WC-1962,T-73,P-61313,defender,DF
WC-1962,T-73,P-39055,forward,FW
WC-1962,T-73,P-00941,midfielder,MF
WC-1962,T-75,P-70926,goal keeper,GK
WC-1962,T-75,P-73008,goal keeper,GK
WC-1962,T-75,P-32477,goal keeper,GK
WC-1962,T-75,P-97894,midfielder,MF
WC-1962,T-75,P-92709,defender,DF
WC-1962,T-75,P-33226,defender,DF
WC-1962,T-75,P-99095,defender,DF
WC-1962,T-75,P-95816,defender,DF
WC-1962,T-75,P-55057,defender,DF
WC-1962,T-75,P-36812,defender,DF
WC-1962,T-75,P-46939,defender,DF
WC-1962,T-75,P-00793,forward,FW
WC-1962,T-75,P-32732,midfielder,MF
WC-1962,T-75,P-14618,midfielder,MF
WC-1962,T-75,P-98547,forward,FW
WC-1962,T-75,P-52416,forward,FW
WC-1962,T-75,P-09700,forward,FW
WC-1962,T-75,P-14930,forward,FW
WC-1962,T-75,P-58469,forward,FW
WC-1962,T-75,P-30097,midfielder,MF
WC-1962,T-75,P-25619,forward,FW
WC-1962,T-75,P-57789,forward,FW
WC-1962,T-84,P-83945,goal keeper,GK
WC-1962,T-84,P-11119,defender,DF
WC-1962,T-84,P-36059,defender,DF
WC-1962,T-84,P-96412,defender,DF
WC-1962,T-84,P-41691,midfielder,MF
WC-1962,T-84,P-28196,midfielder,MF
WC-1962,T-84,P-04270,forward,FW
WC-1962,T-84,P-82186,midfielder,MF
WC-1962,T-84,P-15857,forward,FW
WC-1962,T-84,P-47892,midfielder,MF
WC-1962,T-84,P-81929,forward,FW
WC-1962,T-84,P-30655,goal keeper,GK
WC-1962,T-84,P-12327,defender,DF
WC-1962,T-84,P-89509,defender,DF
WC-1962,T-84,P-72837,midfielder,MF
WC-1962,T-84,P-92902,defender,DF
WC-1962,T-84,P-89353,defender,DF
WC-1962,T-84,P-05619,midfielder,MF
WC-1962,T-84,P-04101,forward,FW
WC-1962,T-84,P-77314,forward,FW
WC-1962,T-84,P-35342,forward,FW
WC-1962,T-84,P-82133,forward,FW
WC-1962,T-86,P-35661,goal keeper,GK
WC-1962,T-86,P-34121,defender,DF
WC-1962,T-86,P-93072,defender,DF
WC-1962,T-86,P-77426,defender,DF
WC-1962,T-86,P-41116,defender,DF
WC-1962,T-86,P-55225,midfielder,MF
WC-1962,T-86,P-41843,midfielder,MF
WC-1962,T-86,P-12272,forward,FW
WC-1962,T-86,P-64138,forward,FW
WC-1962,T-86,P-12917,midfielder,MF
WC-1962,T-86,P-63184,forward,FW
WC-1962,T-86,P-83060,defender,DF
WC-1962,T-86,P-48317,defender,DF
WC-1962,T-86,P-65688,defender,DF
WC-1962,T-86,P-27606,midfielder,MF
WC-1962,T-86,P-06103,midfielder,MF
WC-1962,T-86,P-24131,forward,FW
WC-1962,T-86,P-19353,midfielder,MF
WC-1962,T-86,P-48720,forward,FW
WC-1962,T-86,P-10351,forward,FW
WC-1962,T-86,P-24558,goal keeper,GK
WC-1962,T-86,P-98864,goal keeper,GK
WC-1962,T-87,P-50189,goal keeper,GK
WC-1962,T-87,P-38654,defender,DF
WC-1962,T-87,P-32623,defender,DF
WC-1962,T-87,P-67185,midfielder,MF
WC-1962,T-87,P-15585,defender,DF
WC-1962,T-87,P-16586,defender,DF
WC-1962,T-87,P-64450,forward,FW
WC-1962,T-87,P-15756,midfielder,MF
WC-1962,T-87,P-55024,forward,FW
WC-1962,T-87,P-05537,midfielder,MF
WC-1962,T-87,P-47998,forward,FW
WC-1962,T-87,P-68158,goal keeper,GK
WC-1962,T-87,P-39332,defender,DF
WC-1962,T-87,P-76961,defender,DF
WC-1962,T-87,P-47431,midfielder,MF
WC-1962,T-87,P-03917,forward,FW
WC-1962,T-87,P-55272,midfielder,MF
WC-1962,T-87,P-66765,midfielder,MF
WC-1962,T-87,P-78976,goal keeper,GK
WC-1962,T-87,P-04783,defender,DF
WC-1962,T-87,P-09067,forward,FW
WC-1962,T-87,P-33786,midfielder,MF
WC-1966,T-03,P-00855,goal keeper,GK
WC-1966,T-03,P-62756,goal keeper,GK
WC-1966,T-03,P-21555,goal keeper,GK
WC-1966,T-03,P-94783,defender,DF
WC-1966,T-03,P-40725,midfielder,MF
WC-1966,T-03,P-53257,midfielder,MF
WC-1966,T-03,P-00867,defender,DF
WC-1966,T-03,P-05616,defender,DF
WC-1966,T-03,P-61271,midfielder,MF
WC-1966,T-03,P-92300,midfielder,MF
WC-1966,T-03,P-42100,midfielder,MF
WC-1966,T-03,P-27099,midfielder,MF
WC-1966,T-03,P-49889,defender,DF
WC-1966,T-03,P-44727,forward,FW
WC-1966,T-03,P-62533,midfielder,MF
WC-1966,T-03,P-17625,forward,FW
WC-1966,T-03,P-46231,midfielder,MF
WC-1966,T-03,P-35675,forward,FW
WC-1966,T-03,P-47496,forward,FW
WC-1966,T-03,P-20306,forward,FW
WC-1966,T-03,P-97042,forward,FW
WC-1966,T-03,P-95542,forward,FW
WC-1966,T-09,P-07056,goal keeper,GK
WC-1966,T-09,P-52002,defender,DF
WC-1966,T-09,P-18102,defender,DF
WC-1966,T-09,P-70724,defender,DF
WC-1966,T-09,P-59934,defender,DF
WC-1966,T-09,P-58585,defender,DF
WC-1966,T-09,P-00577,defender,DF
WC-1966,T-09,P-86293,defender,DF
WC-1966,T-09,P-84905,defender,DF
WC-1966,T-09,P-38906,forward,FW
WC-1966,T-09,P-04354,midfielder,MF
WC-1966,T-09,P-39644,goal keeper,GK
WC-1966,T-09,P-34746,midfielder,MF
WC-1966,T-09,P-40151,midfielder,MF
WC-1966,T-09,P-82525,midfielder,MF
WC-1966,T-09,P-46080,forward,FW
WC-1966,T-09,P-77430,midfielder,MF
WC-1966,T-09,P-66524,forward,FW
WC-1966,T-09,P-93168,forward,FW
WC-1966,T-09,P-53202,midfielder,MF
WC-1966,T-09,P-66939,forward,FW
WC-1966,T-09,P-49805,forward,FW
WC-1966,T-10,P-03284,goal keeper,GK
WC-1966,T-10,P-53019,defender,DF
WC-1966,T-10,P-07046,defender,DF
WC-1966,T-10,P-66746,defender,DF
WC-1966,T-10,P-59856,defender,DF
WC-1966,T-10,P-01172,defender,DF
WC-1966,T-10,P-06520,midfielder,MF
WC-1966,T-10,P-20700,midfielder,MF
WC-1966,T-10,P-72803,forward,FW
WC-1966,T-10,P-26899,forward,FW
WC-1966,T-10,P-89534,forward,FW
WC-1966,T-10,P-67000,midfielder,MF
WC-1966,T-10,P-22594,forward,FW
WC-1966,T-10,P-01235,forward,FW
WC-1966,T-10,P-05257,defender,DF
WC-1966,T-10,P-76463,forward,FW
WC-1966,T-10,P-04189,forward,FW
WC-1966,T-10,P-12058,midfielder,MF
WC-1966,T-10,P-94330,defender,DF
WC-1966,T-10,P-92893,midfielder,MF
WC-1966,T-10,P-66734,goal keeper,GK
WC-1966,T-10,P-79047,goal keeper,GK
WC-1966,T-13,P-47391,forward,FW
WC-1966,T-13,P-77734,defender,DF
WC-1966,T-13,P-42198,midfielder,MF
WC-1966,T-13,P-23529,midfielder,MF
WC-1966,T-13,P-98099,defender,DF
WC-1966,T-13,P-15923,defender,DF
WC-1966,T-13,P-95834,defender,DF
WC-1966,T-13,P-69887,forward,FW
WC-1966,T-13,P-80104,goal keeper,GK
WC-1966,T-13,P-52787,midfielder,MF
WC-1966,T-13,P-87363,forward,FW
WC-1966,T-13,P-83441,midfielder,MF
WC-1966,T-13,P-61074,goal keeper,GK
WC-1966,T-13,P-33539,midfielder,MF
WC-1966,T-13,P-98252,midfielder,MF
WC-1966,T-13,P-06141,forward,FW
WC-1966,T-13,P-22224,midfielder,MF
WC-1966,T-13,P-04782,midfielder,MF
WC-1966,T-13,P-39340,forward,FW
WC-1966,T-13,P-24618,defender,DF
WC-1966,T-13,P-42080,defender,DF
WC-1966,T-13,P-27288,forward,FW
WC-1966,T-28,P-74455,goal keeper,GK
WC-1966,T-28,P-56457,defender,DF
WC-1966,T-28,P-15317,defender,DF
WC-1966,T-28,P-34887,midfielder,MF
WC-1966,T-28,P-43761,defender,DF
WC-1966,T-28,P-52816,defender,DF
WC-1966,T-28,P-22841,midfielder,MF
WC-1966,T-28,P-75574,forward,FW
WC-1966,T-28,P-08601,midfielder,MF
WC-1966,T-28,P-34802,forward,FW
WC-1966,T-28,P-09806,forward,FW
WC-1966,T-28,P-22822,goal keeper,GK
WC-1966,T-28,P-25979,goal keeper,GK
WC-1966,T-28,P-44896,defender,DF
WC-1966,T-28,P-64663,defender,DF
WC-1966,T-28,P-34233,midfielder,MF
WC-1966,T-28,P-05132,midfielder,MF
WC-1966,T-28,P-70457,defender,DF
WC-1966,T-28,P-01287,forward,FW
WC-1966,T-28,P-49523,midfielder,MF
WC-1966,T-28,P-33839,forward,FW
WC-1966,T-28,P-97255,midfielder,MF
WC-1966,T-30,P-03644,goal keeper,GK
WC-1966,T-30,P-15235,defender,DF
WC-1966,T-30,P-43085,forward,FW
WC-1966,T-30,P-90417,midfielder,MF
WC-1966,T-30,P-53136,defender,DF
WC-1966,T-30,P-94477,defender,DF
WC-1966,T-30,P-08286,defender,DF
WC-1966,T-30,P-98706,forward,FW
WC-1966,T-30,P-57925,forward,FW
WC-1966,T-30,P-39420,defender,DF
WC-1966,T-30,P-20709,defender,DF
WC-1966,T-30,P-86721,defender,DF
WC-1966,T-30,P-93859,forward,FW
WC-1966,T-30,P-05248,forward,FW
WC-1966,T-30,P-59228,midfielder,MF
WC-1966,T-30,P-77479,midfielder,MF
WC-1966,T-30,P-41229,midfielder,MF
WC-1966,T-30,P-17245,defender,DF
WC-1966,T-30,P-03840,forward,FW
WC-1966,T-30,P-94089,midfielder,MF
WC-1966,T-30,P-95105,goal keeper,GK
WC-1966,T-30,P-46980,goal keeper,GK
WC-1966,T-36,P-05681,goal keeper,GK
WC-1966,T-36,P-34606,defender,DF
WC-1966,T-36,P-61906,defender,DF
WC-1966,T-36,P-93850,defender,DF
WC-1966,T-36,P-95637,defender,DF
WC-1966,T-36,P-92656,midfielder,MF
WC-1966,T-36,P-82516,forward,FW
WC-1966,T-36,P-88739,midfielder,MF
WC-1966,T-36,P-21188,midfielder,MF
WC-1966,T-36,P-74113,forward,FW
WC-1966,T-36,P-30138,forward,FW
WC-1966,T-36,P-36108,forward,FW
WC-1966,T-36,P-55221,midfielder,MF
WC-1966,T-36,P-99498,midfielder,MF
WC-1966,T-36,P-35206,forward,FW
WC-1966,T-36,P-82971,forward,FW
WC-1966,T-36,P-49366,defender,DF
WC-1966,T-36,P-52027,defender,DF
WC-1966,T-36,P-82931,forward,FW
WC-1966,T-36,P-07203,forward,FW
WC-1966,T-36,P-32722,goal keeper,GK
WC-1966,T-36,P-64569,goal keeper,GK
WC-1966,T-41,P-73673,goal keeper,GK
WC-1966,T-41,P-08972,goal keeper,GK
WC-1966,T-41,P-01013,midfielder,MF
WC-1966,T-41,P-72738,midfielder,MF
WC-1966,T-41,P-42540,defender,DF
WC-1966,T-41,P-68170,defender,DF
WC-1966,T-41,P-11488,midfielder,MF
WC-1966,T-41,P-18770,defender,DF
WC-1966,T-41,P-89616,defender,DF
WC-1966,T-41,P-68792,forward,FW
WC-1966,T-41,P-35433,defender,DF
WC-1966,T-41,P-27425,midfielder,MF
WC-1966,T-41,P-46187,midfielder,MF
WC-1966,T-41,P-91195,forward,FW
WC-1966,T-41,P-77332,forward,FW
WC-1966,T-41,P-50486,forward,FW
WC-1966,T-41,P-73715,midfielder,MF
WC-1966,T-41,P-59807,goal keeper,GK
WC-1966,T-41,P-62214,forward,FW
WC-1966,T-41,P-91752,forward,FW
WC-1966,T-41,P-45085,defender,DF
WC-1966,T-41,P-97727,defender,DF
WC-1966,T-46,P-69496,goal keeper,GK
WC-1966,T-46,P-76847,defender,DF
WC-1966,T-46,P-64553,defender,DF
WC-1966,T-46,P-75144,defender,DF
WC-1966,T-46,P-48537,defender,DF
WC-1966,T-46,P-05631,midfielder,MF
WC-1966,T-46,P-12371,midfielder,MF
WC-1966,T-46,P-91914,forward,FW
WC-1966,T-46,P-85684,forward,FW
WC-1966,T-46,P-48001,forward,FW
WC-1966,T-46,P-37767,forward,FW
WC-1966,T-46,P-66980,goal keeper,GK
WC-1966,T-46,P-13602,midfielder,MF
WC-1966,T-46,P-35938,defender,DF
WC-1966,T-46,P-69898,defender,DF
WC-1966,T-46,P-93728,midfielder,MF
WC-1966,T-46,P-29553,midfielder,MF
WC-1966,T-46,P-28249,midfielder,MF
WC-1966,T-46,P-92848,forward,FW
WC-1966,T-46,P-55734,forward,FW
WC-1966,T-46,P-65845,forward,FW
WC-1966,T-46,P-04130,goal keeper,GK
WC-1966,T-51,P-36838,goal keeper,GK
WC-1966,T-51,P-48502,defender,DF
WC-1966,T-51,P-67273,defender,DF
WC-1966,T-51,P-06709,midfielder,MF
WC-1966,T-51,P-61086,defender,DF
WC-1966,T-51,P-00480,midfielder,MF
WC-1966,T-51,P-64788,forward,FW
WC-1966,T-51,P-87203,forward,FW
WC-1966,T-51,P-60695,goal keeper,GK
WC-1966,T-51,P-11641,forward,FW
WC-1966,T-51,P-50323,midfielder,MF
WC-1966,T-51,P-40283,forward,FW
WC-1966,T-51,P-40761,defender,DF
WC-1966,T-51,P-06724,defender,DF
WC-1966,T-51,P-59059,forward,FW
WC-1966,T-51,P-45281,midfielder,MF
WC-1966,T-51,P-52780,midfielder,MF
WC-1966,T-51,P-70204,midfielder,MF
WC-1966,T-51,P-88081,defender,DF
WC-1966,T-51,P-27004,defender,DF
WC-1966,T-51,P-03861,midfielder,MF
WC-1966,T-51,P-74112,forward,FW
WC-1966,T-58,P-44487,goal keeper,GK
WC-1966,T-58,P-67001,goal keeper,GK
WC-1966,T-58,P-91257,goal keeper,GK
WC-1966,T-58,P-53884,defender,DF
WC-1966,T-58,P-44233,defender,DF
WC-1966,T-58,P-70918,midfielder,MF
WC-1966,T-58,P-13304,forward,FW
WC-1966,T-58,P-74248,forward,FW
WC-1966,T-58,P-39642,midfielder,MF
WC-1966,T-58,P-03493,midfielder,MF
WC-1966,T-58,P-60225,midfielder,MF
WC-1966,T-58,P-67663,midfielder,MF
WC-1966,T-58,P-74747,forward,FW
WC-1966,T-58,P-64664,midfielder,MF
WC-1966,T-58,P-79162,forward,FW
WC-1966,T-58,P-44642,midfielder,MF
WC-1966,T-58,P-36538,defender,DF
WC-1966,T-58,P-68398,forward,FW
WC-1966,T-58,P-24730,midfielder,MF
WC-1966,T-58,P-58433,defender,DF
WC-1966,T-58,P-09642,defender,DF
WC-1966,T-58,P-60146,defender,DF
WC-1966,T-72,P-09317,goal keeper,GK
WC-1966,T-72,P-60181,forward,FW
WC-1966,T-72,P-04392,defender,DF
WC-1966,T-72,P-36991,defender,DF
WC-1966,T-72,P-76618,midfielder,MF
WC-1966,T-72,P-28651,defender,DF
WC-1966,T-72,P-90524,midfielder,MF
WC-1966,T-72,P-22661,midfielder,MF
WC-1966,T-72,P-60231,defender,DF
WC-1966,T-72,P-40669,defender,DF
WC-1966,T-72,P-38721,midfielder,MF
WC-1966,T-72,P-63252,midfielder,MF
WC-1966,T-72,P-99442,defender,DF
WC-1966,T-72,P-24268,midfielder,MF
WC-1966,T-72,P-57969,forward,FW
WC-1966,T-72,P-19936,forward,FW
WC-1966,T-72,P-53800,forward,FW
WC-1966,T-72,P-44798,forward,FW
WC-1966,T-72,P-83456,forward,FW
WC-1966,T-72,P-87023,forward,FW
WC-1966,T-72,P-79597,goal keeper,GK
WC-1966,T-72,P-91040,goal keeper,GK
WC-1966,T-73,P-61200,goal keeper,GK
WC-1966,T-73,P-50021,defender,DF
WC-1966,T-73,P-50137,defender,DF
WC-1966,T-73,P-80578,midfielder,MF
WC-1966,T-73,P-42046,midfielder,MF
WC-1966,T-73,P-48822,midfielder,MF
WC-1966,T-73,P-05221,midfielder,MF
WC-1966,T-73,P-80285,forward,FW
WC-1966,T-73,P-49138,forward,FW
WC-1966,T-73,P-39055,forward,FW
WC-1966,T-73,P-09022,forward,FW
WC-1966,T-73,P-93882,goal keeper,GK
WC-1966,T-73,P-45285,goal keeper,GK
WC-1966,T-73,P-82150,defender,DF
WC-1966,T-73,P-59058,defender,DF
WC-1966,T-73,P-03159,defender,DF
WC-1966,T-73,P-08045,defender,DF
WC-1966,T-73,P-58423,midfielder,MF
WC-1966,T-73,P-53638,midfielder,MF
WC-1966,T-73,P-15268,midfielder,MF
WC-1966,T-73,P-03894,midfielder,MF
WC-1966,T-73,P-34577,forward,FW
WC-1966,T-75,P-70926,goal keeper,GK
WC-1966,T-75,P-71588,defender,DF
WC-1966,T-75,P-93161,defender,DF
WC-1966,T-75,P-20138,midfielder,MF
WC-1966,T-75,P-81281,defender,DF
WC-1966,T-75,P-52416,midfielder,MF
WC-1966,T-75,P-48137,midfielder,MF
WC-1966,T-75,P-57315,midfielder,MF
WC-1966,T-75,P-55057,midfielder,MF
WC-1966,T-75,P-20997,forward,FW
WC-1966,T-75,P-73866,forward,FW
WC-1966,T-75,P-11454,goal keeper,GK
WC-1966,T-75,P-53124,forward,FW
WC-1966,T-75,P-69289,defender,DF
WC-1966,T-75,P-70292,midfielder,MF
WC-1966,T-75,P-42555,forward,FW
WC-1966,T-75,P-00836,forward,FW
WC-1966,T-75,P-99095,defender,DF
WC-1966,T-75,P-01529,midfielder,MF
WC-1966,T-75,P-95816,defender,DF
WC-1966,T-75,P-98546,midfielder,MF
WC-1966,T-75,P-95773,goal keeper,GK
WC-1966,T-84,P-53140,goal keeper,GK
WC-1966,T-84,P-11119,defender,DF
WC-1966,T-84,P-41231,defender,DF
WC-1966,T-84,P-34358,midfielder,MF
WC-1966,T-84,P-41691,defender,DF
WC-1966,T-84,P-30744,midfielder,MF
WC-1966,T-84,P-82186,midfielder,MF
WC-1966,T-84,P-63431,forward,FW
WC-1966,T-84,P-15857,forward,FW
WC-1966,T-84,P-47892,forward,FW
WC-1966,T-84,P-04270,forward,FW
WC-1966,T-84,P-83945,goal keeper,GK
WC-1966,T-84,P-18360,defender,DF
WC-1966,T-84,P-36059,defender,DF
WC-1966,T-84,P-63224,defender,DF
WC-1966,T-84,P-89353,defender,DF
WC-1966,T-84,P-03368,midfielder,MF
WC-1966,T-84,P-22700,forward,FW
WC-1966,T-84,P-77314,midfielder,MF
WC-1966,T-84,P-98414,defender,DF
WC-1966,T-84,P-99710,midfielder,MF
WC-1966,T-84,P-61834,goal keeper,GK
WC-1966,T-86,P-35661,goal keeper,GK
WC-1966,T-86,P-28162,defender,DF
WC-1966,T-86,P-93072,defender,DF
WC-1966,T-86,P-72864,midfielder,MF
WC-1966,T-86,P-77426,defender,DF
WC-1966,T-86,P-11099,defender,DF
WC-1966,T-86,P-12917,midfielder,MF
WC-1966,T-86,P-12272,forward,FW
WC-1966,T-86,P-64138,forward,FW
WC-1966,T-86,P-86276,forward,FW
WC-1966,T-86,P-32446,forward,FW
WC-1966,T-86,P-60896,midfielder,MF
WC-1966,T-86,P-05324,forward,FW
WC-1966,T-86,P-19519,defender,DF
WC-1966,T-86,P-83141,defender,DF
WC-1966,T-86,P-86015,midfielder,MF
WC-1966,T-86,P-55399,defender,DF
WC-1966,T-86,P-50033,defender,DF
WC-1966,T-86,P-71648,forward,FW
WC-1966,T-86,P-48733,forward,FW
WC-1966,T-86,P-85955,goal keeper,GK
WC-1966,T-86,P-14080,goal keeper,GK
WC-1970,T-06,P-92631,goal keeper,GK
WC-1970,T-06,P-23037,defender,DF
WC-1970,T-06,P-98745,defender,DF
WC-1970,T-06,P-23879,defender,DF
WC-1970,T-06,P-77985,defender,DF
WC-1970,T-06,P-74479,midfielder,MF
WC-1970,T-06,P-67478,midfielder,MF
WC-1970,T-06,P-47829,midfielder,MF
WC-1970,T-06,P-89771,forward,FW
WC-1970,T-06,P-94646,forward,FW
WC-1970,T-06,P-67309,forward,FW
WC-1970,T-06,P-69901,goal keeper,GK
WC-1970,T-06,P-47589,defender,DF
WC-1970,T-06,P-43522,midfielder,MF
WC-1970,T-06,P-43168,midfielder,MF
WC-1970,T-06,P-42364,midfielder,MF
WC-1970,T-06,P-13390,midfielder,MF
WC-1970,T-06,P-59854,forward,FW
WC-1970,T-06,P-69323,forward,FW
WC-1970,T-06,P-69996,midfielder,MF
WC-1970,T-06,P-77729,forward,FW
WC-1970,T-06,P-62963,goal keeper,GK
WC-1970,T-09,P-39749,goal keeper,GK
WC-1970,T-09,P-59934,defender,DF
WC-1970,T-09,P-02965,midfielder,MF
WC-1970,T-09,P-25829,defender,DF
WC-1970,T-09,P-14923,midfielder,MF
WC-1970,T-09,P-15663,defender,DF
WC-1970,T-09,P-77430,forward,FW
WC-1970,T-09,P-04354,midfielder,MF
WC-1970,T-09,P-53202,forward,FW
WC-1970,T-09,P-38906,forward,FW
WC-1970,T-09,P-85778,midfielder,MF
WC-1970,T-09,P-47010,goal keeper,GK
WC-1970,T-09,P-97113,forward,FW
WC-1970,T-09,P-87388,defender,DF
WC-1970,T-09,P-17395,defender,DF
WC-1970,T-09,P-27277,defender,DF
WC-1970,T-09,P-34222,defender,DF
WC-1970,T-09,P-65181,midfielder,MF
WC-1970,T-09,P-49805,forward,FW
WC-1970,T-09,P-03810,forward,FW
WC-1970,T-09,P-72683,defender,DF
WC-1970,T-09,P-06015,goal keeper,GK
WC-1970,T-10,P-66734,goal keeper,GK
WC-1970,T-10,P-53019,defender,DF
WC-1970,T-10,P-19802,defender,DF
WC-1970,T-10,P-30493,defender,DF
WC-1970,T-10,P-92893,midfielder,MF
WC-1970,T-10,P-59856,defender,DF
WC-1970,T-10,P-02372,forward,FW
WC-1970,T-10,P-63835,forward,FW
WC-1970,T-10,P-26899,forward,FW
WC-1970,T-10,P-22594,forward,FW
WC-1970,T-10,P-06520,midfielder,MF
WC-1970,T-10,P-47776,defender,DF
WC-1970,T-10,P-18674,goal keeper,GK
WC-1970,T-10,P-01172,defender,DF
WC-1970,T-10,P-66746,defender,DF
WC-1970,T-10,P-45469,midfielder,MF
WC-1970,T-10,P-15241,defender,DF
WC-1970,T-10,P-28376,forward,FW
WC-1970,T-10,P-72803,midfielder,MF
WC-1970,T-10,P-27243,midfielder,MF
WC-1970,T-10,P-99127,forward,FW
WC-1970,T-10,P-92968,goal keeper,GK
WC-1970,T-21,P-15216,goal keeper,GK
WC-1970,T-21,P-49133,defender,DF
WC-1970,T-21,P-95896,defender,DF
WC-1970,T-21,P-22118,defender,DF
WC-1970,T-21,P-88857,defender,DF
WC-1970,T-21,P-25708,forward,FW
WC-1970,T-21,P-37315,midfielder,MF
WC-1970,T-21,P-61272,forward,FW
WC-1970,T-21,P-43628,midfielder,MF
WC-1970,T-21,P-34289,forward,FW
WC-1970,T-21,P-31552,forward,FW
WC-1970,T-21,P-99091,defender,DF
WC-1970,T-21,P-21149,goal keeper,GK
WC-1970,T-21,P-04640,defender,DF
WC-1970,T-21,P-43520,defender,DF
WC-1970,T-21,P-48978,midfielder,MF
WC-1970,T-21,P-46923,midfielder,MF
WC-1970,T-21,P-33536,midfielder,MF
WC-1970,T-21,P-94047,midfielder,MF
WC-1970,T-21,P-06647,forward,FW
WC-1970,T-21,P-90487,forward,FW
WC-1970,T-21,P-17536,goal keeper,GK
WC-1970,T-27,P-08268,goal keeper,GK
WC-1970,T-27,P-00086,defender,DF
WC-1970,T-27,P-60582,defender,DF
WC-1970,T-27,P-54377,defender,DF
WC-1970,T-27,P-33258,defender,DF
WC-1970,T-27,P-02166,midfielder,MF
WC-1970,T-27,P-83098,midfielder,MF
WC-1970,T-27,P-16270,midfielder,MF
WC-1970,T-27,P-49544,midfielder,MF
WC-1970,T-27,P-10096,forward,FW
WC-1970,T-27,P-24464,forward,FW
WC-1970,T-27,P-58367,forward,FW
WC-1970,T-27,P-04639,goal keeper,GK
WC-1970,T-27,P-98965,defender,DF
WC-1970,T-27,P-70115,forward,FW
WC-1970,T-27,P-86181,midfielder,MF
WC-1970,T-27,P-65859,forward,FW
WC-1970,T-27,P-87801,defender,DF
WC-1970,T-27,P-55432,midfielder,MF
WC-1970,T-27,P-10061,goal keeper,GK
WC-1970,T-27,P-28429,forward,FW
WC-1970,T-27,P-56225,midfielder,MF
WC-1970,T-28,P-74455,goal keeper,GK
WC-1970,T-28,P-79568,defender,DF
WC-1970,T-28,P-40921,defender,DF
WC-1970,T-28,P-62668,midfielder,MF
WC-1970,T-28,P-49952,defender,DF
WC-1970,T-28,P-52816,defender,DF
WC-1970,T-28,P-88728,forward,FW
WC-1970,T-28,P-22841,midfielder,MF
WC-1970,T-28,P-08601,midfielder,MF
WC-1970,T-28,P-34802,forward,FW
WC-1970,T-28,P-34233,midfielder,MF
WC-1970,T-28,P-25979,goal keeper,GK
WC-1970,T-28,P-43486,goal keeper,GK
WC-1970,T-28,P-22176,defender,DF
WC-1970,T-28,P-34887,defender,DF
WC-1970,T-28,P-63494,midfielder,MF
WC-1970,T-28,P-43761,defender,DF
WC-1970,T-28,P-70457,defender,DF
WC-1970,T-28,P-77223,midfielder,MF
WC-1970,T-28,P-11917,forward,FW
WC-1970,T-28,P-52978,forward,FW
WC-1970,T-28,P-27328,forward,FW
WC-1970,T-40,P-09393,goal keeper,GK
WC-1970,T-40,P-08449,defender,DF
WC-1970,T-40,P-92635,defender,DF
WC-1970,T-40,P-87631,midfielder,MF
WC-1970,T-40,P-78005,defender,DF
WC-1970,T-40,P-94998,defender,DF
WC-1970,T-40,P-95383,midfielder,MF
WC-1970,T-40,P-62232,forward,FW
WC-1970,T-40,P-95869,forward,FW
WC-1970,T-40,P-77834,forward,FW
WC-1970,T-40,P-22729,midfielder,MF
WC-1970,T-40,P-10922,midfielder,MF
WC-1970,T-40,P-14437,forward,FW
WC-1970,T-40,P-37385,midfielder,MF
WC-1970,T-40,P-86314,forward,FW
WC-1970,T-40,P-60216,defender,DF
WC-1970,T-40,P-75509,forward,FW
WC-1970,T-40,P-43630,midfielder,MF
WC-1970,T-40,P-91215,midfielder,MF
WC-1970,T-40,P-39275,defender,DF
WC-1970,T-40,P-18748,goal keeper,GK
WC-1970,T-40,P-66373,goal keeper,GK
WC-1970,T-41,P-73673,goal keeper,GK
WC-1970,T-41,P-42540,defender,DF
WC-1970,T-41,P-68170,defender,DF
WC-1970,T-41,P-56668,defender,DF
WC-1970,T-41,P-53189,defender,DF
WC-1970,T-41,P-28851,midfielder,MF
WC-1970,T-41,P-77413,midfielder,MF
WC-1970,T-41,P-45085,defender,DF
WC-1970,T-41,P-03206,defender,DF
WC-1970,T-41,P-72033,midfielder,MF
WC-1970,T-41,P-00119,forward,FW
WC-1970,T-41,P-48831,goal keeper,GK
WC-1970,T-41,P-67671,forward,FW
WC-1970,T-41,P-62214,midfielder,MF
WC-1970,T-41,P-91195,midfielder,MF
WC-1970,T-41,P-77530,midfielder,MF
WC-1970,T-41,P-68967,goal keeper,GK
WC-1970,T-41,P-68792,defender,DF
WC-1970,T-41,P-86117,forward,FW
WC-1970,T-41,P-92154,forward,FW
WC-1970,T-41,P-05329,defender,DF
WC-1970,T-41,P-63857,forward,FW
WC-1970,T-46,P-66980,goal keeper,GK
WC-1970,T-46,P-80210,defender,DF
WC-1970,T-46,P-64553,defender,DF
WC-1970,T-46,P-36154,defender,DF
WC-1970,T-46,P-42664,defender,DF
WC-1970,T-46,P-69898,defender,DF
WC-1970,T-46,P-23385,midfielder,MF
WC-1970,T-46,P-96873,midfielder,MF
WC-1970,T-46,P-55734,forward,FW
WC-1970,T-46,P-56971,forward,FW
WC-1970,T-46,P-91914,forward,FW
WC-1970,T-46,P-62196,goal keeper,GK
WC-1970,T-46,P-96177,defender,DF
WC-1970,T-46,P-38555,defender,DF
WC-1970,T-46,P-85808,midfielder,MF
WC-1970,T-46,P-05631,forward,FW
WC-1970,T-46,P-13602,midfielder,MF
WC-1970,T-46,P-32657,midfielder,MF
WC-1970,T-46,P-07812,forward,FW
WC-1970,T-46,P-64207,midfielder,MF
WC-1970,T-46,P-48001,forward,FW
WC-1970,T-46,P-18898,goal keeper,GK
WC-1970,T-47,P-34408,goal keeper,GK
WC-1970,T-47,P-93664,defender,DF
WC-1970,T-47,P-20578,defender,DF
WC-1970,T-47,P-48556,defender,DF
WC-1970,T-47,P-99082,defender,DF
WC-1970,T-47,P-93911,midfielder,MF
WC-1970,T-47,P-45308,midfielder,MF
WC-1970,T-47,P-55928,midfielder,MF
WC-1970,T-47,P-89897,forward,FW
WC-1970,T-47,P-37859,forward,FW
WC-1970,T-47,P-85379,midfielder,MF
WC-1970,T-47,P-38795,goal keeper,GK
WC-1970,T-47,P-75161,defender,DF
WC-1970,T-47,P-69368,forward,FW
WC-1970,T-47,P-45711,midfielder,MF
WC-1970,T-47,P-15207,midfielder,MF
WC-1970,T-47,P-50217,forward,FW
WC-1970,T-47,P-98667,defender,DF
WC-1970,T-47,P-99251,goal keeper,GK
WC-1970,T-56,P-15677,goal keeper,GK
WC-1970,T-56,P-30953,defender,DF
WC-1970,T-56,P-38349,defender,DF
WC-1970,T-56,P-76522,defender,DF
WC-1970,T-56,P-80565,defender,DF
WC-1970,T-56,P-39336,midfielder,MF
WC-1970,T-56,P-19550,midfielder,MF
WC-1970,T-56,P-64457,midfielder,MF
WC-1970,T-56,P-83669,forward,FW
WC-1970,T-56,P-96979,forward,FW
WC-1970,T-56,P-03607,midfielder,MF
WC-1970,T-56,P-24515,goal keeper,GK
WC-1970,T-56,P-32760,midfielder,MF
WC-1970,T-56,P-20506,defender,DF
WC-1970,T-56,P-38889,midfielder,MF
WC-1970,T-56,P-53754,defender,DF
WC-1970,T-56,P-96893,midfielder,MF
WC-1970,T-56,P-17992,forward,FW
WC-1970,T-56,P-17652,forward,FW
WC-1970,T-56,P-49357,forward,FW
WC-1970,T-56,P-84160,goal keeper,GK
WC-1970,T-56,P-51451,forward,FW
WC-1970,T-61,P-04931,goal keeper,GK
WC-1970,T-61,P-35798,defender,DF
WC-1970,T-61,P-53044,defender,DF
WC-1970,T-61,P-61942,defender,DF
WC-1970,T-61,P-98936,midfielder,MF
WC-1970,T-61,P-65622,midfielder,MF
WC-1970,T-61,P-02403,midfielder,MF
WC-1970,T-61,P-75663,forward,FW
WC-1970,T-61,P-51434,forward,FW
WC-1970,T-61,P-41601,midfielder,MF
WC-1970,T-61,P-09236,forward,FW
WC-1970,T-61,P-52148,defender,DF
WC-1970,T-61,P-37721,defender,DF
WC-1970,T-61,P-03154,defender,DF
WC-1970,T-61,P-26224,defender,DF
WC-1970,T-61,P-50489,midfielder,MF
WC-1970,T-61,P-21011,midfielder,MF
WC-1970,T-61,P-76074,forward,FW
WC-1970,T-61,P-80696,forward,FW
WC-1970,T-61,P-15758,defender,DF
WC-1970,T-61,P-26945,goal keeper,GK
WC-1970,T-61,P-73129,goal keeper,GK
WC-1970,T-72,P-99794,goal keeper,GK
WC-1970,T-72,P-79597,goal keeper,GK
WC-1970,T-72,P-76618,defender,DF
WC-1970,T-72,P-70748,defender,DF
WC-1970,T-72,P-17002,defender,DF
WC-1970,T-72,P-52906,defender,DF
WC-1970,T-72,P-70408,defender,DF
WC-1970,T-72,P-90524,defender,DF
WC-1970,T-72,P-28651,defender,DF
WC-1970,T-72,P-97724,midfielder,MF
WC-1970,T-72,P-33189,midfielder,MF
WC-1970,T-72,P-79846,midfielder,MF
WC-1970,T-72,P-09317,goal keeper,GK
WC-1970,T-72,P-50044,midfielder,MF
WC-1970,T-72,P-60181,midfielder,MF
WC-1970,T-72,P-02102,forward,FW
WC-1970,T-72,P-72049,forward,FW
WC-1970,T-72,P-19936,forward,FW
WC-1970,T-72,P-43733,forward,FW
WC-1970,T-72,P-59828,forward,FW
WC-1970,T-72,P-98262,forward,FW
WC-1970,T-72,P-53800,forward,FW
WC-1970,T-74,P-43209,goal keeper,GK
WC-1970,T-74,P-84013,defender,DF
WC-1970,T-74,P-15529,defender,DF
WC-1970,T-74,P-29454,defender,DF
WC-1970,T-74,P-82719,defender,DF
WC-1970,T-74,P-22223,midfielder,MF
WC-1970,T-74,P-86931,midfielder,MF
WC-1970,T-74,P-61735,midfielder,MF
WC-1970,T-74,P-73517,midfielder,MF
WC-1970,T-74,P-37575,midfielder,MF
WC-1970,T-74,P-61494,midfielder,MF
WC-1970,T-74,P-12397,goal keeper,GK
WC-1970,T-74,P-20172,midfielder,MF
WC-1970,T-74,P-02986,defender,DF
WC-1970,T-74,P-71234,defender,DF
WC-1970,T-74,P-63446,forward,FW
WC-1970,T-74,P-37477,goal keeper,GK
WC-1970,T-74,P-00746,forward,FW
WC-1970,T-74,P-05872,midfielder,MF
WC-1970,T-74,P-48546,defender,DF
WC-1970,T-74,P-71589,forward,FW
WC-1970,T-74,P-31050,midfielder,MF
WC-1970,T-84,P-53140,goal keeper,GK
WC-1970,T-84,P-47978,defender,DF
WC-1970,T-84,P-83747,defender,DF
WC-1970,T-84,P-63224,defender,DF
WC-1970,T-84,P-83931,midfielder,MF
WC-1970,T-84,P-50162,defender,DF
WC-1970,T-84,P-81929,forward,FW
WC-1970,T-84,P-47892,midfielder,MF
WC-1970,T-84,P-99710,midfielder,MF
WC-1970,T-84,P-40429,midfielder,MF
WC-1970,T-84,P-93811,forward,FW
WC-1970,T-84,P-51832,goal keeper,GK
WC-1970,T-84,P-90366,defender,DF
WC-1970,T-84,P-58801,defender,DF
WC-1970,T-84,P-48169,midfielder,MF
WC-1970,T-84,P-30744,defender,DF
WC-1970,T-84,P-51410,forward,FW
WC-1970,T-84,P-95376,forward,FW
WC-1970,T-84,P-02662,forward,FW
WC-1970,T-84,P-82186,midfielder,MF
WC-1970,T-84,P-08424,forward,FW
WC-1970,T-84,P-81455,goal keeper,GK
WC-1970,T-86,P-14080,goal keeper,GK
WC-1970,T-86,P-28162,defender,DF
WC-1970,T-86,P-93072,defender,DF
WC-1970,T-86,P-72864,midfielder,MF
WC-1970,T-86,P-77426,defender,DF
WC-1970,T-86,P-11099,midfielder,MF
WC-1970,T-86,P-69695,defender,DF
WC-1970,T-86,P-12272,forward,FW
WC-1970,T-86,P-64138,forward,FW
WC-1970,T-86,P-86276,forward,FW
WC-1970,T-86,P-63982,defender,DF
WC-1970,T-86,P-60896,midfielder,MF
WC-1970,T-86,P-72441,forward,FW
WC-1970,T-86,P-62529,forward,FW
WC-1970,T-86,P-83141,defender,DF
WC-1970,T-86,P-86015,midfielder,MF
WC-1970,T-86,P-12863,forward,FW
WC-1970,T-86,P-50033,defender,DF
WC-1970,T-86,P-09958,midfielder,MF
WC-1970,T-86,P-48733,forward,FW
WC-1970,T-86,P-89031,goal keeper,GK
WC-1970,T-86,P-57908,goal keeper,GK
WC-1974,T-03,P-53390,goal keeper,GK
WC-1974,T-03,P-30957,forward,FW
WC-1974,T-03,P-33365,midfielder,MF
WC-1974,T-03,P-26050,forward,FW
WC-1974,T-03,P-56518,defender,DF
WC-1974,T-03,P-79103,midfielder,MF
WC-1974,T-03,P-37370,defender,DF
WC-1974,T-03,P-16804,midfielder,MF
WC-1974,T-03,P-64046,defender,DF
WC-1974,T-03,P-82218,defender,DF
WC-1974,T-03,P-04739,midfielder,MF
WC-1974,T-03,P-25276,goal keeper,GK
WC-1974,T-03,P-35082,forward,FW
WC-1974,T-03,P-94783,defender,DF
WC-1974,T-03,P-49585,forward,FW
WC-1974,T-03,P-16060,defender,DF
WC-1974,T-03,P-63462,midfielder,MF
WC-1974,T-03,P-68438,midfielder,MF
WC-1974,T-03,P-39768,midfielder,MF
WC-1974,T-03,P-90840,defender,DF
WC-1974,T-03,P-81341,goal keeper,GK
WC-1974,T-03,P-82033,forward,FW
WC-1974,T-04,P-24116,goal keeper,GK
WC-1974,T-04,P-14851,defender,DF
WC-1974,T-04,P-41457,defender,DF
WC-1974,T-04,P-57113,defender,DF
WC-1974,T-04,P-39161,defender,DF
WC-1974,T-04,P-06541,midfielder,MF
WC-1974,T-04,P-84569,midfielder,MF
WC-1974,T-04,P-97283,midfielder,MF
WC-1974,T-04,P-68903,midfielder,MF
WC-1974,T-04,P-82355,forward,FW
WC-1974,T-04,P-22858,forward,FW
WC-1974,T-04,P-31090,forward,FW
WC-1974,T-04,P-71410,midfielder,MF
WC-1974,T-04,P-41896,midfielder,MF
WC-1974,T-04,P-90391,defender,DF
WC-1974,T-04,P-69601,defender,DF
WC-1974,T-04,P-64841,defender,DF
WC-1974,T-04,P-19334,midfielder,MF
WC-1974,T-04,P-33066,midfielder,MF
WC-1974,T-04,P-37148,forward,FW
WC-1974,T-04,P-68603,goal keeper,GK
WC-1974,T-04,P-29734,goal keeper,GK
WC-1974,T-09,P-06015,goal keeper,GK
WC-1974,T-09,P-87744,defender,DF
WC-1974,T-09,P-89772,defender,DF
WC-1974,T-09,P-72683,defender,DF
WC-1974,T-09,P-02965,midfielder,MF
WC-1974,T-09,P-81415,defender,DF
WC-1974,T-09,P-77430,forward,FW
WC-1974,T-09,P-50358,midfielder,MF
WC-1974,T-09,P-73846,forward,FW
WC-1974,T-09,P-85778,midfielder,MF
WC-1974,T-09,P-65181,midfielder,MF
WC-1974,T-09,P-60490,goal keeper,GK
WC-1974,T-09,P-89117,forward,FW
WC-1974,T-09,P-48382,defender,DF
WC-1974,T-09,P-06277,defender,DF
WC-1974,T-09,P-15663,defender,DF
WC-1974,T-09,P-07188,midfielder,MF
WC-1974,T-09,P-41064,midfielder,MF
WC-1974,T-09,P-01779,forward,FW
WC-1974,T-09,P-49805,forward,FW
WC-1974,T-09,P-89519,forward,FW
WC-1974,T-09,P-60866,goal keeper,GK
WC-1974,T-10,P-74765,goal keeper,GK
WC-1974,T-10,P-97295,defender,DF
WC-1974,T-10,P-01172,defender,DF
WC-1974,T-10,P-75999,midfielder,MF
WC-1974,T-10,P-35917,defender,DF
WC-1974,T-10,P-59856,defender,DF
WC-1974,T-10,P-74402,forward,FW
WC-1974,T-10,P-63835,forward,FW
WC-1974,T-10,P-95083,forward,FW
WC-1974,T-10,P-80628,midfielder,MF
WC-1974,T-10,P-04554,midfielder,MF
WC-1974,T-10,P-30493,defender,DF
WC-1974,T-10,P-90799,defender,DF
WC-1974,T-10,P-68155,forward,FW
WC-1974,T-10,P-66322,forward,FW
WC-1974,T-10,P-99127,forward,FW
WC-1974,T-10,P-45469,midfielder,MF
WC-1974,T-10,P-76230,midfielder,MF
WC-1974,T-10,P-96963,midfielder,MF
WC-1974,T-10,P-77670,forward,FW
WC-1974,T-10,P-62720,goal keeper,GK
WC-1974,T-10,P-66734,goal keeper,GK
WC-1974,T-13,P-80380,goal keeper,GK
WC-1974,T-13,P-51910,defender,DF
WC-1974,T-13,P-78049,defender,DF
WC-1974,T-13,P-03546,defender,DF
WC-1974,T-13,P-95834,defender,DF
WC-1974,T-13,P-23733,defender,DF
WC-1974,T-13,P-57208,forward,FW
WC-1974,T-13,P-39340,midfielder,MF
WC-1974,T-13,P-34039,forward,FW
WC-1974,T-13,P-34664,midfielder,MF
WC-1974,T-13,P-54736,forward,FW
WC-1974,T-13,P-37201,defender,DF
WC-1974,T-13,P-04458,defender,DF
WC-1974,T-13,P-73006,midfielder,MF
WC-1974,T-13,P-36374,defender,DF
WC-1974,T-13,P-27772,midfielder,MF
WC-1974,T-13,P-27288,forward,FW
WC-1974,T-13,P-28298,midfielder,MF
WC-1974,T-13,P-46424,midfielder,MF
WC-1974,T-13,P-67855,forward,FW
WC-1974,T-13,P-61074,goal keeper,GK
WC-1974,T-13,P-02104,goal keeper,GK
WC-1974,T-24,P-79032,goal keeper,GK
WC-1974,T-24,P-55761,defender,DF
WC-1974,T-24,P-18468,defender,DF
WC-1974,T-24,P-72348,defender,DF
WC-1974,T-24,P-88482,defender,DF
WC-1974,T-24,P-34021,midfielder,MF
WC-1974,T-24,P-24093,midfielder,MF
WC-1974,T-24,P-08298,forward,FW
WC-1974,T-24,P-62195,forward,FW
WC-1974,T-24,P-87788,forward,FW
WC-1974,T-24,P-91963,forward,FW
WC-1974,T-24,P-57266,defender,DF
WC-1974,T-24,P-73521,midfielder,MF
WC-1974,T-24,P-27040,midfielder,MF
WC-1974,T-24,P-53970,forward,FW
WC-1974,T-24,P-46189,midfielder,MF
WC-1974,T-24,P-73193,midfielder,MF
WC-1974,T-24,P-12102,defender,DF
WC-1974,T-24,P-04924,midfielder,MF
WC-1974,T-24,P-57624,forward,FW
WC-1974,T-24,P-54611,goal keeper,GK
WC-1974,T-24,P-01760,goal keeper,GK
WC-1974,T-34,P-46307,goal keeper,GK
WC-1974,T-34,P-93412,defender,DF
WC-1974,T-34,P-47461,defender,DF
WC-1974,T-34,P-67450,defender,DF
WC-1974,T-34,P-71319,defender,DF
WC-1974,T-34,P-28084,defender,DF
WC-1974,T-34,P-40069,midfielder,MF
WC-1974,T-34,P-83389,midfielder,MF
WC-1974,T-34,P-54786,midfielder,MF
WC-1974,T-34,P-39155,midfielder,MF
WC-1974,T-34,P-58000,forward,FW
WC-1974,T-34,P-13619,midfielder,MF
WC-1974,T-34,P-11430,defender,DF
WC-1974,T-34,P-14414,defender,DF
WC-1974,T-34,P-28638,forward,FW
WC-1974,T-34,P-16092,forward,FW
WC-1974,T-34,P-52149,midfielder,MF
WC-1974,T-34,P-50623,forward,FW
WC-1974,T-34,P-19426,defender,DF
WC-1974,T-34,P-32958,forward,FW
WC-1974,T-34,P-87822,goal keeper,GK
WC-1974,T-34,P-42054,goal keeper,GK
WC-1974,T-41,P-48831,goal keeper,GK
WC-1974,T-41,P-39619,defender,DF
WC-1974,T-41,P-68170,defender,DF
WC-1974,T-41,P-12030,midfielder,MF
WC-1974,T-41,P-72137,defender,DF
WC-1974,T-41,P-42540,defender,DF
WC-1974,T-41,P-91195,midfielder,MF
WC-1974,T-41,P-93703,midfielder,MF
WC-1974,T-41,P-74017,forward,FW
WC-1974,T-41,P-62214,midfielder,MF
WC-1974,T-41,P-00119,forward,FW
WC-1974,T-41,P-73673,goal keeper,GK
WC-1974,T-41,P-31389,defender,DF
WC-1974,T-41,P-83005,defender,DF
WC-1974,T-41,P-97066,defender,DF
WC-1974,T-41,P-68792,midfielder,MF
WC-1974,T-41,P-58264,midfielder,MF
WC-1974,T-41,P-44349,midfielder,MF
WC-1974,T-41,P-32265,forward,FW
WC-1974,T-41,P-92154,forward,FW
WC-1974,T-41,P-29600,forward,FW
WC-1974,T-41,P-65172,goal keeper,GK
WC-1974,T-48,P-76357,midfielder,MF
WC-1974,T-48,P-01582,midfielder,MF
WC-1974,T-48,P-65100,midfielder,MF
WC-1974,T-48,P-29733,defender,DF
WC-1974,T-48,P-74745,defender,DF
WC-1974,T-48,P-89311,defender,DF
WC-1974,T-48,P-43188,midfielder,MF
WC-1974,T-48,P-12372,goal keeper,GK
WC-1974,T-48,P-84295,forward,FW
WC-1974,T-48,P-25337,midfielder,MF
WC-1974,T-48,P-48712,midfielder,MF
WC-1974,T-48,P-31830,defender,DF
WC-1974,T-48,P-16991,midfielder,MF
WC-1974,T-48,P-50564,midfielder,MF
WC-1974,T-48,P-63266,forward,FW
WC-1974,T-48,P-89554,forward,FW
WC-1974,T-48,P-48827,defender,DF
WC-1974,T-48,P-35622,goal keeper,GK
WC-1974,T-48,P-00036,defender,DF
WC-1974,T-48,P-45370,defender,DF
WC-1974,T-48,P-89818,goal keeper,GK
WC-1974,T-48,P-44945,defender,DF
WC-1974,T-57,P-96371,goal keeper,GK
WC-1974,T-57,P-06667,goal keeper,GK
WC-1974,T-57,P-62487,goal keeper,GK
WC-1974,T-57,P-89521,defender,DF
WC-1974,T-57,P-17846,defender,DF
WC-1974,T-57,P-95634,defender,DF
WC-1974,T-57,P-57366,midfielder,MF
WC-1974,T-57,P-90440,defender,DF
WC-1974,T-57,P-48883,defender,DF
WC-1974,T-57,P-39234,defender,DF
WC-1974,T-57,P-07479,midfielder,MF
WC-1974,T-57,P-29548,midfielder,MF
WC-1974,T-57,P-97548,midfielder,MF
WC-1974,T-57,P-65840,midfielder,MF
WC-1974,T-57,P-45208,forward,FW
WC-1974,T-57,P-21597,forward,FW
WC-1974,T-57,P-92867,forward,FW
WC-1974,T-57,P-20188,forward,FW
WC-1974,T-57,P-58729,forward,FW
WC-1974,T-57,P-28931,forward,FW
WC-1974,T-57,P-26520,forward,FW
WC-1974,T-57,P-69383,forward,FW
WC-1974,T-64,P-30434,goal keeper,GK
WC-1974,T-64,P-88006,defender,DF
WC-1974,T-64,P-66125,defender,DF
WC-1974,T-64,P-63058,midfielder,MF
WC-1974,T-64,P-87058,defender,DF
WC-1974,T-64,P-36988,defender,DF
WC-1974,T-64,P-93687,midfielder,MF
WC-1974,T-64,P-68584,forward,FW
WC-1974,T-64,P-22480,forward,FW
WC-1974,T-64,P-47050,midfielder,MF
WC-1974,T-64,P-21810,forward,FW
WC-1974,T-64,P-72460,goal keeper,GK
WC-1974,T-64,P-62568,goal keeper,GK
WC-1974,T-64,P-98422,defender,DF
WC-1974,T-64,P-78929,midfielder,MF
WC-1974,T-64,P-14033,defender,DF
WC-1974,T-64,P-78336,midfielder,MF
WC-1974,T-64,P-27901,midfielder,MF
WC-1974,T-64,P-22762,forward,FW
WC-1974,T-64,P-87723,forward,FW
WC-1974,T-64,P-54370,defender,DF
WC-1974,T-64,P-24731,defender,DF
WC-1974,T-74,P-43209,goal keeper,GK
WC-1974,T-74,P-96792,defender,DF
WC-1974,T-74,P-37942,defender,DF
WC-1974,T-74,P-29454,defender,DF
WC-1974,T-74,P-90911,defender,DF
WC-1974,T-74,P-37575,midfielder,MF
WC-1974,T-74,P-86931,midfielder,MF
WC-1974,T-74,P-52989,midfielder,MF
WC-1974,T-74,P-73517,forward,FW
WC-1974,T-74,P-39318,forward,FW
WC-1974,T-74,P-94413,forward,FW
WC-1974,T-74,P-12397,goal keeper,GK
WC-1974,T-74,P-82719,defender,DF
WC-1974,T-74,P-88425,midfielder,MF
WC-1974,T-74,P-02323,midfielder,MF
WC-1974,T-74,P-71589,midfielder,MF
WC-1974,T-74,P-16755,goal keeper,GK
WC-1974,T-74,P-33030,defender,DF
WC-1974,T-74,P-20172,midfielder,MF
WC-1974,T-74,P-12173,midfielder,MF
WC-1974,T-74,P-61494,midfielder,MF
WC-1974,T-74,P-30429,midfielder,MF
WC-1974,T-84,P-53140,goal keeper,GK
WC-1974,T-84,P-50198,defender,DF
WC-1974,T-84,P-32274,defender,DF
WC-1974,T-84,P-34358,defender,DF
WC-1974,T-84,P-83931,defender,DF
WC-1974,T-84,P-46047,defender,DF
WC-1974,T-84,P-81929,midfielder,MF
WC-1974,T-84,P-99710,midfielder,MF
WC-1974,T-84,P-36986,forward,FW
WC-1974,T-84,P-47892,midfielder,MF
WC-1974,T-84,P-61660,forward,FW
WC-1974,T-84,P-51832,goal keeper,GK
WC-1974,T-84,P-62134,defender,DF
WC-1974,T-84,P-13110,defender,DF
WC-1974,T-84,P-32102,defender,DF
WC-1974,T-84,P-35067,midfielder,MF
WC-1974,T-84,P-85474,midfielder,MF
WC-1974,T-84,P-11707,midfielder,MF
WC-1974,T-84,P-82387,forward,FW
WC-1974,T-84,P-85775,forward,FW
WC-1974,T-84,P-19953,forward,FW
WC-1974,T-84,P-85729,goal keeper,GK
WC-1974,T-86,P-14080,goal keeper,GK
WC-1974,T-86,P-69695,defender,DF
WC-1974,T-86,P-48686,defender,DF
WC-1974,T-86,P-66174,defender,DF
WC-1974,T-86,P-72864,defender,DF
WC-1974,T-86,P-28162,defender,DF
WC-1974,T-86,P-89257,midfielder,MF
WC-1974,T-86,P-44313,midfielder,MF
WC-1974,T-86,P-48733,forward,FW
WC-1974,T-86,P-66405,midfielder,MF
WC-1974,T-86,P-79006,forward,FW
WC-1974,T-86,P-60896,midfielder,MF
WC-1974,T-86,P-72441,forward,FW
WC-1974,T-86,P-92173,forward,FW
WC-1974,T-86,P-15681,midfielder,MF
WC-1974,T-86,P-41102,midfielder,MF
WC-1974,T-86,P-35602,forward,FW
WC-1974,T-86,P-89218,midfielder,MF
WC-1974,T-86,P-25938,defender,DF
WC-1974,T-86,P-48661,defender,DF
WC-1974,T-86,P-07141,goal keeper,GK
WC-1974,T-86,P-44327,goal keeper,GK
WC-1974,T-87,P-84648,goal keeper,GK
WC-1974,T-87,P-47694,defender,DF
WC-1974,T-87,P-00262,defender,DF
WC-1974,T-87,P-02400,midfielder,MF
WC-1974,T-87,P-20553,defender,DF
WC-1974,T-87,P-29556,midfielder,MF
WC-1974,T-87,P-46434,forward,FW
WC-1974,T-87,P-26214,midfielder,MF
WC-1974,T-87,P-28747,forward,FW
WC-1974,T-87,P-67954,midfielder,MF
WC-1974,T-87,P-88088,forward,FW
WC-1974,T-87,P-27514,midfielder,MF
WC-1974,T-87,P-62762,midfielder,MF
WC-1974,T-87,P-19642,defender,DF
WC-1974,T-87,P-60845,defender,DF
WC-1974,T-87,P-52104,midfielder,MF
WC-1974,T-87,P-23309,forward,FW
WC-1974,T-87,P-80725,forward,FW
WC-1974,T-87,P-74389,forward,FW
WC-1974,T-87,P-43672,forward,FW
WC-1974,T-87,P-18421,goal keeper,GK
WC-1974,T-87,P-20595,goal keeper,GK
WC-1974,T-88,P-49497,goal keeper,GK
WC-1974,T-88,P-99200,defender,DF
WC-1974,T-88,P-44782,defender,DF
WC-1974,T-88,P-68390,defender,DF
WC-1974,T-88,P-69624,defender,DF
WC-1974,T-88,P-01597,midfielder,MF
WC-1974,T-88,P-92929,midfielder,MF
WC-1974,T-88,P-57731,midfielder,MF
WC-1974,T-88,P-87506,midfielder,MF
WC-1974,T-88,P-49087,midfielder,MF
WC-1974,T-88,P-67711,defender,DF
WC-1974,T-88,P-71914,goal keeper,GK
WC-1974,T-88,P-88955,midfielder,MF
WC-1974,T-88,P-27837,forward,FW
WC-1974,T-88,P-38620,midfielder,MF
WC-1974,T-88,P-00739,defender,DF
WC-1974,T-88,P-71906,midfielder,MF
WC-1974,T-88,P-20897,forward,FW
WC-1974,T-88,P-28534,forward,FW
WC-1974,T-88,P-56615,forward,FW
WC-1974,T-88,P-11236,forward,FW
WC-1974,T-88,P-10863,goal keeper,GK
WC-1978,T-03,P-44317,midfielder,MF
WC-1978,T-03,P-66254,midfielder,MF
WC-1978,T-03,P-45593,goal keeper,GK
WC-1978,T-03,P-61157,forward,FW
WC-1978,T-03,P-25276,goal keeper,GK
WC-1978,T-03,P-99593,midfielder,MF
WC-1978,T-03,P-03905,defender,DF
WC-1978,T-03,P-21190,midfielder,MF
WC-1978,T-03,P-04739,forward,FW
WC-1978,T-03,P-35082,forward,FW
WC-1978,T-03,P-30336,defender,DF
WC-1978,T-03,P-23168,midfielder,MF
WC-1978,T-03,P-66065,goal keeper,GK
WC-1978,T-03,P-26640,forward,FW
WC-1978,T-03,P-06976,defender,DF
WC-1978,T-03,P-34830,forward,FW
WC-1978,T-03,P-45194,midfielder,MF
WC-1978,T-03,P-01736,defender,DF
WC-1978,T-03,P-80376,defender,DF
WC-1978,T-03,P-54098,defender,DF
WC-1978,T-03,P-62351,midfielder,MF
WC-1978,T-03,P-12477,midfielder,MF
WC-1978,T-05,P-62318,goal keeper,GK
WC-1978,T-05,P-47233,defender,DF
WC-1978,T-05,P-61365,defender,DF
WC-1978,T-05,P-49343,defender,DF
WC-1978,T-05,P-92720,defender,DF
WC-1978,T-05,P-31109,midfielder,MF
WC-1978,T-05,P-68078,midfielder,MF
WC-1978,T-05,P-03451,midfielder,MF
WC-1978,T-05,P-52271,forward,FW
WC-1978,T-05,P-25569,forward,FW
WC-1978,T-05,P-90221,midfielder,MF
WC-1978,T-05,P-15636,midfielder,MF
WC-1978,T-05,P-73149,midfielder,MF
WC-1978,T-05,P-80182,defender,DF
WC-1978,T-05,P-05699,defender,DF
WC-1978,T-05,P-27925,defender,DF
WC-1978,T-05,P-75962,forward,FW
WC-1978,T-05,P-99989,forward,FW
WC-1978,T-05,P-82174,forward,FW
WC-1978,T-05,P-82507,midfielder,MF
WC-1978,T-05,P-40884,goal keeper,GK
WC-1978,T-05,P-28170,goal keeper,GK
WC-1978,T-09,P-06015,goal keeper,GK
WC-1978,T-09,P-52658,defender,DF
WC-1978,T-09,P-69644,defender,DF
WC-1978,T-09,P-54171,defender,DF
WC-1978,T-09,P-22554,midfielder,MF
WC-1978,T-09,P-12950,defender,DF
WC-1978,T-09,P-04940,forward,FW
WC-1978,T-09,P-37483,midfielder,MF
WC-1978,T-09,P-84320,forward,FW
WC-1978,T-09,P-85778,forward,FW
WC-1978,T-09,P-89519,midfielder,MF
WC-1978,T-09,P-43781,goal keeper,GK
WC-1978,T-09,P-48382,defender,DF
WC-1978,T-09,P-99390,defender,DF
WC-1978,T-09,P-70909,defender,DF
WC-1978,T-09,P-67433,defender,DF
WC-1978,T-09,P-99975,midfielder,MF
WC-1978,T-09,P-34545,forward,FW
WC-1978,T-09,P-23407,forward,FW
WC-1978,T-09,P-86942,forward,FW
WC-1978,T-09,P-53581,midfielder,MF
WC-1978,T-09,P-60866,goal keeper,GK
WC-1978,T-30,P-41870,goal keeper,GK
WC-1978,T-30,P-12738,defender,DF
WC-1978,T-30,P-03719,defender,DF
WC-1978,T-30,P-34605,defender,DF
WC-1978,T-30,P-86043,defender,DF
WC-1978,T-30,P-90883,defender,DF
WC-1978,T-30,P-56255,defender,DF
WC-1978,T-30,P-54040,defender,DF
WC-1978,T-30,P-19199,midfielder,MF
WC-1978,T-30,P-65887,midfielder,MF
WC-1978,T-30,P-48925,midfielder,MF
WC-1978,T-30,P-50374,midfielder,MF
WC-1978,T-30,P-54760,midfielder,MF
WC-1978,T-30,P-27315,forward,FW
WC-1978,T-30,P-08939,midfielder,MF
WC-1978,T-30,P-83674,forward,FW
WC-1978,T-30,P-16067,forward,FW
WC-1978,T-30,P-99991,midfielder,MF
WC-1978,T-30,P-74565,midfielder,MF
WC-1978,T-30,P-67442,forward,FW
WC-1978,T-30,P-32988,goal keeper,GK
WC-1978,T-30,P-80046,goal keeper,GK
WC-1978,T-36,P-64266,goal keeper,GK
WC-1978,T-36,P-56063,defender,DF
WC-1978,T-36,P-99164,defender,DF
WC-1978,T-36,P-42012,midfielder,MF
WC-1978,T-36,P-12183,midfielder,MF
WC-1978,T-36,P-36123,defender,DF
WC-1978,T-36,P-99185,forward,FW
WC-1978,T-36,P-34326,forward,FW
WC-1978,T-36,P-86777,forward,FW
WC-1978,T-36,P-45243,midfielder,MF
WC-1978,T-36,P-13770,forward,FW
WC-1978,T-36,P-70353,defender,DF
WC-1978,T-36,P-17566,midfielder,MF
WC-1978,T-36,P-53099,defender,DF
WC-1978,T-36,P-02094,defender,DF
WC-1978,T-36,P-88526,midfielder,MF
WC-1978,T-36,P-77765,forward,FW
WC-1978,T-36,P-15153,midfielder,MF
WC-1978,T-36,P-05262,forward,FW
WC-1978,T-36,P-72757,midfielder,MF
WC-1978,T-36,P-67438,goal keeper,GK
WC-1978,T-36,P-53278,goal keeper,GK
WC-1978,T-38,P-47243,goal keeper,GK
WC-1978,T-38,P-76170,midfielder,MF
WC-1978,T-38,P-77051,forward,FW
WC-1978,T-38,P-64960,forward,FW
WC-1978,T-38,P-85841,defender,DF
WC-1978,T-38,P-36227,midfielder,MF
WC-1978,T-38,P-81360,midfielder,MF
WC-1978,T-38,P-64031,midfielder,MF
WC-1978,T-38,P-64311,midfielder,MF
WC-1978,T-38,P-36867,forward,FW
WC-1978,T-38,P-90846,defender,DF
WC-1978,T-38,P-04692,goal keeper,GK
WC-1978,T-38,P-76892,forward,FW
WC-1978,T-38,P-33083,defender,DF
WC-1978,T-38,P-61698,defender,DF
WC-1978,T-38,P-88492,forward,FW
WC-1978,T-38,P-60654,forward,FW
WC-1978,T-38,P-14915,forward,FW
WC-1978,T-38,P-70253,midfielder,MF
WC-1978,T-38,P-98081,defender,DF
WC-1978,T-38,P-25070,defender,DF
WC-1978,T-38,P-29913,goal keeper,GK
WC-1978,T-41,P-48831,goal keeper,GK
WC-1978,T-41,P-83005,defender,DF
WC-1978,T-41,P-03775,defender,DF
WC-1978,T-41,P-05902,defender,DF
WC-1978,T-41,P-21248,defender,DF
WC-1978,T-41,P-84137,defender,DF
WC-1978,T-41,P-78456,defender,DF
WC-1978,T-41,P-99788,defender,DF
WC-1978,T-41,P-88467,midfielder,MF
WC-1978,T-41,P-12030,midfielder,MF
WC-1978,T-41,P-34868,midfielder,MF
WC-1978,T-41,P-37637,goal keeper,GK
WC-1978,T-41,P-39505,midfielder,MF
WC-1978,T-41,P-93788,midfielder,MF
WC-1978,T-41,P-17293,midfielder,MF
WC-1978,T-41,P-44349,midfielder,MF
WC-1978,T-41,P-80851,midfielder,MF
WC-1978,T-41,P-57787,forward,FW
WC-1978,T-41,P-16875,forward,FW
WC-1978,T-41,P-29600,forward,FW
WC-1978,T-41,P-91717,forward,FW
WC-1978,T-41,P-76506,goal keeper,GK
WC-1978,T-46,P-07985,goal keeper,GK
WC-1978,T-46,P-86324,defender,DF
WC-1978,T-46,P-04060,defender,DF
WC-1978,T-46,P-04466,defender,DF
WC-1978,T-46,P-84173,defender,DF
WC-1978,T-46,P-55869,midfielder,MF
WC-1978,T-46,P-08713,midfielder,MF
WC-1978,T-46,P-03980,midfielder,MF
WC-1978,T-46,P-64532,forward,FW
WC-1978,T-46,P-10248,forward,FW
WC-1978,T-46,P-26316,forward,FW
WC-1978,T-46,P-64464,defender,DF
WC-1978,T-46,P-67584,defender,DF
WC-1978,T-46,P-46352,defender,DF
WC-1978,T-46,P-42842,defender,DF
WC-1978,T-46,P-25743,midfielder,MF
WC-1978,T-46,P-69029,midfielder,MF
WC-1978,T-46,P-21068,midfielder,MF
WC-1978,T-46,P-49253,forward,FW
WC-1978,T-46,P-19851,forward,FW
WC-1978,T-46,P-52419,forward,FW
WC-1978,T-46,P-50233,goal keeper,GK
WC-1978,T-48,P-35622,goal keeper,GK
WC-1978,T-48,P-03270,defender,DF
WC-1978,T-48,P-60031,midfielder,MF
WC-1978,T-48,P-37179,defender,DF
WC-1978,T-48,P-31830,defender,DF
WC-1978,T-48,P-89311,midfielder,MF
WC-1978,T-48,P-46710,defender,DF
WC-1978,T-48,P-12372,goal keeper,GK
WC-1978,T-48,P-01582,midfielder,MF
WC-1978,T-48,P-25337,midfielder,MF
WC-1978,T-48,P-48712,midfielder,MF
WC-1978,T-48,P-63266,forward,FW
WC-1978,T-48,P-16991,midfielder,MF
WC-1978,T-48,P-55099,midfielder,MF
WC-1978,T-48,P-23888,defender,DF
WC-1978,T-48,P-89554,forward,FW
WC-1978,T-48,P-48827,defender,DF
WC-1978,T-48,P-48111,forward,FW
WC-1978,T-48,P-60714,goal keeper,GK
WC-1978,T-48,P-45370,defender,DF
WC-1978,T-48,P-91947,forward,FW
WC-1978,T-48,P-82670,defender,DF
WC-1978,T-56,P-28179,goal keeper,GK
WC-1978,T-56,P-32834,defender,DF
WC-1978,T-56,P-32373,defender,DF
WC-1978,T-56,P-76522,defender,DF
WC-1978,T-56,P-93346,defender,DF
WC-1978,T-56,P-72529,midfielder,MF
WC-1978,T-56,P-91524,forward,FW
WC-1978,T-56,P-23639,midfielder,MF
WC-1978,T-56,P-94008,midfielder,MF
WC-1978,T-56,P-96979,midfielder,MF
WC-1978,T-56,P-50099,forward,FW
WC-1978,T-56,P-48921,forward,FW
WC-1978,T-56,P-03944,goal keeper,GK
WC-1978,T-56,P-67187,defender,DF
WC-1978,T-56,P-85374,midfielder,MF
WC-1978,T-56,P-44786,midfielder,MF
WC-1978,T-56,P-94706,midfielder,MF
WC-1978,T-56,P-62666,midfielder,MF
WC-1978,T-56,P-42136,forward,FW
WC-1978,T-56,P-49357,forward,FW
WC-1978,T-56,P-07978,goal keeper,GK
WC-1978,T-56,P-28828,defender,DF
WC-1978,T-57,P-06667,goal keeper,GK
WC-1978,T-57,P-60895,forward,FW
WC-1978,T-57,P-56499,defender,DF
WC-1978,T-57,P-89521,defender,DF
WC-1978,T-57,P-42824,midfielder,MF
WC-1978,T-57,P-95634,defender,DF
WC-1978,T-57,P-18317,forward,FW
WC-1978,T-57,P-97548,midfielder,MF
WC-1978,T-57,P-48883,defender,DF
WC-1978,T-57,P-32819,defender,DF
WC-1978,T-57,P-37521,midfielder,MF
WC-1978,T-57,P-29548,midfielder,MF
WC-1978,T-57,P-15890,defender,DF
WC-1978,T-57,P-99151,defender,DF
WC-1978,T-57,P-69383,midfielder,MF
WC-1978,T-57,P-21597,forward,FW
WC-1978,T-57,P-92867,forward,FW
WC-1978,T-57,P-03652,midfielder,MF
WC-1978,T-57,P-67962,forward,FW
WC-1978,T-57,P-22126,defender,DF
WC-1978,T-57,P-09868,goal keeper,GK
WC-1978,T-57,P-19443,goal keeper,GK
WC-1978,T-64,P-05695,goal keeper,GK
WC-1978,T-64,P-88006,defender,DF
WC-1978,T-64,P-14033,defender,DF
WC-1978,T-64,P-98422,defender,DF
WC-1978,T-64,P-54370,defender,DF
WC-1978,T-64,P-93612,midfielder,MF
WC-1978,T-64,P-58552,midfielder,MF
WC-1978,T-64,P-68584,forward,FW
WC-1978,T-64,P-22480,forward,FW
WC-1978,T-64,P-57616,midfielder,MF
WC-1978,T-64,P-73968,midfielder,MF
WC-1978,T-64,P-32668,goal keeper,GK
WC-1978,T-64,P-53235,defender,DF
WC-1978,T-64,P-23439,defender,DF
WC-1978,T-64,P-16479,midfielder,MF
WC-1978,T-64,P-35089,forward,FW
WC-1978,T-64,P-48230,forward,FW
WC-1978,T-64,P-91562,midfielder,MF
WC-1978,T-64,P-96391,forward,FW
WC-1978,T-64,P-03406,goal keeper,GK
WC-1978,T-64,P-57585,forward,FW
WC-1978,T-64,P-94977,defender,DF
WC-1978,T-73,P-84380,goal keeper,GK
WC-1978,T-73,P-26973,defender,DF
WC-1978,T-73,P-29981,defender,DF
WC-1978,T-73,P-57837,midfielder,MF
WC-1978,T-73,P-90350,defender,DF
WC-1978,T-73,P-70869,defender,DF
WC-1978,T-73,P-40352,forward,FW
WC-1978,T-73,P-03571,forward,FW
WC-1978,T-73,P-99707,forward,FW
WC-1978,T-73,P-39440,forward,FW
WC-1978,T-73,P-28881,midfielder,MF
WC-1978,T-73,P-12922,midfielder,MF
WC-1978,T-73,P-23912,goal keeper,GK
WC-1978,T-73,P-15195,midfielder,MF
WC-1978,T-73,P-87767,forward,FW
WC-1978,T-73,P-40419,defender,DF
WC-1978,T-73,P-50273,defender,DF
WC-1978,T-73,P-58423,defender,DF
WC-1978,T-73,P-78126,midfielder,MF
WC-1978,T-73,P-38692,forward,FW
WC-1978,T-73,P-26030,defender,DF
WC-1978,T-73,P-44005,goal keeper,GK
WC-1978,T-74,P-43209,goal keeper,GK
WC-1978,T-74,P-59590,defender,DF
WC-1978,T-74,P-60570,defender,DF
WC-1978,T-74,P-29454,midfielder,MF
WC-1978,T-74,P-52124,defender,DF
WC-1978,T-74,P-88425,midfielder,MF
WC-1978,T-74,P-69553,midfielder,MF
WC-1978,T-74,P-86931,forward,FW
WC-1978,T-74,P-00891,midfielder,MF
WC-1978,T-74,P-61240,forward,FW
WC-1978,T-74,P-03989,forward,FW
WC-1978,T-74,P-16755,goal keeper,GK
WC-1978,T-74,P-65696,defender,DF
WC-1978,T-74,P-91705,midfielder,MF
WC-1978,T-74,P-55852,forward,FW
WC-1978,T-74,P-52989,forward,FW
WC-1978,T-74,P-91463,goal keeper,GK
WC-1978,T-74,P-06774,midfielder,MF
WC-1978,T-74,P-37942,defender,DF
WC-1978,T-74,P-12765,defender,DF
WC-1978,T-74,P-35750,forward,FW
WC-1978,T-74,P-39318,forward,FW
WC-1978,T-79,P-25714,goal keeper,GK
WC-1978,T-79,P-32712,defender,DF
WC-1978,T-79,P-10069,defender,DF
WC-1978,T-79,P-82486,midfielder,MF
WC-1978,T-79,P-71287,defender,DF
WC-1978,T-79,P-66055,midfielder,MF
WC-1978,T-79,P-94864,forward,FW
WC-1978,T-79,P-44105,midfielder,MF
WC-1978,T-79,P-47488,forward,FW
WC-1978,T-79,P-12467,midfielder,MF
WC-1978,T-79,P-25130,forward,FW
WC-1978,T-79,P-36542,midfielder,MF
WC-1978,T-79,P-32146,forward,FW
WC-1978,T-79,P-50864,forward,FW
WC-1978,T-79,P-01949,forward,FW
WC-1978,T-79,P-23179,forward,FW
WC-1978,T-79,P-74931,defender,DF
WC-1978,T-79,P-43535,defender,DF
WC-1978,T-79,P-78107,forward,FW
WC-1978,T-79,P-16979,defender,DF
WC-1978,T-79,P-72733,goal keeper,GK
WC-1978,T-79,P-99636,goal keeper,GK
WC-1978,T-86,P-14080,goal keeper,GK
WC-1978,T-86,P-69695,defender,DF
WC-1978,T-86,P-55894,defender,DF
WC-1978,T-86,P-47205,midfielder,MF
WC-1978,T-86,P-68969,defender,DF
WC-1978,T-86,P-41102,midfielder,MF
WC-1978,T-86,P-64134,forward,FW
WC-1978,T-86,P-03391,forward,FW
WC-1978,T-86,P-52461,forward,FW
WC-1978,T-86,P-15681,midfielder,MF
WC-1978,T-86,P-59574,forward,FW
WC-1978,T-86,P-66174,defender,DF
WC-1978,T-86,P-11877,defender,DF
WC-1978,T-86,P-34993,forward,FW
WC-1978,T-86,P-20874,midfielder,MF
WC-1978,T-86,P-44313,midfielder,MF
WC-1978,T-86,P-35602,forward,FW
WC-1978,T-86,P-71765,midfielder,MF
WC-1978,T-86,P-85977,forward,FW
WC-1978,T-86,P-95747,midfielder,MF
WC-1978,T-86,P-39513,goal keeper,GK
WC-1978,T-86,P-96776,goal keeper,GK
WC-1982,T-01,P-73371,goal keeper,GK
WC-1982,T-01,P-88535,defender,DF
WC-1982,T-01,P-21849,defender,DF
WC-1982,T-01,P-97960,defender,DF
WC-1982,T-01,P-73411,defender,DF
WC-1982,T-01,P-12808,forward,FW
WC-1982,T-01,P-40338,forward,FW
WC-1982,T-01,P-48327,midfielder,MF
WC-1982,T-01,P-68346,forward,FW
WC-1982,T-01,P-59774,midfielder,MF
WC-1982,T-01,P-45774,forward,FW
WC-1982,T-01,P-71313,midfielder,MF
WC-1982,T-01,P-70419,midfielder,MF
WC-1982,T-01,P-42885,forward,FW
WC-1982,T-01,P-75422,midfielder,MF
WC-1982,T-01,P-63564,defender,DF
WC-1982,T-01,P-40564,defender,DF
WC-1982,T-01,P-16403,midfielder,MF
WC-1982,T-01,P-13314,midfielder,MF
WC-1982,T-01,P-99212,forward,FW
WC-1982,T-01,P-15801,goal keeper,GK
WC-1982,T-01,P-77356,goal keeper,GK
WC-1982,T-03,P-66254,midfielder,MF
WC-1982,T-03,P-45593,goal keeper,GK
WC-1982,T-03,P-99392,midfielder,MF
WC-1982,T-03,P-61157,forward,FW
WC-1982,T-03,P-10969,forward,FW
WC-1982,T-03,P-78111,forward,FW
WC-1982,T-03,P-25276,goal keeper,GK
WC-1982,T-03,P-03905,defender,DF
WC-1982,T-03,P-99593,midfielder,MF
WC-1982,T-03,P-80404,midfielder,MF
WC-1982,T-03,P-35082,forward,FW
WC-1982,T-03,P-79724,midfielder,MF
WC-1982,T-03,P-46907,defender,DF
WC-1982,T-03,P-06976,defender,DF
WC-1982,T-03,P-80376,defender,DF
WC-1982,T-03,P-15637,goal keeper,GK
WC-1982,T-03,P-33159,forward,FW
WC-1982,T-03,P-54098,defender,DF
WC-1982,T-03,P-29420,defender,DF
WC-1982,T-03,P-02464,forward,FW
WC-1982,T-03,P-62351,midfielder,MF
WC-1982,T-03,P-26142,defender,DF
WC-1982,T-05,P-62318,goal keeper,GK
WC-1982,T-05,P-77455,defender,DF
WC-1982,T-05,P-61365,defender,DF
WC-1982,T-05,P-32042,defender,DF
WC-1982,T-05,P-92720,defender,DF
WC-1982,T-05,P-31109,midfielder,MF
WC-1982,T-05,P-99989,forward,FW
WC-1982,T-05,P-03451,midfielder,MF
WC-1982,T-05,P-52271,forward,FW
WC-1982,T-05,P-43037,midfielder,MF
WC-1982,T-05,P-90221,midfielder,MF
WC-1982,T-05,P-96650,defender,DF
WC-1982,T-05,P-96142,forward,FW
WC-1982,T-05,P-82507,midfielder,MF
WC-1982,T-05,P-06318,midfielder,MF
WC-1982,T-05,P-84133,defender,DF
WC-1982,T-05,P-41829,defender,DF
WC-1982,T-05,P-64028,forward,FW
WC-1982,T-05,P-05699,defender,DF
WC-1982,T-05,P-13147,forward,FW
WC-1982,T-05,P-07810,goal keeper,GK
WC-1982,T-05,P-29893,goal keeper,GK
WC-1982,T-06,P-84816,goal keeper,GK
WC-1982,T-06,P-73390,defender,DF
WC-1982,T-06,P-07663,defender,DF
WC-1982,T-06,P-86900,defender,DF
WC-1982,T-06,P-88903,defender,DF
WC-1982,T-06,P-26401,forward,FW
WC-1982,T-06,P-53789,midfielder,MF
WC-1982,T-06,P-47829,midfielder,MF
WC-1982,T-06,P-06736,forward,FW
WC-1982,T-06,P-94036,midfielder,MF
WC-1982,T-06,P-25456,midfielder,MF
WC-1982,T-06,P-77440,goal keeper,GK
WC-1982,T-06,P-43941,forward,FW
WC-1982,T-06,P-53153,defender,DF
WC-1982,T-06,P-79995,defender,DF
WC-1982,T-06,P-47416,defender,DF
WC-1982,T-06,P-17433,midfielder,MF
WC-1982,T-06,P-87975,forward,FW
WC-1982,T-06,P-52742,midfielder,MF
WC-1982,T-06,P-07477,midfielder,MF
WC-1982,T-06,P-88070,forward,FW
WC-1982,T-06,P-38187,goal keeper,GK
WC-1982,T-09,P-60866,goal keeper,GK
WC-1982,T-09,P-65003,defender,DF
WC-1982,T-09,P-69644,defender,DF
WC-1982,T-09,P-45267,defender,DF
WC-1982,T-09,P-22554,midfielder,MF
WC-1982,T-09,P-83096,defender,DF
WC-1982,T-09,P-06098,midfielder,MF
WC-1982,T-09,P-78605,midfielder,MF
WC-1982,T-09,P-20664,forward,FW
WC-1982,T-09,P-37483,midfielder,MF
WC-1982,T-09,P-39132,forward,FW
WC-1982,T-09,P-49168,goal keeper,GK
WC-1982,T-09,P-71619,defender,DF
WC-1982,T-09,P-70038,defender,DF
WC-1982,T-09,P-35736,midfielder,MF
WC-1982,T-09,P-12950,defender,DF
WC-1982,T-09,P-66932,defender,DF
WC-1982,T-09,P-99975,midfielder,MF
WC-1982,T-09,P-56757,midfielder,MF
WC-1982,T-09,P-86942,forward,FW
WC-1982,T-09,P-89519,midfielder,MF
WC-1982,T-09,P-43781,goal keeper,GK
WC-1982,T-11,P-95667,goal keeper,GK
WC-1982,T-11,P-73034,defender,DF
WC-1982,T-11,P-96632,defender,DF
WC-1982,T-11,P-59682,defender,DF
WC-1982,T-11,P-66008,defender,DF
WC-1982,T-11,P-44016,defender,DF
WC-1982,T-11,P-11469,midfielder,MF
WC-1982,T-11,P-32771,midfielder,MF
WC-1982,T-11,P-58080,forward,FW
WC-1982,T-11,P-34300,midfielder,MF
WC-1982,T-11,P-59315,midfielder,MF
WC-1982,T-11,P-17774,goal keeper,GK
WC-1982,T-11,P-93565,forward,FW
WC-1982,T-11,P-02805,midfielder,MF
WC-1982,T-11,P-72682,defender,DF
WC-1982,T-11,P-18610,defender,DF
WC-1982,T-11,P-33634,midfielder,MF
WC-1982,T-11,P-41427,forward,FW
WC-1982,T-11,P-52069,midfielder,MF
WC-1982,T-11,P-39692,forward,FW
WC-1982,T-11,P-93395,forward,FW
WC-1982,T-11,P-11668,goal keeper,GK
WC-1982,T-13,P-05974,goal keeper,GK
WC-1982,T-13,P-93218,defender,DF
WC-1982,T-13,P-15628,defender,DF
WC-1982,T-13,P-33323,defender,DF
WC-1982,T-13,P-95834,defender,DF
WC-1982,T-13,P-26922,midfielder,MF
WC-1982,T-13,P-31736,midfielder,MF
WC-1982,T-13,P-86201,midfielder,MF
WC-1982,T-13,P-43905,forward,FW
WC-1982,T-13,P-64288,defender,DF
WC-1982,T-13,P-56491,forward,FW
WC-1982,T-13,P-02230,goal keeper,GK
WC-1982,T-13,P-57208,forward,FW
WC-1982,T-13,P-74243,midfielder,MF
WC-1982,T-13,P-81864,forward,FW
WC-1982,T-13,P-12252,midfielder,MF
WC-1982,T-13,P-12971,defender,DF
WC-1982,T-13,P-36374,defender,DF
WC-1982,T-13,P-95822,defender,DF
WC-1982,T-13,P-71032,midfielder,MF
WC-1982,T-13,P-03126,forward,FW
WC-1982,T-13,P-10055,goal keeper,GK
WC-1982,T-21,P-10247,goal keeper,GK
WC-1982,T-21,P-58761,defender,DF
WC-1982,T-21,P-53399,defender,DF
WC-1982,T-21,P-28511,defender,DF
WC-1982,T-21,P-55121,defender,DF
WC-1982,T-21,P-62199,defender,DF
WC-1982,T-21,P-40071,midfielder,MF
WC-1982,T-21,P-19209,midfielder,MF
WC-1982,T-21,P-95927,forward,FW
WC-1982,T-21,P-59697,forward,FW
WC-1982,T-21,P-12019,forward,FW
WC-1982,T-21,P-95371,midfielder,MF
WC-1982,T-21,P-26352,midfielder,MF
WC-1982,T-21,P-20020,defender,DF
WC-1982,T-21,P-49134,defender,DF
WC-1982,T-21,P-54028,midfielder,MF
WC-1982,T-21,P-61860,midfielder,MF
WC-1982,T-21,P-69858,forward,FW
WC-1982,T-21,P-81007,forward,FW
WC-1982,T-21,P-60697,forward,FW
WC-1982,T-21,P-41194,goal keeper,GK
WC-1982,T-21,P-51677,goal keeper,GK
WC-1982,T-27,P-45636,goal keeper,GK
WC-1982,T-27,P-98480,defender,DF
WC-1982,T-27,P-58500,defender,DF
WC-1982,T-27,P-98609,defender,DF
WC-1982,T-27,P-47601,defender,DF
WC-1982,T-27,P-55381,midfielder,MF
WC-1982,T-27,P-06708,midfielder,MF
WC-1982,T-27,P-38399,midfielder,MF
WC-1982,T-27,P-84407,forward,FW
WC-1982,T-27,P-12423,midfielder,MF
WC-1982,T-27,P-11306,forward,FW
WC-1982,T-27,P-86679,defender,DF
WC-1982,T-27,P-48156,forward,FW
WC-1982,T-27,P-41807,forward,FW
WC-1982,T-27,P-49970,defender,DF
WC-1982,T-27,P-21488,midfielder,MF
WC-1982,T-27,P-46831,forward,FW
WC-1982,T-27,P-58071,defender,DF
WC-1982,T-27,P-04162,goal keeper,GK
WC-1982,T-27,P-29001,goal keeper,GK
WC-1982,T-28,P-79390,goal keeper,GK
WC-1982,T-28,P-70102,defender,DF
WC-1982,T-28,P-04882,midfielder,MF
WC-1982,T-28,P-49962,defender,DF
WC-1982,T-28,P-40179,midfielder,MF
WC-1982,T-28,P-19836,defender,DF
WC-1982,T-28,P-50128,forward,FW
WC-1982,T-28,P-65224,forward,FW
WC-1982,T-28,P-68542,midfielder,MF
WC-1982,T-28,P-31450,midfielder,MF
WC-1982,T-28,P-83210,forward,FW
WC-1982,T-28,P-47197,defender,DF
WC-1982,T-28,P-34569,goal keeper,GK
WC-1982,T-28,P-52968,defender,DF
WC-1982,T-28,P-72479,midfielder,MF
WC-1982,T-28,P-02675,midfielder,MF
WC-1982,T-28,P-59016,defender,DF
WC-1982,T-28,P-68823,defender,DF
WC-1982,T-28,P-34141,midfielder,MF
WC-1982,T-28,P-28235,forward,FW
WC-1982,T-28,P-34594,forward,FW
WC-1982,T-28,P-20640,goal keeper,GK
WC-1982,T-30,P-41870,goal keeper,GK
WC-1982,T-30,P-69834,defender,DF
WC-1982,T-30,P-12738,defender,DF
WC-1982,T-30,P-03719,defender,DF
WC-1982,T-30,P-34605,defender,DF
WC-1982,T-30,P-90883,defender,DF
WC-1982,T-30,P-81366,defender,DF
WC-1982,T-30,P-54040,defender,DF
WC-1982,T-30,P-05511,midfielder,MF
WC-1982,T-30,P-08939,midfielder,MF
WC-1982,T-30,P-32542,midfielder,MF
WC-1982,T-30,P-79617,midfielder,MF
WC-1982,T-30,P-14107,midfielder,MF
WC-1982,T-30,P-76592,midfielder,MF
WC-1982,T-30,P-12716,forward,FW
WC-1982,T-30,P-13150,forward,FW
WC-1982,T-30,P-16067,forward,FW
WC-1982,T-30,P-99991,forward,FW
WC-1982,T-30,P-74565,forward,FW
WC-1982,T-30,P-06095,forward,FW
WC-1982,T-30,P-17626,goal keeper,GK
WC-1982,T-30,P-98948,goal keeper,GK
WC-1982,T-35,P-06835,goal keeper,GK
WC-1982,T-35,P-62087,defender,DF
WC-1982,T-35,P-72685,defender,DF
WC-1982,T-35,P-62128,defender,DF
WC-1982,T-35,P-71750,defender,DF
WC-1982,T-35,P-33765,midfielder,MF
WC-1982,T-35,P-17413,forward,FW
WC-1982,T-35,P-26834,midfielder,MF
WC-1982,T-35,P-84123,forward,FW
WC-1982,T-35,P-55438,forward,FW
WC-1982,T-35,P-54224,midfielder,MF
WC-1982,T-35,P-30605,defender,DF
WC-1982,T-35,P-88933,midfielder,MF
WC-1982,T-35,P-29948,midfielder,MF
WC-1982,T-35,P-10770,defender,DF
WC-1982,T-35,P-75470,forward,FW
WC-1982,T-35,P-91620,defender,DF
WC-1982,T-35,P-42459,midfielder,MF
WC-1982,T-35,P-26353,forward,FW
WC-1982,T-35,P-06989,midfielder,MF
WC-1982,T-35,P-80606,goal keeper,GK
WC-1982,T-35,P-88196,goal keeper,GK
WC-1982,T-36,P-67438,goal keeper,GK
WC-1982,T-36,P-70353,defender,DF
WC-1982,T-36,P-53099,defender,DF
WC-1982,T-36,P-42012,defender,DF
WC-1982,T-36,P-77109,midfielder,MF
WC-1982,T-36,P-45821,defender,DF
WC-1982,T-36,P-99185,forward,FW
WC-1982,T-36,P-34326,forward,FW
WC-1982,T-36,P-86777,forward,FW
WC-1982,T-36,P-53791,forward,FW
WC-1982,T-36,P-60461,forward,FW
WC-1982,T-36,P-34354,forward,FW
WC-1982,T-36,P-02094,defender,DF
WC-1982,T-36,P-65801,defender,DF
WC-1982,T-36,P-46674,forward,FW
WC-1982,T-36,P-69257,midfielder,MF
WC-1982,T-36,P-17566,midfielder,MF
WC-1982,T-36,P-53311,defender,DF
WC-1982,T-36,P-51494,defender,DF
WC-1982,T-36,P-00795,defender,DF
WC-1982,T-36,P-86176,goal keeper,GK
WC-1982,T-36,P-55970,goal keeper,GK
WC-1982,T-41,P-48831,goal keeper,GK
WC-1982,T-41,P-42920,defender,DF
WC-1982,T-41,P-29143,defender,DF
WC-1982,T-41,P-03775,defender,DF
WC-1982,T-41,P-30672,defender,DF
WC-1982,T-41,P-21248,defender,DF
WC-1982,T-41,P-99788,defender,DF
WC-1982,T-41,P-73911,defender,DF
WC-1982,T-41,P-88467,midfielder,MF
WC-1982,T-41,P-72980,midfielder,MF
WC-1982,T-41,P-06193,midfielder,MF
WC-1982,T-41,P-76506,goal keeper,GK
WC-1982,T-41,P-75736,midfielder,MF
WC-1982,T-41,P-93788,midfielder,MF
WC-1982,T-41,P-44349,midfielder,MF
WC-1982,T-41,P-66365,midfielder,MF
WC-1982,T-41,P-31072,forward,FW
WC-1982,T-41,P-46574,forward,FW
WC-1982,T-41,P-16875,forward,FW
WC-1982,T-41,P-91717,forward,FW
WC-1982,T-41,P-89106,forward,FW
WC-1982,T-41,P-56533,goal keeper,GK
WC-1982,T-45,P-21692,goal keeper,GK
WC-1982,T-45,P-71779,defender,DF
WC-1982,T-45,P-75182,defender,DF
WC-1982,T-45,P-15273,defender,DF
WC-1982,T-45,P-68738,defender,DF
WC-1982,T-45,P-90628,midfielder,MF
WC-1982,T-45,P-20299,forward,FW
WC-1982,T-45,P-49203,forward,FW
WC-1982,T-45,P-97692,forward,FW
WC-1982,T-45,P-88607,forward,FW
WC-1982,T-45,P-90719,midfielder,MF
WC-1982,T-45,P-88598,midfielder,MF
WC-1982,T-45,P-39423,defender,DF
WC-1982,T-45,P-65991,defender,DF
WC-1982,T-45,P-08051,defender,DF
WC-1982,T-45,P-33410,forward,FW
WC-1982,T-45,P-61662,defender,DF
WC-1982,T-45,P-76079,midfielder,MF
WC-1982,T-45,P-32314,forward,FW
WC-1982,T-45,P-51432,forward,FW
WC-1982,T-45,P-79632,goal keeper,GK
WC-1982,T-45,P-55917,goal keeper,GK
WC-1982,T-49,P-14752,goal keeper,GK
WC-1982,T-49,P-98380,defender,DF
WC-1982,T-49,P-35886,defender,DF
WC-1982,T-49,P-39611,midfielder,MF
WC-1982,T-49,P-80000,defender,DF
WC-1982,T-49,P-84240,defender,DF
WC-1982,T-49,P-38027,forward,FW
WC-1982,T-49,P-88108,midfielder,MF
WC-1982,T-49,P-50194,forward,FW
WC-1982,T-49,P-23450,midfielder,MF
WC-1982,T-49,P-30806,defender,DF
WC-1982,T-49,P-39675,midfielder,MF
WC-1982,T-49,P-53388,midfielder,MF
WC-1982,T-49,P-15562,defender,DF
WC-1982,T-49,P-98571,defender,DF
WC-1982,T-49,P-21395,defender,DF
WC-1982,T-49,P-81343,midfielder,MF
WC-1982,T-49,P-72373,midfielder,MF
WC-1982,T-49,P-69712,midfielder,MF
WC-1982,T-49,P-44600,midfielder,MF
WC-1982,T-49,P-69864,goal keeper,GK
WC-1982,T-49,P-46351,goal keeper,GK
WC-1982,T-52,P-55794,goal keeper,GK
WC-1982,T-52,P-53798,defender,DF
WC-1982,T-52,P-40771,defender,DF
WC-1982,T-52,P-99050,midfielder,MF
WC-1982,T-52,P-52771,defender,DF
WC-1982,T-52,P-62565,defender,DF
WC-1982,T-52,P-05529,forward,FW
WC-1982,T-52,P-85997,midfielder,MF
WC-1982,T-52,P-96985,forward,FW
WC-1982,T-52,P-32829,forward,FW
WC-1982,T-52,P-76882,forward,FW
WC-1982,T-52,P-76981,defender,DF
WC-1982,T-52,P-65462,defender,DF
WC-1982,T-52,P-13942,midfielder,MF
WC-1982,T-52,P-39792,midfielder,MF
WC-1982,T-52,P-62599,forward,FW
WC-1982,T-52,P-04514,goal keeper,GK
WC-1982,T-52,P-50213,midfielder,MF
WC-1982,T-52,P-59982,forward,FW
WC-1982,T-52,P-05291,midfielder,MF
WC-1982,T-52,P-36137,forward,FW
WC-1982,T-52,P-00796,goal keeper,GK
WC-1982,T-56,P-13103,goal keeper,GK
WC-1982,T-56,P-32834,defender,DF
WC-1982,T-56,P-60966,defender,DF
WC-1982,T-56,P-56412,defender,DF
WC-1982,T-56,P-85374,midfielder,MF
WC-1982,T-56,P-72529,midfielder,MF
WC-1982,T-56,P-16659,forward,FW
WC-1982,T-56,P-23639,midfielder,MF
WC-1982,T-56,P-23072,midfielder,MF
WC-1982,T-56,P-96979,midfielder,MF
WC-1982,T-56,P-50099,forward,FW
WC-1982,T-56,P-51887,goal keeper,GK
WC-1982,T-56,P-39268,midfielder,MF
WC-1982,T-56,P-64384,midfielder,MF
WC-1982,T-56,P-93346,defender,DF
WC-1982,T-56,P-55653,defender,DF
WC-1982,T-56,P-96784,forward,FW
WC-1982,T-56,P-12095,midfielder,MF
WC-1982,T-56,P-42136,forward,FW
WC-1982,T-56,P-94008,forward,FW
WC-1982,T-56,P-07978,goal keeper,GK
WC-1982,T-56,P-79702,midfielder,MF
WC-1982,T-57,P-50717,goal keeper,GK
WC-1982,T-57,P-17208,defender,DF
WC-1982,T-57,P-15890,midfielder,MF
WC-1982,T-57,P-88971,defender,DF
WC-1982,T-57,P-43189,defender,DF
WC-1982,T-57,P-51539,defender,DF
WC-1982,T-57,P-46254,defender,DF
WC-1982,T-57,P-02493,midfielder,MF
WC-1982,T-57,P-48883,defender,DF
WC-1982,T-57,P-01165,defender,DF
WC-1982,T-57,P-57931,forward,FW
WC-1982,T-57,P-22126,defender,DF
WC-1982,T-57,P-40684,midfielder,MF
WC-1982,T-57,P-98924,midfielder,MF
WC-1982,T-57,P-91411,forward,FW
WC-1982,T-57,P-21597,forward,FW
WC-1982,T-57,P-92867,forward,FW
WC-1982,T-57,P-69383,forward,FW
WC-1982,T-57,P-18317,forward,FW
WC-1982,T-57,P-03652,forward,FW
WC-1982,T-57,P-71920,goal keeper,GK
WC-1982,T-57,P-76784,goal keeper,GK
WC-1982,T-64,P-05695,goal keeper,GK
WC-1982,T-64,P-66125,defender,DF
WC-1982,T-64,P-19146,defender,DF
WC-1982,T-64,P-91562,midfielder,MF
WC-1982,T-64,P-72942,defender,DF
WC-1982,T-64,P-11356,defender,DF
WC-1982,T-64,P-46604,midfielder,MF
WC-1982,T-64,P-68584,forward,FW
WC-1982,T-64,P-27545,forward,FW
WC-1982,T-64,P-11027,midfielder,MF
WC-1982,T-64,P-96391,forward,FW
WC-1982,T-64,P-26253,goal keeper,GK
WC-1982,T-64,P-53843,defender,DF
WC-1982,T-64,P-12472,defender,DF
WC-1982,T-64,P-22480,forward,FW
WC-1982,T-64,P-57616,midfielder,MF
WC-1982,T-64,P-53126,defender,DF
WC-1982,T-64,P-56094,forward,FW
WC-1982,T-64,P-15973,forward,FW
WC-1982,T-64,P-85827,forward,FW
WC-1982,T-64,P-65495,defender,DF
WC-1982,T-64,P-85003,goal keeper,GK
WC-1982,T-72,P-32342,goal keeper,GK
WC-1982,T-72,P-49099,defender,DF
WC-1982,T-72,P-66593,defender,DF
WC-1982,T-72,P-56334,defender,DF
WC-1982,T-72,P-47456,defender,DF
WC-1982,T-72,P-18580,defender,DF
WC-1982,T-72,P-93680,forward,FW
WC-1982,T-72,P-64968,midfielder,MF
WC-1982,T-72,P-18718,midfielder,MF
WC-1982,T-72,P-13514,midfielder,MF
WC-1982,T-72,P-03282,forward,FW
WC-1982,T-72,P-27460,midfielder,MF
WC-1982,T-72,P-05530,midfielder,MF
WC-1982,T-72,P-10493,defender,DF
WC-1982,T-72,P-35273,forward,FW
WC-1982,T-72,P-05562,forward,FW
WC-1982,T-72,P-15023,midfielder,MF
WC-1982,T-72,P-58072,defender,DF
WC-1982,T-72,P-12978,midfielder,MF
WC-1982,T-72,P-00116,defender,DF
WC-1982,T-72,P-90721,goal keeper,GK
WC-1982,T-72,P-05387,goal keeper,GK
WC-1982,T-73,P-84380,goal keeper,GK
WC-1982,T-73,P-96996,defender,DF
WC-1982,T-73,P-19020,defender,DF
WC-1982,T-73,P-40490,midfielder,MF
WC-1982,T-73,P-35214,defender,DF
WC-1982,T-73,P-22433,defender,DF
WC-1982,T-73,P-03571,forward,FW
WC-1982,T-73,P-89298,midfielder,MF
WC-1982,T-73,P-37218,forward,FW
WC-1982,T-73,P-92317,midfielder,MF
WC-1982,T-73,P-65283,forward,FW
WC-1982,T-73,P-25980,defender,DF
WC-1982,T-73,P-14310,defender,DF
WC-1982,T-73,P-42410,defender,DF
WC-1982,T-73,P-24553,midfielder,MF
WC-1982,T-73,P-70703,midfielder,MF
WC-1982,T-73,P-86323,midfielder,MF
WC-1982,T-73,P-57343,forward,FW
WC-1982,T-73,P-39440,forward,FW
WC-1982,T-73,P-99707,forward,FW
WC-1982,T-73,P-44005,goal keeper,GK
WC-1982,T-73,P-23912,goal keeper,GK
WC-1982,T-86,P-07171,goal keeper,GK
WC-1982,T-86,P-79689,defender,DF
WC-1982,T-86,P-48686,defender,DF
WC-1982,T-86,P-27251,defender,DF
WC-1982,T-86,P-31123,defender,DF
WC-1982,T-86,P-29426,midfielder,MF
WC-1982,T-86,P-89975,midfielder,MF
WC-1982,T-86,P-52461,forward,FW
WC-1982,T-86,P-89949,forward,FW
WC-1982,T-86,P-95747,midfielder,MF
WC-1982,T-86,P-59574,forward,FW
WC-1982,T-86,P-36307,defender,DF
WC-1982,T-86,P-40743,forward,FW
WC-1982,T-86,P-79344,midfielder,MF
WC-1982,T-86,P-45695,defender,DF
WC-1982,T-86,P-17092,forward,FW
WC-1982,T-86,P-39771,midfielder,MF
WC-1982,T-86,P-49502,midfielder,MF
WC-1982,T-86,P-25464,defender,DF
WC-1982,T-86,P-68969,defender,DF
WC-1982,T-86,P-85181,goal keeper,GK
WC-1982,T-86,P-84364,goal keeper,GK
WC-1982,T-87,P-76922,goal keeper,GK
WC-1982,T-87,P-75249,defender,DF
WC-1982,T-87,P-96969,midfielder,MF
WC-1982,T-87,P-84644,defender,DF
WC-1982,T-87,P-17336,defender,DF
WC-1982,T-87,P-85024,defender,DF
WC-1982,T-87,P-43672,midfielder,MF
WC-1982,T-87,P-67521,midfielder,MF
WC-1982,T-87,P-68408,defender,DF
WC-1982,T-87,P-10281,forward,FW
WC-1982,T-87,P-83693,forward,FW
WC-1982,T-87,P-14305,goal keeper,GK
WC-1982,T-87,P-74361,forward,FW
WC-1982,T-87,P-36045,defender,DF
WC-1982,T-87,P-00707,defender,DF
WC-1982,T-87,P-46658,forward,FW
WC-1982,T-87,P-27514,midfielder,MF
WC-1982,T-87,P-56193,forward,FW
WC-1982,T-87,P-40780,forward,FW
WC-1982,T-87,P-28747,midfielder,MF
WC-1982,T-87,P-24680,midfielder,MF
WC-1982,T-87,P-84659,goal keeper,GK
WC-1986,T-01,P-33690,goal keeper,GK
WC-1986,T-01,P-88535,defender,DF
WC-1986,T-01,P-12743,midfielder,MF
WC-1986,T-01,P-97960,defender,DF
WC-1986,T-01,P-52965,defender,DF
WC-1986,T-01,P-58877,midfielder,MF
WC-1986,T-01,P-40338,forward,FW
WC-1986,T-01,P-16403,midfielder,MF
WC-1986,T-01,P-08861,forward,FW
WC-1986,T-01,P-59774,midfielder,MF
WC-1986,T-01,P-45774,forward,FW
WC-1986,T-01,P-68346,forward,FW
WC-1986,T-01,P-85018,forward,FW
WC-1986,T-01,P-42885,forward,FW
WC-1986,T-01,P-15505,defender,DF
WC-1986,T-01,P-63564,defender,DF
WC-1986,T-01,P-65733,midfielder,MF
WC-1986,T-01,P-82715,midfielder,MF
WC-1986,T-01,P-97535,defender,DF
WC-1986,T-01,P-80405,defender,DF
WC-1986,T-01,P-93051,goal keeper,GK
WC-1986,T-01,P-15801,goal keeper,GK
WC-1986,T-03,P-83449,forward,FW
WC-1986,T-03,P-22408,midfielder,MF
WC-1986,T-03,P-60363,midfielder,MF
WC-1986,T-03,P-45025,midfielder,MF
WC-1986,T-03,P-62815,defender,DF
WC-1986,T-03,P-80376,defender,DF
WC-1986,T-03,P-95267,forward,FW
WC-1986,T-03,P-61630,defender,DF
WC-1986,T-03,P-22755,defender,DF
WC-1986,T-03,P-80404,midfielder,MF
WC-1986,T-03,P-02464,forward,FW
WC-1986,T-03,P-70033,midfielder,MF
WC-1986,T-03,P-69165,defender,DF
WC-1986,T-03,P-49676,midfielder,MF
WC-1986,T-03,P-24755,goal keeper,GK
WC-1986,T-03,P-46907,defender,DF
WC-1986,T-03,P-12666,forward,FW
WC-1986,T-03,P-15637,goal keeper,GK
WC-1986,T-03,P-79080,defender,DF
WC-1986,T-03,P-98697,midfielder,MF
WC-1986,T-03,P-65092,midfielder,MF
WC-1986,T-03,P-64307,goal keeper,GK
WC-1986,T-06,P-84816,goal keeper,GK
WC-1986,T-06,P-73390,defender,DF
WC-1986,T-06,P-08623,midfielder,MF
WC-1986,T-06,P-39297,defender,DF
WC-1986,T-06,P-88903,defender,DF
WC-1986,T-06,P-26401,midfielder,MF
WC-1986,T-06,P-71806,midfielder,MF
WC-1986,T-06,P-97414,midfielder,MF
WC-1986,T-06,P-06736,forward,FW
WC-1986,T-06,P-13042,midfielder,MF
WC-1986,T-06,P-25456,midfielder,MF
WC-1986,T-06,P-38187,goal keeper,GK
WC-1986,T-06,P-99499,defender,DF
WC-1986,T-06,P-05723,defender,DF
WC-1986,T-06,P-43888,midfielder,MF
WC-1986,T-06,P-47038,forward,FW
WC-1986,T-06,P-87975,forward,FW
WC-1986,T-06,P-24703,forward,FW
WC-1986,T-06,P-93848,defender,DF
WC-1986,T-06,P-47067,goal keeper,GK
WC-1986,T-06,P-95299,defender,DF
WC-1986,T-06,P-92384,midfielder,MF
WC-1986,T-09,P-43781,goal keeper,GK
WC-1986,T-09,P-33125,defender,DF
WC-1986,T-09,P-69644,defender,DF
WC-1986,T-09,P-12950,defender,DF
WC-1986,T-09,P-35736,midfielder,MF
WC-1986,T-09,P-83096,midfielder,MF
WC-1986,T-09,P-60969,forward,FW
WC-1986,T-09,P-19190,forward,FW
WC-1986,T-09,P-90635,forward,FW
WC-1986,T-09,P-37483,midfielder,MF
WC-1986,T-09,P-30573,forward,FW
WC-1986,T-09,P-34958,goal keeper,GK
WC-1986,T-09,P-79755,defender,DF
WC-1986,T-09,P-05820,defender,DF
WC-1986,T-09,P-76896,midfielder,MF
WC-1986,T-09,P-06573,defender,DF
WC-1986,T-09,P-90842,defender,DF
WC-1986,T-09,P-78605,midfielder,MF
WC-1986,T-09,P-50408,midfielder,MF
WC-1986,T-09,P-12049,midfielder,MF
WC-1986,T-09,P-10596,midfielder,MF
WC-1986,T-09,P-06015,goal keeper,GK
WC-1986,T-10,P-94024,goal keeper,GK
WC-1986,T-10,P-05061,forward,FW
WC-1986,T-10,P-86608,defender,DF
WC-1986,T-10,P-28606,defender,DF
WC-1986,T-10,P-25752,defender,DF
WC-1986,T-10,P-73764,forward,FW
WC-1986,T-10,P-99064,midfielder,MF
WC-1986,T-10,P-09476,midfielder,MF
WC-1986,T-10,P-91932,forward,FW
WC-1986,T-10,P-32755,midfielder,MF
WC-1986,T-10,P-76141,midfielder,MF
WC-1986,T-10,P-32447,midfielder,MF
WC-1986,T-10,P-62546,defender,DF
WC-1986,T-10,P-07363,midfielder,MF
WC-1986,T-10,P-48970,midfielder,MF
WC-1986,T-10,P-33225,forward,FW
WC-1986,T-10,P-84561,midfielder,MF
WC-1986,T-10,P-25143,forward,FW
WC-1986,T-10,P-19526,forward,FW
WC-1986,T-10,P-08726,forward,FW
WC-1986,T-10,P-33846,defender,DF
WC-1986,T-10,P-52146,goal keeper,GK
WC-1986,T-12,P-09660,goal keeper,GK
WC-1986,T-12,P-97018,defender,DF
WC-1986,T-12,P-78960,defender,DF
WC-1986,T-12,P-07554,midfielder,MF
WC-1986,T-12,P-35196,defender,DF
WC-1986,T-12,P-15173,defender,DF
WC-1986,T-12,P-73303,forward,FW
WC-1986,T-12,P-61972,midfielder,MF
WC-1986,T-12,P-92139,forward,FW
WC-1986,T-12,P-27353,forward,FW
WC-1986,T-12,P-05935,midfielder,MF
WC-1986,T-12,P-82297,defender,DF
WC-1986,T-12,P-21914,forward,FW
WC-1986,T-12,P-67430,forward,FW
WC-1986,T-12,P-73226,midfielder,MF
WC-1986,T-12,P-08567,midfielder,MF
WC-1986,T-12,P-50657,midfielder,MF
WC-1986,T-12,P-25508,midfielder,MF
WC-1986,T-12,P-90988,defender,DF
WC-1986,T-12,P-13395,defender,DF
WC-1986,T-12,P-27647,goal keeper,GK
WC-1986,T-12,P-33784,goal keeper,GK
WC-1986,T-22,P-06115,goal keeper,GK
WC-1986,T-22,P-46140,defender,DF
WC-1986,T-22,P-94731,defender,DF
WC-1986,T-22,P-40610,defender,DF
WC-1986,T-22,P-62631,defender,DF
WC-1986,T-22,P-92595,midfielder,MF
WC-1986,T-22,P-49069,midfielder,MF
WC-1986,T-22,P-21213,forward,FW
WC-1986,T-22,P-77330,midfielder,MF
WC-1986,T-22,P-36502,forward,FW
WC-1986,T-22,P-56788,midfielder,MF
WC-1986,T-22,P-53824,midfielder,MF
WC-1986,T-22,P-48513,midfielder,MF
WC-1986,T-22,P-07140,forward,FW
WC-1986,T-22,P-00445,midfielder,MF
WC-1986,T-22,P-17302,goal keeper,GK
WC-1986,T-22,P-58408,defender,DF
WC-1986,T-22,P-60480,forward,FW
WC-1986,T-22,P-92292,forward,FW
WC-1986,T-22,P-98689,midfielder,MF
WC-1986,T-22,P-04488,defender,DF
WC-1986,T-22,P-83507,goal keeper,GK
WC-1986,T-28,P-20640,goal keeper,GK
WC-1986,T-28,P-23718,defender,DF
WC-1986,T-28,P-59016,defender,DF
WC-1986,T-28,P-68542,midfielder,MF
WC-1986,T-28,P-29522,defender,DF
WC-1986,T-28,P-49962,defender,DF
WC-1986,T-28,P-02675,midfielder,MF
WC-1986,T-28,P-34141,midfielder,MF
WC-1986,T-28,P-65174,forward,FW
WC-1986,T-28,P-36651,forward,FW
WC-1986,T-28,P-19351,midfielder,MF
WC-1986,T-28,P-70102,defender,DF
WC-1986,T-28,P-81883,goal keeper,GK
WC-1986,T-28,P-87821,defender,DF
WC-1986,T-28,P-49130,defender,DF
WC-1986,T-28,P-53735,midfielder,MF
WC-1986,T-28,P-76340,midfielder,MF
WC-1986,T-28,P-78807,midfielder,MF
WC-1986,T-28,P-38921,forward,FW
WC-1986,T-28,P-18335,forward,FW
WC-1986,T-28,P-08967,forward,FW
WC-1986,T-28,P-60826,goal keeper,GK
WC-1986,T-30,P-51570,goal keeper,GK
WC-1986,T-30,P-69834,defender,DF
WC-1986,T-30,P-29650,defender,DF
WC-1986,T-30,P-12738,defender,DF
WC-1986,T-30,P-27495,defender,DF
WC-1986,T-30,P-03719,defender,DF
WC-1986,T-30,P-94723,defender,DF
WC-1986,T-30,P-52595,defender,DF
WC-1986,T-30,P-00643,midfielder,MF
WC-1986,T-30,P-08939,midfielder,MF
WC-1986,T-30,P-80821,midfielder,MF
WC-1986,T-30,P-79617,midfielder,MF
WC-1986,T-30,P-05511,midfielder,MF
WC-1986,T-30,P-76592,midfielder,MF
WC-1986,T-30,P-93959,midfielder,MF
WC-1986,T-30,P-12716,forward,FW
WC-1986,T-30,P-31235,forward,FW
WC-1986,T-30,P-99991,forward,FW
WC-1986,T-30,P-22982,forward,FW
WC-1986,T-30,P-88945,forward,FW
WC-1986,T-30,P-51538,goal keeper,GK
WC-1986,T-30,P-87726,goal keeper,GK
WC-1986,T-36,P-71520,goal keeper,GK
WC-1986,T-36,P-65801,defender,DF
WC-1986,T-36,P-77817,defender,DF
WC-1986,T-36,P-51494,defender,DF
WC-1986,T-36,P-04063,defender,DF
WC-1986,T-36,P-45821,defender,DF
WC-1986,T-36,P-67142,forward,FW
WC-1986,T-36,P-99704,defender,DF
WC-1986,T-36,P-52793,forward,FW
WC-1986,T-36,P-88653,midfielder,MF
WC-1986,T-36,P-06745,forward,FW
WC-1986,T-36,P-00795,defender,DF
WC-1986,T-36,P-56500,defender,DF
WC-1986,T-36,P-15144,defender,DF
WC-1986,T-36,P-26969,midfielder,MF
WC-1986,T-36,P-32610,midfielder,MF
WC-1986,T-36,P-13416,midfielder,MF
WC-1986,T-36,P-21159,goal keeper,GK
WC-1986,T-36,P-48639,midfielder,MF
WC-1986,T-36,P-97362,forward,FW
WC-1986,T-36,P-81476,midfielder,MF
WC-1986,T-36,P-12206,goal keeper,GK
WC-1986,T-39,P-20424,goal keeper,GK
WC-1986,T-39,P-20549,defender,DF
WC-1986,T-39,P-08949,defender,DF
WC-1986,T-39,P-62944,defender,DF
WC-1986,T-39,P-15649,defender,DF
WC-1986,T-39,P-10707,midfielder,MF
WC-1986,T-39,P-97678,midfielder,MF
WC-1986,T-39,P-37600,forward,FW
WC-1986,T-39,P-34556,forward,FW
WC-1986,T-39,P-54079,forward,FW
WC-1986,T-39,P-88871,forward,FW
WC-1986,T-39,P-32244,midfielder,MF
WC-1986,T-39,P-56076,defender,DF
WC-1986,T-39,P-76810,midfielder,MF
WC-1986,T-39,P-72587,midfielder,MF
WC-1986,T-39,P-29742,midfielder,MF
WC-1986,T-39,P-00685,forward,FW
WC-1986,T-39,P-22174,midfielder,MF
WC-1986,T-39,P-57174,defender,DF
WC-1986,T-39,P-33838,goal keeper,GK
WC-1986,T-39,P-34985,goal keeper,GK
WC-1986,T-39,P-42180,defender,DF
WC-1986,T-41,P-56533,goal keeper,GK
WC-1986,T-41,P-29143,defender,DF
WC-1986,T-41,P-03775,defender,DF
WC-1986,T-41,P-30672,defender,DF
WC-1986,T-41,P-99684,defender,DF
WC-1986,T-41,P-99788,defender,DF
WC-1986,T-41,P-24028,defender,DF
WC-1986,T-41,P-73911,defender,DF
WC-1986,T-41,P-13638,midfielder,MF
WC-1986,T-41,P-49669,midfielder,MF
WC-1986,T-41,P-55733,midfielder,MF
WC-1986,T-41,P-50344,goal keeper,GK
WC-1986,T-41,P-32608,midfielder,MF
WC-1986,T-41,P-69913,midfielder,MF
WC-1986,T-41,P-93788,midfielder,MF
WC-1986,T-41,P-66365,forward,FW
WC-1986,T-41,P-81402,forward,FW
WC-1986,T-41,P-46574,forward,FW
WC-1986,T-41,P-45432,forward,FW
WC-1986,T-41,P-91717,forward,FW
WC-1986,T-41,P-35253,forward,FW
WC-1986,T-41,P-57440,goal keeper,GK
WC-1986,T-46,P-96913,goal keeper,GK
WC-1986,T-46,P-47178,defender,DF
WC-1986,T-46,P-28996,defender,DF
WC-1986,T-46,P-38416,defender,DF
WC-1986,T-46,P-83744,forward,FW
WC-1986,T-46,P-10537,midfielder,MF
WC-1986,T-46,P-19791,midfielder,MF
WC-1986,T-46,P-03454,midfielder,MF
WC-1986,T-46,P-26316,forward,FW
WC-1986,T-46,P-62984,midfielder,MF
WC-1986,T-46,P-22941,forward,FW
WC-1986,T-46,P-43570,goal keeper,GK
WC-1986,T-46,P-59792,midfielder,MF
WC-1986,T-46,P-56743,defender,DF
WC-1986,T-46,P-85837,forward,FW
WC-1986,T-46,P-67053,midfielder,MF
WC-1986,T-46,P-89412,defender,DF
WC-1986,T-46,P-63828,defender,DF
WC-1986,T-46,P-93110,midfielder,MF
WC-1986,T-46,P-83083,goal keeper,GK
WC-1986,T-46,P-10248,forward,FW
WC-1986,T-46,P-66199,midfielder,MF
WC-1986,T-47,P-87191,goal keeper,GK
WC-1986,T-47,P-92676,defender,DF
WC-1986,T-47,P-40516,defender,DF
WC-1986,T-47,P-95808,defender,DF
WC-1986,T-47,P-07753,defender,DF
WC-1986,T-47,P-40453,midfielder,MF
WC-1986,T-47,P-37917,midfielder,MF
WC-1986,T-47,P-99850,midfielder,MF
WC-1986,T-47,P-32922,forward,FW
WC-1986,T-47,P-04834,midfielder,MF
WC-1986,T-47,P-87575,forward,FW
WC-1986,T-47,P-37638,goal keeper,GK
WC-1986,T-47,P-32719,forward,FW
WC-1986,T-47,P-74260,defender,DF
WC-1986,T-47,P-13902,midfielder,MF
WC-1986,T-47,P-11961,midfielder,MF
WC-1986,T-47,P-21024,forward,FW
WC-1986,T-47,P-43398,midfielder,MF
WC-1986,T-47,P-29930,midfielder,MF
WC-1986,T-47,P-03975,defender,DF
WC-1986,T-47,P-40996,midfielder,MF
WC-1986,T-47,P-79497,goal keeper,GK
WC-1986,T-52,P-55794,goal keeper,GK
WC-1986,T-52,P-53798,defender,DF
WC-1986,T-52,P-40771,defender,DF
WC-1986,T-52,P-62565,defender,DF
WC-1986,T-52,P-98708,defender,DF
WC-1986,T-52,P-99050,midfielder,MF
WC-1986,T-52,P-84808,midfielder,MF
WC-1986,T-52,P-32829,midfielder,MF
WC-1986,T-52,P-23905,forward,FW
WC-1986,T-52,P-62599,midfielder,MF
WC-1986,T-52,P-88012,forward,FW
WC-1986,T-52,P-04514,goal keeper,GK
WC-1986,T-52,P-92698,goal keeper,GK
WC-1986,T-52,P-96985,forward,FW
WC-1986,T-52,P-19672,defender,DF
WC-1986,T-52,P-99479,midfielder,MF
WC-1986,T-52,P-74529,forward,FW
WC-1986,T-52,P-76981,defender,DF
WC-1986,T-52,P-76882,forward,FW
WC-1986,T-52,P-28922,midfielder,MF
WC-1986,T-52,P-40633,midfielder,MF
WC-1986,T-52,P-42530,forward,FW
WC-1986,T-55,P-47269,goal keeper,GK
WC-1986,T-55,P-13699,defender,DF
WC-1986,T-55,P-60644,defender,DF
WC-1986,T-55,P-77194,defender,DF
WC-1986,T-55,P-20267,defender,DF
WC-1986,T-55,P-56811,midfielder,MF
WC-1986,T-55,P-16678,midfielder,MF
WC-1986,T-55,P-73704,midfielder,MF
WC-1986,T-55,P-29440,forward,FW
WC-1986,T-55,P-53152,midfielder,MF
WC-1986,T-55,P-97522,forward,FW
WC-1986,T-55,P-03297,goal keeper,GK
WC-1986,T-55,P-84056,defender,DF
WC-1986,T-55,P-69529,defender,DF
WC-1986,T-55,P-03360,forward,FW
WC-1986,T-55,P-37560,midfielder,MF
WC-1986,T-55,P-34547,forward,FW
WC-1986,T-55,P-55219,forward,FW
WC-1986,T-55,P-38392,midfielder,MF
WC-1986,T-55,P-74570,forward,FW
WC-1986,T-55,P-18120,forward,FW
WC-1986,T-55,P-82332,goal keeper,GK
WC-1986,T-57,P-50717,goal keeper,GK
WC-1986,T-57,P-31117,defender,DF
WC-1986,T-57,P-48883,defender,DF
WC-1986,T-57,P-00146,defender,DF
WC-1986,T-57,P-22126,defender,DF
WC-1986,T-57,P-02493,midfielder,MF
WC-1986,T-57,P-71521,midfielder,MF
WC-1986,T-57,P-83573,forward,FW
WC-1986,T-57,P-39326,forward,FW
WC-1986,T-57,P-01165,defender,DF
WC-1986,T-57,P-57931,forward,FW
WC-1986,T-57,P-71920,goal keeper,GK
WC-1986,T-57,P-71979,midfielder,MF
WC-1986,T-57,P-07710,defender,DF
WC-1986,T-57,P-40684,midfielder,MF
WC-1986,T-57,P-98924,midfielder,MF
WC-1986,T-57,P-86899,forward,FW
WC-1986,T-57,P-59285,defender,DF
WC-1986,T-57,P-39546,goal keeper,GK
WC-1986,T-57,P-03652,midfielder,MF
WC-1986,T-57,P-17582,forward,FW
WC-1986,T-57,P-52039,forward,FW
WC-1986,T-58,P-98161,goal keeper,GK
WC-1986,T-58,P-37038,defender,DF
WC-1986,T-58,P-22344,midfielder,MF
WC-1986,T-58,P-63783,midfielder,MF
WC-1986,T-58,P-31048,defender,DF
WC-1986,T-58,P-81444,midfielder,MF
WC-1986,T-58,P-97302,midfielder,MF
WC-1986,T-58,P-29698,defender,DF
WC-1986,T-58,P-31762,forward,FW
WC-1986,T-58,P-10440,forward,FW
WC-1986,T-58,P-94871,defender,DF
WC-1986,T-58,P-34980,goal keeper,GK
WC-1986,T-58,P-94216,defender,DF
WC-1986,T-58,P-52794,midfielder,MF
WC-1986,T-58,P-48881,defender,DF
WC-1986,T-58,P-03000,defender,DF
WC-1986,T-58,P-88661,midfielder,MF
WC-1986,T-58,P-87641,defender,DF
WC-1986,T-58,P-77856,forward,FW
WC-1986,T-58,P-07955,defender,DF
WC-1986,T-58,P-61802,midfielder,MF
WC-1986,T-58,P-37242,goal keeper,GK
WC-1986,T-64,P-85003,goal keeper,GK
WC-1986,T-64,P-05434,defender,DF
WC-1986,T-64,P-64688,defender,DF
WC-1986,T-64,P-91562,midfielder,MF
WC-1986,T-64,P-53843,defender,DF
WC-1986,T-64,P-11356,defender,DF
WC-1986,T-64,P-46604,midfielder,MF
WC-1986,T-64,P-08096,defender,DF
WC-1986,T-64,P-65888,midfielder,MF
WC-1986,T-64,P-78666,midfielder,MF
WC-1986,T-64,P-42726,midfielder,MF
WC-1986,T-64,P-51002,goal keeper,GK
WC-1986,T-64,P-36038,defender,DF
WC-1986,T-64,P-12472,defender,DF
WC-1986,T-64,P-39517,defender,DF
WC-1986,T-64,P-31710,forward,FW
WC-1986,T-64,P-56094,forward,FW
WC-1986,T-64,P-47824,forward,FW
WC-1986,T-64,P-97239,forward,FW
WC-1986,T-64,P-15973,forward,FW
WC-1986,T-64,P-89287,forward,FW
WC-1986,T-64,P-05695,goal keeper,GK
WC-1986,T-71,P-77268,goal keeper,GK
WC-1986,T-71,P-43950,defender,DF
WC-1986,T-71,P-65387,defender,DF
WC-1986,T-71,P-45849,midfielder,MF
WC-1986,T-71,P-68971,defender,DF
WC-1986,T-71,P-83876,forward,FW
WC-1986,T-71,P-19309,forward,FW
WC-1986,T-71,P-46375,defender,DF
WC-1986,T-71,P-51349,forward,FW
WC-1986,T-71,P-99813,midfielder,MF
WC-1986,T-71,P-13141,forward,FW
WC-1986,T-71,P-70602,defender,DF
WC-1986,T-71,P-66410,midfielder,MF
WC-1986,T-71,P-74032,defender,DF
WC-1986,T-71,P-87197,defender,DF
WC-1986,T-71,P-95664,midfielder,MF
WC-1986,T-71,P-64475,midfielder,MF
WC-1986,T-71,P-99042,midfielder,MF
WC-1986,T-71,P-50938,forward,FW
WC-1986,T-71,P-53955,forward,FW
WC-1986,T-71,P-53803,goal keeper,GK
WC-1986,T-71,P-18924,midfielder,MF
WC-1986,T-72,P-32342,goal keeper,GK
WC-1986,T-72,P-64968,defender,DF
WC-1986,T-72,P-66593,defender,DF
WC-1986,T-72,P-04915,defender,DF
WC-1986,T-72,P-18580,defender,DF
WC-1986,T-72,P-93918,defender,DF
WC-1986,T-72,P-34497,midfielder,MF
WC-1986,T-72,P-33328,midfielder,MF
WC-1986,T-72,P-27906,midfielder,MF
WC-1986,T-72,P-86826,defender,DF
WC-1986,T-72,P-03282,forward,FW
WC-1986,T-72,P-27460,midfielder,MF
WC-1986,T-72,P-48718,midfielder,MF
WC-1986,T-72,P-05562,forward,FW
WC-1986,T-72,P-51110,defender,DF
WC-1986,T-72,P-90721,goal keeper,GK
WC-1986,T-72,P-12978,midfielder,MF
WC-1986,T-72,P-10906,forward,FW
WC-1986,T-72,P-10855,midfielder,MF
WC-1986,T-72,P-86677,midfielder,MF
WC-1986,T-72,P-16126,midfielder,MF
WC-1986,T-72,P-08071,goal keeper,GK
WC-1986,T-73,P-63214,goal keeper,GK
WC-1986,T-73,P-72141,defender,DF
WC-1986,T-73,P-96996,defender,DF
WC-1986,T-73,P-42410,defender,DF
WC-1986,T-73,P-91970,midfielder,MF
WC-1986,T-73,P-19020,defender,DF
WC-1986,T-73,P-32414,midfielder,MF
WC-1986,T-73,P-93792,defender,DF
WC-1986,T-73,P-12940,forward,FW
WC-1986,T-73,P-12398,midfielder,MF
WC-1986,T-73,P-70569,defender,DF
WC-1986,T-73,P-95106,midfielder,MF
WC-1986,T-73,P-44005,goal keeper,GK
WC-1986,T-73,P-86323,midfielder,MF
WC-1986,T-73,P-31693,defender,DF
WC-1986,T-73,P-91175,forward,FW
WC-1986,T-73,P-02901,midfielder,MF
WC-1986,T-73,P-14296,midfielder,MF
WC-1986,T-73,P-18314,forward,FW
WC-1986,T-73,P-74307,forward,FW
WC-1986,T-73,P-06498,midfielder,MF
WC-1986,T-73,P-98382,goal keeper,GK
WC-1986,T-84,P-73100,goal keeper,GK
WC-1986,T-84,P-86817,defender,DF
WC-1986,T-84,P-48167,defender,DF
WC-1986,T-84,P-29429,defender,DF
WC-1986,T-84,P-89543,midfielder,MF
WC-1986,T-84,P-57952,defender,DF
WC-1986,T-84,P-68463,forward,FW
WC-1986,T-84,P-38492,midfielder,MF
WC-1986,T-84,P-94995,forward,FW
WC-1986,T-84,P-36582,midfielder,MF
WC-1986,T-84,P-37351,midfielder,MF
WC-1986,T-84,P-22385,goal keeper,GK
WC-1986,T-84,P-77490,defender,DF
WC-1986,T-84,P-03963,defender,DF
WC-1986,T-84,P-72094,defender,DF
WC-1986,T-84,P-66014,midfielder,MF
WC-1986,T-84,P-19175,midfielder,MF
WC-1986,T-84,P-83805,midfielder,MF
WC-1986,T-84,P-97584,forward,FW
WC-1986,T-84,P-57189,forward,FW
WC-1986,T-84,P-18562,forward,FW
WC-1986,T-84,P-00489,goal keeper,GK
WC-1986,T-86,P-07171,goal keeper,GK
WC-1986,T-86,P-79689,defender,DF
WC-1986,T-86,P-67713,defender,DF
WC-1986,T-86,P-27251,defender,DF
WC-1986,T-86,P-66165,defender,DF
WC-1986,T-86,P-36201,defender,DF
WC-1986,T-86,P-89975,forward,FW
WC-1986,T-86,P-49502,midfielder,MF
WC-1986,T-86,P-04572,forward,FW
WC-1986,T-86,P-79344,midfielder,MF
WC-1986,T-86,P-59574,forward,FW
WC-1986,T-86,P-71616,goal keeper,GK
WC-1986,T-86,P-65532,midfielder,MF
WC-1986,T-86,P-59388,defender,DF
WC-1986,T-86,P-23204,defender,DF
WC-1986,T-86,P-45408,midfielder,MF
WC-1986,T-86,P-91180,defender,DF
WC-1986,T-86,P-93701,midfielder,MF
WC-1986,T-86,P-95392,forward,FW
WC-1986,T-86,P-27194,forward,FW
WC-1986,T-86,P-96946,midfielder,MF
WC-1986,T-86,P-84364,goal keeper,GK
WC-1990,T-03,P-15637,goal keeper,GK
WC-1990,T-03,P-22408,midfielder,MF
WC-1990,T-03,P-07031,forward,FW
WC-1990,T-03,P-14841,midfielder,MF
WC-1990,T-03,P-06684,defender,DF
WC-1990,T-03,P-10969,forward,FW
WC-1990,T-03,P-95267,midfielder,MF
WC-1990,T-03,P-35873,forward,FW
WC-1990,T-03,P-53936,forward,FW
WC-1990,T-03,P-80404,midfielder,MF
WC-1990,T-03,P-64003,defender,DF
WC-1990,T-03,P-34056,goal keeper,GK
WC-1990,T-03,P-23349,defender,DF
WC-1990,T-03,P-49676,midfielder,MF
WC-1990,T-03,P-31161,defender,DF
WC-1990,T-03,P-46907,defender,DF
WC-1990,T-03,P-82949,defender,DF
WC-1990,T-03,P-80379,defender,DF
WC-1990,T-03,P-79080,defender,DF
WC-1990,T-03,P-14628,defender,DF
WC-1990,T-03,P-30977,midfielder,MF
WC-1990,T-03,P-15632,goal keeper,GK
WC-1990,T-05,P-29893,goal keeper,GK
WC-1990,T-05,P-22801,defender,DF
WC-1990,T-05,P-57468,defender,DF
WC-1990,T-05,P-46006,defender,DF
WC-1990,T-05,P-77198,defender,DF
WC-1990,T-05,P-69681,midfielder,MF
WC-1990,T-05,P-76884,defender,DF
WC-1990,T-05,P-67942,defender,DF
WC-1990,T-05,P-16938,forward,FW
WC-1990,T-05,P-52446,midfielder,MF
WC-1990,T-05,P-06378,midfielder,MF
WC-1990,T-05,P-11735,midfielder,MF
WC-1990,T-05,P-07284,forward,FW
WC-1990,T-05,P-79953,forward,FW
WC-1990,T-05,P-68014,forward,FW
WC-1990,T-05,P-67426,midfielder,MF
WC-1990,T-05,P-67358,forward,FW
WC-1990,T-05,P-57682,defender,DF
WC-1990,T-05,P-16277,midfielder,MF
WC-1990,T-05,P-46897,midfielder,MF
WC-1990,T-05,P-80487,goal keeper,GK
WC-1990,T-05,P-91339,goal keeper,GK
WC-1990,T-06,P-00531,goal keeper,GK
WC-1990,T-06,P-73390,defender,DF
WC-1990,T-06,P-43307,defender,DF
WC-1990,T-06,P-05723,defender,DF
WC-1990,T-06,P-51650,midfielder,MF
WC-1990,T-06,P-35636,midfielder,MF
WC-1990,T-06,P-95299,defender,DF
WC-1990,T-06,P-08623,midfielder,MF
WC-1990,T-06,P-28230,forward,FW
WC-1990,T-06,P-97414,midfielder,MF
WC-1990,T-06,P-25456,midfielder,MF
WC-1990,T-06,P-47067,goal keeper,GK
WC-1990,T-06,P-99499,defender,DF
WC-1990,T-06,P-47038,forward,FW
WC-1990,T-06,P-11791,defender,DF
WC-1990,T-06,P-39297,defender,DF
WC-1990,T-06,P-37431,defender,DF
WC-1990,T-06,P-33618,midfielder,MF
WC-1990,T-06,P-03300,forward,FW
WC-1990,T-06,P-72937,goal keeper,GK
WC-1990,T-06,P-69659,midfielder,MF
WC-1990,T-06,P-92384,midfielder,MF
WC-1990,T-09,P-31850,goal keeper,GK
WC-1990,T-09,P-26340,defender,DF
WC-1990,T-09,P-88506,defender,DF
WC-1990,T-09,P-32466,midfielder,MF
WC-1990,T-09,P-76896,midfielder,MF
WC-1990,T-09,P-90842,defender,DF
WC-1990,T-09,P-66554,midfielder,MF
WC-1990,T-09,P-10596,midfielder,MF
WC-1990,T-09,P-90635,forward,FW
WC-1990,T-09,P-12049,midfielder,MF
WC-1990,T-09,P-61251,forward,FW
WC-1990,T-09,P-12036,goal keeper,GK
WC-1990,T-09,P-62375,defender,DF
WC-1990,T-09,P-56505,defender,DF
WC-1990,T-09,P-60969,forward,FW
WC-1990,T-09,P-68671,forward,FW
WC-1990,T-09,P-52379,forward,FW
WC-1990,T-09,P-78793,defender,DF
WC-1990,T-09,P-61247,defender,DF
WC-1990,T-09,P-69952,midfielder,MF
WC-1990,T-09,P-06573,defender,DF
WC-1990,T-09,P-73607,goal keeper,GK
WC-1990,T-11,P-17774,goal keeper,GK
WC-1990,T-11,P-84420,defender,DF
WC-1990,T-11,P-56577,midfielder,MF
WC-1990,T-11,P-31657,defender,DF
WC-1990,T-11,P-31884,defender,DF
WC-1990,T-11,P-44016,defender,DF
WC-1990,T-11,P-77989,forward,FW
WC-1990,T-11,P-12458,midfielder,MF
WC-1990,T-11,P-58080,forward,FW
WC-1990,T-11,P-59402,midfielder,MF
WC-1990,T-11,P-41084,forward,FW
WC-1990,T-11,P-79721,defender,DF
WC-1990,T-11,P-81131,defender,DF
WC-1990,T-11,P-08703,defender,DF
WC-1990,T-11,P-94752,midfielder,MF
WC-1990,T-11,P-95667,goal keeper,GK
WC-1990,T-11,P-53341,defender,DF
WC-1990,T-11,P-36769,forward,FW
WC-1990,T-11,P-19849,midfielder,MF
WC-1990,T-11,P-64478,midfielder,MF
WC-1990,T-11,P-03377,midfielder,MF
WC-1990,T-11,P-93402,goal keeper,GK
WC-1990,T-16,P-31928,goal keeper,GK
WC-1990,T-16,P-70177,defender,DF
WC-1990,T-16,P-14496,defender,DF
WC-1990,T-16,P-43980,defender,DF
WC-1990,T-16,P-39384,midfielder,MF
WC-1990,T-16,P-31126,defender,DF
WC-1990,T-16,P-53398,forward,FW
WC-1990,T-16,P-31825,midfielder,MF
WC-1990,T-16,P-43732,forward,FW
WC-1990,T-16,P-49600,midfielder,MF
WC-1990,T-16,P-02405,midfielder,MF
WC-1990,T-16,P-65731,goal keeper,GK
WC-1990,T-16,P-41062,defender,DF
WC-1990,T-16,P-10890,midfielder,MF
WC-1990,T-16,P-92695,defender,DF
WC-1990,T-16,P-82012,forward,FW
WC-1990,T-16,P-96992,defender,DF
WC-1990,T-16,P-13552,defender,DF
WC-1990,T-16,P-69504,midfielder,MF
WC-1990,T-16,P-75417,midfielder,MF
WC-1990,T-16,P-33086,defender,DF
WC-1990,T-16,P-07687,forward,FW
WC-1990,T-17,P-62978,goal keeper,GK
WC-1990,T-17,P-65985,defender,DF
WC-1990,T-17,P-59912,defender,DF
WC-1990,T-17,P-74237,defender,DF
WC-1990,T-17,P-50080,defender,DF
WC-1990,T-17,P-78926,midfielder,MF
WC-1990,T-17,P-02273,forward,FW
WC-1990,T-17,P-13444,midfielder,MF
WC-1990,T-17,P-35501,midfielder,MF
WC-1990,T-17,P-27437,midfielder,MF
WC-1990,T-17,P-01259,forward,FW
WC-1990,T-17,P-16382,midfielder,MF
WC-1990,T-17,P-64783,midfielder,MF
WC-1990,T-17,P-18941,midfielder,MF
WC-1990,T-17,P-49136,defender,DF
WC-1990,T-17,P-73174,forward,FW
WC-1990,T-17,P-87653,midfielder,MF
WC-1990,T-17,P-73643,defender,DF
WC-1990,T-17,P-37790,defender,DF
WC-1990,T-17,P-48788,defender,DF
WC-1990,T-17,P-81990,goal keeper,GK
WC-1990,T-17,P-39680,goal keeper,GK
WC-1990,T-21,P-76459,goal keeper,GK
WC-1990,T-21,P-20237,defender,DF
WC-1990,T-21,P-40265,defender,DF
WC-1990,T-21,P-73737,midfielder,MF
WC-1990,T-21,P-57995,defender,DF
WC-1990,T-21,P-20647,defender,DF
WC-1990,T-21,P-08239,midfielder,MF
WC-1990,T-21,P-52500,midfielder,MF
WC-1990,T-21,P-16313,midfielder,MF
WC-1990,T-21,P-71260,forward,FW
WC-1990,T-21,P-85306,midfielder,MF
WC-1990,T-21,P-17800,defender,DF
WC-1990,T-21,P-82871,midfielder,MF
WC-1990,T-21,P-78227,midfielder,MF
WC-1990,T-21,P-28182,defender,DF
WC-1990,T-21,P-58445,forward,FW
WC-1990,T-21,P-65434,forward,FW
WC-1990,T-21,P-99987,forward,FW
WC-1990,T-21,P-71732,forward,FW
WC-1990,T-21,P-48690,midfielder,MF
WC-1990,T-21,P-22231,goal keeper,GK
WC-1990,T-21,P-14432,goal keeper,GK
WC-1990,T-26,P-42749,goal keeper,GK
WC-1990,T-26,P-41175,defender,DF
WC-1990,T-26,P-51328,defender,DF
WC-1990,T-26,P-11562,defender,DF
WC-1990,T-26,P-31758,defender,DF
WC-1990,T-26,P-17383,defender,DF
WC-1990,T-26,P-54444,midfielder,MF
WC-1990,T-26,P-62193,midfielder,MF
WC-1990,T-26,P-89810,forward,FW
WC-1990,T-26,P-73679,midfielder,MF
WC-1990,T-26,P-57839,midfielder,MF
WC-1990,T-26,P-62807,midfielder,MF
WC-1990,T-26,P-53055,defender,DF
WC-1990,T-26,P-47911,midfielder,MF
WC-1990,T-26,P-10496,midfielder,MF
WC-1990,T-26,P-07223,midfielder,MF
WC-1990,T-26,P-01224,forward,FW
WC-1990,T-26,P-83361,midfielder,MF
WC-1990,T-26,P-26446,forward,FW
WC-1990,T-26,P-41648,forward,FW
WC-1990,T-26,P-72591,goal keeper,GK
WC-1990,T-26,P-97395,goal keeper,GK
WC-1990,T-28,P-20640,goal keeper,GK
WC-1990,T-28,P-23718,defender,DF
WC-1990,T-28,P-67307,defender,DF
WC-1990,T-28,P-17303,midfielder,MF
WC-1990,T-28,P-55650,defender,DF
WC-1990,T-28,P-49962,defender,DF
WC-1990,T-28,P-02675,midfielder,MF
WC-1990,T-28,P-19351,midfielder,MF
WC-1990,T-28,P-18335,forward,FW
WC-1990,T-28,P-36651,forward,FW
WC-1990,T-28,P-38921,midfielder,MF
WC-1990,T-28,P-96960,defender,DF
WC-1990,T-28,P-81883,goal keeper,GK
WC-1990,T-28,P-68510,defender,DF
WC-1990,T-28,P-10265,defender,DF
WC-1990,T-28,P-27404,midfielder,MF
WC-1990,T-28,P-34450,midfielder,MF
WC-1990,T-28,P-78807,midfielder,MF
WC-1990,T-28,P-06127,midfielder,MF
WC-1990,T-28,P-76340,midfielder,MF
WC-1990,T-28,P-00081,forward,FW
WC-1990,T-28,P-13285,goal keeper,GK
WC-1990,T-41,P-57440,goal keeper,GK
WC-1990,T-41,P-42920,defender,DF
WC-1990,T-41,P-29143,defender,DF
WC-1990,T-41,P-35719,defender,DF
WC-1990,T-41,P-67143,defender,DF
WC-1990,T-41,P-47366,defender,DF
WC-1990,T-41,P-43222,defender,DF
WC-1990,T-41,P-73911,defender,DF
WC-1990,T-41,P-13638,midfielder,MF
WC-1990,T-41,P-67585,midfielder,MF
WC-1990,T-41,P-32608,midfielder,MF
WC-1990,T-41,P-61854,goal keeper,GK
WC-1990,T-41,P-75545,midfielder,MF
WC-1990,T-41,P-13438,midfielder,MF
WC-1990,T-41,P-78756,forward,FW
WC-1990,T-41,P-49269,forward,FW
WC-1990,T-41,P-38434,midfielder,MF
WC-1990,T-41,P-25410,forward,FW
WC-1990,T-41,P-76544,forward,FW
WC-1990,T-41,P-35253,forward,FW
WC-1990,T-41,P-81402,forward,FW
WC-1990,T-41,P-88002,goal keeper,GK
WC-1990,T-48,P-58282,goal keeper,GK
WC-1990,T-48,P-37630,defender,DF
WC-1990,T-48,P-92391,midfielder,MF
WC-1990,T-48,P-72919,defender,DF
WC-1990,T-48,P-73794,defender,DF
WC-1990,T-48,P-50869,midfielder,MF
WC-1990,T-48,P-48431,midfielder,MF
WC-1990,T-48,P-19670,midfielder,MF
WC-1990,T-48,P-76874,forward,FW
WC-1990,T-48,P-32830,midfielder,MF
WC-1990,T-48,P-47334,midfielder,MF
WC-1990,T-48,P-11241,forward,FW
WC-1990,T-48,P-88192,defender,DF
WC-1990,T-48,P-52936,forward,FW
WC-1990,T-48,P-03942,forward,FW
WC-1990,T-48,P-53103,goal keeper,GK
WC-1990,T-48,P-15631,forward,FW
WC-1990,T-48,P-77764,defender,DF
WC-1990,T-48,P-84043,forward,FW
WC-1990,T-48,P-42249,midfielder,MF
WC-1990,T-48,P-29008,defender,DF
WC-1990,T-48,P-30771,goal keeper,GK
WC-1990,T-60,P-67839,goal keeper,GK
WC-1990,T-60,P-24199,defender,DF
WC-1990,T-60,P-69817,defender,DF
WC-1990,T-60,P-08289,defender,DF
WC-1990,T-60,P-15882,defender,DF
WC-1990,T-60,P-04391,midfielder,MF
WC-1990,T-60,P-96122,defender,DF
WC-1990,T-60,P-95491,midfielder,MF
WC-1990,T-60,P-42603,forward,FW
WC-1990,T-60,P-94106,forward,FW
WC-1990,T-60,P-72379,midfielder,MF
WC-1990,T-60,P-64796,defender,DF
WC-1990,T-60,P-28854,midfielder,MF
WC-1990,T-60,P-66543,defender,DF
WC-1990,T-60,P-56580,forward,FW
WC-1990,T-60,P-52963,midfielder,MF
WC-1990,T-60,P-51629,forward,FW
WC-1990,T-60,P-90888,forward,FW
WC-1990,T-60,P-98535,forward,FW
WC-1990,T-60,P-61238,forward,FW
WC-1990,T-60,P-87036,midfielder,MF
WC-1990,T-60,P-57771,goal keeper,GK
WC-1990,T-61,P-71173,goal keeper,GK
WC-1990,T-61,P-94011,defender,DF
WC-1990,T-61,P-99719,defender,DF
WC-1990,T-61,P-42321,defender,DF
WC-1990,T-61,P-23176,midfielder,MF
WC-1990,T-61,P-19537,defender,DF
WC-1990,T-61,P-01137,forward,FW
WC-1990,T-61,P-83453,midfielder,MF
WC-1990,T-61,P-58563,forward,FW
WC-1990,T-61,P-30739,midfielder,MF
WC-1990,T-61,P-49988,midfielder,MF
WC-1990,T-61,P-44978,goal keeper,GK
WC-1990,T-61,P-25437,defender,DF
WC-1990,T-61,P-69340,forward,FW
WC-1990,T-61,P-34184,midfielder,MF
WC-1990,T-61,P-40531,midfielder,MF
WC-1990,T-61,P-54322,forward,FW
WC-1990,T-61,P-67274,forward,FW
WC-1990,T-61,P-42807,defender,DF
WC-1990,T-61,P-78546,midfielder,MF
WC-1990,T-61,P-86528,midfielder,MF
WC-1990,T-61,P-63813,goal keeper,GK
WC-1990,T-64,P-85003,goal keeper,GK
WC-1990,T-64,P-53843,defender,DF
WC-1990,T-64,P-08096,defender,DF
WC-1990,T-64,P-05434,defender,DF
WC-1990,T-64,P-42726,midfielder,MF
WC-1990,T-64,P-64688,defender,DF
WC-1990,T-64,P-17223,forward,FW
WC-1990,T-64,P-78666,midfielder,MF
WC-1990,T-64,P-10580,forward,FW
WC-1990,T-64,P-10435,midfielder,MF
WC-1990,T-64,P-16627,defender,DF
WC-1990,T-64,P-51002,goal keeper,GK
WC-1990,T-64,P-39265,forward,FW
WC-1990,T-64,P-34150,forward,FW
WC-1990,T-64,P-46094,defender,DF
WC-1990,T-64,P-49470,midfielder,MF
WC-1990,T-64,P-76645,defender,DF
WC-1990,T-64,P-39646,midfielder,MF
WC-1990,T-64,P-95626,defender,DF
WC-1990,T-64,P-09546,midfielder,MF
WC-1990,T-64,P-56270,forward,FW
WC-1990,T-64,P-18873,goal keeper,GK
WC-1990,T-71,P-95438,goal keeper,GK
WC-1990,T-71,P-43950,defender,DF
WC-1990,T-71,P-35322,defender,DF
WC-1990,T-71,P-99575,defender,DF
WC-1990,T-71,P-68971,defender,DF
WC-1990,T-71,P-83876,forward,FW
WC-1990,T-71,P-66410,midfielder,MF
WC-1990,T-71,P-43076,forward,FW
WC-1990,T-71,P-76411,midfielder,MF
WC-1990,T-71,P-47850,forward,FW
WC-1990,T-71,P-50938,forward,FW
WC-1990,T-71,P-86017,midfielder,MF
WC-1990,T-71,P-65387,defender,DF
WC-1990,T-71,P-51349,forward,FW
WC-1990,T-71,P-74032,defender,DF
WC-1990,T-71,P-95664,midfielder,MF
WC-1990,T-71,P-90303,defender,DF
WC-1990,T-71,P-15222,forward,FW
WC-1990,T-71,P-93046,goal keeper,GK
WC-1990,T-71,P-55097,defender,DF
WC-1990,T-71,P-20285,goal keeper,GK
WC-1990,T-71,P-50333,midfielder,MF
WC-1990,T-72,P-32342,goal keeper,GK
WC-1990,T-72,P-64968,defender,DF
WC-1990,T-72,P-56334,defender,DF
WC-1990,T-72,P-86826,defender,DF
WC-1990,T-72,P-18580,defender,DF
WC-1990,T-72,P-16126,midfielder,MF
WC-1990,T-72,P-86677,midfielder,MF
WC-1990,T-72,P-48718,midfielder,MF
WC-1990,T-72,P-27906,midfielder,MF
WC-1990,T-72,P-10906,forward,FW
WC-1990,T-72,P-77250,forward,FW
WC-1990,T-72,P-99207,midfielder,MF
WC-1990,T-72,P-15788,defender,DF
WC-1990,T-72,P-35793,forward,FW
WC-1990,T-72,P-34497,midfielder,MF
WC-1990,T-72,P-90721,goal keeper,GK
WC-1990,T-72,P-05885,midfielder,MF
WC-1990,T-72,P-10165,midfielder,MF
WC-1990,T-72,P-45890,defender,DF
WC-1990,T-72,P-06372,defender,DF
WC-1990,T-72,P-10577,midfielder,MF
WC-1990,T-72,P-77395,goal keeper,GK
WC-1990,T-73,P-63214,goal keeper,GK
WC-1990,T-73,P-31693,defender,DF
WC-1990,T-73,P-80363,defender,DF
WC-1990,T-73,P-75527,defender,DF
WC-1990,T-73,P-59110,defender,DF
WC-1990,T-73,P-40929,midfielder,MF
WC-1990,T-73,P-46166,forward,FW
WC-1990,T-73,P-90670,defender,DF
WC-1990,T-73,P-12940,forward,FW
WC-1990,T-73,P-84197,midfielder,MF
WC-1990,T-73,P-81270,midfielder,MF
WC-1990,T-73,P-76590,defender,DF
WC-1990,T-73,P-98382,goal keeper,GK
WC-1990,T-73,P-82189,defender,DF
WC-1990,T-73,P-61508,midfielder,MF
WC-1990,T-73,P-44411,midfielder,MF
WC-1990,T-73,P-35246,midfielder,MF
WC-1990,T-73,P-10514,midfielder,MF
WC-1990,T-73,P-18314,forward,FW
WC-1990,T-73,P-61411,forward,FW
WC-1990,T-73,P-06498,midfielder,MF
WC-1990,T-73,P-49442,goal keeper,GK
WC-1990,T-74,P-83613,goal keeper,GK
WC-1990,T-74,P-39219,defender,DF
WC-1990,T-74,P-31156,defender,DF
WC-1990,T-74,P-22289,defender,DF
WC-1990,T-74,P-75066,defender,DF
WC-1990,T-74,P-23360,defender,DF
WC-1990,T-74,P-26709,midfielder,MF
WC-1990,T-74,P-63692,midfielder,MF
WC-1990,T-74,P-02017,midfielder,MF
WC-1990,T-74,P-21234,midfielder,MF
WC-1990,T-74,P-75272,midfielder,MF
WC-1990,T-74,P-41130,goal keeper,GK
WC-1990,T-74,P-59805,midfielder,MF
WC-1990,T-74,P-71492,midfielder,MF
WC-1990,T-74,P-67329,midfielder,MF
WC-1990,T-74,P-92339,midfielder,MF
WC-1990,T-74,P-26281,forward,FW
WC-1990,T-74,P-60456,forward,FW
WC-1990,T-74,P-27804,defender,DF
WC-1990,T-74,P-81063,forward,FW
WC-1990,T-74,P-46228,forward,FW
WC-1990,T-74,P-94051,goal keeper,GK
WC-1990,T-82,P-95570,goal keeper,GK
WC-1990,T-82,P-23285,defender,DF
WC-1990,T-82,P-56780,midfielder,MF
WC-1990,T-82,P-36777,defender,DF
WC-1990,T-82,P-52938,midfielder,MF
WC-1990,T-82,P-35056,defender,DF
WC-1990,T-82,P-27017,forward,FW
WC-1990,T-82,P-90097,midfielder,MF
WC-1990,T-82,P-91477,forward,FW
WC-1990,T-82,P-11032,forward,FW
WC-1990,T-82,P-17799,forward,FW
WC-1990,T-82,P-16899,forward,FW
WC-1990,T-82,P-96771,midfielder,MF
WC-1990,T-82,P-77154,midfielder,MF
WC-1990,T-82,P-99834,defender,DF
WC-1990,T-82,P-16918,defender,DF
WC-1990,T-82,P-00234,goal keeper,GK
WC-1990,T-82,P-53430,midfielder,MF
WC-1990,T-82,P-27206,defender,DF
WC-1990,T-82,P-50458,defender,DF
WC-1990,T-82,P-17103,defender,DF
WC-1990,T-82,P-42685,goal keeper,GK
WC-1990,T-83,P-43736,goal keeper,GK
WC-1990,T-83,P-28361,defender,DF
WC-1990,T-83,P-53572,defender,DF
WC-1990,T-83,P-85296,defender,DF
WC-1990,T-83,P-51936,defender,DF
WC-1990,T-83,P-14008,midfielder,MF
WC-1990,T-83,P-07720,midfielder,MF
WC-1990,T-83,P-44443,defender,DF
WC-1990,T-83,P-21609,forward,FW
WC-1990,T-83,P-88114,forward,FW
WC-1990,T-83,P-67232,forward,FW
WC-1990,T-83,P-86766,defender,DF
WC-1990,T-83,P-72794,forward,FW
WC-1990,T-83,P-28894,midfielder,MF
WC-1990,T-83,P-95563,defender,DF
WC-1990,T-83,P-93627,forward,FW
WC-1990,T-83,P-12470,defender,DF
WC-1990,T-83,P-07553,goal keeper,GK
WC-1990,T-83,P-05791,midfielder,MF
WC-1990,T-83,P-82723,midfielder,MF
WC-1990,T-83,P-52133,midfielder,MF
WC-1990,T-83,P-94232,goal keeper,GK
WC-1990,T-84,P-22385,goal keeper,GK
WC-1990,T-84,P-86817,defender,DF
WC-1990,T-84,P-58404,defender,DF
WC-1990,T-84,P-53299,defender,DF
WC-1990,T-84,P-69960,midfielder,MF
WC-1990,T-84,P-77465,defender,DF
WC-1990,T-84,P-68463,forward,FW
WC-1990,T-84,P-68471,midfielder,MF
WC-1990,T-84,P-36582,midfielder,MF
WC-1990,T-84,P-83805,midfielder,MF
WC-1990,T-84,P-68611,forward,FW
WC-1990,T-84,P-62514,goal keeper,GK
WC-1990,T-84,P-70218,defender,DF
WC-1990,T-84,P-02668,defender,DF
WC-1990,T-84,P-85271,midfielder,MF
WC-1990,T-84,P-52902,midfielder,MF
WC-1990,T-84,P-97602,forward,FW
WC-1990,T-84,P-57189,forward,FW
WC-1990,T-84,P-30100,forward,FW
WC-1990,T-84,P-80877,midfielder,MF
WC-1990,T-84,P-14403,midfielder,MF
WC-1990,T-84,P-02096,goal keeper,GK
WC-1990,T-86,P-59164,goal keeper,GK
WC-1990,T-86,P-74629,defender,DF
WC-1990,T-86,P-67713,defender,DF
WC-1990,T-86,P-83968,defender,DF
WC-1990,T-86,P-23204,defender,DF
WC-1990,T-86,P-51921,defender,DF
WC-1990,T-86,P-89975,midfielder,MF
WC-1990,T-86,P-77552,midfielder,MF
WC-1990,T-86,P-04572,forward,FW
WC-1990,T-86,P-49502,midfielder,MF
WC-1990,T-86,P-03526,forward,FW
WC-1990,T-86,P-70770,goal keeper,GK
WC-1990,T-86,P-43380,forward,FW
WC-1990,T-86,P-59388,defender,DF
WC-1990,T-86,P-60022,midfielder,MF
WC-1990,T-86,P-25067,defender,DF
WC-1990,T-86,P-37963,midfielder,MF
WC-1990,T-86,P-91373,forward,FW
WC-1990,T-86,P-55047,defender,DF
WC-1990,T-86,P-45408,midfielder,MF
WC-1990,T-86,P-46363,midfielder,MF
WC-1990,T-86,P-45405,goal keeper,GK
WC-1990,T-87,P-94391,goal keeper,GK
WC-1990,T-87,P-63160,defender,DF
WC-1990,T-87,P-71342,defender,DF
WC-1990,T-87,P-09094,defender,DF
WC-1990,T-87,P-85893,defender,DF
WC-1990,T-87,P-01298,defender,DF
WC-1990,T-87,P-71107,midfielder,MF
WC-1990,T-87,P-74361,midfielder,MF
WC-1990,T-87,P-31892,forward,FW
WC-1990,T-87,P-93318,midfielder,MF
WC-1990,T-87,P-83693,forward,FW
WC-1990,T-87,P-34572,goal keeper,GK
WC-1990,T-87,P-54317,midfielder,MF
WC-1990,T-87,P-50470,forward,FW
WC-1990,T-87,P-62861,midfielder,MF
WC-1990,T-87,P-48922,midfielder,MF
WC-1990,T-87,P-26414,midfielder,MF
WC-1990,T-87,P-00153,defender,DF
WC-1990,T-87,P-18303,midfielder,MF
WC-1990,T-87,P-58374,forward,FW
WC-1990,T-87,P-93042,defender,DF
WC-1990,T-87,P-39053,goal keeper,GK
WC-1991,T-09,P-53935,goal keeper,GK
WC-1991,T-09,P-70959,defender,DF
WC-1991,T-09,P-15996,defender,DF
WC-1991,T-09,P-41343,defender,DF
WC-1991,T-09,P-24769,midfielder,MF
WC-1991,T-09,P-89759,midfielder,MF
WC-1991,T-09,P-87338,midfielder,MF
WC-1991,T-09,P-01608,defender,DF
WC-1991,T-09,P-40825,forward,FW
WC-1991,T-09,P-18032,forward,FW
WC-1991,T-09,P-17405,forward,FW
WC-1991,T-09,P-60468,goal keeper,GK
WC-1991,T-09,P-74741,midfielder,MF
WC-1991,T-09,P-54299,midfielder,MF
WC-1991,T-09,P-26383,midfielder,MF
WC-1991,T-09,P-93081,defender,DF
WC-1991,T-09,P-21261,midfielder,MF
WC-1991,T-09,P-48120,midfielder,MF
WC-1991,T-14,P-62296,goal keeper,GK
WC-1991,T-14,P-60340,defender,DF
WC-1991,T-14,P-84060,defender,DF
WC-1991,T-14,P-24862,midfielder,MF
WC-1991,T-14,P-02688,defender,DF
WC-1991,T-14,P-70203,defender,DF
WC-1991,T-14,P-15966,forward,FW
WC-1991,T-14,P-33672,midfielder,MF
WC-1991,T-14,P-14903,midfielder,MF
WC-1991,T-14,P-10128,midfielder,MF
WC-1991,T-14,P-49949,forward,FW
WC-1991,T-14,P-78729,defender,DF
WC-1991,T-14,P-27968,forward,FW
WC-1991,T-14,P-24949,forward,FW
WC-1991,T-14,P-47025,forward,FW
WC-1991,T-14,P-58392,forward,FW
WC-1991,T-14,P-21302,midfielder,MF
WC-1991,T-14,P-85220,goal keeper,GK
WC-1991,T-15,P-04945,goal keeper,GK
WC-1991,T-15,P-48100,midfielder,MF
WC-1991,T-15,P-54832,defender,DF
WC-1991,T-15,P-44333,defender,DF
WC-1991,T-15,P-69316,defender,DF
WC-1991,T-15,P-19063,midfielder,MF
WC-1991,T-15,P-34495,forward,FW
WC-1991,T-15,P-54250,midfielder,MF
WC-1991,T-15,P-81582,midfielder,MF
WC-1991,T-15,P-78731,forward,FW
WC-1991,T-15,P-15723,defender,DF
WC-1991,T-15,P-75654,defender,DF
WC-1991,T-15,P-01739,forward,FW
WC-1991,T-15,P-08129,forward,FW
WC-1991,T-15,P-18257,defender,DF
WC-1991,T-15,P-91091,midfielder,MF
WC-1991,T-15,P-05432,midfielder,MF
WC-1991,T-15,P-54286,goal keeper,GK
WC-1991,T-22,P-81922,goal keeper,GK
WC-1991,T-22,P-43536,defender,DF
WC-1991,T-22,P-01721,defender,DF
WC-1991,T-22,P-50609,defender,DF
WC-1991,T-22,P-91753,defender,DF
WC-1991,T-22,P-03790,defender,DF
WC-1991,T-22,P-25916,midfielder,MF
WC-1991,T-22,P-08319,midfielder,MF
WC-1991,T-22,P-65510,forward,FW
WC-1991,T-22,P-42117,forward,FW
WC-1991,T-22,P-23712,forward,FW
WC-1991,T-22,P-80365,midfielder,MF
WC-1991,T-22,P-88749,forward,FW
WC-1991,T-22,P-43393,midfielder,MF
WC-1991,T-22,P-74955,midfielder,MF
WC-1991,T-22,P-37679,goal keeper,GK
WC-1991,T-22,P-43998,midfielder,MF
WC-1991,T-22,P-75034,midfielder,MF
WC-1991,T-31,P-36095,goal keeper,GK
WC-1991,T-31,P-51730,defender,DF
WC-1991,T-31,P-63276,defender,DF
WC-1991,T-31,P-95856,defender,DF
WC-1991,T-31,P-44228,defender,DF
WC-1991,T-31,P-48884,defender,DF
WC-1991,T-31,P-21423,midfielder,MF
WC-1991,T-31,P-53366,midfielder,MF
WC-1991,T-31,P-30335,forward,FW
WC-1991,T-31,P-10757,midfielder,MF
WC-1991,T-31,P-39883,midfielder,MF
WC-1991,T-31,P-76215,goal keeper,GK
WC-1991,T-31,P-10018,midfielder,MF
WC-1991,T-31,P-16920,midfielder,MF
WC-1991,T-31,P-25144,midfielder,MF
WC-1991,T-31,P-47441,forward,FW
WC-1991,T-31,P-08619,midfielder,MF
WC-1991,T-31,P-58592,forward,FW
WC-1991,T-41,P-97777,goal keeper,GK
WC-1991,T-41,P-23151,defender,DF
WC-1991,T-41,P-10951,defender,DF
WC-1991,T-41,P-75268,midfielder,MF
WC-1991,T-41,P-90918,defender,DF
WC-1991,T-41,P-02315,defender,DF
WC-1991,T-41,P-12901,forward,FW
WC-1991,T-41,P-11183,midfielder,MF
WC-1991,T-41,P-89767,forward,FW
WC-1991,T-41,P-65393,midfielder,MF
WC-1991,T-41,P-57735,midfielder,MF
WC-1991,T-41,P-71237,goal keeper,GK
WC-1991,T-41,P-40727,defender,DF
WC-1991,T-41,P-52430,defender,DF
WC-1991,T-41,P-49968,midfielder,MF
WC-1991,T-41,P-47660,midfielder,MF
WC-1991,T-41,P-07005,forward,FW
WC-1991,T-41,P-50912,forward,FW
WC-1991,T-44,P-89545,goal keeper,GK
WC-1991,T-44,P-87015,defender,DF
WC-1991,T-44,P-27625,defender,DF
WC-1991,T-44,P-64525,defender,DF
WC-1991,T-44,P-85493,defender,DF
WC-1991,T-44,P-50928,defender,DF
WC-1991,T-44,P-89192,defender,DF
WC-1991,T-44,P-28976,midfielder,MF
WC-1991,T-44,P-41046,forward,FW
WC-1991,T-44,P-95229,midfielder,MF
WC-1991,T-44,P-91514,midfielder,MF
WC-1991,T-44,P-46260,goal keeper,GK
WC-1991,T-44,P-13746,defender,DF
WC-1991,T-44,P-57072,forward,FW
WC-1991,T-44,P-77882,forward,FW
WC-1991,T-44,P-48890,forward,FW
WC-1991,T-44,P-10451,forward,FW
WC-1991,T-44,P-29094,defender,DF
WC-1991,T-49,P-42839,goal keeper,GK
WC-1991,T-49,P-21831,defender,DF
WC-1991,T-49,P-54269,defender,DF
WC-1991,T-49,P-07169,defender,DF
WC-1991,T-49,P-02950,midfielder,MF
WC-1991,T-49,P-55801,midfielder,MF
WC-1991,T-49,P-37507,midfielder,MF
WC-1991,T-49,P-79951,midfielder,MF
WC-1991,T-49,P-16994,forward,FW
WC-1991,T-49,P-96912,midfielder,MF
WC-1991,T-49,P-62147,forward,FW
WC-1991,T-49,P-23793,midfielder,MF
WC-1991,T-49,P-35084,defender,DF
WC-1991,T-49,P-93036,defender,DF
WC-1991,T-49,P-75601,defender,DF
WC-1991,T-49,P-95282,defender,DF
WC-1991,T-49,P-31253,midfielder,MF
WC-1991,T-49,P-85265,goal keeper,GK
WC-1991,T-50,P-52654,goal keeper,GK
WC-1991,T-50,P-81179,defender,DF
WC-1991,T-50,P-26950,defender,DF
WC-1991,T-50,P-65225,forward,FW
WC-1991,T-50,P-53349,defender,DF
WC-1991,T-50,P-89903,midfielder,MF
WC-1991,T-50,P-76883,forward,FW
WC-1991,T-50,P-33681,forward,FW
WC-1991,T-50,P-32241,forward,FW
WC-1991,T-50,P-57488,defender,DF
WC-1991,T-50,P-08232,forward,FW
WC-1991,T-50,P-59238,midfielder,MF
WC-1991,T-50,P-68759,midfielder,MF
WC-1991,T-50,P-00436,defender,DF
WC-1991,T-50,P-30411,midfielder,MF
WC-1991,T-50,P-42059,goal keeper,GK
WC-1991,T-50,P-24476,defender,DF
WC-1991,T-50,P-55437,midfielder,MF
WC-1991,T-53,P-89376,goal keeper,GK
WC-1991,T-53,P-29059,midfielder,MF
WC-1991,T-53,P-08403,defender,DF
WC-1991,T-53,P-67204,midfielder,MF
WC-1991,T-53,P-36817,defender,DF
WC-1991,T-53,P-06023,midfielder,MF
WC-1991,T-53,P-24254,midfielder,MF
WC-1991,T-53,P-91065,defender,DF
WC-1991,T-53,P-84389,forward,FW
WC-1991,T-53,P-58688,forward,FW
WC-1991,T-53,P-35393,forward,FW
WC-1991,T-53,P-39183,goal keeper,GK
WC-1991,T-53,P-58483,midfielder,MF
WC-1991,T-53,P-03648,midfielder,MF
WC-1991,T-53,P-84789,midfielder,MF
WC-1991,T-53,P-18995,defender,DF
WC-1991,T-53,P-54099,forward,FW
WC-1991,T-53,P-41995,goal keeper,GK
WC-1991,T-74,P-16323,goal keeper,GK
WC-1991,T-74,P-08153,defender,DF
WC-1991,T-74,P-96118,defender,DF
WC-1991,T-74,P-35861,defender,DF
WC-1991,T-74,P-57532,defender,DF
WC-1991,T-74,P-84182,midfielder,MF
WC-1991,T-74,P-12441,midfielder,MF
WC-1991,T-74,P-24936,midfielder,MF
WC-1991,T-74,P-57215,forward,FW
WC-1991,T-74,P-33270,forward,FW
WC-1991,T-74,P-81571,forward,FW
WC-1991,T-74,P-01275,goal keeper,GK
WC-1991,T-74,P-42701,defender,DF
WC-1991,T-74,P-31691,defender,DF
WC-1991,T-74,P-98080,forward,FW
WC-1991,T-74,P-02652,midfielder,MF
WC-1991,T-74,P-03801,midfielder,MF
WC-1991,T-74,P-99713,midfielder,MF
WC-1991,T-83,P-65159,goal keeper,GK
WC-1991,T-83,P-90564,forward,FW
WC-1991,T-83,P-48379,midfielder,MF
WC-1991,T-83,P-56906,defender,DF
WC-1991,T-83,P-29594,defender,DF
WC-1991,T-83,P-99201,forward,FW
WC-1991,T-83,P-36970,midfielder,MF
WC-1991,T-83,P-10856,defender,DF
WC-1991,T-83,P-28901,midfielder,MF
WC-1991,T-83,P-54794,forward,FW
WC-1991,T-83,P-89416,midfielder,MF
WC-1991,T-83,P-99328,forward,FW
WC-1991,T-83,P-25850,midfielder,MF
WC-1991,T-83,P-30345,defender,DF
WC-1991,T-83,P-05397,forward,FW
WC-1991,T-83,P-30282,defender,DF
WC-1991,T-83,P-13711,goal keeper,GK
WC-1991,T-83,P-83809,goal keeper,GK
WC-1994,T-03,P-34056,goal keeper,GK
WC-1994,T-03,P-53817,defender,DF
WC-1994,T-03,P-28816,defender,DF
WC-1994,T-03,P-82949,defender,DF
WC-1994,T-03,P-78898,midfielder,MF
WC-1994,T-03,P-79080,defender,DF
WC-1994,T-03,P-35873,forward,FW
WC-1994,T-03,P-14841,midfielder,MF
WC-1994,T-03,P-84542,forward,FW
WC-1994,T-03,P-80404,midfielder,MF
WC-1994,T-03,P-16961,forward,FW
WC-1994,T-03,P-24755,goal keeper,GK
WC-1994,T-03,P-41616,defender,DF
WC-1994,T-03,P-06370,midfielder,MF
WC-1994,T-03,P-55916,defender,DF
WC-1994,T-03,P-69852,defender,DF
WC-1994,T-03,P-00065,midfielder,MF
WC-1994,T-03,P-15142,midfielder,MF
WC-1994,T-03,P-07031,forward,FW
WC-1994,T-03,P-27629,midfielder,MF
WC-1994,T-03,P-93732,midfielder,MF
WC-1994,T-03,P-87458,goal keeper,GK
WC-1994,T-06,P-00531,goal keeper,GK
WC-1994,T-06,P-72736,defender,DF
WC-1994,T-06,P-10129,defender,DF
WC-1994,T-06,P-43307,defender,DF
WC-1994,T-06,P-61846,defender,DF
WC-1994,T-06,P-33618,midfielder,MF
WC-1994,T-06,P-08623,midfielder,MF
WC-1994,T-06,P-51869,forward,FW
WC-1994,T-06,P-28230,forward,FW
WC-1994,T-06,P-97414,midfielder,MF
WC-1994,T-06,P-88070,forward,FW
WC-1994,T-06,P-72937,goal keeper,GK
WC-1994,T-06,P-99499,defender,DF
WC-1994,T-06,P-39297,defender,DF
WC-1994,T-06,P-35636,midfielder,MF
WC-1994,T-06,P-33197,midfielder,MF
WC-1994,T-06,P-83199,forward,FW
WC-1994,T-06,P-69659,midfielder,MF
WC-1994,T-06,P-71601,defender,DF
WC-1994,T-06,P-54160,goal keeper,GK
WC-1994,T-06,P-90526,midfielder,MF
WC-1994,T-06,P-48499,defender,DF
WC-1994,T-07,P-83061,goal keeper,GK
WC-1994,T-07,P-06645,defender,DF
WC-1994,T-07,P-47593,defender,DF
WC-1994,T-07,P-49642,defender,DF
WC-1994,T-07,P-74977,defender,DF
WC-1994,T-07,P-92800,midfielder,MF
WC-1994,T-07,P-44632,midfielder,MF
WC-1994,T-07,P-59235,midfielder,MF
WC-1994,T-07,P-20960,forward,FW
WC-1994,T-07,P-22812,midfielder,MF
WC-1994,T-07,P-11058,forward,FW
WC-1994,T-07,P-23356,goal keeper,GK
WC-1994,T-07,P-70512,defender,DF
WC-1994,T-07,P-09423,midfielder,MF
WC-1994,T-07,P-61814,midfielder,MF
WC-1994,T-07,P-26034,defender,DF
WC-1994,T-07,P-77469,defender,DF
WC-1994,T-07,P-97920,forward,FW
WC-1994,T-07,P-66585,goal keeper,GK
WC-1994,T-07,P-90575,midfielder,MF
WC-1994,T-07,P-09978,midfielder,MF
WC-1994,T-07,P-84079,midfielder,MF
WC-1994,T-09,P-31850,goal keeper,GK
WC-1994,T-09,P-26340,defender,DF
WC-1994,T-09,P-61247,defender,DF
WC-1994,T-09,P-74676,defender,DF
WC-1994,T-09,P-12551,midfielder,MF
WC-1994,T-09,P-90842,defender,DF
WC-1994,T-09,P-68671,forward,FW
WC-1994,T-09,P-32466,midfielder,MF
WC-1994,T-09,P-12418,midfielder,MF
WC-1994,T-09,P-93386,midfielder,MF
WC-1994,T-09,P-61251,forward,FW
WC-1994,T-09,P-02858,goal keeper,GK
WC-1994,T-09,P-56505,defender,DF
WC-1994,T-09,P-91718,defender,DF
WC-1994,T-09,P-07679,defender,DF
WC-1994,T-09,P-72471,midfielder,MF
WC-1994,T-09,P-78793,midfielder,MF
WC-1994,T-09,P-86509,midfielder,MF
WC-1994,T-09,P-60969,forward,FW
WC-1994,T-09,P-62722,forward,FW
WC-1994,T-09,P-81097,forward,FW
WC-1994,T-09,P-12835,goal keeper,GK
WC-1994,T-10,P-94024,goal keeper,GK
WC-1994,T-10,P-88510,defender,DF
WC-1994,T-10,P-47670,defender,DF
WC-1994,T-10,P-06964,defender,DF
WC-1994,T-10,P-07517,defender,DF
WC-1994,T-10,P-56496,midfielder,MF
WC-1994,T-10,P-23633,forward,FW
WC-1994,T-10,P-81648,forward,FW
WC-1994,T-10,P-19567,midfielder,MF
WC-1994,T-10,P-05061,forward,FW
WC-1994,T-10,P-40793,midfielder,MF
WC-1994,T-10,P-31099,goal keeper,GK
WC-1994,T-10,P-99271,midfielder,MF
WC-1994,T-10,P-67920,midfielder,MF
WC-1994,T-10,P-40749,defender,DF
WC-1994,T-10,P-48990,defender,DF
WC-1994,T-10,P-24215,forward,FW
WC-1994,T-10,P-96679,forward,FW
WC-1994,T-10,P-36178,midfielder,MF
WC-1994,T-10,P-22562,midfielder,MF
WC-1994,T-10,P-51016,forward,FW
WC-1994,T-10,P-33264,forward,FW
WC-1994,T-11,P-17774,goal keeper,GK
WC-1994,T-11,P-84420,defender,DF
WC-1994,T-11,P-98173,defender,DF
WC-1994,T-11,P-33542,defender,DF
WC-1994,T-11,P-53341,defender,DF
WC-1994,T-11,P-94752,midfielder,MF
WC-1994,T-11,P-77989,forward,FW
WC-1994,T-11,P-12458,midfielder,MF
WC-1994,T-11,P-58080,forward,FW
WC-1994,T-11,P-59402,forward,FW
WC-1994,T-11,P-03377,midfielder,MF
WC-1994,T-11,P-06434,midfielder,MF
WC-1994,T-11,P-07520,defender,DF
WC-1994,T-11,P-08703,defender,DF
WC-1994,T-11,P-68499,defender,DF
WC-1994,T-11,P-63012,forward,FW
WC-1994,T-11,P-63522,midfielder,MF
WC-1994,T-11,P-01632,midfielder,MF
WC-1994,T-11,P-43560,forward,FW
WC-1994,T-11,P-49445,forward,FW
WC-1994,T-11,P-95667,goal keeper,GK
WC-1994,T-11,P-93402,goal keeper,GK
WC-1994,T-16,P-24621,goal keeper,GK
WC-1994,T-16,P-70177,defender,DF
WC-1994,T-16,P-33086,defender,DF
WC-1994,T-16,P-43980,defender,DF
WC-1994,T-16,P-42991,midfielder,MF
WC-1994,T-16,P-31825,midfielder,MF
WC-1994,T-16,P-23692,forward,FW
WC-1994,T-16,P-19743,midfielder,MF
WC-1994,T-16,P-27157,forward,FW
WC-1994,T-16,P-49600,midfielder,MF
WC-1994,T-16,P-55994,forward,FW
WC-1994,T-16,P-02080,goal keeper,GK
WC-1994,T-16,P-41894,defender,DF
WC-1994,T-16,P-10890,midfielder,MF
WC-1994,T-16,P-92695,defender,DF
WC-1994,T-16,P-76247,forward,FW
WC-1994,T-16,P-80178,midfielder,MF
WC-1994,T-16,P-28003,defender,DF
WC-1994,T-16,P-69504,midfielder,MF
WC-1994,T-16,P-06957,defender,DF
WC-1994,T-16,P-10444,forward,FW
WC-1994,T-16,P-42369,goal keeper,GK
WC-1994,T-31,P-59164,goal keeper,GK
WC-1994,T-31,P-47227,midfielder,MF
WC-1994,T-31,P-67713,defender,DF
WC-1994,T-31,P-83968,defender,DF
WC-1994,T-31,P-87830,defender,DF
WC-1994,T-31,P-51921,defender,DF
WC-1994,T-31,P-37963,midfielder,MF
WC-1994,T-31,P-77552,midfielder,MF
WC-1994,T-31,P-43380,forward,FW
WC-1994,T-31,P-49502,midfielder,MF
WC-1994,T-31,P-71595,forward,FW
WC-1994,T-31,P-45405,goal keeper,GK
WC-1994,T-31,P-04572,forward,FW
WC-1994,T-31,P-59388,defender,DF
WC-1994,T-31,P-48681,midfielder,MF
WC-1994,T-31,P-05385,defender,DF
WC-1994,T-31,P-68490,midfielder,MF
WC-1994,T-31,P-91373,forward,FW
WC-1994,T-31,P-09705,forward,FW
WC-1994,T-31,P-61872,midfielder,MF
WC-1994,T-31,P-78222,midfielder,MF
WC-1994,T-31,P-33751,goal keeper,GK
WC-1994,T-33,P-07892,goal keeper,GK
WC-1994,T-33,P-54632,defender,DF
WC-1994,T-33,P-86801,defender,DF
WC-1994,T-33,P-43850,defender,DF
WC-1994,T-33,P-59135,defender,DF
WC-1994,T-33,P-06459,midfielder,MF
WC-1994,T-33,P-68230,midfielder,MF
WC-1994,T-33,P-68233,midfielder,MF
WC-1994,T-33,P-16110,forward,FW
WC-1994,T-33,P-12695,midfielder,MF
WC-1994,T-33,P-75239,midfielder,MF
WC-1994,T-33,P-83956,midfielder,MF
WC-1994,T-33,P-35810,defender,DF
WC-1994,T-33,P-11986,forward,FW
WC-1994,T-33,P-70338,goal keeper,GK
WC-1994,T-33,P-98623,forward,FW
WC-1994,T-33,P-38731,midfielder,MF
WC-1994,T-33,P-68585,defender,DF
WC-1994,T-33,P-87563,midfielder,MF
WC-1994,T-33,P-24277,goal keeper,GK
WC-1994,T-33,P-80966,forward,FW
WC-1994,T-33,P-20597,defender,DF
WC-1994,T-41,P-88002,goal keeper,GK
WC-1994,T-41,P-83615,defender,DF
WC-1994,T-41,P-24741,defender,DF
WC-1994,T-41,P-36036,defender,DF
WC-1994,T-41,P-43222,defender,DF
WC-1994,T-41,P-42920,defender,DF
WC-1994,T-41,P-98192,defender,DF
WC-1994,T-41,P-02430,defender,DF
WC-1994,T-41,P-80307,defender,DF
WC-1994,T-41,P-78756,forward,FW
WC-1994,T-41,P-87231,midfielder,MF
WC-1994,T-41,P-93900,goal keeper,GK
WC-1994,T-41,P-52474,midfielder,MF
WC-1994,T-41,P-67585,midfielder,MF
WC-1994,T-41,P-96535,midfielder,MF
WC-1994,T-41,P-38434,midfielder,MF
WC-1994,T-41,P-38178,midfielder,MF
WC-1994,T-41,P-26730,forward,FW
WC-1994,T-41,P-31072,forward,FW
WC-1994,T-41,P-32071,forward,FW
WC-1994,T-41,P-78280,forward,FW
WC-1994,T-41,P-14001,goal keeper,GK
WC-1994,T-46,P-50787,goal keeper,GK
WC-1994,T-46,P-78308,defender,DF
WC-1994,T-46,P-09363,defender,DF
WC-1994,T-46,P-28217,defender,DF
WC-1994,T-46,P-21741,midfielder,MF
WC-1994,T-46,P-40627,midfielder,MF
WC-1994,T-46,P-22941,forward,FW
WC-1994,T-46,P-21495,midfielder,MF
WC-1994,T-46,P-26316,forward,FW
WC-1994,T-46,P-46904,forward,FW
WC-1994,T-46,P-97279,forward,FW
WC-1994,T-46,P-53503,goal keeper,GK
WC-1994,T-46,P-70776,midfielder,MF
WC-1994,T-46,P-97610,midfielder,MF
WC-1994,T-46,P-93217,midfielder,MF
WC-1994,T-46,P-16030,forward,FW
WC-1994,T-46,P-82483,midfielder,MF
WC-1994,T-46,P-81177,defender,DF
WC-1994,T-46,P-87112,forward,FW
WC-1994,T-46,P-35042,midfielder,MF
WC-1994,T-46,P-74788,defender,DF
WC-1994,T-46,P-10416,goal keeper,GK
WC-1994,T-47,P-74924,goal keeper,GK
WC-1994,T-47,P-61342,defender,DF
WC-1994,T-47,P-19991,defender,DF
WC-1994,T-47,P-82124,midfielder,MF
WC-1994,T-47,P-77110,defender,DF
WC-1994,T-47,P-96824,defender,DF
WC-1994,T-47,P-45896,midfielder,MF
WC-1994,T-47,P-84885,midfielder,MF
WC-1994,T-47,P-09278,forward,FW
WC-1994,T-47,P-37917,midfielder,MF
WC-1994,T-47,P-08730,midfielder,MF
WC-1994,T-47,P-58464,goal keeper,GK
WC-1994,T-47,P-61219,forward,FW
WC-1994,T-47,P-39021,defender,DF
WC-1994,T-47,P-48036,midfielder,MF
WC-1994,T-47,P-89133,forward,FW
WC-1994,T-47,P-33746,forward,FW
WC-1994,T-47,P-36579,defender,DF
WC-1994,T-47,P-91608,forward,FW
WC-1994,T-47,P-96488,midfielder,MF
WC-1994,T-47,P-16451,midfielder,MF
WC-1994,T-47,P-62567,goal keeper,GK
WC-1994,T-48,P-15829,goal keeper,GK
WC-1994,T-48,P-32212,defender,DF
WC-1994,T-48,P-92391,midfielder,MF
WC-1994,T-48,P-72919,defender,DF
WC-1994,T-48,P-51357,midfielder,MF
WC-1994,T-48,P-50869,midfielder,MF
WC-1994,T-48,P-33834,forward,FW
WC-1994,T-48,P-27957,midfielder,MF
WC-1994,T-48,P-92804,midfielder,MF
WC-1994,T-48,P-22409,forward,FW
WC-1994,T-48,P-03942,forward,FW
WC-1994,T-48,P-04823,forward,FW
WC-1994,T-48,P-26572,goal keeper,GK
WC-1994,T-48,P-49163,defender,DF
WC-1994,T-48,P-29008,defender,DF
WC-1994,T-48,P-92458,defender,DF
WC-1994,T-48,P-20827,forward,FW
WC-1994,T-48,P-61116,defender,DF
WC-1994,T-48,P-99166,forward,FW
WC-1994,T-48,P-42249,midfielder,MF
WC-1994,T-48,P-25693,defender,DF
WC-1994,T-48,P-22351,goal keeper,GK
WC-1994,T-50,P-75277,goal keeper,GK
WC-1994,T-50,P-39450,defender,DF
WC-1994,T-50,P-72134,defender,DF
WC-1994,T-50,P-46986,defender,DF
WC-1994,T-50,P-74808,defender,DF
WC-1994,T-50,P-91949,defender,DF
WC-1994,T-50,P-54287,midfielder,MF
WC-1994,T-50,P-91871,midfielder,MF
WC-1994,T-50,P-98228,forward,FW
WC-1994,T-50,P-83122,midfielder,MF
WC-1994,T-50,P-22820,midfielder,MF
WC-1994,T-50,P-72487,forward,FW
WC-1994,T-50,P-26103,defender,DF
WC-1994,T-50,P-84893,forward,FW
WC-1994,T-50,P-41790,midfielder,MF
WC-1994,T-50,P-25342,goal keeper,GK
WC-1994,T-50,P-25715,forward,FW
WC-1994,T-50,P-95888,forward,FW
WC-1994,T-50,P-74911,defender,DF
WC-1994,T-50,P-34180,defender,DF
WC-1994,T-50,P-56969,midfielder,MF
WC-1994,T-50,P-77276,goal keeper,GK
WC-1994,T-53,P-03090,goal keeper,GK
WC-1994,T-53,P-83152,defender,DF
WC-1994,T-53,P-02163,defender,DF
WC-1994,T-53,P-90792,defender,DF
WC-1994,T-53,P-52878,defender,DF
WC-1994,T-53,P-94465,forward,FW
WC-1994,T-53,P-48934,midfielder,MF
WC-1994,T-53,P-61579,midfielder,MF
WC-1994,T-53,P-73648,forward,FW
WC-1994,T-53,P-72296,midfielder,MF
WC-1994,T-53,P-31031,forward,FW
WC-1994,T-53,P-14379,goal keeper,GK
WC-1994,T-53,P-48304,goal keeper,GK
WC-1994,T-53,P-47297,defender,DF
WC-1994,T-53,P-24240,defender,DF
WC-1994,T-53,P-63024,forward,FW
WC-1994,T-53,P-59890,defender,DF
WC-1994,T-53,P-93679,defender,DF
WC-1994,T-53,P-21663,midfielder,MF
WC-1994,T-53,P-25644,defender,DF
WC-1994,T-53,P-96984,forward,FW
WC-1994,T-53,P-50065,midfielder,MF
WC-1994,T-60,P-67839,goal keeper,GK
WC-1994,T-60,P-25274,defender,DF
WC-1994,T-60,P-99685,defender,DF
WC-1994,T-60,P-15882,defender,DF
WC-1994,T-60,P-96122,defender,DF
WC-1994,T-60,P-91106,midfielder,MF
WC-1994,T-60,P-28854,midfielder,MF
WC-1994,T-60,P-95491,midfielder,MF
WC-1994,T-60,P-42603,forward,FW
WC-1994,T-60,P-52963,midfielder,MF
WC-1994,T-60,P-69817,defender,DF
WC-1994,T-60,P-07683,defender,DF
WC-1994,T-60,P-20706,defender,DF
WC-1994,T-60,P-28514,defender,DF
WC-1994,T-60,P-90357,forward,FW
WC-1994,T-60,P-94106,forward,FW
WC-1994,T-60,P-11747,forward,FW
WC-1994,T-60,P-04391,midfielder,MF
WC-1994,T-60,P-87036,midfielder,MF
WC-1994,T-60,P-98535,forward,FW
WC-1994,T-60,P-15705,midfielder,MF
WC-1994,T-60,P-33377,goal keeper,GK
WC-1994,T-61,P-29644,goal keeper,GK
WC-1994,T-61,P-12625,defender,DF
WC-1994,T-61,P-87995,defender,DF
WC-1994,T-61,P-43639,defender,DF
WC-1994,T-61,P-86528,midfielder,MF
WC-1994,T-61,P-19537,midfielder,MF
WC-1994,T-61,P-04888,midfielder,MF
WC-1994,T-61,P-83265,midfielder,MF
WC-1994,T-61,P-69340,forward,FW
WC-1994,T-61,P-30739,midfielder,MF
WC-1994,T-61,P-54322,forward,FW
WC-1994,T-61,P-44978,goal keeper,GK
WC-1994,T-61,P-79864,defender,DF
WC-1994,T-61,P-81047,defender,DF
WC-1994,T-61,P-11979,midfielder,MF
WC-1994,T-61,P-15773,forward,FW
WC-1994,T-61,P-67833,forward,FW
WC-1994,T-61,P-17898,midfielder,MF
WC-1994,T-61,P-42028,defender,DF
WC-1994,T-61,P-44448,midfielder,MF
WC-1994,T-61,P-00266,forward,FW
WC-1994,T-61,P-47501,goal keeper,GK
WC-1994,T-62,P-82210,goal keeper,GK
WC-1994,T-62,P-82492,defender,DF
WC-1994,T-62,P-06372,defender,DF
WC-1994,T-62,P-95639,defender,DF
WC-1994,T-62,P-70700,defender,DF
WC-1994,T-62,P-66957,defender,DF
WC-1994,T-62,P-08785,midfielder,MF
WC-1994,T-62,P-46886,midfielder,MF
WC-1994,T-62,P-73354,forward,FW
WC-1994,T-62,P-48249,midfielder,MF
WC-1994,T-62,P-76498,forward,FW
WC-1994,T-62,P-01806,defender,DF
WC-1994,T-62,P-99207,midfielder,MF
WC-1994,T-62,P-88486,midfielder,MF
WC-1994,T-62,P-42532,forward,FW
WC-1994,T-62,P-54805,goal keeper,GK
WC-1994,T-62,P-65049,midfielder,MF
WC-1994,T-62,P-83394,defender,DF
WC-1994,T-62,P-76220,midfielder,MF
WC-1994,T-62,P-93191,midfielder,MF
WC-1994,T-62,P-69635,midfielder,MF
WC-1994,T-62,P-46493,forward,FW
WC-1994,T-63,P-12996,goal keeper,GK
WC-1994,T-63,P-60332,defender,DF
WC-1994,T-63,P-44462,defender,DF
WC-1994,T-63,P-50171,defender,DF
WC-1994,T-63,P-51472,defender,DF
WC-1994,T-63,P-21550,midfielder,MF
WC-1994,T-63,P-39267,forward,FW
WC-1994,T-63,P-23379,midfielder,MF
WC-1994,T-63,P-03048,forward,FW
WC-1994,T-63,P-41428,midfielder,MF
WC-1994,T-63,P-89920,forward,FW
WC-1994,T-63,P-88041,forward,FW
WC-1994,T-63,P-29132,defender,DF
WC-1994,T-63,P-78753,midfielder,MF
WC-1994,T-63,P-77098,defender,DF
WC-1994,T-63,P-75079,midfielder,MF
WC-1994,T-63,P-02755,defender,DF
WC-1994,T-63,P-22789,defender,DF
WC-1994,T-63,P-61224,midfielder,MF
WC-1994,T-63,P-60814,forward,FW
WC-1994,T-63,P-43829,goal keeper,GK
WC-1994,T-63,P-36914,goal keeper,GK
WC-1994,T-71,P-20285,goal keeper,GK
WC-1994,T-71,P-93017,midfielder,MF
WC-1994,T-71,P-68563,defender,DF
WC-1994,T-71,P-53258,defender,DF
WC-1994,T-71,P-92215,defender,DF
WC-1994,T-71,P-50333,midfielder,MF
WC-1994,T-71,P-97902,defender,DF
WC-1994,T-71,P-09742,midfielder,MF
WC-1994,T-71,P-95664,midfielder,MF
WC-1994,T-71,P-39863,forward,FW
WC-1994,T-71,P-65525,forward,FW
WC-1994,T-71,P-51868,defender,DF
WC-1994,T-71,P-35590,defender,DF
WC-1994,T-71,P-57959,midfielder,MF
WC-1994,T-71,P-52179,midfielder,MF
WC-1994,T-71,P-55350,midfielder,MF
WC-1994,T-71,P-90303,defender,DF
WC-1994,T-71,P-15222,forward,FW
WC-1994,T-71,P-64379,midfielder,MF
WC-1994,T-71,P-55097,defender,DF
WC-1994,T-71,P-34573,goal keeper,GK
WC-1994,T-71,P-95122,goal keeper,GK
WC-1994,T-73,P-63214,goal keeper,GK
WC-1994,T-73,P-59647,defender,DF
WC-1994,T-73,P-20256,defender,DF
WC-1994,T-73,P-80697,defender,DF
WC-1994,T-73,P-24945,defender,DF
WC-1994,T-73,P-35246,midfielder,MF
WC-1994,T-73,P-00619,forward,FW
WC-1994,T-73,P-60964,midfielder,MF
WC-1994,T-73,P-78385,midfielder,MF
WC-1994,T-73,P-44411,midfielder,MF
WC-1994,T-73,P-23403,forward,FW
WC-1994,T-73,P-96053,defender,DF
WC-1994,T-73,P-16059,goal keeper,GK
WC-1994,T-73,P-18572,forward,FW
WC-1994,T-73,P-97666,midfielder,MF
WC-1994,T-73,P-97482,midfielder,MF
WC-1994,T-73,P-74638,defender,DF
WC-1994,T-73,P-76590,defender,DF
WC-1994,T-73,P-18314,forward,FW
WC-1994,T-73,P-03307,defender,DF
WC-1994,T-73,P-38878,midfielder,MF
WC-1994,T-73,P-60604,goal keeper,GK
WC-1994,T-74,P-94051,goal keeper,GK
WC-1994,T-74,P-23360,defender,DF
WC-1994,T-74,P-63774,defender,DF
WC-1994,T-74,P-39860,defender,DF
WC-1994,T-74,P-75066,defender,DF
WC-1994,T-74,P-63692,midfielder,MF
WC-1994,T-74,P-42895,forward,FW
WC-1994,T-74,P-21234,midfielder,MF
WC-1994,T-74,P-92339,midfielder,MF
WC-1994,T-74,P-63429,forward,FW
WC-1994,T-74,P-26281,forward,FW
WC-1994,T-74,P-41130,goal keeper,GK
WC-1994,T-74,P-34801,defender,DF
WC-1994,T-74,P-72332,defender,DF
WC-1994,T-74,P-30568,defender,DF
WC-1994,T-74,P-59805,midfielder,MF
WC-1994,T-74,P-80132,midfielder,MF
WC-1994,T-74,P-66178,midfielder,MF
WC-1994,T-74,P-60371,forward,FW
WC-1994,T-74,P-39634,defender,DF
WC-1994,T-74,P-65081,midfielder,MF
WC-1994,T-74,P-07902,goal keeper,GK
WC-1994,T-75,P-09954,goal keeper,GK
WC-1994,T-75,P-06183,defender,DF
WC-1994,T-75,P-14226,defender,DF
WC-1994,T-75,P-94830,midfielder,MF
WC-1994,T-75,P-02900,defender,DF
WC-1994,T-75,P-26437,midfielder,MF
WC-1994,T-75,P-56818,midfielder,MF
WC-1994,T-75,P-92672,defender,DF
WC-1994,T-75,P-01678,forward,FW
WC-1994,T-75,P-78318,midfielder,MF
WC-1994,T-75,P-28977,forward,FW
WC-1994,T-75,P-91107,goal keeper,GK
WC-1994,T-75,P-12283,defender,DF
WC-1994,T-75,P-76790,forward,FW
WC-1994,T-75,P-43247,forward,FW
WC-1994,T-75,P-10499,midfielder,MF
WC-1994,T-75,P-94720,midfielder,MF
WC-1994,T-75,P-71232,defender,DF
WC-1994,T-75,P-82747,defender,DF
WC-1994,T-75,P-80695,midfielder,MF
WC-1994,T-75,P-16251,midfielder,MF
WC-1994,T-75,P-31551,goal keeper,GK
WC-1994,T-83,P-43736,goal keeper,GK
WC-1994,T-83,P-76583,defender,DF
WC-1994,T-83,P-06020,defender,DF
WC-1994,T-83,P-17037,defender,DF
WC-1994,T-83,P-08863,midfielder,MF
WC-1994,T-83,P-14008,midfielder,MF
WC-1994,T-83,P-85613,midfielder,MF
WC-1994,T-83,P-96178,forward,FW
WC-1994,T-83,P-07720,midfielder,MF
WC-1994,T-83,P-69356,forward,FW
WC-1994,T-83,P-67232,forward,FW
WC-1994,T-83,P-83591,goal keeper,GK
WC-1994,T-83,P-49258,midfielder,MF
WC-1994,T-83,P-77685,forward,FW
WC-1994,T-83,P-86464,forward,FW
WC-1994,T-83,P-09412,midfielder,MF
WC-1994,T-83,P-12470,defender,DF
WC-1994,T-83,P-76191,goal keeper,GK
WC-1994,T-83,P-97459,midfielder,MF
WC-1994,T-83,P-82723,defender,DF
WC-1994,T-83,P-34393,defender,DF
WC-1994,T-83,P-79863,defender,DF
WC-1995,T-04,P-59523,goal keeper,GK
WC-1995,T-04,P-36187,defender,DF
WC-1995,T-04,P-62503,defender,DF
WC-1995,T-04,P-61821,midfielder,MF
WC-1995,T-04,P-19145,midfielder,MF
WC-1995,T-04,P-46124,defender,DF
WC-1995,T-04,P-77926,defender,DF
WC-1995,T-04,P-17776,defender,DF
WC-1995,T-04,P-72800,forward,FW
WC-1995,T-04,P-11465,forward,FW
WC-1995,T-04,P-56286,midfielder,MF
WC-1995,T-04,P-41263,forward,FW
WC-1995,T-04,P-01955,defender,DF
WC-1995,T-04,P-48797,midfielder,MF
WC-1995,T-04,P-87217,midfielder,MF
WC-1995,T-04,P-98447,forward,FW
WC-1995,T-04,P-30671,defender,DF
WC-1995,T-04,P-85660,defender,DF
WC-1995,T-04,P-78673,forward,FW
WC-1995,T-04,P-97196,goal keeper,GK
WC-1995,T-09,P-53935,goal keeper,GK
WC-1995,T-09,P-27861,midfielder,MF
WC-1995,T-09,P-41343,defender,DF
WC-1995,T-09,P-01608,defender,DF
WC-1995,T-09,P-97167,midfielder,MF
WC-1995,T-09,P-89759,midfielder,MF
WC-1995,T-09,P-26383,forward,FW
WC-1995,T-09,P-17405,midfielder,MF
WC-1995,T-09,P-14897,forward,FW
WC-1995,T-09,P-57452,midfielder,MF
WC-1995,T-09,P-18032,forward,FW
WC-1995,T-09,P-09559,goal keeper,GK
WC-1995,T-09,P-09127,defender,DF
WC-1995,T-09,P-74741,midfielder,MF
WC-1995,T-09,P-54299,forward,FW
WC-1995,T-09,P-19610,midfielder,MF
WC-1995,T-09,P-57230,defender,DF
WC-1995,T-09,P-90420,defender,DF
WC-1995,T-09,P-40008,defender,DF
WC-1995,T-09,P-10543,forward,FW
WC-1995,T-12,P-71792,goal keeper,GK
WC-1995,T-12,P-89408,forward,FW
WC-1995,T-12,P-26057,forward,FW
WC-1995,T-12,P-39552,defender,DF
WC-1995,T-12,P-87255,defender,DF
WC-1995,T-12,P-28260,midfielder,MF
WC-1995,T-12,P-39878,forward,FW
WC-1995,T-12,P-27736,defender,DF
WC-1995,T-12,P-76622,defender,DF
WC-1995,T-12,P-96858,midfielder,MF
WC-1995,T-12,P-87029,midfielder,MF
WC-1995,T-12,P-52120,midfielder,MF
WC-1995,T-12,P-57996,midfielder,MF
WC-1995,T-12,P-40501,defender,DF
WC-1995,T-12,P-36143,defender,DF
WC-1995,T-12,P-62330,defender,DF
WC-1995,T-12,P-08594,forward,FW
WC-1995,T-12,P-51170,goal keeper,GK
WC-1995,T-12,P-03186,midfielder,MF
WC-1995,T-12,P-91403,goal keeper,GK
WC-1995,T-14,P-62296,goal keeper,GK
WC-1995,T-14,P-44067,midfielder,MF
WC-1995,T-14,P-36217,defender,DF
WC-1995,T-14,P-17198,defender,DF
WC-1995,T-14,P-02688,midfielder,MF
WC-1995,T-14,P-33672,midfielder,MF
WC-1995,T-14,P-47025,forward,FW
WC-1995,T-14,P-70203,midfielder,MF
WC-1995,T-14,P-14903,forward,FW
WC-1995,T-14,P-10128,midfielder,MF
WC-1995,T-14,P-49949,midfielder,MF
WC-1995,T-14,P-78729,defender,DF
WC-1995,T-14,P-27968,defender,DF
WC-1995,T-14,P-46333,midfielder,MF
WC-1995,T-14,P-35093,forward,FW
WC-1995,T-14,P-51755,midfielder,MF
WC-1995,T-14,P-65910,midfielder,MF
WC-1995,T-14,P-94408,defender,DF
WC-1995,T-14,P-95666,midfielder,MF
WC-1995,T-14,P-75180,goal keeper,GK
WC-1995,T-22,P-80982,goal keeper,GK
WC-1995,T-22,P-56909,midfielder,MF
WC-1995,T-22,P-22662,defender,DF
WC-1995,T-22,P-91633,defender,DF
WC-1995,T-22,P-80373,defender,DF
WC-1995,T-22,P-74955,defender,DF
WC-1995,T-22,P-04853,midfielder,MF
WC-1995,T-22,P-08319,midfielder,MF
WC-1995,T-22,P-42117,midfielder,MF
WC-1995,T-22,P-26680,midfielder,MF
WC-1995,T-22,P-93175,forward,FW
WC-1995,T-22,P-71560,midfielder,MF
WC-1995,T-22,P-89851,forward,FW
WC-1995,T-22,P-49236,forward,FW
WC-1995,T-22,P-06433,midfielder,MF
WC-1995,T-22,P-81922,goal keeper,GK
WC-1995,T-22,P-73990,midfielder,MF
WC-1995,T-22,P-45540,defender,DF
WC-1995,T-22,P-61320,midfielder,MF
WC-1995,T-22,P-47392,midfielder,MF
WC-1995,T-28,P-95119,goal keeper,GK
WC-1995,T-28,P-53455,midfielder,MF
WC-1995,T-28,P-78636,defender,DF
WC-1995,T-28,P-10209,defender,DF
WC-1995,T-28,P-99203,defender,DF
WC-1995,T-28,P-85614,midfielder,MF
WC-1995,T-28,P-63458,midfielder,MF
WC-1995,T-28,P-41909,midfielder,MF
WC-1995,T-28,P-19148,forward,FW
WC-1995,T-28,P-07772,midfielder,MF
WC-1995,T-28,P-74331,defender,DF
WC-1995,T-28,P-03911,midfielder,MF
WC-1995,T-28,P-33331,goal keeper,GK
WC-1995,T-28,P-84117,forward,FW
WC-1995,T-28,P-70273,midfielder,MF
WC-1995,T-28,P-68761,defender,DF
WC-1995,T-28,P-25880,defender,DF
WC-1995,T-28,P-98782,defender,DF
WC-1995,T-28,P-30070,defender,DF
WC-1995,T-28,P-17606,midfielder,MF
WC-1995,T-31,P-99286,goal keeper,GK
WC-1995,T-31,P-27293,defender,DF
WC-1995,T-31,P-63276,defender,DF
WC-1995,T-31,P-02008,defender,DF
WC-1995,T-31,P-78183,midfielder,MF
WC-1995,T-31,P-50598,midfielder,MF
WC-1995,T-31,P-21423,midfielder,MF
WC-1995,T-31,P-53366,midfielder,MF
WC-1995,T-31,P-30335,forward,FW
WC-1995,T-31,P-10757,midfielder,MF
WC-1995,T-31,P-53623,forward,FW
WC-1995,T-31,P-67353,goal keeper,GK
WC-1995,T-31,P-61679,forward,FW
WC-1995,T-31,P-53205,defender,DF
WC-1995,T-31,P-84207,defender,DF
WC-1995,T-31,P-52478,forward,FW
WC-1995,T-31,P-33252,defender,DF
WC-1995,T-31,P-08789,midfielder,MF
WC-1995,T-31,P-49074,midfielder,MF
WC-1995,T-31,P-09165,goal keeper,GK
WC-1995,T-44,P-98768,goal keeper,GK
WC-1995,T-44,P-78173,defender,DF
WC-1995,T-44,P-62310,defender,DF
WC-1995,T-44,P-58567,defender,DF
WC-1995,T-44,P-26393,defender,DF
WC-1995,T-44,P-69979,defender,DF
WC-1995,T-44,P-72113,midfielder,MF
WC-1995,T-44,P-95229,midfielder,MF
WC-1995,T-44,P-91514,midfielder,MF
WC-1995,T-44,P-41046,forward,FW
WC-1995,T-44,P-57072,midfielder,MF
WC-1995,T-44,P-89192,defender,DF
WC-1995,T-44,P-77882,midfielder,MF
WC-1995,T-44,P-70955,defender,DF
WC-1995,T-44,P-10900,forward,FW
WC-1995,T-44,P-82283,midfielder,MF
WC-1995,T-44,P-29094,forward,FW
WC-1995,T-44,P-15690,forward,FW
WC-1995,T-44,P-57497,goal keeper,GK
WC-1995,T-44,P-46260,goal keeper,GK
WC-1995,T-50,P-52654,goal keeper,GK
WC-1995,T-50,P-59238,defender,DF
WC-1995,T-50,P-26950,defender,DF
WC-1995,T-50,P-65225,forward,FW
WC-1995,T-50,P-53349,defender,DF
WC-1995,T-50,P-85817,midfielder,MF
WC-1995,T-50,P-89903,midfielder,MF
WC-1995,T-50,P-33681,midfielder,MF
WC-1995,T-50,P-32241,forward,FW
WC-1995,T-50,P-57488,defender,DF
WC-1995,T-50,P-65870,defender,DF
WC-1995,T-50,P-93242,midfielder,MF
WC-1995,T-50,P-68759,midfielder,MF
WC-1995,T-50,P-00436,defender,DF
WC-1995,T-50,P-94567,forward,FW
WC-1995,T-50,P-40837,defender,DF
WC-1995,T-50,P-38185,goal keeper,GK
WC-1995,T-50,P-10791,midfielder,MF
WC-1995,T-50,P-81179,goal keeper,GK
WC-1995,T-50,P-30411,midfielder,MF
WC-1995,T-53,P-39183,goal keeper,GK
WC-1995,T-53,P-18995,defender,DF
WC-1995,T-53,P-67204,defender,DF
WC-1995,T-53,P-05714,midfielder,MF
WC-1995,T-53,P-29154,defender,DF
WC-1995,T-53,P-84389,midfielder,MF
WC-1995,T-53,P-24254,midfielder,MF
WC-1995,T-53,P-91065,midfielder,MF
WC-1995,T-53,P-84049,forward,FW
WC-1995,T-53,P-58688,forward,FW
WC-1995,T-53,P-29915,forward,FW
WC-1995,T-53,P-89376,goal keeper,GK
WC-1995,T-53,P-33146,defender,DF
WC-1995,T-53,P-22200,midfielder,MF
WC-1995,T-53,P-79792,forward,FW
WC-1995,T-53,P-75121,forward,FW
WC-1995,T-53,P-10394,defender,DF
WC-1995,T-53,P-98852,midfielder,MF
WC-1995,T-53,P-06023,defender,DF
WC-1995,T-53,P-05474,goal keeper,GK
WC-1995,T-74,P-16323,goal keeper,GK
WC-1995,T-74,P-08153,defender,DF
WC-1995,T-74,P-11793,defender,DF
WC-1995,T-74,P-12441,defender,DF
WC-1995,T-74,P-26509,defender,DF
WC-1995,T-74,P-90709,midfielder,MF
WC-1995,T-74,P-33270,midfielder,MF
WC-1995,T-74,P-24936,midfielder,MF
WC-1995,T-74,P-97773,midfielder,MF
WC-1995,T-74,P-81571,forward,FW
WC-1995,T-74,P-87263,forward,FW
WC-1995,T-74,P-86300,goal keeper,GK
WC-1995,T-74,P-82426,defender,DF
WC-1995,T-74,P-24285,midfielder,MF
WC-1995,T-74,P-84497,midfielder,MF
WC-1995,T-74,P-57532,midfielder,MF
WC-1995,T-74,P-23090,midfielder,MF
WC-1995,T-74,P-98080,forward,FW
WC-1995,T-74,P-90074,forward,FW
WC-1995,T-74,P-17354,midfielder,MF
WC-1995,T-83,P-17759,goal keeper,GK
WC-1995,T-83,P-39237,defender,DF
WC-1995,T-83,P-73318,midfielder,MF
WC-1995,T-83,P-56906,defender,DF
WC-1995,T-83,P-75727,midfielder,MF
WC-1995,T-83,P-78370,forward,FW
WC-1995,T-83,P-57583,forward,FW
WC-1995,T-83,P-10856,defender,DF
WC-1995,T-83,P-28901,midfielder,MF
WC-1995,T-83,P-54794,forward,FW
WC-1995,T-83,P-89416,midfielder,MF
WC-1995,T-83,P-99328,forward,FW
WC-1995,T-83,P-25850,midfielder,MF
WC-1995,T-83,P-30345,defender,DF
WC-1995,T-83,P-49668,midfielder,MF
WC-1995,T-83,P-98699,forward,FW
WC-1995,T-83,P-47474,defender,DF
WC-1995,T-83,P-38343,goal keeper,GK
WC-1995,T-83,P-57965,midfielder,MF
WC-1995,T-83,P-65159,goal keeper,GK
WC-1998,T-03,P-81085,goal keeper,GK
WC-1998,T-03,P-83403,defender,DF
WC-1998,T-03,P-28816,defender,DF
WC-1998,T-03,P-28597,defender,DF
WC-1998,T-03,P-88203,midfielder,MF
WC-1998,T-03,P-82949,defender,DF
WC-1998,T-03,P-60203,forward,FW
WC-1998,T-03,P-06370,midfielder,MF
WC-1998,T-03,P-84542,forward,FW
WC-1998,T-03,P-00065,midfielder,MF
WC-1998,T-03,P-62209,midfielder,MF
WC-1998,T-03,P-56385,goal keeper,GK
WC-1998,T-03,P-43717,defender,DF
WC-1998,T-03,P-65019,defender,DF
WC-1998,T-03,P-67181,midfielder,MF
WC-1998,T-03,P-70099,midfielder,MF
WC-1998,T-03,P-60052,goal keeper,GK
WC-1998,T-03,P-07031,forward,FW
WC-1998,T-03,P-19888,forward,FW
WC-1998,T-03,P-94002,midfielder,MF
WC-1998,T-03,P-45030,forward,FW
WC-1998,T-03,P-53716,defender,DF
WC-1998,T-05,P-80487,goal keeper,GK
WC-1998,T-05,P-78149,midfielder,MF
WC-1998,T-05,P-77198,defender,DF
WC-1998,T-05,P-46006,defender,DF
WC-1998,T-05,P-77565,defender,DF
WC-1998,T-05,P-10661,defender,DF
WC-1998,T-05,P-29966,forward,FW
WC-1998,T-05,P-67358,midfielder,MF
WC-1998,T-05,P-28521,forward,FW
WC-1998,T-05,P-46897,midfielder,MF
WC-1998,T-05,P-31537,midfielder,MF
WC-1998,T-05,P-61823,defender,DF
WC-1998,T-05,P-99116,midfielder,MF
WC-1998,T-05,P-66639,forward,FW
WC-1998,T-05,P-09345,midfielder,MF
WC-1998,T-05,P-18786,goal keeper,GK
WC-1998,T-05,P-87315,midfielder,MF
WC-1998,T-05,P-63420,midfielder,MF
WC-1998,T-05,P-16938,forward,FW
WC-1998,T-05,P-62915,midfielder,MF
WC-1998,T-05,P-68074,goal keeper,GK
WC-1998,T-05,P-37008,midfielder,MF
WC-1998,T-06,P-72937,goal keeper,GK
WC-1998,T-06,P-12959,defender,DF
WC-1998,T-06,P-33618,defender,DF
WC-1998,T-06,P-86884,defender,DF
WC-1998,T-06,P-10129,defender,DF
WC-1998,T-06,P-08623,midfielder,MF
WC-1998,T-06,P-69659,midfielder,MF
WC-1998,T-06,P-00109,forward,FW
WC-1998,T-06,P-90633,forward,FW
WC-1998,T-06,P-51869,forward,FW
WC-1998,T-06,P-28883,midfielder,MF
WC-1998,T-06,P-18623,goal keeper,GK
WC-1998,T-06,P-54160,goal keeper,GK
WC-1998,T-06,P-97414,midfielder,MF
WC-1998,T-06,P-15154,midfielder,MF
WC-1998,T-06,P-94736,defender,DF
WC-1998,T-06,P-39573,defender,DF
WC-1998,T-06,P-52358,forward,FW
WC-1998,T-06,P-71601,defender,DF
WC-1998,T-06,P-01706,forward,FW
WC-1998,T-06,P-33197,midfielder,MF
WC-1998,T-06,P-17071,defender,DF
WC-1998,T-09,P-31850,goal keeper,GK
WC-1998,T-09,P-91718,defender,DF
WC-1998,T-09,P-56505,defender,DF
WC-1998,T-09,P-09547,defender,DF
WC-1998,T-09,P-03658,midfielder,MF
WC-1998,T-09,P-85176,defender,DF
WC-1998,T-09,P-10812,midfielder,MF
WC-1998,T-09,P-32466,midfielder,MF
WC-1998,T-09,P-62722,forward,FW
WC-1998,T-09,P-74261,midfielder,MF
WC-1998,T-09,P-52008,midfielder,MF
WC-1998,T-09,P-70594,goal keeper,GK
WC-1998,T-09,P-63053,defender,DF
WC-1998,T-09,P-93839,defender,DF
WC-1998,T-09,P-99966,defender,DF
WC-1998,T-09,P-39545,midfielder,MF
WC-1998,T-09,P-64142,midfielder,MF
WC-1998,T-09,P-72471,midfielder,MF
WC-1998,T-09,P-79146,midfielder,MF
WC-1998,T-09,P-68671,forward,FW
WC-1998,T-09,P-24526,forward,FW
WC-1998,T-09,P-02795,goal keeper,GK
WC-1998,T-10,P-39700,goal keeper,GK
WC-1998,T-10,P-14982,defender,DF
WC-1998,T-10,P-47670,defender,DF
WC-1998,T-10,P-84375,defender,DF
WC-1998,T-10,P-99271,midfielder,MF
WC-1998,T-10,P-56496,midfielder,MF
WC-1998,T-10,P-23633,forward,FW
WC-1998,T-10,P-81648,forward,FW
WC-1998,T-10,P-99418,forward,FW
WC-1998,T-10,P-22562,midfielder,MF
WC-1998,T-10,P-57696,midfielder,MF
WC-1998,T-10,P-94024,goal keeper,GK
WC-1998,T-10,P-11736,defender,DF
WC-1998,T-10,P-28549,midfielder,MF
WC-1998,T-10,P-01256,defender,DF
WC-1998,T-10,P-16713,midfielder,MF
WC-1998,T-10,P-05818,midfielder,MF
WC-1998,T-10,P-40793,midfielder,MF
WC-1998,T-10,P-41316,forward,FW
WC-1998,T-10,P-67598,forward,FW
WC-1998,T-10,P-26718,defender,DF
WC-1998,T-10,P-25506,midfielder,MF
WC-1998,T-11,P-93402,goal keeper,GK
WC-1998,T-11,P-97878,midfielder,MF
WC-1998,T-11,P-67168,defender,DF
WC-1998,T-11,P-98173,defender,DF
WC-1998,T-11,P-07520,defender,DF
WC-1998,T-11,P-53197,defender,DF
WC-1998,T-11,P-77989,forward,FW
WC-1998,T-11,P-06511,midfielder,MF
WC-1998,T-11,P-63012,forward,FW
WC-1998,T-11,P-18804,forward,FW
WC-1998,T-11,P-61703,forward,FW
WC-1998,T-11,P-38724,defender,DF
WC-1998,T-11,P-35138,defender,DF
WC-1998,T-11,P-33623,midfielder,MF
WC-1998,T-11,P-78387,midfielder,MF
WC-1998,T-11,P-44460,goal keeper,GK
WC-1998,T-11,P-07577,defender,DF
WC-1998,T-11,P-45873,forward,FW
WC-1998,T-11,P-87968,midfielder,MF
WC-1998,T-11,P-84152,midfielder,MF
WC-1998,T-11,P-14458,forward,FW
WC-1998,T-11,P-41783,goal keeper,GK
WC-1998,T-13,P-26025,goal keeper,GK
WC-1998,T-13,P-85132,defender,DF
WC-1998,T-13,P-80753,defender,DF
WC-1998,T-13,P-79494,defender,DF
WC-1998,T-13,P-08453,defender,DF
WC-1998,T-13,P-49850,defender,DF
WC-1998,T-13,P-91710,midfielder,MF
WC-1998,T-13,P-43934,midfielder,MF
WC-1998,T-13,P-82614,forward,FW
WC-1998,T-13,P-85178,midfielder,MF
WC-1998,T-13,P-39251,forward,FW
WC-1998,T-13,P-61561,goal keeper,GK
WC-1998,T-13,P-15650,forward,FW
WC-1998,T-13,P-30572,defender,DF
WC-1998,T-13,P-16244,defender,DF
WC-1998,T-13,P-84458,defender,DF
WC-1998,T-13,P-56057,midfielder,MF
WC-1998,T-13,P-51514,midfielder,MF
WC-1998,T-13,P-76038,midfielder,MF
WC-1998,T-13,P-14852,midfielder,MF
WC-1998,T-13,P-20330,forward,FW
WC-1998,T-13,P-74519,goal keeper,GK
WC-1998,T-16,P-24621,goal keeper,GK
WC-1998,T-16,P-09175,defender,DF
WC-1998,T-16,P-00848,defender,DF
WC-1998,T-16,P-21571,defender,DF
WC-1998,T-16,P-71020,defender,DF
WC-1998,T-16,P-80178,midfielder,MF
WC-1998,T-16,P-23692,forward,FW
WC-1998,T-16,P-19743,midfielder,MF
WC-1998,T-16,P-55994,forward,FW
WC-1998,T-16,P-49600,midfielder,MF
WC-1998,T-16,P-10444,forward,FW
WC-1998,T-16,P-18252,goal keeper,GK
WC-1998,T-16,P-13552,defender,DF
WC-1998,T-16,P-77800,midfielder,MF
WC-1998,T-16,P-76247,forward,FW
WC-1998,T-16,P-75570,defender,DF
WC-1998,T-16,P-00522,midfielder,MF
WC-1998,T-16,P-51932,midfielder,MF
WC-1998,T-16,P-69504,midfielder,MF
WC-1998,T-16,P-30514,forward,FW
WC-1998,T-16,P-64415,forward,FW
WC-1998,T-16,P-02080,goal keeper,GK
WC-1998,T-18,P-52310,goal keeper,GK
WC-1998,T-18,P-43142,forward,FW
WC-1998,T-18,P-31857,defender,DF
WC-1998,T-18,P-98512,defender,DF
WC-1998,T-18,P-44332,defender,DF
WC-1998,T-18,P-85355,defender,DF
WC-1998,T-18,P-21803,midfielder,MF
WC-1998,T-18,P-62861,midfielder,MF
WC-1998,T-18,P-58374,forward,FW
WC-1998,T-18,P-05779,midfielder,MF
WC-1998,T-18,P-18926,midfielder,MF
WC-1998,T-18,P-96358,goal keeper,GK
WC-1998,T-18,P-75377,midfielder,MF
WC-1998,T-18,P-37461,midfielder,MF
WC-1998,T-18,P-42144,defender,DF
WC-1998,T-18,P-93377,forward,FW
WC-1998,T-18,P-26414,defender,DF
WC-1998,T-18,P-59881,midfielder,MF
WC-1998,T-18,P-96110,forward,FW
WC-1998,T-18,P-41724,defender,DF
WC-1998,T-18,P-76217,midfielder,MF
WC-1998,T-18,P-94668,goal keeper,GK
WC-1998,T-22,P-35183,goal keeper,GK
WC-1998,T-22,P-57898,defender,DF
WC-1998,T-22,P-77711,defender,DF
WC-1998,T-22,P-11000,defender,DF
WC-1998,T-22,P-79273,defender,DF
WC-1998,T-22,P-72404,defender,DF
WC-1998,T-22,P-62564,midfielder,MF
WC-1998,T-22,P-02695,midfielder,MF
WC-1998,T-22,P-75330,forward,FW
WC-1998,T-22,P-56788,midfielder,MF
WC-1998,T-22,P-28133,forward,FW
WC-1998,T-22,P-90473,defender,DF
WC-1998,T-22,P-01514,defender,DF
WC-1998,T-22,P-87412,midfielder,MF
WC-1998,T-22,P-37132,midfielder,MF
WC-1998,T-22,P-66859,goal keeper,GK
WC-1998,T-22,P-04448,midfielder,MF
WC-1998,T-22,P-87668,forward,FW
WC-1998,T-22,P-80289,forward,FW
WC-1998,T-22,P-86345,defender,DF
WC-1998,T-22,P-68055,midfielder,MF
WC-1998,T-22,P-25541,goal keeper,GK
WC-1998,T-28,P-13285,goal keeper,GK
WC-1998,T-28,P-97840,defender,DF
WC-1998,T-28,P-26320,defender,DF
WC-1998,T-28,P-15550,midfielder,MF
WC-1998,T-28,P-54003,defender,DF
WC-1998,T-28,P-79943,defender,DF
WC-1998,T-28,P-81049,midfielder,MF
WC-1998,T-28,P-92367,midfielder,MF
WC-1998,T-28,P-63416,forward,FW
WC-1998,T-28,P-94825,forward,FW
WC-1998,T-28,P-03532,midfielder,MF
WC-1998,T-28,P-66658,defender,DF
WC-1998,T-28,P-93674,goal keeper,GK
WC-1998,T-28,P-40570,midfielder,MF
WC-1998,T-28,P-69168,midfielder,MF
WC-1998,T-28,P-63916,midfielder,MF
WC-1998,T-28,P-43959,midfielder,MF
WC-1998,T-28,P-90384,defender,DF
WC-1998,T-28,P-89205,forward,FW
WC-1998,T-28,P-51130,forward,FW
WC-1998,T-28,P-01249,defender,DF
WC-1998,T-28,P-61105,goal keeper,GK
WC-1998,T-30,P-30371,goal keeper,GK
WC-1998,T-30,P-22876,defender,DF
WC-1998,T-30,P-56735,defender,DF
WC-1998,T-30,P-96540,midfielder,MF
WC-1998,T-30,P-74952,defender,DF
WC-1998,T-30,P-80680,midfielder,MF
WC-1998,T-30,P-61954,midfielder,MF
WC-1998,T-30,P-79380,defender,DF
WC-1998,T-30,P-26820,forward,FW
WC-1998,T-30,P-56430,midfielder,MF
WC-1998,T-30,P-99420,midfielder,MF
WC-1998,T-30,P-51395,forward,FW
WC-1998,T-30,P-54985,midfielder,MF
WC-1998,T-30,P-10738,midfielder,MF
WC-1998,T-30,P-56947,defender,DF
WC-1998,T-30,P-55991,goal keeper,GK
WC-1998,T-30,P-40400,midfielder,MF
WC-1998,T-30,P-19907,defender,DF
WC-1998,T-30,P-28482,midfielder,MF
WC-1998,T-30,P-12167,forward,FW
WC-1998,T-30,P-74065,forward,FW
WC-1998,T-30,P-75179,goal keeper,GK
WC-1998,T-31,P-45405,goal keeper,GK
WC-1998,T-31,P-53262,defender,DF
WC-1998,T-31,P-78998,defender,DF
WC-1998,T-31,P-83968,defender,DF
WC-1998,T-31,P-87830,defender,DF
WC-1998,T-31,P-45408,defender,DF
WC-1998,T-31,P-37963,midfielder,MF
WC-1998,T-31,P-49502,defender,DF
WC-1998,T-31,P-09705,forward,FW
WC-1998,T-31,P-77552,midfielder,MF
WC-1998,T-31,P-62028,forward,FW
WC-1998,T-31,P-33751,goal keeper,GK
WC-1998,T-31,P-65108,midfielder,MF
WC-1998,T-31,P-83522,defender,DF
WC-1998,T-31,P-94904,midfielder,MF
WC-1998,T-31,P-35902,midfielder,MF
WC-1998,T-31,P-67544,defender,DF
WC-1998,T-31,P-91373,forward,FW
WC-1998,T-31,P-74629,defender,DF
WC-1998,T-31,P-84534,forward,FW
WC-1998,T-31,P-15678,defender,DF
WC-1998,T-31,P-98511,goal keeper,GK
WC-1998,T-38,P-56772,goal keeper,GK
WC-1998,T-38,P-93633,midfielder,MF
WC-1998,T-38,P-36676,defender,DF
WC-1998,T-38,P-52257,defender,DF
WC-1998,T-38,P-91754,defender,DF
WC-1998,T-38,P-72482,midfielder,MF
WC-1998,T-38,P-62874,midfielder,MF
WC-1998,T-38,P-44661,midfielder,MF
WC-1998,T-38,P-78085,midfielder,MF
WC-1998,T-38,P-38371,forward,FW
WC-1998,T-38,P-25470,forward,FW
WC-1998,T-38,P-68937,goal keeper,GK
WC-1998,T-38,P-54946,forward,FW
WC-1998,T-38,P-31741,defender,DF
WC-1998,T-38,P-55250,defender,DF
WC-1998,T-38,P-92960,defender,DF
WC-1998,T-38,P-65077,defender,DF
WC-1998,T-38,P-90057,midfielder,MF
WC-1998,T-38,P-11493,forward,FW
WC-1998,T-38,P-06693,defender,DF
WC-1998,T-38,P-32369,midfielder,MF
WC-1998,T-38,P-00315,goal keeper,GK
WC-1998,T-41,P-53723,goal keeper,GK
WC-1998,T-41,P-29143,defender,DF
WC-1998,T-41,P-43222,defender,DF
WC-1998,T-41,P-88863,defender,DF
WC-1998,T-41,P-36036,defender,DF
WC-1998,T-41,P-55511,defender,DF
WC-1998,T-41,P-74039,defender,DF
WC-1998,T-41,P-39112,defender,DF
WC-1998,T-41,P-87231,midfielder,MF
WC-1998,T-41,P-83836,forward,FW
WC-1998,T-41,P-52474,midfielder,MF
WC-1998,T-41,P-88002,goal keeper,GK
WC-1998,T-41,P-98757,midfielder,MF
WC-1998,T-41,P-42659,midfielder,MF
WC-1998,T-41,P-59777,midfielder,MF
WC-1998,T-41,P-07951,midfielder,MF
WC-1998,T-41,P-69680,midfielder,MF
WC-1998,T-41,P-78756,forward,FW
WC-1998,T-41,P-29172,forward,FW
WC-1998,T-41,P-35079,forward,FW
WC-1998,T-41,P-34670,forward,FW
WC-1998,T-41,P-11392,goal keeper,GK
WC-1998,T-43,P-65816,goal keeper,GK
WC-1998,T-43,P-06565,defender,DF
WC-1998,T-43,P-61134,midfielder,MF
WC-1998,T-43,P-40167,defender,DF
WC-1998,T-43,P-51917,defender,DF
WC-1998,T-43,P-62344,midfielder,MF
WC-1998,T-43,P-49195,midfielder,MF
WC-1998,T-43,P-44917,forward,FW
WC-1998,T-43,P-45682,forward,FW
WC-1998,T-43,P-97544,forward,FW
WC-1998,T-43,P-19136,midfielder,MF
WC-1998,T-43,P-93008,defender,DF
WC-1998,T-43,P-98909,goal keeper,GK
WC-1998,T-43,P-99080,goal keeper,GK
WC-1998,T-43,P-79750,defender,DF
WC-1998,T-43,P-16421,midfielder,MF
WC-1998,T-43,P-89092,forward,FW
WC-1998,T-43,P-36985,forward,FW
WC-1998,T-43,P-99905,defender,DF
WC-1998,T-43,P-41974,midfielder,MF
WC-1998,T-43,P-27847,defender,DF
WC-1998,T-43,P-15931,forward,FW
WC-1998,T-44,P-02366,goal keeper,GK
WC-1998,T-44,P-45752,defender,DF
WC-1998,T-44,P-61672,defender,DF
WC-1998,T-44,P-29629,defender,DF
WC-1998,T-44,P-43163,defender,DF
WC-1998,T-44,P-03376,midfielder,MF
WC-1998,T-44,P-23890,midfielder,MF
WC-1998,T-44,P-09349,midfielder,MF
WC-1998,T-44,P-84762,forward,FW
WC-1998,T-44,P-33594,midfielder,MF
WC-1998,T-44,P-04785,midfielder,MF
WC-1998,T-44,P-58318,forward,FW
WC-1998,T-44,P-64961,midfielder,MF
WC-1998,T-44,P-07585,forward,FW
WC-1998,T-44,P-17348,midfielder,MF
WC-1998,T-44,P-10510,defender,DF
WC-1998,T-44,P-34956,defender,DF
WC-1998,T-44,P-55311,forward,FW
WC-1998,T-44,P-36022,defender,DF
WC-1998,T-44,P-54298,goal keeper,GK
WC-1998,T-44,P-24251,goal keeper,GK
WC-1998,T-44,P-99803,midfielder,MF
WC-1998,T-46,P-50787,goal keeper,GK
WC-1998,T-46,P-78308,defender,DF
WC-1998,T-46,P-26108,defender,DF
WC-1998,T-46,P-72763,midfielder,MF
WC-1998,T-46,P-83344,defender,DF
WC-1998,T-46,P-40627,midfielder,MF
WC-1998,T-46,P-21741,midfielder,MF
WC-1998,T-46,P-21495,midfielder,MF
WC-1998,T-46,P-50252,forward,FW
WC-1998,T-46,P-46904,forward,FW
WC-1998,T-46,P-88428,forward,FW
WC-1998,T-46,P-92932,goal keeper,GK
WC-1998,T-46,P-34636,midfielder,MF
WC-1998,T-46,P-35791,midfielder,MF
WC-1998,T-46,P-45941,forward,FW
WC-1998,T-46,P-99771,defender,DF
WC-1998,T-46,P-80183,forward,FW
WC-1998,T-46,P-32594,defender,DF
WC-1998,T-46,P-19578,midfielder,MF
WC-1998,T-46,P-77010,midfielder,MF
WC-1998,T-46,P-92547,midfielder,MF
WC-1998,T-46,P-52784,goal keeper,GK
WC-1998,T-47,P-62026,goal keeper,GK
WC-1998,T-47,P-16954,defender,DF
WC-1998,T-47,P-19991,defender,DF
WC-1998,T-47,P-66082,defender,DF
WC-1998,T-47,P-77110,defender,DF
WC-1998,T-47,P-96824,defender,DF
WC-1998,T-47,P-45896,midfielder,MF
WC-1998,T-47,P-76158,midfielder,MF
WC-1998,T-47,P-14349,forward,FW
WC-1998,T-47,P-56643,forward,FW
WC-1998,T-47,P-80057,midfielder,MF
WC-1998,T-47,P-20094,goal keeper,GK
WC-1998,T-47,P-36579,defender,DF
WC-1998,T-47,P-87059,forward,FW
WC-1998,T-47,P-51300,defender,DF
WC-1998,T-47,P-84885,midfielder,MF
WC-1998,T-47,P-28649,midfielder,MF
WC-1998,T-47,P-78077,midfielder,MF
WC-1998,T-47,P-32237,defender,DF
WC-1998,T-47,P-82124,defender,DF
WC-1998,T-47,P-03706,forward,FW
WC-1998,T-47,P-89078,goal keeper,GK
WC-1998,T-48,P-26572,goal keeper,GK
WC-1998,T-48,P-27926,defender,DF
WC-1998,T-48,P-46061,defender,DF
WC-1998,T-48,P-32212,defender,DF
WC-1998,T-48,P-92458,defender,DF
WC-1998,T-48,P-27957,midfielder,MF
WC-1998,T-48,P-92804,midfielder,MF
WC-1998,T-48,P-22409,forward,FW
WC-1998,T-48,P-59191,forward,FW
WC-1998,T-48,P-88946,midfielder,MF
WC-1998,T-48,P-42224,midfielder,MF
WC-1998,T-48,P-34767,midfielder,MF
WC-1998,T-48,P-96131,defender,DF
WC-1998,T-48,P-33834,midfielder,MF
WC-1998,T-48,P-76156,defender,DF
WC-1998,T-48,P-45916,midfielder,MF
WC-1998,T-48,P-88340,forward,FW
WC-1998,T-48,P-15829,goal keeper,GK
WC-1998,T-48,P-21832,midfielder,MF
WC-1998,T-48,P-42249,midfielder,MF
WC-1998,T-48,P-30015,forward,FW
WC-1998,T-48,P-55197,goal keeper,GK
WC-1998,T-50,P-75277,goal keeper,GK
WC-1998,T-50,P-01364,defender,DF
WC-1998,T-50,P-91148,defender,DF
WC-1998,T-50,P-91516,forward,FW
WC-1998,T-50,P-74808,defender,DF
WC-1998,T-50,P-79669,defender,DF
WC-1998,T-50,P-54287,midfielder,MF
WC-1998,T-50,P-56969,midfielder,MF
WC-1998,T-50,P-98228,forward,FW
WC-1998,T-50,P-83122,midfielder,MF
WC-1998,T-50,P-76542,midfielder,MF
WC-1998,T-50,P-79585,goal keeper,GK
WC-1998,T-50,P-02360,midfielder,MF
WC-1998,T-50,P-84893,forward,FW
WC-1998,T-50,P-41790,midfielder,MF
WC-1998,T-50,P-34180,defender,DF
WC-1998,T-50,P-39450,defender,DF
WC-1998,T-50,P-89782,midfielder,MF
WC-1998,T-50,P-72134,defender,DF
WC-1998,T-50,P-25715,forward,FW
WC-1998,T-50,P-71220,defender,DF
WC-1998,T-50,P-35031,goal keeper,GK
WC-1998,T-53,P-14379,goal keeper,GK
WC-1998,T-53,P-83152,defender,DF
WC-1998,T-53,P-65348,defender,DF
WC-1998,T-53,P-25644,defender,DF
WC-1998,T-53,P-52878,defender,DF
WC-1998,T-53,P-75062,midfielder,MF
WC-1998,T-53,P-48934,midfielder,MF
WC-1998,T-53,P-61579,midfielder,MF
WC-1998,T-53,P-03442,forward,FW
WC-1998,T-53,P-72296,midfielder,MF
WC-1998,T-53,P-31031,midfielder,MF
WC-1998,T-53,P-99616,goal keeper,GK
WC-1998,T-53,P-31312,goal keeper,GK
WC-1998,T-53,P-86211,defender,DF
WC-1998,T-53,P-59890,defender,DF
WC-1998,T-53,P-94465,forward,FW
WC-1998,T-53,P-99732,forward,FW
WC-1998,T-53,P-94822,forward,FW
WC-1998,T-53,P-25187,defender,DF
WC-1998,T-53,P-63924,forward,FW
WC-1998,T-53,P-35373,defender,DF
WC-1998,T-53,P-21663,midfielder,MF
WC-1998,T-55,P-36426,goal keeper,GK
WC-1998,T-55,P-76678,defender,DF
WC-1998,T-55,P-14942,defender,DF
WC-1998,T-55,P-19241,defender,DF
WC-1998,T-55,P-34957,defender,DF
WC-1998,T-55,P-11212,defender,DF
WC-1998,T-55,P-74664,midfielder,MF
WC-1998,T-55,P-03217,forward,FW
WC-1998,T-55,P-98051,forward,FW
WC-1998,T-55,P-17884,midfielder,MF
WC-1998,T-55,P-50567,defender,DF
WC-1998,T-55,P-75402,goal keeper,GK
WC-1998,T-55,P-42797,midfielder,MF
WC-1998,T-55,P-08196,defender,DF
WC-1998,T-55,P-40108,forward,FW
WC-1998,T-55,P-52469,midfielder,MF
WC-1998,T-55,P-73933,forward,FW
WC-1998,T-55,P-34676,forward,FW
WC-1998,T-55,P-22146,midfielder,MF
WC-1998,T-55,P-82458,defender,DF
WC-1998,T-55,P-78557,midfielder,MF
WC-1998,T-55,P-83261,goal keeper,GK
WC-1998,T-61,P-75836,goal keeper,GK
WC-1998,T-61,P-12625,defender,DF
WC-1998,T-61,P-65453,defender,DF
WC-1998,T-61,P-06854,defender,DF
WC-1998,T-61,P-17898,midfielder,MF
WC-1998,T-61,P-19537,defender,DF
WC-1998,T-61,P-01137,forward,FW
WC-1998,T-61,P-04888,midfielder,MF
WC-1998,T-61,P-67833,forward,FW
WC-1998,T-61,P-30739,midfielder,MF
WC-1998,T-61,P-70680,forward,FW
WC-1998,T-61,P-44978,goal keeper,GK
WC-1998,T-61,P-16780,defender,DF
WC-1998,T-61,P-27750,midfielder,MF
WC-1998,T-61,P-66588,midfielder,MF
WC-1998,T-61,P-53546,midfielder,MF
WC-1998,T-61,P-54322,forward,FW
WC-1998,T-61,P-48638,midfielder,MF
WC-1998,T-61,P-44448,midfielder,MF
WC-1998,T-61,P-79864,defender,DF
WC-1998,T-61,P-43055,forward,FW
WC-1998,T-61,P-29644,goal keeper,GK
WC-1998,T-63,P-12996,goal keeper,GK
WC-1998,T-63,P-55518,defender,DF
WC-1998,T-63,P-44462,defender,DF
WC-1998,T-63,P-50171,midfielder,MF
WC-1998,T-63,P-51472,defender,DF
WC-1998,T-63,P-21550,midfielder,MF
WC-1998,T-63,P-92151,forward,FW
WC-1998,T-63,P-85019,forward,FW
WC-1998,T-63,P-88041,forward,FW
WC-1998,T-63,P-41428,forward,FW
WC-1998,T-63,P-89920,forward,FW
WC-1998,T-63,P-81321,midfielder,MF
WC-1998,T-63,P-73110,defender,DF
WC-1998,T-63,P-78753,midfielder,MF
WC-1998,T-63,P-30161,midfielder,MF
WC-1998,T-63,P-17941,midfielder,MF
WC-1998,T-63,P-53448,defender,DF
WC-1998,T-63,P-20886,midfielder,MF
WC-1998,T-63,P-28313,defender,DF
WC-1998,T-63,P-61224,midfielder,MF
WC-1998,T-63,P-43829,goal keeper,GK
WC-1998,T-63,P-45367,goal keeper,GK
WC-1998,T-64,P-85003,goal keeper,GK
WC-1998,T-64,P-95707,midfielder,MF
WC-1998,T-64,P-48864,defender,DF
WC-1998,T-64,P-77029,defender,DF
WC-1998,T-64,P-68779,defender,DF
WC-1998,T-64,P-39255,defender,DF
WC-1998,T-64,P-00189,forward,FW
WC-1998,T-64,P-74264,midfielder,MF
WC-1998,T-64,P-39265,forward,FW
WC-1998,T-64,P-56227,forward,FW
WC-1998,T-64,P-39646,midfielder,MF
WC-1998,T-64,P-28281,goal keeper,GK
WC-1998,T-64,P-25813,forward,FW
WC-1998,T-64,P-30400,midfielder,MF
WC-1998,T-64,P-85724,midfielder,MF
WC-1998,T-64,P-96166,defender,DF
WC-1998,T-64,P-02421,midfielder,MF
WC-1998,T-64,P-14701,defender,DF
WC-1998,T-64,P-54290,defender,DF
WC-1998,T-64,P-51888,forward,FW
WC-1998,T-64,P-01355,goal keeper,GK
WC-1998,T-64,P-60841,defender,DF
WC-1998,T-70,P-57626,goal keeper,GK
WC-1998,T-70,P-28712,defender,DF
WC-1998,T-70,P-10490,defender,DF
WC-1998,T-70,P-94478,defender,DF
WC-1998,T-70,P-92802,defender,DF
WC-1998,T-70,P-05915,forward,FW
WC-1998,T-70,P-02423,midfielder,MF
WC-1998,T-70,P-19030,midfielder,MF
WC-1998,T-70,P-24299,forward,FW
WC-1998,T-70,P-85624,midfielder,MF
WC-1998,T-70,P-88704,midfielder,MF
WC-1998,T-70,P-45250,forward,FW
WC-1998,T-70,P-37844,forward,FW
WC-1998,T-70,P-32294,forward,FW
WC-1998,T-70,P-47572,midfielder,MF
WC-1998,T-70,P-16070,goal keeper,GK
WC-1998,T-70,P-59298,forward,FW
WC-1998,T-70,P-85237,midfielder,MF
WC-1998,T-70,P-56543,defender,DF
WC-1998,T-70,P-54426,midfielder,MF
WC-1998,T-70,P-65806,defender,DF
WC-1998,T-70,P-97369,goal keeper,GK
WC-1998,T-70,P-83595,goal keeper,GK
WC-1998,T-71,P-84722,goal keeper,GK
WC-1998,T-71,P-17666,midfielder,MF
WC-1998,T-71,P-65241,defender,DF
WC-1998,T-71,P-51868,defender,DF
WC-1998,T-71,P-66219,defender,DF
WC-1998,T-71,P-75255,defender,DF
WC-1998,T-71,P-54653,midfielder,MF
WC-1998,T-71,P-09742,midfielder,MF
WC-1998,T-71,P-02853,forward,FW
WC-1998,T-71,P-72495,forward,FW
WC-1998,T-71,P-65525,forward,FW
WC-1998,T-71,P-54130,defender,DF
WC-1998,T-71,P-96267,defender,DF
WC-1998,T-71,P-64624,midfielder,MF
WC-1998,T-71,P-47850,midfielder,MF
WC-1998,T-71,P-64908,defender,DF
WC-1998,T-71,P-55350,midfielder,MF
WC-1998,T-71,P-15222,forward,FW
WC-1998,T-71,P-75418,defender,DF
WC-1998,T-71,P-55097,defender,DF
WC-1998,T-71,P-85453,forward,FW
WC-1998,T-71,P-56801,goal keeper,GK
WC-1998,T-73,P-63214,goal keeper,GK
WC-1998,T-73,P-59647,defender,DF
WC-1998,T-73,P-60583,defender,DF
WC-1998,T-73,P-76590,defender,DF
WC-1998,T-73,P-24945,defender,DF
WC-1998,T-73,P-35246,defender,DF
WC-1998,T-73,P-08514,forward,FW
WC-1998,T-73,P-60964,midfielder,MF
WC-1998,T-73,P-75598,forward,FW
WC-1998,T-73,P-24556,forward,FW
WC-1998,T-73,P-00034,forward,FW
WC-1998,T-73,P-96053,defender,DF
WC-1998,T-73,P-16059,goal keeper,GK
WC-1998,T-73,P-22620,defender,DF
WC-1998,T-73,P-08700,defender,DF
WC-1998,T-73,P-08262,midfielder,MF
WC-1998,T-73,P-93745,midfielder,MF
WC-1998,T-73,P-61706,midfielder,MF
WC-1998,T-73,P-64962,forward,FW
WC-1998,T-73,P-03307,defender,DF
WC-1998,T-73,P-38878,midfielder,MF
WC-1998,T-73,P-57289,goal keeper,GK
WC-1998,T-79,P-23480,goal keeper,GK
WC-1998,T-79,P-90120,forward,FW
WC-1998,T-79,P-73316,defender,DF
WC-1998,T-79,P-25497,defender,DF
WC-1998,T-79,P-82870,defender,DF
WC-1998,T-79,P-48736,defender,DF
WC-1998,T-79,P-47506,defender,DF
WC-1998,T-79,P-22242,midfielder,MF
WC-1998,T-79,P-89922,forward,FW
WC-1998,T-79,P-41620,midfielder,MF
WC-1998,T-79,P-15025,forward,FW
WC-1998,T-79,P-00668,forward,FW
WC-1998,T-79,P-89154,midfielder,MF
WC-1998,T-79,P-28789,midfielder,MF
WC-1998,T-79,P-58711,midfielder,MF
WC-1998,T-79,P-12180,goal keeper,GK
WC-1998,T-79,P-44011,midfielder,MF
WC-1998,T-79,P-88921,forward,FW
WC-1998,T-79,P-49604,midfielder,MF
WC-1998,T-79,P-16851,defender,DF
WC-1998,T-79,P-10094,defender,DF
WC-1998,T-79,P-52641,goal keeper,GK
WC-1998,T-83,P-76191,goal keeper,GK
WC-1998,T-83,P-34695,defender,DF
WC-1998,T-83,P-02842,defender,DF
WC-1998,T-83,P-06020,defender,DF
WC-1998,T-83,P-08863,midfielder,MF
WC-1998,T-83,P-68379,defender,DF
WC-1998,T-83,P-69356,forward,FW
WC-1998,T-83,P-96178,midfielder,MF
WC-1998,T-83,P-86464,forward,FW
WC-1998,T-83,P-07720,midfielder,MF
WC-1998,T-83,P-67232,forward,FW
WC-1998,T-83,P-72797,defender,DF
WC-1998,T-83,P-49258,midfielder,MF
WC-1998,T-83,P-25779,midfielder,MF
WC-1998,T-83,P-18539,midfielder,MF
WC-1998,T-83,P-83591,goal keeper,GK
WC-1998,T-83,P-12470,defender,DF
WC-1998,T-83,P-07553,goal keeper,GK
WC-1998,T-83,P-36074,midfielder,MF
WC-1998,T-83,P-60597,forward,FW
WC-1998,T-83,P-97459,midfielder,MF
WC-1998,T-83,P-79863,defender,DF
WC-1998,T-87,P-69448,goal keeper,GK
WC-1998,T-87,P-12268,defender,DF
WC-1998,T-87,P-80898,defender,DF
WC-1998,T-87,P-27338,midfielder,MF
WC-1998,T-87,P-72969,defender,DF
WC-1998,T-87,P-15547,midfielder,MF
WC-1998,T-87,P-69912,midfielder,MF
WC-1998,T-87,P-18303,midfielder,MF
WC-1998,T-87,P-82329,forward,FW
WC-1998,T-87,P-93318,midfielder,MF
WC-1998,T-87,P-04188,defender,DF
WC-1998,T-87,P-39053,goal keeper,GK
WC-1998,T-87,P-43392,defender,DF
WC-1998,T-87,P-35544,defender,DF
WC-1998,T-87,P-57880,midfielder,MF
WC-1998,T-87,P-11960,defender,DF
WC-1998,T-87,P-48250,forward,FW
WC-1998,T-87,P-40701,midfielder,MF
WC-1998,T-87,P-45323,midfielder,MF
WC-1998,T-87,P-22793,midfielder,MF
WC-1998,T-87,P-85140,forward,FW
WC-1998,T-87,P-33080,forward,FW
WC-1999,T-04,P-70336,goal keeper,GK
WC-1999,T-04,P-99108,defender,DF
WC-1999,T-04,P-23968,defender,DF
WC-1999,T-04,P-36187,defender,DF
WC-1999,T-04,P-01955,defender,DF
WC-1999,T-04,P-46124,defender,DF
WC-1999,T-04,P-98447,midfielder,MF
WC-1999,T-04,P-19145,forward,FW
WC-1999,T-04,P-61821,forward,FW
WC-1999,T-04,P-72800,midfielder,MF
WC-1999,T-04,P-44064,midfielder,MF
WC-1999,T-04,P-86048,defender,DF
WC-1999,T-04,P-56574,forward,FW
WC-1999,T-04,P-04506,midfielder,MF
WC-1999,T-04,P-20570,midfielder,MF
WC-1999,T-04,P-75511,midfielder,MF
WC-1999,T-04,P-72006,midfielder,MF
WC-1999,T-04,P-77926,midfielder,MF
WC-1999,T-04,P-35111,defender,DF
WC-1999,T-04,P-59523,goal keeper,GK
WC-1999,T-09,P-64203,goal keeper,GK
WC-1999,T-09,P-09127,defender,DF
WC-1999,T-09,P-41343,defender,DF
WC-1999,T-09,P-10543,defender,DF
WC-1999,T-09,P-96106,midfielder,MF
WC-1999,T-09,P-11872,defender,DF
WC-1999,T-09,P-67574,forward,FW
WC-1999,T-09,P-19610,midfielder,MF
WC-1999,T-09,P-90420,forward,FW
WC-1999,T-09,P-57452,midfielder,MF
WC-1999,T-09,P-89410,defender,DF
WC-1999,T-09,P-66036,goal keeper,GK
WC-1999,T-09,P-89759,defender,DF
WC-1999,T-09,P-78266,forward,FW
WC-1999,T-09,P-89908,midfielder,MF
WC-1999,T-09,P-15996,defender,DF
WC-1999,T-09,P-26383,forward,FW
WC-1999,T-09,P-58199,midfielder,MF
WC-1999,T-09,P-27861,midfielder,MF
WC-1999,T-09,P-62970,midfielder,MF
WC-1999,T-12,P-09794,goal keeper,GK
WC-1999,T-12,P-76722,midfielder,MF
WC-1999,T-12,P-50457,defender,DF
WC-1999,T-12,P-29054,midfielder,MF
WC-1999,T-12,P-87255,defender,DF
WC-1999,T-12,P-28260,midfielder,MF
WC-1999,T-12,P-39878,defender,DF
WC-1999,T-12,P-56271,forward,FW
WC-1999,T-12,P-76622,defender,DF
WC-1999,T-12,P-26057,forward,FW
WC-1999,T-12,P-57254,forward,FW
WC-1999,T-12,P-97696,forward,FW
WC-1999,T-12,P-70567,midfielder,MF
WC-1999,T-12,P-73728,midfielder,MF
WC-1999,T-12,P-36143,defender,DF
WC-1999,T-12,P-18666,midfielder,MF
WC-1999,T-12,P-08594,forward,FW
WC-1999,T-12,P-85899,midfielder,MF
WC-1999,T-12,P-86965,goal keeper,GK
WC-1999,T-12,P-41105,goal keeper,GK
WC-1999,T-14,P-63535,goal keeper,GK
WC-1999,T-14,P-44067,midfielder,MF
WC-1999,T-14,P-36217,defender,DF
WC-1999,T-14,P-94408,defender,DF
WC-1999,T-14,P-46333,defender,DF
WC-1999,T-14,P-65910,midfielder,MF
WC-1999,T-14,P-70314,forward,FW
WC-1999,T-14,P-09811,forward,FW
WC-1999,T-14,P-14903,forward,FW
WC-1999,T-14,P-10128,midfielder,MF
WC-1999,T-14,P-67766,midfielder,MF
WC-1999,T-14,P-78729,defender,DF
WC-1999,T-14,P-48897,midfielder,MF
WC-1999,T-14,P-16075,defender,DF
WC-1999,T-14,P-84161,midfielder,MF
WC-1999,T-14,P-68281,forward,FW
WC-1999,T-14,P-20612,midfielder,MF
WC-1999,T-14,P-75180,goal keeper,GK
WC-1999,T-14,P-79018,defender,DF
WC-1999,T-14,P-51393,defender,DF
WC-1999,T-22,P-80982,goal keeper,GK
WC-1999,T-22,P-73900,forward,FW
WC-1999,T-22,P-73990,forward,FW
WC-1999,T-22,P-91633,forward,FW
WC-1999,T-22,P-74964,forward,FW
WC-1999,T-22,P-61320,midfielder,MF
WC-1999,T-22,P-56909,midfielder,MF
WC-1999,T-22,P-75034,midfielder,MF
WC-1999,T-22,P-47392,forward,FW
WC-1999,T-22,P-93175,forward,FW
WC-1999,T-22,P-57369,forward,FW
WC-1999,T-22,P-60476,forward,FW
WC-1999,T-22,P-37513,defender,DF
WC-1999,T-22,P-80373,defender,DF
WC-1999,T-22,P-02005,forward,FW
WC-1999,T-22,P-54677,goal keeper,GK
WC-1999,T-22,P-20383,midfielder,MF
WC-1999,T-22,P-64823,defender,DF
WC-1999,T-22,P-34416,forward,FW
WC-1999,T-22,P-81866,defender,DF
WC-1999,T-31,P-36668,goal keeper,GK
WC-1999,T-31,P-27862,defender,DF
WC-1999,T-31,P-78246,defender,DF
WC-1999,T-31,P-70251,defender,DF
WC-1999,T-31,P-44228,defender,DF
WC-1999,T-31,P-61679,midfielder,MF
WC-1999,T-31,P-21423,midfielder,MF
WC-1999,T-31,P-49074,midfielder,MF
WC-1999,T-31,P-52478,forward,FW
WC-1999,T-31,P-53366,midfielder,MF
WC-1999,T-31,P-50598,midfielder,MF
WC-1999,T-31,P-67283,forward,FW
WC-1999,T-31,P-53205,defender,DF
WC-1999,T-31,P-33252,defender,DF
WC-1999,T-31,P-54576,goal keeper,GK
WC-1999,T-31,P-42444,midfielder,MF
WC-1999,T-31,P-08789,defender,DF
WC-1999,T-31,P-27479,forward,FW
WC-1999,T-31,P-90924,defender,DF
WC-1999,T-31,P-73519,forward,FW
WC-1999,T-32,P-42042,goal keeper,GK
WC-1999,T-32,P-90753,defender,DF
WC-1999,T-32,P-44808,defender,DF
WC-1999,T-32,P-21048,defender,DF
WC-1999,T-32,P-86407,defender,DF
WC-1999,T-32,P-36715,midfielder,MF
WC-1999,T-32,P-14240,forward,FW
WC-1999,T-32,P-78239,defender,DF
WC-1999,T-32,P-99818,forward,FW
WC-1999,T-32,P-84231,forward,FW
WC-1999,T-32,P-47674,forward,FW
WC-1999,T-32,P-89564,defender,DF
WC-1999,T-32,P-12997,defender,DF
WC-1999,T-32,P-52361,defender,DF
WC-1999,T-32,P-84404,forward,FW
WC-1999,T-32,P-75315,forward,FW
WC-1999,T-32,P-54127,forward,FW
WC-1999,T-32,P-45660,goal keeper,GK
WC-1999,T-32,P-90520,midfielder,MF
WC-1999,T-32,P-14601,midfielder,MF
WC-1999,T-41,P-71237,goal keeper,GK
WC-1999,T-41,P-52348,defender,DF
WC-1999,T-41,P-58574,defender,DF
WC-1999,T-41,P-62383,defender,DF
WC-1999,T-41,P-67779,defender,DF
WC-1999,T-41,P-58581,defender,DF
WC-1999,T-41,P-50912,forward,FW
WC-1999,T-41,P-00573,midfielder,MF
WC-1999,T-41,P-06810,forward,FW
WC-1999,T-41,P-49769,midfielder,MF
WC-1999,T-41,P-41283,forward,FW
WC-1999,T-41,P-13129,goal keeper,GK
WC-1999,T-41,P-30583,defender,DF
WC-1999,T-41,P-11183,midfielder,MF
WC-1999,T-41,P-47822,defender,DF
WC-1999,T-41,P-81336,midfielder,MF
WC-1999,T-41,P-11042,forward,FW
WC-1999,T-41,P-12901,midfielder,MF
WC-1999,T-41,P-87749,midfielder,MF
WC-1999,T-41,P-79263,defender,DF
WC-1999,T-44,P-57497,goal keeper,GK
WC-1999,T-44,P-62310,defender,DF
WC-1999,T-44,P-36151,defender,DF
WC-1999,T-44,P-91945,defender,DF
WC-1999,T-44,P-46224,midfielder,MF
WC-1999,T-44,P-69979,defender,DF
WC-1999,T-44,P-78173,defender,DF
WC-1999,T-44,P-74200,midfielder,MF
WC-1999,T-44,P-29094,forward,FW
WC-1999,T-44,P-72113,midfielder,MF
WC-1999,T-44,P-82283,forward,FW
WC-1999,T-44,P-51492,defender,DF
WC-1999,T-44,P-24967,midfielder,MF
WC-1999,T-44,P-32368,midfielder,MF
WC-1999,T-44,P-04884,forward,FW
WC-1999,T-44,P-69292,midfielder,MF
WC-1999,T-44,P-48735,forward,FW
WC-1999,T-44,P-17805,goal keeper,GK
WC-1999,T-44,P-33014,forward,FW
WC-1999,T-44,P-39010,goal keeper,GK
WC-1999,T-46,P-50573,goal keeper,GK
WC-1999,T-46,P-99657,defender,DF
WC-1999,T-46,P-48441,defender,DF
WC-1999,T-46,P-02698,defender,DF
WC-1999,T-46,P-52285,midfielder,MF
WC-1999,T-46,P-23661,midfielder,MF
WC-1999,T-46,P-69880,midfielder,MF
WC-1999,T-46,P-02679,midfielder,MF
WC-1999,T-46,P-77515,forward,FW
WC-1999,T-46,P-92275,forward,FW
WC-1999,T-46,P-42124,forward,FW
WC-1999,T-46,P-11308,goal keeper,GK
WC-1999,T-46,P-01717,forward,FW
WC-1999,T-46,P-40960,forward,FW
WC-1999,T-46,P-44473,midfielder,MF
WC-1999,T-46,P-37772,forward,FW
WC-1999,T-46,P-15055,midfielder,MF
WC-1999,T-46,P-09352,forward,FW
WC-1999,T-46,P-60080,defender,DF
WC-1999,T-46,P-07466,midfielder,MF
WC-1999,T-50,P-52654,goal keeper,GK
WC-1999,T-50,P-85817,defender,DF
WC-1999,T-50,P-27461,midfielder,MF
WC-1999,T-50,P-38386,defender,DF
WC-1999,T-50,P-22479,defender,DF
WC-1999,T-50,P-34716,defender,DF
WC-1999,T-50,P-19498,forward,FW
WC-1999,T-50,P-33681,forward,FW
WC-1999,T-50,P-81834,midfielder,MF
WC-1999,T-50,P-57488,defender,DF
WC-1999,T-50,P-65870,defender,DF
WC-1999,T-50,P-26109,goal keeper,GK
WC-1999,T-50,P-68759,midfielder,MF
WC-1999,T-50,P-59238,midfielder,MF
WC-1999,T-50,P-94567,midfielder,MF
WC-1999,T-50,P-75280,defender,DF
WC-1999,T-50,P-05883,forward,FW
WC-1999,T-50,P-10791,forward,FW
WC-1999,T-50,P-93242,forward,FW
WC-1999,T-50,P-38422,midfielder,MF
WC-1999,T-51,P-84527,goal keeper,GK
WC-1999,T-51,P-78097,defender,DF
WC-1999,T-51,P-07307,forward,FW
WC-1999,T-51,P-16179,defender,DF
WC-1999,T-51,P-07247,defender,DF
WC-1999,T-51,P-89690,midfielder,MF
WC-1999,T-51,P-16375,midfielder,MF
WC-1999,T-51,P-44185,forward,FW
WC-1999,T-51,P-48268,midfielder,MF
WC-1999,T-51,P-16569,midfielder,MF
WC-1999,T-51,P-16650,forward,FW
WC-1999,T-51,P-31902,defender,DF
WC-1999,T-51,P-67441,defender,DF
WC-1999,T-51,P-14030,midfielder,MF
WC-1999,T-51,P-46500,forward,FW
WC-1999,T-51,P-59010,midfielder,MF
WC-1999,T-51,P-84344,defender,DF
WC-1999,T-51,P-18796,goal keeper,GK
WC-1999,T-51,P-23894,defender,DF
WC-1999,T-51,P-38181,midfielder,MF
WC-1999,T-53,P-39183,goal keeper,GK
WC-1999,T-53,P-04956,defender,DF
WC-1999,T-53,P-01272,defender,DF
WC-1999,T-53,P-31385,midfielder,MF
WC-1999,T-53,P-83715,defender,DF
WC-1999,T-53,P-84389,midfielder,MF
WC-1999,T-53,P-98852,midfielder,MF
WC-1999,T-53,P-78069,midfielder,MF
WC-1999,T-53,P-29915,midfielder,MF
WC-1999,T-53,P-58688,defender,DF
WC-1999,T-53,P-75121,midfielder,MF
WC-1999,T-53,P-49113,goal keeper,GK
WC-1999,T-53,P-74483,midfielder,MF
WC-1999,T-53,P-05714,defender,DF
WC-1999,T-53,P-49154,midfielder,MF
WC-1999,T-53,P-70069,midfielder,MF
WC-1999,T-53,P-00556,midfielder,MF
WC-1999,T-53,P-06090,defender,DF
WC-1999,T-53,P-65709,midfielder,MF
WC-1999,T-53,P-72974,midfielder,MF
WC-1999,T-62,P-46594,goal keeper,GK
WC-1999,T-62,P-81945,defender,DF
WC-1999,T-62,P-75205,defender,DF
WC-1999,T-62,P-31383,defender,DF
WC-1999,T-62,P-65831,defender,DF
WC-1999,T-62,P-37971,defender,DF
WC-1999,T-62,P-55158,midfielder,MF
WC-1999,T-62,P-62577,midfielder,MF
WC-1999,T-62,P-23016,midfielder,MF
WC-1999,T-62,P-90659,forward,FW
WC-1999,T-62,P-42830,forward,FW
WC-1999,T-62,P-26579,goal keeper,GK
WC-1999,T-62,P-90185,midfielder,MF
WC-1999,T-62,P-20242,midfielder,MF
WC-1999,T-62,P-42638,forward,FW
WC-1999,T-62,P-69415,defender,DF
WC-1999,T-62,P-14186,midfielder,MF
WC-1999,T-62,P-18197,midfielder,MF
WC-1999,T-62,P-95777,defender,DF
WC-1999,T-62,P-51247,goal keeper,GK
WC-1999,T-74,P-91428,goal keeper,GK
WC-1999,T-74,P-33354,defender,DF
WC-1999,T-74,P-84530,defender,DF
WC-1999,T-74,P-24285,defender,DF
WC-1999,T-74,P-26509,midfielder,MF
WC-1999,T-74,P-52220,midfielder,MF
WC-1999,T-74,P-47163,defender,DF
WC-1999,T-74,P-36318,forward,FW
WC-1999,T-74,P-97773,midfielder,MF
WC-1999,T-74,P-31388,midfielder,MF
WC-1999,T-74,P-36470,forward,FW
WC-1999,T-74,P-03139,goal keeper,GK
WC-1999,T-74,P-62434,defender,DF
WC-1999,T-74,P-60653,defender,DF
WC-1999,T-74,P-53787,midfielder,MF
WC-1999,T-74,P-98034,forward,FW
WC-1999,T-74,P-23207,midfielder,MF
WC-1999,T-74,P-31442,midfielder,MF
WC-1999,T-74,P-20773,midfielder,MF
WC-1999,T-74,P-30916,midfielder,MF
WC-1999,T-83,P-17759,goal keeper,GK
WC-1999,T-83,P-53620,midfielder,MF
WC-1999,T-83,P-00471,defender,DF
WC-1999,T-83,P-56906,defender,DF
WC-1999,T-83,P-75727,midfielder,MF
WC-1999,T-83,P-99201,defender,DF
WC-1999,T-83,P-71411,midfielder,MF
WC-1999,T-83,P-14832,midfielder,MF
WC-1999,T-83,P-28901,forward,FW
WC-1999,T-83,P-54794,midfielder,MF
WC-1999,T-83,P-89416,midfielder,MF
WC-1999,T-83,P-18634,forward,FW
WC-1999,T-83,P-25850,midfielder,MF
WC-1999,T-83,P-30345,defender,DF
WC-1999,T-83,P-49668,midfielder,MF
WC-1999,T-83,P-98699,forward,FW
WC-1999,T-83,P-24048,forward,FW
WC-1999,T-83,P-38343,goal keeper,GK
WC-1999,T-83,P-34806,goal keeper,GK
WC-1999,T-83,P-58480,defender,DF
WC-2002,T-03,P-56385,goal keeper,GK
WC-2002,T-03,P-83403,defender,DF
WC-2002,T-03,P-60914,defender,DF
WC-2002,T-03,P-31684,defender,DF
WC-2002,T-03,P-88203,midfielder,MF
WC-2002,T-03,P-76131,defender,DF
WC-2002,T-03,P-60203,forward,FW
WC-2002,T-03,P-53716,defender,DF
WC-2002,T-03,P-84542,forward,FW
WC-2002,T-03,P-00065,midfielder,MF
WC-2002,T-03,P-62209,midfielder,MF
WC-2002,T-03,P-60052,goal keeper,GK
WC-2002,T-03,P-02174,defender,DF
WC-2002,T-03,P-06370,midfielder,MF
WC-2002,T-03,P-26200,midfielder,MF
WC-2002,T-03,P-25906,midfielder,MF
WC-2002,T-03,P-45985,midfielder,MF
WC-2002,T-03,P-11130,midfielder,MF
WC-2002,T-03,P-19888,forward,FW
WC-2002,T-03,P-94002,midfielder,MF
WC-2002,T-03,P-35873,forward,FW
WC-2002,T-03,P-28816,defender,DF
WC-2002,T-03,P-12056,goal keeper,GK
WC-2002,T-06,P-48592,goal keeper,GK
WC-2002,T-06,P-17071,defender,DF
WC-2002,T-06,P-94736,defender,DF
WC-2002,T-06,P-71601,defender,DF
WC-2002,T-06,P-28883,defender,DF
WC-2002,T-06,P-80262,midfielder,MF
WC-2002,T-06,P-69659,forward,FW
WC-2002,T-06,P-34376,midfielder,MF
WC-2002,T-06,P-64922,forward,FW
WC-2002,T-06,P-03447,midfielder,MF
WC-2002,T-06,P-52358,forward,FW
WC-2002,T-06,P-02977,defender,DF
WC-2002,T-06,P-12777,goal keeper,GK
WC-2002,T-06,P-91831,midfielder,MF
WC-2002,T-06,P-12842,defender,DF
WC-2002,T-06,P-21070,defender,DF
WC-2002,T-06,P-42565,midfielder,MF
WC-2002,T-06,P-46499,midfielder,MF
WC-2002,T-06,P-88716,midfielder,MF
WC-2002,T-06,P-03038,forward,FW
WC-2002,T-06,P-33197,midfielder,MF
WC-2002,T-06,P-90633,forward,FW
WC-2002,T-06,P-44716,goal keeper,GK
WC-2002,T-09,P-64377,goal keeper,GK
WC-2002,T-09,P-91718,defender,DF
WC-2002,T-09,P-42918,defender,DF
WC-2002,T-09,P-66308,defender,DF
WC-2002,T-09,P-09270,defender,DF
WC-2002,T-09,P-85176,defender,DF
WC-2002,T-09,P-57975,midfielder,MF
WC-2002,T-09,P-45956,midfielder,MF
WC-2002,T-09,P-62722,forward,FW
WC-2002,T-09,P-74261,midfielder,MF
WC-2002,T-09,P-57361,midfielder,MF
WC-2002,T-09,P-02795,goal keeper,GK
WC-2002,T-09,P-93236,defender,DF
WC-2002,T-09,P-09454,defender,DF
WC-2002,T-09,P-79283,midfielder,MF
WC-2002,T-09,P-29601,defender,DF
WC-2002,T-09,P-79146,forward,FW
WC-2002,T-09,P-06280,midfielder,MF
WC-2002,T-09,P-20389,midfielder,MF
WC-2002,T-09,P-26695,forward,FW
WC-2002,T-09,P-89804,forward,FW
WC-2002,T-09,P-01939,goal keeper,GK
WC-2002,T-09,P-58388,midfielder,MF
WC-2002,T-11,P-41783,goal keeper,GK
WC-2002,T-11,P-60766,defender,DF
WC-2002,T-11,P-67168,defender,DF
WC-2002,T-11,P-98173,defender,DF
WC-2002,T-11,P-07520,defender,DF
WC-2002,T-11,P-53197,defender,DF
WC-2002,T-11,P-78387,midfielder,MF
WC-2002,T-11,P-86465,defender,DF
WC-2002,T-11,P-61703,forward,FW
WC-2002,T-11,P-18804,forward,FW
WC-2002,T-11,P-67466,forward,FW
WC-2002,T-11,P-38724,midfielder,MF
WC-2002,T-11,P-83436,defender,DF
WC-2002,T-11,P-60079,midfielder,MF
WC-2002,T-11,P-63567,midfielder,MF
WC-2002,T-11,P-93402,goal keeper,GK
WC-2002,T-11,P-63522,midfielder,MF
WC-2002,T-11,P-99681,forward,FW
WC-2002,T-11,P-56970,midfielder,MF
WC-2002,T-11,P-84152,midfielder,MF
WC-2002,T-11,P-14458,forward,FW
WC-2002,T-11,P-59683,goal keeper,GK
WC-2002,T-11,P-18536,midfielder,MF
WC-2002,T-14,P-31496,goal keeper,GK
WC-2002,T-14,P-77096,defender,DF
WC-2002,T-14,P-83943,defender,DF
WC-2002,T-14,P-29611,defender,DF
WC-2002,T-14,P-24535,defender,DF
WC-2002,T-14,P-37402,midfielder,MF
WC-2002,T-14,P-50519,defender,DF
WC-2002,T-14,P-28870,midfielder,MF
WC-2002,T-14,P-05235,midfielder,MF
WC-2002,T-14,P-27445,forward,FW
WC-2002,T-14,P-19411,midfielder,MF
WC-2002,T-14,P-05845,forward,FW
WC-2002,T-14,P-13701,midfielder,MF
WC-2002,T-14,P-12619,defender,DF
WC-2002,T-14,P-90061,midfielder,MF
WC-2002,T-14,P-57338,forward,FW
WC-2002,T-14,P-60686,defender,DF
WC-2002,T-14,P-71211,midfielder,MF
WC-2002,T-14,P-68056,midfielder,MF
WC-2002,T-14,P-84550,forward,FW
WC-2002,T-14,P-39905,defender,DF
WC-2002,T-14,P-02177,goal keeper,GK
WC-2002,T-14,P-92129,goal keeper,GK
WC-2002,T-17,P-74709,goal keeper,GK
WC-2002,T-17,P-56632,defender,DF
WC-2002,T-17,P-50749,defender,DF
WC-2002,T-17,P-56613,defender,DF
WC-2002,T-17,P-32696,defender,DF
WC-2002,T-17,P-67575,midfielder,MF
WC-2002,T-17,P-03776,forward,FW
WC-2002,T-17,P-26474,midfielder,MF
WC-2002,T-17,P-22046,forward,FW
WC-2002,T-17,P-68890,midfielder,MF
WC-2002,T-17,P-55170,forward,FW
WC-2002,T-17,P-20880,forward,FW
WC-2002,T-17,P-75965,defender,DF
WC-2002,T-17,P-56119,defender,DF
WC-2002,T-17,P-85975,defender,DF
WC-2002,T-17,P-14189,forward,FW
WC-2002,T-17,P-02273,midfielder,MF
WC-2002,T-17,P-86109,goal keeper,GK
WC-2002,T-17,P-98663,midfielder,MF
WC-2002,T-17,P-96930,forward,FW
WC-2002,T-17,P-29122,defender,DF
WC-2002,T-17,P-73169,defender,DF
WC-2002,T-17,P-74506,goal keeper,GK
WC-2002,T-18,P-85818,goal keeper,GK
WC-2002,T-18,P-31857,defender,DF
WC-2002,T-18,P-29621,defender,DF
WC-2002,T-18,P-87187,defender,DF
WC-2002,T-18,P-55293,midfielder,MF
WC-2002,T-18,P-70100,defender,DF
WC-2002,T-18,P-10638,forward,FW
WC-2002,T-18,P-62861,midfielder,MF
WC-2002,T-18,P-58374,forward,FW
WC-2002,T-18,P-84378,midfielder,MF
WC-2002,T-18,P-50470,forward,FW
WC-2002,T-18,P-99830,goal keeper,GK
WC-2002,T-18,P-75377,midfielder,MF
WC-2002,T-18,P-37461,midfielder,MF
WC-2002,T-18,P-36689,defender,DF
WC-2002,T-18,P-91190,midfielder,MF
WC-2002,T-18,P-26414,defender,DF
WC-2002,T-18,P-13265,forward,FW
WC-2002,T-18,P-96110,forward,FW
WC-2002,T-18,P-41724,defender,DF
WC-2002,T-18,P-61666,defender,DF
WC-2002,T-18,P-53874,forward,FW
WC-2002,T-18,P-94668,goal keeper,GK
WC-2002,T-22,P-00212,goal keeper,GK
WC-2002,T-22,P-37132,midfielder,MF
WC-2002,T-22,P-86345,defender,DF
WC-2002,T-22,P-27808,defender,DF
WC-2002,T-22,P-79273,defender,DF
WC-2002,T-22,P-72404,defender,DF
WC-2002,T-22,P-24031,midfielder,MF
WC-2002,T-22,P-63778,midfielder,MF
WC-2002,T-22,P-50534,forward,FW
WC-2002,T-22,P-68055,midfielder,MF
WC-2002,T-22,P-80289,forward,FW
WC-2002,T-22,P-34389,defender,DF
WC-2002,T-22,P-94452,defender,DF
WC-2002,T-22,P-26759,midfielder,MF
WC-2002,T-22,P-89928,midfielder,MF
WC-2002,T-22,P-25541,goal keeper,GK
WC-2002,T-22,P-46718,midfielder,MF
WC-2002,T-22,P-41271,forward,FW
WC-2002,T-22,P-80170,midfielder,MF
WC-2002,T-22,P-05337,defender,DF
WC-2002,T-22,P-06985,forward,FW
WC-2002,T-22,P-21988,goal keeper,GK
WC-2002,T-22,P-04393,midfielder,MF
WC-2002,T-25,P-11930,goal keeper,GK
WC-2002,T-25,P-59372,defender,DF
WC-2002,T-25,P-98031,defender,DF
WC-2002,T-25,P-92146,defender,DF
WC-2002,T-25,P-37753,midfielder,MF
WC-2002,T-25,P-32567,defender,DF
WC-2002,T-25,P-74323,forward,FW
WC-2002,T-25,P-28455,midfielder,MF
WC-2002,T-25,P-03128,forward,FW
WC-2002,T-25,P-23101,midfielder,MF
WC-2002,T-25,P-19156,forward,FW
WC-2002,T-25,P-47469,goal keeper,GK
WC-2002,T-25,P-85736,forward,FW
WC-2002,T-25,P-85473,midfielder,MF
WC-2002,T-25,P-90857,defender,DF
WC-2002,T-25,P-99914,midfielder,MF
WC-2002,T-25,P-06468,defender,DF
WC-2002,T-25,P-86943,forward,FW
WC-2002,T-25,P-42534,forward,FW
WC-2002,T-25,P-30306,midfielder,MF
WC-2002,T-25,P-87016,midfielder,MF
WC-2002,T-25,P-53809,goal keeper,GK
WC-2002,T-25,P-39602,defender,DF
WC-2002,T-28,P-13285,goal keeper,GK
WC-2002,T-28,P-68164,defender,DF
WC-2002,T-28,P-16557,defender,DF
WC-2002,T-28,P-53590,midfielder,MF
WC-2002,T-28,P-01249,defender,DF
WC-2002,T-28,P-97840,defender,DF
WC-2002,T-28,P-81049,midfielder,MF
WC-2002,T-28,P-63916,midfielder,MF
WC-2002,T-28,P-10663,forward,FW
WC-2002,T-28,P-51130,forward,FW
WC-2002,T-28,P-08307,forward,FW
WC-2002,T-28,P-55244,defender,DF
WC-2002,T-28,P-93674,goal keeper,GK
WC-2002,T-28,P-91486,defender,DF
WC-2002,T-28,P-90384,defender,DF
WC-2002,T-28,P-79943,defender,DF
WC-2002,T-28,P-94825,forward,FW
WC-2002,T-28,P-61216,midfielder,MF
WC-2002,T-28,P-37933,midfielder,MF
WC-2002,T-28,P-00447,forward,FW
WC-2002,T-28,P-03723,midfielder,MF
WC-2002,T-28,P-59324,goal keeper,GK
WC-2002,T-28,P-34406,midfielder,MF
WC-2002,T-30,P-59735,goal keeper,GK
WC-2002,T-30,P-22876,defender,DF
WC-2002,T-30,P-56735,defender,DF
WC-2002,T-30,P-96540,midfielder,MF
WC-2002,T-30,P-62062,defender,DF
WC-2002,T-30,P-80680,midfielder,MF
WC-2002,T-30,P-93048,midfielder,MF
WC-2002,T-30,P-79380,defender,DF
WC-2002,T-30,P-53533,forward,FW
WC-2002,T-30,P-56430,midfielder,MF
WC-2002,T-30,P-00916,forward,FW
WC-2002,T-30,P-51395,forward,FW
WC-2002,T-30,P-66615,defender,DF
WC-2002,T-30,P-10738,midfielder,MF
WC-2002,T-30,P-56947,defender,DF
WC-2002,T-30,P-55991,goal keeper,GK
WC-2002,T-30,P-40400,midfielder,MF
WC-2002,T-30,P-19907,defender,DF
WC-2002,T-30,P-23315,defender,DF
WC-2002,T-30,P-12167,forward,FW
WC-2002,T-30,P-74065,forward,FW
WC-2002,T-30,P-57906,midfielder,MF
WC-2002,T-30,P-57021,goal keeper,GK
WC-2002,T-31,P-33751,goal keeper,GK
WC-2002,T-31,P-17520,defender,DF
WC-2002,T-31,P-71726,defender,DF
WC-2002,T-31,P-73157,defender,DF
WC-2002,T-31,P-57588,midfielder,MF
WC-2002,T-31,P-67544,defender,DF
WC-2002,T-31,P-55504,forward,FW
WC-2002,T-31,P-35902,midfielder,MF
WC-2002,T-31,P-45490,forward,FW
WC-2002,T-31,P-97252,midfielder,MF
WC-2002,T-31,P-27787,forward,FW
WC-2002,T-31,P-98511,goal keeper,GK
WC-2002,T-31,P-84003,midfielder,MF
WC-2002,T-31,P-25543,forward,FW
WC-2002,T-31,P-51287,defender,DF
WC-2002,T-31,P-65108,midfielder,MF
WC-2002,T-31,P-03026,midfielder,MF
WC-2002,T-31,P-42820,midfielder,MF
WC-2002,T-31,P-32136,midfielder,MF
WC-2002,T-31,P-84534,forward,FW
WC-2002,T-31,P-04065,defender,DF
WC-2002,T-31,P-35264,midfielder,MF
WC-2002,T-31,P-05630,goal keeper,GK
WC-2002,T-41,P-11392,goal keeper,GK
WC-2002,T-41,P-45258,defender,DF
WC-2002,T-41,P-43222,defender,DF
WC-2002,T-41,P-15450,defender,DF
WC-2002,T-41,P-88863,defender,DF
WC-2002,T-41,P-57378,midfielder,MF
WC-2002,T-41,P-83836,forward,FW
WC-2002,T-41,P-18164,midfielder,MF
WC-2002,T-41,P-29172,forward,FW
WC-2002,T-41,P-42038,forward,FW
WC-2002,T-41,P-68818,midfielder,MF
WC-2002,T-41,P-81393,goal keeper,GK
WC-2002,T-41,P-55511,defender,DF
WC-2002,T-41,P-42659,midfielder,MF
WC-2002,T-41,P-84093,defender,DF
WC-2002,T-41,P-59777,midfielder,MF
WC-2002,T-41,P-26847,midfielder,MF
WC-2002,T-41,P-17035,forward,FW
WC-2002,T-41,P-42227,defender,DF
WC-2002,T-41,P-01311,forward,FW
WC-2002,T-41,P-34670,forward,FW
WC-2002,T-41,P-53723,goal keeper,GK
WC-2002,T-41,P-37126,defender,DF
WC-2002,T-44,P-54298,goal keeper,GK
WC-2002,T-44,P-34956,defender,DF
WC-2002,T-44,P-21222,defender,DF
WC-2002,T-44,P-49610,defender,DF
WC-2002,T-44,P-46807,midfielder,MF
WC-2002,T-44,P-64961,defender,DF
WC-2002,T-44,P-09349,midfielder,MF
WC-2002,T-44,P-17348,midfielder,MF
WC-2002,T-44,P-99721,forward,FW
WC-2002,T-44,P-84762,forward,FW
WC-2002,T-44,P-96566,forward,FW
WC-2002,T-44,P-24251,goal keeper,GK
WC-2002,T-44,P-35882,forward,FW
WC-2002,T-44,P-42311,midfielder,MF
WC-2002,T-44,P-89292,midfielder,MF
WC-2002,T-44,P-95259,defender,DF
WC-2002,T-44,P-11915,defender,DF
WC-2002,T-44,P-04785,midfielder,MF
WC-2002,T-44,P-12376,midfielder,MF
WC-2002,T-44,P-58878,midfielder,MF
WC-2002,T-44,P-79993,midfielder,MF
WC-2002,T-44,P-48525,midfielder,MF
WC-2002,T-44,P-94511,goal keeper,GK
WC-2002,T-46,P-52784,goal keeper,GK
WC-2002,T-46,P-50893,defender,DF
WC-2002,T-46,P-87592,midfielder,MF
WC-2002,T-46,P-44763,defender,DF
WC-2002,T-46,P-13917,defender,DF
WC-2002,T-46,P-89297,midfielder,MF
WC-2002,T-46,P-98036,midfielder,MF
WC-2002,T-46,P-21495,midfielder,MF
WC-2002,T-46,P-81643,forward,FW
WC-2002,T-46,P-88428,forward,FW
WC-2002,T-46,P-19578,midfielder,MF
WC-2002,T-46,P-92932,goal keeper,GK
WC-2002,T-46,P-87229,midfielder,MF
WC-2002,T-46,P-72763,midfielder,MF
WC-2002,T-46,P-45941,forward,FW
WC-2002,T-46,P-32594,defender,DF
WC-2002,T-46,P-80183,forward,FW
WC-2002,T-46,P-57272,midfielder,MF
WC-2002,T-46,P-76755,midfielder,MF
WC-2002,T-46,P-36826,defender,DF
WC-2002,T-46,P-92547,forward,FW
WC-2002,T-46,P-56348,defender,DF
WC-2002,T-46,P-50787,goal keeper,GK
WC-2002,T-50,P-22507,goal keeper,GK
WC-2002,T-50,P-64104,defender,DF
WC-2002,T-50,P-91148,defender,DF
WC-2002,T-50,P-91516,forward,FW
WC-2002,T-50,P-19121,defender,DF
WC-2002,T-50,P-79669,defender,DF
WC-2002,T-50,P-27347,midfielder,MF
WC-2002,T-50,P-56969,midfielder,MF
WC-2002,T-50,P-48550,forward,FW
WC-2002,T-50,P-83122,midfielder,MF
WC-2002,T-50,P-76542,midfielder,MF
WC-2002,T-50,P-47983,goal keeper,GK
WC-2002,T-50,P-55727,defender,DF
WC-2002,T-50,P-03741,defender,DF
WC-2002,T-50,P-03331,midfielder,MF
WC-2002,T-50,P-06935,defender,DF
WC-2002,T-50,P-74228,forward,FW
WC-2002,T-50,P-48288,forward,FW
WC-2002,T-50,P-22123,defender,DF
WC-2002,T-50,P-52108,midfielder,MF
WC-2002,T-50,P-64893,midfielder,MF
WC-2002,T-50,P-39249,goal keeper,GK
WC-2002,T-50,P-52099,midfielder,MF
WC-2002,T-55,P-36426,goal keeper,GK
WC-2002,T-55,P-76678,defender,DF
WC-2002,T-55,P-50567,defender,DF
WC-2002,T-55,P-19241,defender,DF
WC-2002,T-55,P-34957,defender,DF
WC-2002,T-55,P-66123,midfielder,MF
WC-2002,T-55,P-55673,forward,FW
WC-2002,T-55,P-87796,midfielder,MF
WC-2002,T-55,P-34530,forward,FW
WC-2002,T-55,P-17884,midfielder,MF
WC-2002,T-55,P-78557,forward,FW
WC-2002,T-55,P-94060,goal keeper,GK
WC-2002,T-55,P-42797,midfielder,MF
WC-2002,T-55,P-75108,midfielder,MF
WC-2002,T-55,P-22302,midfielder,MF
WC-2002,T-55,P-03401,midfielder,MF
WC-2002,T-55,P-22263,defender,DF
WC-2002,T-55,P-50109,defender,DF
WC-2002,T-55,P-96044,defender,DF
WC-2002,T-55,P-98051,forward,FW
WC-2002,T-55,P-82458,defender,DF
WC-2002,T-55,P-93337,goal keeper,GK
WC-2002,T-55,P-88899,forward,FW
WC-2002,T-57,P-59886,goal keeper,GK
WC-2002,T-57,P-99558,defender,DF
WC-2002,T-57,P-66681,defender,DF
WC-2002,T-57,P-15578,defender,DF
WC-2002,T-57,P-20085,defender,DF
WC-2002,T-57,P-53829,defender,DF
WC-2002,T-57,P-34709,midfielder,MF
WC-2002,T-57,P-93812,forward,FW
WC-2002,T-57,P-69995,forward,FW
WC-2002,T-57,P-29986,midfielder,MF
WC-2002,T-57,P-75230,forward,FW
WC-2002,T-57,P-13151,goal keeper,GK
WC-2002,T-57,P-37701,defender,DF
WC-2002,T-57,P-03927,forward,FW
WC-2002,T-57,P-68907,defender,DF
WC-2002,T-57,P-68833,defender,DF
WC-2002,T-57,P-90321,midfielder,MF
WC-2002,T-57,P-49007,midfielder,MF
WC-2002,T-57,P-07088,forward,FW
WC-2002,T-57,P-46873,defender,DF
WC-2002,T-57,P-06017,midfielder,MF
WC-2002,T-57,P-01018,goal keeper,GK
WC-2002,T-57,P-09579,midfielder,MF
WC-2002,T-58,P-16675,goal keeper,GK
WC-2002,T-58,P-73722,defender,DF
WC-2002,T-58,P-39199,defender,DF
WC-2002,T-58,P-48643,defender,DF
WC-2002,T-58,P-23927,defender,DF
WC-2002,T-58,P-70308,midfielder,MF
WC-2002,T-58,P-57496,midfielder,MF
WC-2002,T-58,P-70698,forward,FW
WC-2002,T-58,P-57982,forward,FW
WC-2002,T-58,P-62808,midfielder,MF
WC-2002,T-58,P-88800,midfielder,MF
WC-2002,T-58,P-83823,midfielder,MF
WC-2002,T-58,P-82191,defender,DF
WC-2002,T-58,P-06162,midfielder,MF
WC-2002,T-58,P-67041,goal keeper,GK
WC-2002,T-58,P-45712,goal keeper,GK
WC-2002,T-58,P-91925,midfielder,MF
WC-2002,T-58,P-11424,defender,DF
WC-2002,T-58,P-07559,midfielder,MF
WC-2002,T-58,P-92307,midfielder,MF
WC-2002,T-58,P-57631,forward,FW
WC-2002,T-58,P-37140,defender,DF
WC-2002,T-58,P-61068,defender,DF
WC-2002,T-60,P-32512,goal keeper,GK
WC-2002,T-60,P-56778,defender,DF
WC-2002,T-60,P-59412,defender,DF
WC-2002,T-60,P-57630,defender,DF
WC-2002,T-60,P-69817,defender,DF
WC-2002,T-60,P-91106,midfielder,MF
WC-2002,T-60,P-15705,midfielder,MF
WC-2002,T-60,P-00105,midfielder,MF
WC-2002,T-60,P-18106,midfielder,MF
WC-2002,T-60,P-84878,forward,FW
WC-2002,T-60,P-32499,midfielder,MF
WC-2002,T-60,P-34285,midfielder,MF
WC-2002,T-60,P-20792,forward,FW
WC-2002,T-60,P-22209,defender,DF
WC-2002,T-60,P-98853,defender,DF
WC-2002,T-60,P-79072,goal keeper,GK
WC-2002,T-60,P-51629,forward,FW
WC-2002,T-60,P-07683,defender,DF
WC-2002,T-60,P-83418,forward,FW
WC-2002,T-60,P-74235,defender,DF
WC-2002,T-60,P-19727,midfielder,MF
WC-2002,T-60,P-57284,midfielder,MF
WC-2002,T-60,P-33377,goal keeper,GK
WC-2002,T-62,P-86448,goal keeper,GK
WC-2002,T-62,P-70372,defender,DF
WC-2002,T-62,P-70700,defender,DF
WC-2002,T-62,P-79578,midfielder,MF
WC-2002,T-62,P-27678,defender,DF
WC-2002,T-62,P-65105,midfielder,MF
WC-2002,T-62,P-83394,defender,DF
WC-2002,T-62,P-48249,midfielder,MF
WC-2002,T-62,P-66907,midfielder,MF
WC-2002,T-62,P-76220,midfielder,MF
WC-2002,T-62,P-76498,forward,FW
WC-2002,T-62,P-82210,goal keeper,GK
WC-2002,T-62,P-32046,defender,DF
WC-2002,T-62,P-64408,defender,DF
WC-2002,T-62,P-51792,midfielder,MF
WC-2002,T-62,P-89971,forward,FW
WC-2002,T-62,P-75536,midfielder,MF
WC-2002,T-62,P-53680,defender,DF
WC-2002,T-62,P-76375,forward,FW
WC-2002,T-62,P-14715,midfielder,MF
WC-2002,T-62,P-28437,midfielder,MF
WC-2002,T-62,P-04731,forward,FW
WC-2002,T-62,P-76203,goal keeper,GK
WC-2002,T-63,P-12996,goal keeper,GK
WC-2002,T-63,P-55518,defender,DF
WC-2002,T-63,P-90725,defender,DF
WC-2002,T-63,P-50171,defender,DF
WC-2002,T-63,P-16522,defender,DF
WC-2002,T-63,P-48349,defender,DF
WC-2002,T-63,P-92151,midfielder,MF
WC-2002,T-63,P-90435,midfielder,MF
WC-2002,T-63,P-88041,forward,FW
WC-2002,T-63,P-11262,midfielder,MF
WC-2002,T-63,P-85019,forward,FW
WC-2002,T-63,P-53448,defender,DF
WC-2002,T-63,P-77199,defender,DF
WC-2002,T-63,P-76946,midfielder,MF
WC-2002,T-63,P-26868,forward,FW
WC-2002,T-63,P-17941,midfielder,MF
WC-2002,T-63,P-75813,midfielder,MF
WC-2002,T-63,P-20886,midfielder,MF
WC-2002,T-63,P-00585,midfielder,MF
WC-2002,T-63,P-00683,forward,FW
WC-2002,T-63,P-99270,goal keeper,GK
WC-2002,T-63,P-29107,goal keeper,GK
WC-2002,T-63,P-12568,defender,DF
WC-2002,T-65,P-16571,goal keeper,GK
WC-2002,T-65,P-27229,defender,DF
WC-2002,T-65,P-81968,midfielder,MF
WC-2002,T-65,P-50303,defender,DF
WC-2002,T-65,P-82601,defender,DF
WC-2002,T-65,P-95302,defender,DF
WC-2002,T-65,P-01462,forward,FW
WC-2002,T-65,P-75923,forward,FW
WC-2002,T-65,P-05029,forward,FW
WC-2002,T-65,P-62977,midfielder,MF
WC-2002,T-65,P-84943,forward,FW
WC-2002,T-65,P-42976,midfielder,MF
WC-2002,T-65,P-16046,defender,DF
WC-2002,T-65,P-62939,midfielder,MF
WC-2002,T-65,P-35019,midfielder,MF
WC-2002,T-65,P-02673,goal keeper,GK
WC-2002,T-65,P-37924,defender,DF
WC-2002,T-65,P-91308,forward,FW
WC-2002,T-65,P-82212,midfielder,MF
WC-2002,T-65,P-35460,midfielder,MF
WC-2002,T-65,P-35489,defender,DF
WC-2002,T-65,P-58665,goal keeper,GK
WC-2002,T-65,P-64668,midfielder,MF
WC-2002,T-69,P-49309,goal keeper,GK
WC-2002,T-69,P-22318,defender,DF
WC-2002,T-69,P-84477,defender,DF
WC-2002,T-69,P-13966,defender,DF
WC-2002,T-69,P-48946,defender,DF
WC-2002,T-69,P-04672,defender,DF
WC-2002,T-69,P-75494,midfielder,MF
WC-2002,T-69,P-22187,midfielder,MF
WC-2002,T-69,P-48910,forward,FW
WC-2002,T-69,P-64619,midfielder,MF
WC-2002,T-69,P-06135,midfielder,MF
WC-2002,T-69,P-55616,goal keeper,GK
WC-2002,T-69,P-30524,forward,FW
WC-2002,T-69,P-75095,defender,DF
WC-2002,T-69,P-26609,midfielder,MF
WC-2002,T-69,P-12511,forward,FW
WC-2002,T-69,P-68168,midfielder,MF
WC-2002,T-69,P-44943,forward,FW
WC-2002,T-69,P-31903,defender,DF
WC-2002,T-69,P-74981,midfielder,MF
WC-2002,T-69,P-00649,forward,FW
WC-2002,T-69,P-32449,goal keeper,GK
WC-2002,T-69,P-54102,defender,DF
WC-2002,T-70,P-57626,goal keeper,GK
WC-2002,T-70,P-72876,defender,DF
WC-2002,T-70,P-14062,defender,DF
WC-2002,T-70,P-65611,defender,DF
WC-2002,T-70,P-10439,defender,DF
WC-2002,T-70,P-21000,midfielder,MF
WC-2002,T-70,P-02423,midfielder,MF
WC-2002,T-70,P-30964,midfielder,MF
WC-2002,T-70,P-65059,midfielder,MF
WC-2002,T-70,P-53464,midfielder,MF
WC-2002,T-70,P-27802,midfielder,MF
WC-2002,T-70,P-99521,midfielder,MF
WC-2002,T-70,P-65806,defender,DF
WC-2002,T-70,P-22393,forward,FW
WC-2002,T-70,P-05390,midfielder,MF
WC-2002,T-70,P-57595,goal keeper,GK
WC-2002,T-70,P-59298,forward,FW
WC-2002,T-70,P-37844,midfielder,MF
WC-2002,T-70,P-56543,defender,DF
WC-2002,T-70,P-13782,goal keeper,GK
WC-2002,T-70,P-38095,midfielder,MF
WC-2002,T-70,P-68024,defender,DF
WC-2002,T-70,P-73319,forward,FW
WC-2002,T-71,P-95122,goal keeper,GK
WC-2002,T-71,P-26659,defender,DF
WC-2002,T-71,P-17666,midfielder,MF
WC-2002,T-71,P-07865,defender,DF
WC-2002,T-71,P-51785,midfielder,MF
WC-2002,T-71,P-75255,defender,DF
WC-2002,T-71,P-96267,defender,DF
WC-2002,T-71,P-37114,forward,FW
WC-2002,T-71,P-56626,forward,FW
WC-2002,T-71,P-46519,defender,DF
WC-2002,T-71,P-72495,forward,FW
WC-2002,T-71,P-84722,goal keeper,GK
WC-2002,T-71,P-60562,midfielder,MF
WC-2002,T-71,P-22338,forward,FW
WC-2002,T-71,P-66219,defender,DF
WC-2002,T-71,P-39884,forward,FW
WC-2002,T-71,P-68095,midfielder,MF
WC-2002,T-71,P-15222,forward,FW
WC-2002,T-71,P-26616,forward,FW
WC-2002,T-71,P-55097,defender,DF
WC-2002,T-71,P-25724,midfielder,MF
WC-2002,T-71,P-83544,midfielder,MF
WC-2002,T-71,P-42690,goal keeper,GK
WC-2002,T-73,P-61793,goal keeper,GK
WC-2002,T-73,P-19229,defender,DF
WC-2002,T-73,P-29082,defender,DF
WC-2002,T-73,P-20643,midfielder,MF
WC-2002,T-73,P-51089,defender,DF
WC-2002,T-73,P-35246,defender,DF
WC-2002,T-73,P-24556,forward,FW
WC-2002,T-73,P-23800,midfielder,MF
WC-2002,T-73,P-08514,forward,FW
WC-2002,T-73,P-71130,forward,FW
WC-2002,T-73,P-24963,midfielder,MF
WC-2002,T-73,P-23336,forward,FW
WC-2002,T-73,P-45039,goal keeper,GK
WC-2002,T-73,P-21683,midfielder,MF
WC-2002,T-73,P-40852,defender,DF
WC-2002,T-73,P-37161,midfielder,MF
WC-2002,T-73,P-76612,midfielder,MF
WC-2002,T-73,P-14456,midfielder,MF
WC-2002,T-73,P-29415,midfielder,MF
WC-2002,T-73,P-03307,defender,DF
WC-2002,T-73,P-38878,midfielder,MF
WC-2002,T-73,P-70144,midfielder,MF
WC-2002,T-73,P-95116,goal keeper,GK
WC-2002,T-74,P-07902,goal keeper,GK
WC-2002,T-74,P-06256,defender,DF
WC-2002,T-74,P-63774,defender,DF
WC-2002,T-74,P-56718,defender,DF
WC-2002,T-74,P-53821,defender,DF
WC-2002,T-74,P-05583,midfielder,MF
WC-2002,T-74,P-42808,midfielder,MF
WC-2002,T-74,P-85432,midfielder,MF
WC-2002,T-74,P-84022,midfielder,MF
WC-2002,T-74,P-45212,forward,FW
WC-2002,T-74,P-42895,forward,FW
WC-2002,T-74,P-22071,goal keeper,GK
WC-2002,T-74,P-95369,defender,DF
WC-2002,T-74,P-35312,defender,DF
WC-2002,T-74,P-68329,defender,DF
WC-2002,T-74,P-30568,defender,DF
WC-2002,T-74,P-59548,midfielder,MF
WC-2002,T-74,P-20557,midfielder,MF
WC-2002,T-74,P-74139,midfielder,MF
WC-2002,T-74,P-62207,midfielder,MF
WC-2002,T-74,P-80105,forward,FW
WC-2002,T-74,P-71531,forward,FW
WC-2002,T-74,P-47401,goal keeper,GK
WC-2002,T-79,P-52641,goal keeper,GK
WC-2002,T-79,P-10094,defender,DF
WC-2002,T-79,P-22242,midfielder,MF
WC-2002,T-79,P-44407,defender,DF
WC-2002,T-79,P-00640,forward,FW
WC-2002,T-79,P-82870,defender,DF
WC-2002,T-79,P-72780,forward,FW
WC-2002,T-79,P-15858,midfielder,MF
WC-2002,T-79,P-89922,forward,FW
WC-2002,T-79,P-41620,midfielder,MF
WC-2002,T-79,P-15025,forward,FW
WC-2002,T-79,P-87702,defender,DF
WC-2002,T-79,P-89154,midfielder,MF
WC-2002,T-79,P-55391,defender,DF
WC-2002,T-79,P-76769,defender,DF
WC-2002,T-79,P-58954,goal keeper,GK
WC-2002,T-79,P-47506,defender,DF
WC-2002,T-79,P-99847,midfielder,MF
WC-2002,T-79,P-32986,defender,DF
WC-2002,T-79,P-63935,forward,FW
WC-2002,T-79,P-00668,midfielder,MF
WC-2002,T-79,P-56293,goal keeper,GK
WC-2002,T-79,P-44011,defender,DF
WC-2002,T-80,P-61478,goal keeper,GK
WC-2002,T-80,P-52032,defender,DF
WC-2002,T-80,P-94559,defender,DF
WC-2002,T-80,P-79130,defender,DF
WC-2002,T-80,P-44850,defender,DF
WC-2002,T-80,P-37782,forward,FW
WC-2002,T-80,P-31907,midfielder,MF
WC-2002,T-80,P-63089,midfielder,MF
WC-2002,T-80,P-58212,forward,FW
WC-2002,T-80,P-21108,midfielder,MF
WC-2002,T-80,P-23883,forward,FW
WC-2002,T-80,P-49485,goal keeper,GK
WC-2002,T-80,P-59617,midfielder,MF
WC-2002,T-80,P-16859,midfielder,MF
WC-2002,T-80,P-98680,forward,FW
WC-2002,T-80,P-04455,defender,DF
WC-2002,T-80,P-41133,forward,FW
WC-2002,T-80,P-65298,midfielder,MF
WC-2002,T-80,P-58069,midfielder,MF
WC-2002,T-80,P-78533,defender,DF
WC-2002,T-80,P-46497,midfielder,MF
WC-2002,T-80,P-31566,midfielder,MF
WC-2002,T-80,P-05081,goal keeper,GK
WC-2002,T-83,P-76191,goal keeper,GK
WC-2002,T-83,P-34695,midfielder,MF
WC-2002,T-83,P-09888,defender,DF
WC-2002,T-83,P-58649,defender,DF
WC-2002,T-83,P-88043,midfielder,MF
WC-2002,T-83,P-68379,defender,DF
WC-2002,T-83,P-97784,midfielder,MF
WC-2002,T-83,P-96178,midfielder,MF
WC-2002,T-83,P-86464,forward,FW
WC-2002,T-83,P-97459,midfielder,MF
WC-2002,T-83,P-38074,forward,FW
WC-2002,T-83,P-72797,defender,DF
WC-2002,T-83,P-49258,midfielder,MF
WC-2002,T-83,P-77238,defender,DF
WC-2002,T-83,P-78068,forward,FW
WC-2002,T-83,P-49219,defender,DF
WC-2002,T-83,P-91976,midfielder,MF
WC-2002,T-83,P-07553,goal keeper,GK
WC-2002,T-83,P-43736,goal keeper,GK
WC-2002,T-83,P-60597,forward,FW
WC-2002,T-83,P-05728,forward,FW
WC-2002,T-83,P-92064,defender,DF
WC-2002,T-83,P-02842,defender,DF
WC-2002,T-84,P-91888,goal keeper,GK
WC-2002,T-84,P-17321,defender,DF
WC-2002,T-84,P-31352,defender,DF
WC-2002,T-84,P-38683,defender,DF
WC-2002,T-84,P-76244,midfielder,MF
WC-2002,T-84,P-49428,defender,DF
WC-2002,T-84,P-45056,midfielder,MF
WC-2002,T-84,P-41694,forward,FW
WC-2002,T-84,P-74863,forward,FW
WC-2002,T-84,P-30094,midfielder,MF
WC-2002,T-84,P-95938,forward,FW
WC-2002,T-84,P-79836,goal keeper,GK
WC-2002,T-84,P-64372,forward,FW
WC-2002,T-84,P-03960,defender,DF
WC-2002,T-84,P-22489,forward,FW
WC-2002,T-84,P-03231,midfielder,MF
WC-2002,T-84,P-46554,midfielder,MF
WC-2002,T-84,P-48761,forward,FW
WC-2002,T-84,P-87205,defender,DF
WC-2002,T-84,P-66684,midfielder,MF
WC-2002,T-84,P-86087,forward,FW
WC-2002,T-84,P-97963,midfielder,MF
WC-2002,T-84,P-54429,goal keeper,GK
WC-2003,T-03,P-71063,goal keeper,GK
WC-2003,T-03,P-71461,defender,DF
WC-2003,T-03,P-66491,defender,DF
WC-2003,T-03,P-92592,defender,DF
WC-2003,T-03,P-14157,midfielder,MF
WC-2003,T-03,P-00386,defender,DF
WC-2003,T-03,P-20634,forward,FW
WC-2003,T-03,P-84467,midfielder,MF
WC-2003,T-03,P-17212,defender,DF
WC-2003,T-03,P-23308,midfielder,MF
WC-2003,T-03,P-34390,forward,FW
WC-2003,T-03,P-19263,goal keeper,GK
WC-2003,T-03,P-27330,defender,DF
WC-2003,T-03,P-91838,forward,FW
WC-2003,T-03,P-70312,midfielder,MF
WC-2003,T-03,P-44227,defender,DF
WC-2003,T-03,P-95150,defender,DF
WC-2003,T-03,P-17521,forward,FW
WC-2003,T-03,P-60387,defender,DF
WC-2003,T-03,P-80199,forward,FW
WC-2003,T-04,P-77947,goal keeper,GK
WC-2003,T-04,P-29106,midfielder,MF
WC-2003,T-04,P-30671,defender,DF
WC-2003,T-04,P-35111,defender,DF
WC-2003,T-04,P-19145,defender,DF
WC-2003,T-04,P-55691,defender,DF
WC-2003,T-04,P-72006,forward,FW
WC-2003,T-04,P-01374,midfielder,MF
WC-2003,T-04,P-69209,forward,FW
WC-2003,T-04,P-04506,midfielder,MF
WC-2003,T-04,P-47947,midfielder,MF
WC-2003,T-04,P-64332,goal keeper,GK
WC-2003,T-04,P-16853,defender,DF
WC-2003,T-04,P-36789,defender,DF
WC-2003,T-04,P-66483,midfielder,MF
WC-2003,T-04,P-05773,midfielder,MF
WC-2003,T-04,P-12322,forward,FW
WC-2003,T-04,P-30996,goal keeper,GK
WC-2003,T-04,P-75511,forward,FW
WC-2003,T-04,P-64907,forward,FW
WC-2003,T-09,P-66036,goal keeper,GK
WC-2003,T-09,P-64954,forward,FW
WC-2003,T-09,P-11872,defender,DF
WC-2003,T-09,P-10543,defender,DF
WC-2003,T-09,P-31275,midfielder,MF
WC-2003,T-09,P-78286,midfielder,MF
WC-2003,T-09,P-19610,forward,FW
WC-2003,T-09,P-54956,midfielder,MF
WC-2003,T-09,P-78447,forward,FW
WC-2003,T-09,P-07458,forward,FW
WC-2003,T-09,P-93057,forward,FW
WC-2003,T-09,P-73954,goal keeper,GK
WC-2003,T-09,P-22757,defender,DF
WC-2003,T-09,P-85281,forward,FW
WC-2003,T-09,P-42794,defender,DF
WC-2003,T-09,P-67574,forward,FW
WC-2003,T-09,P-90420,forward,FW
WC-2003,T-09,P-46780,forward,FW
WC-2003,T-09,P-58199,midfielder,MF
WC-2003,T-09,P-84576,midfielder,MF
WC-2003,T-12,P-41105,goal keeper,GK
WC-2003,T-12,P-74702,forward,FW
WC-2003,T-12,P-86178,defender,DF
WC-2003,T-12,P-15381,defender,DF
WC-2003,T-12,P-87255,midfielder,MF
WC-2003,T-12,P-50457,defender,DF
WC-2003,T-12,P-39878,defender,DF
WC-2003,T-12,P-85437,midfielder,MF
WC-2003,T-12,P-35069,midfielder,MF
WC-2003,T-12,P-26057,forward,FW
WC-2003,T-12,P-00020,defender,DF
WC-2003,T-12,P-97813,forward,FW
WC-2003,T-12,P-28528,midfielder,MF
WC-2003,T-12,P-80374,midfielder,MF
WC-2003,T-12,P-20854,midfielder,MF
WC-2003,T-12,P-36636,midfielder,MF
WC-2003,T-12,P-08594,forward,FW
WC-2003,T-12,P-77759,forward,FW
WC-2003,T-12,P-33982,goal keeper,GK
WC-2003,T-12,P-76027,goal keeper,GK
WC-2003,T-14,P-63535,goal keeper,GK
WC-2003,T-14,P-66785,defender,DF
WC-2003,T-14,P-83032,defender,DF
WC-2003,T-14,P-79018,defender,DF
WC-2003,T-14,P-36217,defender,DF
WC-2003,T-14,P-65910,midfielder,MF
WC-2003,T-14,P-16075,forward,FW
WC-2003,T-14,P-70314,midfielder,MF
WC-2003,T-14,P-14903,forward,FW
WC-2003,T-14,P-48897,midfielder,MF
WC-2003,T-14,P-67766,defender,DF
WC-2003,T-14,P-66877,midfielder,MF
WC-2003,T-14,P-14537,forward,FW
WC-2003,T-14,P-44137,midfielder,MF
WC-2003,T-14,P-88622,midfielder,MF
WC-2003,T-14,P-95180,defender,DF
WC-2003,T-14,P-71089,midfielder,MF
WC-2003,T-14,P-28220,goal keeper,GK
WC-2003,T-14,P-73561,forward,FW
WC-2003,T-14,P-44067,defender,DF
WC-2003,T-30,P-18967,goal keeper,GK
WC-2003,T-30,P-90240,defender,DF
WC-2003,T-30,P-24658,defender,DF
WC-2003,T-30,P-75036,defender,DF
WC-2003,T-30,P-93602,defender,DF
WC-2003,T-30,P-45480,midfielder,MF
WC-2003,T-30,P-20811,forward,FW
WC-2003,T-30,P-25958,midfielder,MF
WC-2003,T-30,P-17746,forward,FW
WC-2003,T-30,P-63727,midfielder,MF
WC-2003,T-30,P-18018,midfielder,MF
WC-2003,T-30,P-22371,midfielder,MF
WC-2003,T-30,P-67223,defender,DF
WC-2003,T-30,P-50881,midfielder,MF
WC-2003,T-30,P-62829,forward,FW
WC-2003,T-30,P-44882,goal keeper,GK
WC-2003,T-30,P-90667,forward,FW
WC-2003,T-30,P-34391,forward,FW
WC-2003,T-30,P-34640,defender,DF
WC-2003,T-30,P-60897,defender,DF
WC-2003,T-31,P-36668,goal keeper,GK
WC-2003,T-31,P-27862,defender,DF
WC-2003,T-31,P-15303,defender,DF
WC-2003,T-31,P-41816,defender,DF
WC-2003,T-31,P-70251,midfielder,MF
WC-2003,T-31,P-42444,midfielder,MF
WC-2003,T-31,P-08789,midfielder,MF
WC-2003,T-31,P-49074,midfielder,MF
WC-2003,T-31,P-52478,forward,FW
WC-2003,T-31,P-53366,midfielder,MF
WC-2003,T-31,P-80012,forward,FW
WC-2003,T-31,P-50305,defender,DF
WC-2003,T-31,P-53205,defender,DF
WC-2003,T-31,P-50598,forward,FW
WC-2003,T-31,P-54576,goal keeper,GK
WC-2003,T-31,P-85840,midfielder,MF
WC-2003,T-31,P-78246,defender,DF
WC-2003,T-31,P-08780,midfielder,MF
WC-2003,T-31,P-06382,defender,DF
WC-2003,T-31,P-09674,forward,FW
WC-2003,T-32,P-42042,goal keeper,GK
WC-2003,T-32,P-96825,defender,DF
WC-2003,T-32,P-03333,defender,DF
WC-2003,T-32,P-90753,defender,DF
WC-2003,T-32,P-40027,midfielder,MF
WC-2003,T-32,P-52992,midfielder,MF
WC-2003,T-32,P-14601,midfielder,MF
WC-2003,T-32,P-68909,forward,FW
WC-2003,T-32,P-03320,forward,FW
WC-2003,T-32,P-47674,forward,FW
WC-2003,T-32,P-23665,forward,FW
WC-2003,T-32,P-11692,goal keeper,GK
WC-2003,T-32,P-84693,defender,DF
WC-2003,T-32,P-86407,defender,DF
WC-2003,T-32,P-99818,forward,FW
WC-2003,T-32,P-12997,defender,DF
WC-2003,T-32,P-08624,midfielder,MF
WC-2003,T-32,P-14240,forward,FW
WC-2003,T-32,P-47004,forward,FW
WC-2003,T-32,P-75315,goal keeper,GK
WC-2003,T-44,P-17805,goal keeper,GK
WC-2003,T-44,P-89192,defender,DF
WC-2003,T-44,P-51492,defender,DF
WC-2003,T-44,P-24220,defender,DF
WC-2003,T-44,P-46224,midfielder,MF
WC-2003,T-44,P-69292,midfielder,MF
WC-2003,T-44,P-05860,midfielder,MF
WC-2003,T-44,P-32368,midfielder,MF
WC-2003,T-44,P-24437,forward,FW
WC-2003,T-44,P-72113,forward,FW
WC-2003,T-44,P-36911,forward,FW
WC-2003,T-44,P-57497,goal keeper,GK
WC-2003,T-44,P-91945,midfielder,MF
WC-2003,T-44,P-78180,defender,DF
WC-2003,T-44,P-94257,defender,DF
WC-2003,T-44,P-37697,midfielder,MF
WC-2003,T-44,P-24967,midfielder,MF
WC-2003,T-44,P-30837,forward,FW
WC-2003,T-44,P-80867,forward,FW
WC-2003,T-44,P-04310,midfielder,MF
WC-2003,T-50,P-40837,goal keeper,GK
WC-2003,T-50,P-16023,midfielder,MF
WC-2003,T-50,P-65689,defender,DF
WC-2003,T-50,P-55990,midfielder,MF
WC-2003,T-50,P-21975,defender,DF
WC-2003,T-50,P-34716,defender,DF
WC-2003,T-50,P-19498,midfielder,MF
WC-2003,T-50,P-23079,forward,FW
WC-2003,T-50,P-86360,midfielder,MF
WC-2003,T-50,P-93242,forward,FW
WC-2003,T-50,P-05883,forward,FW
WC-2003,T-50,P-93339,goal keeper,GK
WC-2003,T-50,P-68759,midfielder,MF
WC-2003,T-50,P-38422,defender,DF
WC-2003,T-50,P-94567,midfielder,MF
WC-2003,T-50,P-75280,defender,DF
WC-2003,T-50,P-59238,defender,DF
WC-2003,T-50,P-10791,midfielder,MF
WC-2003,T-50,P-68804,goal keeper,GK
WC-2003,T-50,P-37759,forward,FW
WC-2003,T-51,P-84527,goal keeper,GK
WC-2003,T-51,P-78097,defender,DF
WC-2003,T-51,P-97743,defender,DF
WC-2003,T-51,P-02141,defender,DF
WC-2003,T-51,P-77201,defender,DF
WC-2003,T-51,P-59010,forward,FW
WC-2003,T-51,P-15227,forward,FW
WC-2003,T-51,P-65322,midfielder,MF
WC-2003,T-51,P-46500,forward,FW
WC-2003,T-51,P-83602,midfielder,MF
WC-2003,T-51,P-23894,defender,DF
WC-2003,T-51,P-63421,defender,DF
WC-2003,T-51,P-98467,midfielder,MF
WC-2003,T-51,P-61977,midfielder,MF
WC-2003,T-51,P-69790,forward,FW
WC-2003,T-51,P-49268,defender,DF
WC-2003,T-51,P-80442,goal keeper,GK
WC-2003,T-51,P-16375,midfielder,MF
WC-2003,T-51,P-25564,defender,DF
WC-2003,T-53,P-39183,goal keeper,GK
WC-2003,T-53,P-04956,defender,DF
WC-2003,T-53,P-25199,defender,DF
WC-2003,T-53,P-78069,defender,DF
WC-2003,T-53,P-72897,midfielder,MF
WC-2003,T-53,P-84389,midfielder,MF
WC-2003,T-53,P-29694,forward,FW
WC-2003,T-53,P-70069,midfielder,MF
WC-2003,T-53,P-00556,forward,FW
WC-2003,T-53,P-72974,midfielder,MF
WC-2003,T-53,P-75121,forward,FW
WC-2003,T-53,P-66369,goal keeper,GK
WC-2003,T-53,P-06090,defender,DF
WC-2003,T-53,P-49154,forward,FW
WC-2003,T-53,P-05014,defender,DF
WC-2003,T-53,P-36571,defender,DF
WC-2003,T-53,P-65709,forward,FW
WC-2003,T-53,P-45895,forward,FW
WC-2003,T-53,P-80834,midfielder,MF
WC-2003,T-53,P-60731,midfielder,MF
WC-2003,T-62,P-46594,goal keeper,GK
WC-2003,T-62,P-95777,defender,DF
WC-2003,T-62,P-75205,defender,DF
WC-2003,T-62,P-24480,defender,DF
WC-2003,T-62,P-64409,defender,DF
WC-2003,T-62,P-37971,midfielder,MF
WC-2003,T-62,P-55158,midfielder,MF
WC-2003,T-62,P-23016,midfielder,MF
WC-2003,T-62,P-94171,midfielder,MF
WC-2003,T-62,P-90659,forward,FW
WC-2003,T-62,P-42830,forward,FW
WC-2003,T-62,P-26579,goal keeper,GK
WC-2003,T-62,P-90185,midfielder,MF
WC-2003,T-62,P-43351,midfielder,MF
WC-2003,T-62,P-18197,midfielder,MF
WC-2003,T-62,P-71664,defender,DF
WC-2003,T-62,P-17206,forward,FW
WC-2003,T-62,P-45845,defender,DF
WC-2003,T-62,P-69440,midfielder,MF
WC-2003,T-62,P-51516,goal keeper,GK
WC-2003,T-71,P-60130,goal keeper,GK
WC-2003,T-71,P-86212,midfielder,MF
WC-2003,T-71,P-98861,midfielder,MF
WC-2003,T-71,P-23583,defender,DF
WC-2003,T-71,P-93888,defender,DF
WC-2003,T-71,P-76130,defender,DF
WC-2003,T-71,P-40778,forward,FW
WC-2003,T-71,P-94525,midfielder,MF
WC-2003,T-71,P-63581,midfielder,MF
WC-2003,T-71,P-32577,midfielder,MF
WC-2003,T-71,P-67755,forward,FW
WC-2003,T-71,P-16593,goal keeper,GK
WC-2003,T-71,P-07222,midfielder,MF
WC-2003,T-71,P-82107,midfielder,MF
WC-2003,T-71,P-25247,midfielder,MF
WC-2003,T-71,P-30579,midfielder,MF
WC-2003,T-71,P-16803,forward,FW
WC-2003,T-71,P-76840,defender,DF
WC-2003,T-71,P-37119,midfielder,MF
WC-2003,T-71,P-65913,defender,DF
WC-2003,T-74,P-82146,goal keeper,GK
WC-2003,T-74,P-33354,defender,DF
WC-2003,T-74,P-84530,defender,DF
WC-2003,T-74,P-62434,defender,DF
WC-2003,T-74,P-26509,defender,DF
WC-2003,T-74,P-52220,midfielder,MF
WC-2003,T-74,P-32488,defender,DF
WC-2003,T-74,P-86496,midfielder,MF
WC-2003,T-74,P-97773,midfielder,MF
WC-2003,T-74,P-31388,forward,FW
WC-2003,T-74,P-36470,forward,FW
WC-2003,T-74,P-85779,goal keeper,GK
WC-2003,T-74,P-91907,midfielder,MF
WC-2003,T-74,P-23207,midfielder,MF
WC-2003,T-74,P-95194,midfielder,MF
WC-2003,T-74,P-98034,forward,FW
WC-2003,T-74,P-56708,midfielder,MF
WC-2003,T-74,P-82102,defender,DF
WC-2003,T-74,P-28523,defender,DF
WC-2003,T-74,P-29677,forward,FW
WC-2003,T-83,P-17759,goal keeper,GK
WC-2003,T-83,P-80622,defender,DF
WC-2003,T-83,P-00471,defender,DF
WC-2003,T-83,P-27814,defender,DF
WC-2003,T-83,P-75727,midfielder,MF
WC-2003,T-83,P-99201,defender,DF
WC-2003,T-83,P-92403,midfielder,MF
WC-2003,T-83,P-14832,forward,FW
WC-2003,T-83,P-28901,forward,FW
WC-2003,T-83,P-96012,midfielder,MF
WC-2003,T-83,P-89416,midfielder,MF
WC-2003,T-83,P-18634,forward,FW
WC-2003,T-83,P-25850,midfielder,MF
WC-2003,T-83,P-30345,defender,DF
WC-2003,T-83,P-58480,defender,DF
WC-2003,T-83,P-98699,forward,FW
WC-2003,T-83,P-17219,defender,DF
WC-2003,T-83,P-42208,goal keeper,GK
WC-2003,T-83,P-01853,midfielder,MF
WC-2003,T-83,P-89236,forward,FW
WC-2006,T-02,P-24930,goal keeper,GK
WC-2006,T-02,P-66972,defender,DF
WC-2006,T-02,P-61845,defender,DF
WC-2006,T-02,P-06457,defender,DF
WC-2006,T-02,P-44205,defender,DF
WC-2006,T-02,P-45235,midfielder,MF
WC-2006,T-02,P-14307,midfielder,MF
WC-2006,T-02,P-88171,midfielder,MF
WC-2006,T-02,P-86226,forward,FW
WC-2006,T-02,P-07482,forward,FW
WC-2006,T-02,P-22865,forward,FW
WC-2006,T-02,P-04803,goal keeper,GK
WC-2006,T-02,P-13744,midfielder,MF
WC-2006,T-02,P-74131,midfielder,MF
WC-2006,T-02,P-40794,defender,DF
WC-2006,T-02,P-78483,forward,FW
WC-2006,T-02,P-95366,midfielder,MF
WC-2006,T-02,P-30892,forward,FW
WC-2006,T-02,P-31166,forward,FW
WC-2006,T-02,P-03457,defender,DF
WC-2006,T-02,P-75104,defender,DF
WC-2006,T-02,P-24893,goal keeper,GK
WC-2006,T-02,P-91786,defender,DF
WC-2006,T-03,P-86290,goal keeper,GK
WC-2006,T-03,P-83403,defender,DF
WC-2006,T-03,P-60914,defender,DF
WC-2006,T-03,P-78133,defender,DF
WC-2006,T-03,P-66229,midfielder,MF
WC-2006,T-03,P-64352,defender,DF
WC-2006,T-03,P-38901,forward,FW
WC-2006,T-03,P-77063,midfielder,MF
WC-2006,T-03,P-19888,forward,FW
WC-2006,T-03,P-85199,midfielder,MF
WC-2006,T-03,P-29080,forward,FW
WC-2006,T-03,P-27047,goal keeper,GK
WC-2006,T-03,P-73619,defender,DF
WC-2006,T-03,P-27419,forward,FW
WC-2006,T-03,P-91357,defender,DF
WC-2006,T-03,P-25906,midfielder,MF
WC-2006,T-03,P-16541,defender,DF
WC-2006,T-03,P-33570,midfielder,MF
WC-2006,T-03,P-14758,forward,FW
WC-2006,T-03,P-38198,forward,FW
WC-2006,T-03,P-56532,defender,DF
WC-2006,T-03,P-48161,midfielder,MF
WC-2006,T-03,P-66580,goal keeper,GK
WC-2006,T-04,P-78863,goal keeper,GK
WC-2006,T-04,P-91832,defender,DF
WC-2006,T-04,P-66908,defender,DF
WC-2006,T-04,P-44926,midfielder,MF
WC-2006,T-04,P-21864,midfielder,MF
WC-2006,T-04,P-24935,defender,DF
WC-2006,T-04,P-83566,defender,DF
WC-2006,T-04,P-26858,midfielder,MF
WC-2006,T-04,P-78071,forward,FW
WC-2006,T-04,P-14290,forward,FW
WC-2006,T-04,P-06205,defender,DF
WC-2006,T-04,P-06384,goal keeper,GK
WC-2006,T-04,P-63129,midfielder,MF
WC-2006,T-04,P-60008,midfielder,MF
WC-2006,T-04,P-59039,forward,FW
WC-2006,T-04,P-69089,defender,DF
WC-2006,T-04,P-92892,forward,FW
WC-2006,T-04,P-55125,goal keeper,GK
WC-2006,T-04,P-06754,forward,FW
WC-2006,T-04,P-14862,defender,DF
WC-2006,T-04,P-90087,midfielder,MF
WC-2006,T-04,P-36196,defender,DF
WC-2006,T-04,P-84486,midfielder,MF
WC-2006,T-09,P-02795,goal keeper,GK
WC-2006,T-09,P-91718,defender,DF
WC-2006,T-09,P-42918,defender,DF
WC-2006,T-09,P-98607,defender,DF
WC-2006,T-09,P-52008,midfielder,MF
WC-2006,T-09,P-85176,defender,DF
WC-2006,T-09,P-20372,forward,FW
WC-2006,T-09,P-58388,midfielder,MF
WC-2006,T-09,P-62722,forward,FW
WC-2006,T-09,P-57361,midfielder,MF
WC-2006,T-09,P-39545,midfielder,MF
WC-2006,T-09,P-01939,goal keeper,GK
WC-2006,T-09,P-47627,defender,DF
WC-2006,T-09,P-32968,defender,DF
WC-2006,T-09,P-74340,defender,DF
WC-2006,T-09,P-30363,defender,DF
WC-2006,T-09,P-45956,midfielder,MF
WC-2006,T-09,P-87223,midfielder,MF
WC-2006,T-09,P-37735,midfielder,MF
WC-2006,T-09,P-57975,midfielder,MF
WC-2006,T-09,P-54042,forward,FW
WC-2006,T-09,P-11275,goal keeper,GK
WC-2006,T-09,P-13354,forward,FW
WC-2006,T-17,P-86109,goal keeper,GK
WC-2006,T-17,P-56632,defender,DF
WC-2006,T-17,P-50749,defender,DF
WC-2006,T-17,P-52458,defender,DF
WC-2006,T-17,P-32696,defender,DF
WC-2006,T-17,P-30163,midfielder,MF
WC-2006,T-17,P-57722,midfielder,MF
WC-2006,T-17,P-26474,midfielder,MF
WC-2006,T-17,P-22046,forward,FW
WC-2006,T-17,P-68890,midfielder,MF
WC-2006,T-17,P-55170,forward,FW
WC-2006,T-17,P-12856,defender,DF
WC-2006,T-17,P-01674,forward,FW
WC-2006,T-17,P-07614,midfielder,MF
WC-2006,T-17,P-85975,defender,DF
WC-2006,T-17,P-13659,midfielder,MF
WC-2006,T-17,P-97927,defender,DF
WC-2006,T-17,P-66817,goal keeper,GK
WC-2006,T-17,P-55781,forward,FW
WC-2006,T-17,P-37092,midfielder,MF
WC-2006,T-17,P-17028,forward,FW
WC-2006,T-17,P-71248,defender,DF
WC-2006,T-17,P-82853,goal keeper,GK
WC-2006,T-18,P-85818,goal keeper,GK
WC-2006,T-18,P-97008,midfielder,MF
WC-2006,T-18,P-29621,defender,DF
WC-2006,T-18,P-61666,defender,DF
WC-2006,T-18,P-42144,midfielder,MF
WC-2006,T-18,P-91190,midfielder,MF
WC-2006,T-18,P-41724,defender,DF
WC-2006,T-18,P-13539,midfielder,MF
WC-2006,T-18,P-12373,forward,FW
WC-2006,T-18,P-84378,midfielder,MF
WC-2006,T-18,P-36053,defender,DF
WC-2006,T-18,P-59970,goal keeper,GK
WC-2006,T-18,P-87187,defender,DF
WC-2006,T-18,P-29491,midfielder,MF
WC-2006,T-18,P-31316,midfielder,MF
WC-2006,T-18,P-92627,midfielder,MF
WC-2006,T-18,P-38099,forward,FW
WC-2006,T-18,P-13265,forward,FW
WC-2006,T-18,P-76289,midfielder,MF
WC-2006,T-18,P-31857,midfielder,MF
WC-2006,T-18,P-53874,forward,FW
WC-2006,T-18,P-15428,forward,FW
WC-2006,T-18,P-99830,goal keeper,GK
WC-2006,T-20,P-53062,goal keeper,GK
WC-2006,T-20,P-86056,defender,DF
WC-2006,T-20,P-26250,defender,DF
WC-2006,T-20,P-69743,midfielder,MF
WC-2006,T-20,P-23972,defender,DF
WC-2006,T-20,P-35103,defender,DF
WC-2006,T-20,P-40666,midfielder,MF
WC-2006,T-20,P-56023,midfielder,MF
WC-2006,T-20,P-81477,forward,FW
WC-2006,T-20,P-29090,midfielder,MF
WC-2006,T-20,P-64760,midfielder,MF
WC-2006,T-20,P-36056,forward,FW
WC-2006,T-20,P-46512,defender,DF
WC-2006,T-20,P-04349,midfielder,MF
WC-2006,T-20,P-14907,forward,FW
WC-2006,T-20,P-44775,goal keeper,GK
WC-2006,T-20,P-65749,forward,FW
WC-2006,T-20,P-21701,forward,FW
WC-2006,T-20,P-30878,midfielder,MF
WC-2006,T-20,P-65590,midfielder,MF
WC-2006,T-20,P-91280,defender,DF
WC-2006,T-20,P-54533,defender,DF
WC-2006,T-20,P-07338,goal keeper,GK
WC-2006,T-25,P-29399,goal keeper,GK
WC-2006,T-25,P-72804,defender,DF
WC-2006,T-25,P-98031,defender,DF
WC-2006,T-25,P-92146,defender,DF
WC-2006,T-25,P-36290,defender,DF
WC-2006,T-25,P-54675,midfielder,MF
WC-2006,T-25,P-17733,midfielder,MF
WC-2006,T-25,P-42534,midfielder,MF
WC-2006,T-25,P-51733,forward,FW
WC-2006,T-25,P-03128,forward,FW
WC-2006,T-25,P-19156,forward,FW
WC-2006,T-25,P-18894,goal keeper,GK
WC-2006,T-25,P-75905,defender,DF
WC-2006,T-25,P-96174,midfielder,MF
WC-2006,T-25,P-90857,midfielder,MF
WC-2006,T-25,P-49265,midfielder,MF
WC-2006,T-25,P-06468,defender,DF
WC-2006,T-25,P-61229,defender,DF
WC-2006,T-25,P-05227,midfielder,MF
WC-2006,T-25,P-30306,midfielder,MF
WC-2006,T-25,P-86943,forward,FW
WC-2006,T-25,P-27162,goal keeper,GK
WC-2006,T-25,P-63618,forward,FW
WC-2006,T-28,P-72859,goal keeper,GK
WC-2006,T-28,P-66658,defender,DF
WC-2006,T-28,P-16557,defender,DF
WC-2006,T-28,P-62157,midfielder,MF
WC-2006,T-28,P-01249,defender,DF
WC-2006,T-28,P-71420,defender,DF
WC-2006,T-28,P-81049,midfielder,MF
WC-2006,T-28,P-65534,midfielder,MF
WC-2006,T-28,P-99967,forward,FW
WC-2006,T-28,P-51130,forward,FW
WC-2006,T-28,P-37933,midfielder,MF
WC-2006,T-28,P-97840,defender,DF
WC-2006,T-28,P-59324,goal keeper,GK
WC-2006,T-28,P-91486,defender,DF
WC-2006,T-28,P-50944,defender,DF
WC-2006,T-28,P-61216,midfielder,MF
WC-2006,T-28,P-17428,midfielder,MF
WC-2006,T-28,P-50718,midfielder,MF
WC-2006,T-28,P-64864,midfielder,MF
WC-2006,T-28,P-86227,midfielder,MF
WC-2006,T-28,P-77532,forward,FW
WC-2006,T-28,P-57447,goal keeper,GK
WC-2006,T-28,P-24015,forward,FW
WC-2006,T-30,P-30652,goal keeper,GK
WC-2006,T-30,P-63176,defender,DF
WC-2006,T-30,P-04469,defender,DF
WC-2006,T-30,P-96540,midfielder,MF
WC-2006,T-30,P-68803,defender,DF
WC-2006,T-30,P-93048,midfielder,MF
WC-2006,T-30,P-18830,midfielder,MF
WC-2006,T-30,P-51388,midfielder,MF
WC-2006,T-30,P-31668,forward,FW
WC-2006,T-30,P-56430,midfielder,MF
WC-2006,T-30,P-00916,forward,FW
WC-2006,T-30,P-51395,forward,FW
WC-2006,T-30,P-66615,defender,DF
WC-2006,T-30,P-48944,forward,FW
WC-2006,T-30,P-56947,defender,DF
WC-2006,T-30,P-55991,goal keeper,GK
WC-2006,T-30,P-98022,defender,DF
WC-2006,T-30,P-58415,midfielder,MF
WC-2006,T-30,P-23315,defender,DF
WC-2006,T-30,P-12167,forward,FW
WC-2006,T-30,P-43681,defender,DF
WC-2006,T-30,P-55659,midfielder,MF
WC-2006,T-30,P-57021,goal keeper,GK
WC-2006,T-31,P-98511,goal keeper,GK
WC-2006,T-31,P-50326,defender,DF
WC-2006,T-31,P-43481,defender,DF
WC-2006,T-31,P-27557,defender,DF
WC-2006,T-31,P-51287,midfielder,MF
WC-2006,T-31,P-94304,defender,DF
WC-2006,T-31,P-43400,midfielder,MF
WC-2006,T-31,P-35264,midfielder,MF
WC-2006,T-31,P-27261,forward,FW
WC-2006,T-31,P-55504,forward,FW
WC-2006,T-31,P-27787,forward,FW
WC-2006,T-31,P-33751,goal keeper,GK
WC-2006,T-31,P-84003,midfielder,MF
WC-2006,T-31,P-25543,forward,FW
WC-2006,T-31,P-73973,midfielder,MF
WC-2006,T-31,P-18599,defender,DF
WC-2006,T-31,P-02328,defender,DF
WC-2006,T-31,P-08154,midfielder,MF
WC-2006,T-31,P-32136,midfielder,MF
WC-2006,T-31,P-36287,forward,FW
WC-2006,T-31,P-04065,defender,DF
WC-2006,T-31,P-24324,midfielder,MF
WC-2006,T-31,P-30693,goal keeper,GK
WC-2006,T-32,P-17027,goal keeper,GK
WC-2006,T-32,P-24586,midfielder,MF
WC-2006,T-32,P-38556,forward,FW
WC-2006,T-32,P-84395,defender,DF
WC-2006,T-32,P-29967,defender,DF
WC-2006,T-32,P-03949,defender,DF
WC-2006,T-32,P-52437,defender,DF
WC-2006,T-32,P-12805,midfielder,MF
WC-2006,T-32,P-49882,midfielder,MF
WC-2006,T-32,P-09728,midfielder,MF
WC-2006,T-32,P-50641,midfielder,MF
WC-2006,T-32,P-98986,forward,FW
WC-2006,T-32,P-00384,defender,DF
WC-2006,T-32,P-79316,forward,FW
WC-2006,T-32,P-25083,midfielder,MF
WC-2006,T-32,P-97589,goal keeper,GK
WC-2006,T-32,P-23035,defender,DF
WC-2006,T-32,P-77757,defender,DF
WC-2006,T-32,P-70474,forward,FW
WC-2006,T-32,P-23846,forward,FW
WC-2006,T-32,P-27915,defender,DF
WC-2006,T-32,P-81778,goal keeper,GK
WC-2006,T-32,P-51458,midfielder,MF
WC-2006,T-38,P-18605,goal keeper,GK
WC-2006,T-38,P-93633,midfielder,MF
WC-2006,T-38,P-02909,defender,DF
WC-2006,T-38,P-20762,defender,DF
WC-2006,T-38,P-96490,defender,DF
WC-2006,T-38,P-59901,midfielder,MF
WC-2006,T-38,P-34386,midfielder,MF
WC-2006,T-38,P-16416,midfielder,MF
WC-2006,T-38,P-47539,forward,FW
WC-2006,T-38,P-38371,forward,FW
WC-2006,T-38,P-56998,forward,FW
WC-2006,T-38,P-74059,goal keeper,GK
WC-2006,T-38,P-55405,defender,DF
WC-2006,T-38,P-20969,midfielder,MF
WC-2006,T-38,P-13809,forward,FW
WC-2006,T-38,P-64146,forward,FW
WC-2006,T-38,P-60564,forward,FW
WC-2006,T-38,P-43423,midfielder,MF
WC-2006,T-38,P-94570,defender,DF
WC-2006,T-38,P-56844,defender,DF
WC-2006,T-38,P-16154,midfielder,MF
WC-2006,T-38,P-55739,goal keeper,GK
WC-2006,T-38,P-00111,midfielder,MF
WC-2006,T-41,P-11392,goal keeper,GK
WC-2006,T-41,P-14267,defender,DF
WC-2006,T-41,P-99473,defender,DF
WC-2006,T-41,P-65802,midfielder,MF
WC-2006,T-41,P-88863,defender,DF
WC-2006,T-41,P-26539,defender,DF
WC-2006,T-41,P-83836,forward,FW
WC-2006,T-41,P-18164,midfielder,MF
WC-2006,T-41,P-96512,forward,FW
WC-2006,T-41,P-42038,forward,FW
WC-2006,T-41,P-48645,forward,FW
WC-2006,T-41,P-88263,goal keeper,GK
WC-2006,T-41,P-55511,defender,DF
WC-2006,T-41,P-69103,goal keeper,GK
WC-2006,T-41,P-38599,forward,FW
WC-2006,T-41,P-22378,midfielder,MF
WC-2006,T-41,P-97154,midfielder,MF
WC-2006,T-41,P-29172,forward,FW
WC-2006,T-41,P-42227,defender,DF
WC-2006,T-41,P-57529,midfielder,MF
WC-2006,T-41,P-99537,midfielder,MF
WC-2006,T-41,P-70140,defender,DF
WC-2006,T-41,P-37126,defender,DF
WC-2006,T-42,P-31283,goal keeper,GK
WC-2006,T-42,P-48722,midfielder,MF
WC-2006,T-42,P-08544,defender,DF
WC-2006,T-42,P-25398,defender,DF
WC-2006,T-42,P-48968,midfielder,MF
WC-2006,T-42,P-80902,defender,DF
WC-2006,T-42,P-14259,midfielder,MF
WC-2006,T-42,P-67250,forward,FW
WC-2006,T-42,P-14175,forward,FW
WC-2006,T-42,P-58634,midfielder,MF
WC-2006,T-42,P-99466,forward,FW
WC-2006,T-42,P-12127,defender,DF
WC-2006,T-42,P-97294,defender,DF
WC-2006,T-42,P-64184,forward,FW
WC-2006,T-42,P-93241,forward,FW
WC-2006,T-42,P-51266,goal keeper,GK
WC-2006,T-42,P-20335,defender,DF
WC-2006,T-42,P-98071,midfielder,MF
WC-2006,T-42,P-44934,midfielder,MF
WC-2006,T-42,P-75763,defender,DF
WC-2006,T-42,P-92316,defender,DF
WC-2006,T-42,P-55581,midfielder,MF
WC-2006,T-42,P-30753,goal keeper,GK
WC-2006,T-44,P-24251,goal keeper,GK
WC-2006,T-44,P-65411,defender,DF
WC-2006,T-44,P-46091,defender,DF
WC-2006,T-44,P-61292,midfielder,MF
WC-2006,T-44,P-11915,defender,DF
WC-2006,T-44,P-95259,defender,DF
WC-2006,T-44,P-09349,midfielder,MF
WC-2006,T-44,P-12376,midfielder,MF
WC-2006,T-44,P-56897,forward,FW
WC-2006,T-44,P-77277,midfielder,MF
WC-2006,T-44,P-17506,forward,FW
WC-2006,T-44,P-40995,goal keeper,GK
WC-2006,T-44,P-35882,forward,FW
WC-2006,T-44,P-42311,defender,DF
WC-2006,T-44,P-89292,midfielder,MF
WC-2006,T-44,P-10636,forward,FW
WC-2006,T-44,P-46807,midfielder,MF
WC-2006,T-44,P-04785,midfielder,MF
WC-2006,T-44,P-99888,defender,DF
WC-2006,T-44,P-15134,forward,FW
WC-2006,T-44,P-87604,defender,DF
WC-2006,T-44,P-90430,defender,DF
WC-2006,T-44,P-54298,goal keeper,GK
WC-2006,T-46,P-92932,goal keeper,GK
WC-2006,T-46,P-78308,defender,DF
WC-2006,T-46,P-97434,defender,DF
WC-2006,T-46,P-44763,defender,DF
WC-2006,T-46,P-98486,defender,DF
WC-2006,T-46,P-89297,midfielder,MF
WC-2006,T-46,P-30651,midfielder,MF
WC-2006,T-46,P-34636,midfielder,MF
WC-2006,T-46,P-81643,forward,FW
WC-2006,T-46,P-73255,forward,FW
WC-2006,T-46,P-98036,midfielder,MF
WC-2006,T-46,P-05120,goal keeper,GK
WC-2006,T-46,P-80826,goal keeper,GK
WC-2006,T-46,P-10860,defender,DF
WC-2006,T-46,P-86098,defender,DF
WC-2006,T-46,P-77467,defender,DF
WC-2006,T-46,P-89438,forward,FW
WC-2006,T-46,P-40312,midfielder,MF
WC-2006,T-46,P-34977,forward,FW
WC-2006,T-46,P-87592,midfielder,MF
WC-2006,T-46,P-92547,midfielder,MF
WC-2006,T-46,P-11191,defender,DF
WC-2006,T-46,P-17445,midfielder,MF
WC-2006,T-48,P-26572,goal keeper,GK
WC-2006,T-48,P-81414,defender,DF
WC-2006,T-48,P-46895,defender,DF
WC-2006,T-48,P-40197,defender,DF
WC-2006,T-48,P-21832,defender,DF
WC-2006,T-48,P-18113,midfielder,MF
WC-2006,T-48,P-33312,forward,FW
WC-2006,T-48,P-42224,midfielder,MF
WC-2006,T-48,P-03013,forward,FW
WC-2006,T-48,P-68125,midfielder,MF
WC-2006,T-48,P-23705,midfielder,MF
WC-2006,T-48,P-65694,defender,DF
WC-2006,T-48,P-96131,defender,DF
WC-2006,T-48,P-28832,defender,DF
WC-2006,T-48,P-13377,defender,DF
WC-2006,T-48,P-66598,midfielder,MF
WC-2006,T-48,P-99934,forward,FW
WC-2006,T-48,P-69700,midfielder,MF
WC-2006,T-48,P-63856,forward,FW
WC-2006,T-48,P-51336,midfielder,MF
WC-2006,T-48,P-17967,forward,FW
WC-2006,T-48,P-03558,goal keeper,GK
WC-2006,T-48,P-36850,goal keeper,GK
WC-2006,T-55,P-94060,goal keeper,GK
WC-2006,T-55,P-00429,defender,DF
WC-2006,T-55,P-42228,defender,DF
WC-2006,T-55,P-19241,defender,DF
WC-2006,T-55,P-50109,defender,DF
WC-2006,T-55,P-22302,midfielder,MF
WC-2006,T-55,P-54903,forward,FW
WC-2006,T-55,P-44396,midfielder,MF
WC-2006,T-55,P-34530,forward,FW
WC-2006,T-55,P-17884,midfielder,MF
WC-2006,T-55,P-75108,midfielder,MF
WC-2006,T-55,P-53378,goal keeper,GK
WC-2006,T-55,P-42797,midfielder,MF
WC-2006,T-55,P-30891,defender,DF
WC-2006,T-55,P-22470,defender,DF
WC-2006,T-55,P-78654,midfielder,MF
WC-2006,T-55,P-51433,midfielder,MF
WC-2006,T-55,P-71995,forward,FW
WC-2006,T-55,P-35595,midfielder,MF
WC-2006,T-55,P-99403,forward,FW
WC-2006,T-55,P-82458,defender,DF
WC-2006,T-55,P-26126,goal keeper,GK
WC-2006,T-55,P-88899,forward,FW
WC-2006,T-57,P-32695,goal keeper,GK
WC-2006,T-57,P-63796,defender,DF
WC-2006,T-57,P-10771,defender,DF
WC-2006,T-57,P-12680,defender,DF
WC-2006,T-57,P-24493,midfielder,MF
WC-2006,T-57,P-46873,defender,DF
WC-2006,T-57,P-05425,midfielder,MF
WC-2006,T-57,P-49007,midfielder,MF
WC-2006,T-57,P-07088,forward,FW
WC-2006,T-57,P-86811,midfielder,MF
WC-2006,T-57,P-21451,forward,FW
WC-2006,T-57,P-34895,goal keeper,GK
WC-2006,T-57,P-75168,midfielder,MF
WC-2006,T-57,P-15578,defender,DF
WC-2006,T-57,P-95900,forward,FW
WC-2006,T-57,P-52481,midfielder,MF
WC-2006,T-57,P-02210,midfielder,MF
WC-2006,T-57,P-97704,defender,DF
WC-2006,T-57,P-37586,defender,DF
WC-2006,T-57,P-41668,midfielder,MF
WC-2006,T-57,P-13524,forward,FW
WC-2006,T-57,P-57476,goal keeper,GK
WC-2006,T-57,P-67164,forward,FW
WC-2006,T-58,P-45712,goal keeper,GK
WC-2006,T-58,P-16378,defender,DF
WC-2006,T-58,P-48643,defender,DF
WC-2006,T-58,P-55321,defender,DF
WC-2006,T-58,P-53943,defender,DF
WC-2006,T-58,P-80908,midfielder,MF
WC-2006,T-58,P-57496,midfielder,MF
WC-2006,T-58,P-92307,midfielder,MF
WC-2006,T-58,P-57982,forward,FW
WC-2006,T-58,P-83823,midfielder,MF
WC-2006,T-58,P-32279,forward,FW
WC-2006,T-58,P-86534,goal keeper,GK
WC-2006,T-58,P-28497,defender,DF
WC-2006,T-58,P-62437,defender,DF
WC-2006,T-58,P-68375,forward,FW
WC-2006,T-58,P-37760,defender,DF
WC-2006,T-58,P-70442,forward,FW
WC-2006,T-58,P-17581,midfielder,MF
WC-2006,T-58,P-21434,midfielder,MF
WC-2006,T-58,P-96343,midfielder,MF
WC-2006,T-58,P-57631,forward,FW
WC-2006,T-58,P-55784,goal keeper,GK
WC-2006,T-58,P-83900,forward,FW
WC-2006,T-63,P-12996,goal keeper,GK
WC-2006,T-63,P-53448,defender,DF
WC-2006,T-63,P-90725,defender,DF
WC-2006,T-63,P-48279,defender,DF
WC-2006,T-63,P-84226,defender,DF
WC-2006,T-63,P-00585,midfielder,MF
WC-2006,T-63,P-21753,midfielder,MF
WC-2006,T-63,P-90435,midfielder,MF
WC-2006,T-63,P-88041,forward,FW
WC-2006,T-63,P-11262,midfielder,MF
WC-2006,T-63,P-88984,forward,FW
WC-2006,T-63,P-76946,defender,DF
WC-2006,T-63,P-77199,defender,DF
WC-2006,T-63,P-50973,midfielder,MF
WC-2006,T-63,P-58952,defender,DF
WC-2006,T-63,P-66016,midfielder,MF
WC-2006,T-63,P-60833,defender,DF
WC-2006,T-63,P-20886,midfielder,MF
WC-2006,T-63,P-33367,defender,DF
WC-2006,T-63,P-87114,forward,FW
WC-2006,T-63,P-99270,goal keeper,GK
WC-2006,T-63,P-95677,goal keeper,GK
WC-2006,T-63,P-69611,forward,FW
WC-2006,T-67,P-34336,goal keeper,GK
WC-2006,T-67,P-41907,midfielder,MF
WC-2006,T-67,P-50226,defender,DF
WC-2006,T-67,P-08415,midfielder,MF
WC-2006,T-67,P-68901,defender,DF
WC-2006,T-67,P-41962,defender,DF
WC-2006,T-67,P-50012,midfielder,MF
WC-2006,T-67,P-37893,forward,FW
WC-2006,T-67,P-48250,forward,FW
WC-2006,T-67,P-22793,midfielder,MF
WC-2006,T-67,P-33481,midfielder,MF
WC-2006,T-67,P-48430,goal keeper,GK
WC-2006,T-67,P-58429,defender,DF
WC-2006,T-67,P-64659,defender,DF
WC-2006,T-67,P-79645,defender,DF
WC-2006,T-67,P-08113,defender,DF
WC-2006,T-67,P-85128,midfielder,MF
WC-2006,T-67,P-25611,midfielder,MF
WC-2006,T-67,P-18094,forward,FW
WC-2006,T-67,P-55456,defender,DF
WC-2006,T-67,P-87039,forward,FW
WC-2006,T-67,P-05783,midfielder,MF
WC-2006,T-67,P-46403,goal keeper,GK
WC-2006,T-71,P-95122,goal keeper,GK
WC-2006,T-71,P-94594,defender,DF
WC-2006,T-71,P-61550,defender,DF
WC-2006,T-71,P-07865,defender,DF
WC-2006,T-71,P-51785,midfielder,MF
WC-2006,T-71,P-76780,defender,DF
WC-2006,T-71,P-25724,midfielder,MF
WC-2006,T-71,P-65040,midfielder,MF
WC-2006,T-71,P-26616,forward,FW
WC-2006,T-71,P-06608,forward,FW
WC-2006,T-71,P-56626,forward,FW
WC-2006,T-71,P-46519,defender,DF
WC-2006,T-71,P-60562,midfielder,MF
WC-2006,T-71,P-22338,forward,FW
WC-2006,T-71,P-89943,midfielder,MF
WC-2006,T-71,P-04977,forward,FW
WC-2006,T-71,P-92775,midfielder,MF
WC-2006,T-71,P-56299,defender,DF
WC-2006,T-71,P-20248,forward,FW
WC-2006,T-71,P-50318,goal keeper,GK
WC-2006,T-71,P-08539,goal keeper,GK
WC-2006,T-71,P-83544,defender,DF
WC-2006,T-71,P-55485,defender,DF
WC-2006,T-73,P-61793,goal keeper,GK
WC-2006,T-73,P-63942,defender,DF
WC-2006,T-73,P-28485,defender,DF
WC-2006,T-73,P-15314,defender,DF
WC-2006,T-73,P-51089,defender,DF
WC-2006,T-73,P-21683,midfielder,MF
WC-2006,T-73,P-24556,forward,FW
WC-2006,T-73,P-29415,midfielder,MF
WC-2006,T-73,P-71661,forward,FW
WC-2006,T-73,P-83711,midfielder,MF
WC-2006,T-73,P-25905,midfielder,MF
WC-2006,T-73,P-13964,defender,DF
WC-2006,T-73,P-56330,midfielder,MF
WC-2006,T-73,P-73924,midfielder,MF
WC-2006,T-73,P-89177,defender,DF
WC-2006,T-73,P-82549,midfielder,MF
WC-2006,T-73,P-70144,midfielder,MF
WC-2006,T-73,P-81297,midfielder,MF
WC-2006,T-73,P-16059,goal keeper,GK
WC-2006,T-73,P-51440,defender,DF
WC-2006,T-73,P-49097,forward,FW
WC-2006,T-73,P-73344,defender,DF
WC-2006,T-73,P-44334,goal keeper,GK
WC-2006,T-74,P-47401,goal keeper,GK
WC-2006,T-74,P-75070,defender,DF
WC-2006,T-74,P-06256,defender,DF
WC-2006,T-74,P-30568,defender,DF
WC-2006,T-74,P-35312,defender,DF
WC-2006,T-74,P-05583,midfielder,MF
WC-2006,T-74,P-42808,midfielder,MF
WC-2006,T-74,P-85432,midfielder,MF
WC-2006,T-74,P-84022,midfielder,MF
WC-2006,T-74,P-80105,forward,FW
WC-2006,T-74,P-42895,forward,FW
WC-2006,T-74,P-02115,goal keeper,GK
WC-2006,T-74,P-20273,defender,DF
WC-2006,T-74,P-19165,defender,DF
WC-2006,T-74,P-44340,defender,DF
WC-2006,T-74,P-73608,midfielder,MF
WC-2006,T-74,P-79017,forward,FW
WC-2006,T-74,P-20557,midfielder,MF
WC-2006,T-74,P-62207,midfielder,MF
WC-2006,T-74,P-45212,forward,FW
WC-2006,T-74,P-65907,midfielder,MF
WC-2006,T-74,P-07148,forward,FW
WC-2006,T-74,P-95996,goal keeper,GK
WC-2006,T-75,P-38789,goal keeper,GK
WC-2006,T-75,P-25758,defender,DF
WC-2006,T-75,P-82814,defender,DF
WC-2006,T-75,P-94161,defender,DF
WC-2006,T-75,P-63929,midfielder,MF
WC-2006,T-75,P-17148,midfielder,MF
WC-2006,T-75,P-11817,midfielder,MF
WC-2006,T-75,P-56006,defender,DF
WC-2006,T-75,P-61684,forward,FW
WC-2006,T-75,P-35674,forward,FW
WC-2006,T-75,P-87221,forward,FW
WC-2006,T-75,P-46325,goal keeper,GK
WC-2006,T-75,P-49127,defender,DF
WC-2006,T-75,P-06129,midfielder,MF
WC-2006,T-75,P-35818,midfielder,MF
WC-2006,T-75,P-97143,midfielder,MF
WC-2006,T-75,P-10953,defender,DF
WC-2006,T-75,P-46417,forward,FW
WC-2006,T-75,P-54713,midfielder,MF
WC-2006,T-75,P-37656,defender,DF
WC-2006,T-75,P-07302,goal keeper,GK
WC-2006,T-75,P-59636,midfielder,MF
WC-2006,T-75,P-10789,defender,DF
WC-2006,T-77,P-08028,goal keeper,GK
WC-2006,T-77,P-41085,defender,DF
WC-2006,T-77,P-03523,defender,DF
WC-2006,T-77,P-48772,forward,FW
WC-2006,T-77,P-08365,defender,DF
WC-2006,T-77,P-43931,midfielder,MF
WC-2006,T-77,P-57309,forward,FW
WC-2006,T-77,P-08310,midfielder,MF
WC-2006,T-77,P-12652,midfielder,MF
WC-2006,T-77,P-64772,midfielder,MF
WC-2006,T-77,P-21511,forward,FW
WC-2006,T-77,P-01401,defender,DF
WC-2006,T-77,P-58731,defender,DF
WC-2006,T-77,P-44097,midfielder,MF
WC-2006,T-77,P-80410,midfielder,MF
WC-2006,T-77,P-30416,goal keeper,GK
WC-2006,T-77,P-04210,forward,FW
WC-2006,T-77,P-22298,midfielder,MF
WC-2006,T-77,P-00077,defender,DF
WC-2006,T-77,P-53024,forward,FW
WC-2006,T-77,P-10224,midfielder,MF
WC-2006,T-77,P-60422,goal keeper,GK
WC-2006,T-77,P-98500,defender,DF
WC-2006,T-78,P-09117,goal keeper,GK
WC-2006,T-78,P-57974,defender,DF
WC-2006,T-78,P-86728,defender,DF
WC-2006,T-78,P-77807,defender,DF
WC-2006,T-78,P-52480,defender,DF
WC-2006,T-78,P-49762,defender,DF
WC-2006,T-78,P-05918,midfielder,MF
WC-2006,T-78,P-40120,defender,DF
WC-2006,T-78,P-77687,midfielder,MF
WC-2006,T-78,P-61974,midfielder,MF
WC-2006,T-78,P-52850,midfielder,MF
WC-2006,T-78,P-56282,forward,FW
WC-2006,T-78,P-78050,forward,FW
WC-2006,T-78,P-88830,forward,FW
WC-2006,T-78,P-33665,forward,FW
WC-2006,T-78,P-03524,midfielder,MF
WC-2006,T-78,P-23065,defender,DF
WC-2006,T-78,P-22492,midfielder,MF
WC-2006,T-78,P-94201,forward,FW
WC-2006,T-78,P-62644,forward,FW
WC-2006,T-78,P-74150,goal keeper,GK
WC-2006,T-78,P-34430,goal keeper,GK
WC-2006,T-78,P-26454,midfielder,MF
WC-2006,T-79,P-52641,goal keeper,GK
WC-2006,T-79,P-31347,defender,DF
WC-2006,T-79,P-72448,defender,DF
WC-2006,T-79,P-96363,defender,DF
WC-2006,T-79,P-00640,forward,FW
WC-2006,T-79,P-82870,defender,DF
WC-2006,T-79,P-33293,forward,FW
WC-2006,T-79,P-69034,midfielder,MF
WC-2006,T-79,P-27618,forward,FW
WC-2006,T-79,P-41620,midfielder,MF
WC-2006,T-79,P-09041,forward,FW
WC-2006,T-79,P-61850,midfielder,MF
WC-2006,T-79,P-89154,midfielder,MF
WC-2006,T-79,P-63068,midfielder,MF
WC-2006,T-79,P-76769,defender,DF
WC-2006,T-79,P-66577,goal keeper,GK
WC-2006,T-79,P-54768,forward,FW
WC-2006,T-79,P-69430,defender,DF
WC-2006,T-79,P-40581,defender,DF
WC-2006,T-79,P-61670,midfielder,MF
WC-2006,T-79,P-08678,defender,DF
WC-2006,T-79,P-79202,goal keeper,GK
WC-2006,T-79,P-91602,midfielder,MF
WC-2006,T-81,P-91649,goal keeper,GK
WC-2006,T-81,P-17420,defender,DF
WC-2006,T-81,P-96896,defender,DF
WC-2006,T-81,P-60675,midfielder,MF
WC-2006,T-81,P-35676,defender,DF
WC-2006,T-81,P-07368,defender,DF
WC-2006,T-81,P-86650,forward,FW
WC-2006,T-81,P-56584,midfielder,MF
WC-2006,T-81,P-82307,midfielder,MF
WC-2006,T-81,P-99083,forward,FW
WC-2006,T-81,P-56553,forward,FW
WC-2006,T-81,P-37090,goal keeper,GK
WC-2006,T-81,P-32374,defender,DF
WC-2006,T-81,P-47335,midfielder,MF
WC-2006,T-81,P-69073,forward,FW
WC-2006,T-81,P-58919,forward,FW
WC-2006,T-81,P-27508,defender,DF
WC-2006,T-81,P-60032,midfielder,MF
WC-2006,T-81,P-98387,midfielder,MF
WC-2006,T-81,P-55388,forward,FW
WC-2006,T-81,P-67256,midfielder,MF
WC-2006,T-81,P-18200,defender,DF
WC-2006,T-81,P-96162,goal keeper,GK
WC-2006,T-83,P-50522,goal keeper,GK
WC-2006,T-83,P-59999,defender,DF
WC-2006,T-83,P-12548,defender,DF
WC-2006,T-83,P-58649,midfielder,MF
WC-2006,T-83,P-88043,midfielder,MF
WC-2006,T-83,P-77238,defender,DF
WC-2006,T-83,P-97784,midfielder,MF
WC-2006,T-83,P-18672,midfielder,MF
WC-2006,T-83,P-80859,forward,FW
WC-2006,T-83,P-97459,midfielder,MF
WC-2006,T-83,P-71080,forward,FW
WC-2006,T-83,P-09888,defender,DF
WC-2006,T-83,P-83190,defender,DF
WC-2006,T-83,P-60945,midfielder,MF
WC-2006,T-83,P-42535,midfielder,MF
WC-2006,T-83,P-78068,forward,FW
WC-2006,T-83,P-91976,midfielder,MF
WC-2006,T-83,P-07553,goal keeper,GK
WC-2006,T-83,P-92673,goal keeper,GK
WC-2006,T-83,P-60597,forward,FW
WC-2006,T-83,P-05728,forward,FW
WC-2006,T-83,P-87765,defender,DF
WC-2006,T-83,P-02842,defender,DF
WC-2007,T-03,P-71063,goal keeper,GK
WC-2007,T-03,P-24548,defender,DF
WC-2007,T-03,P-95150,defender,DF
WC-2007,T-03,P-65068,midfielder,MF
WC-2007,T-03,P-02875,defender,DF
WC-2007,T-03,P-60387,defender,DF
WC-2007,T-03,P-66590,forward,FW
WC-2007,T-03,P-71461,midfielder,MF
WC-2007,T-03,P-84467,forward,FW
WC-2007,T-03,P-24460,forward,FW
WC-2007,T-03,P-23308,midfielder,MF
WC-2007,T-03,P-19263,goal keeper,GK
WC-2007,T-03,P-08904,midfielder,MF
WC-2007,T-03,P-24795,defender,DF
WC-2007,T-03,P-80712,midfielder,MF
WC-2007,T-03,P-04287,forward,FW
WC-2007,T-03,P-91838,forward,FW
WC-2007,T-03,P-05215,forward,FW
WC-2007,T-03,P-82027,forward,FW
WC-2007,T-03,P-92491,forward,FW
WC-2007,T-03,P-69918,goal keeper,GK
WC-2007,T-04,P-64332,goal keeper,GK
WC-2007,T-04,P-14085,defender,DF
WC-2007,T-04,P-56574,midfielder,MF
WC-2007,T-04,P-35111,defender,DF
WC-2007,T-04,P-19145,defender,DF
WC-2007,T-04,P-55691,defender,DF
WC-2007,T-04,P-47947,defender,DF
WC-2007,T-04,P-42226,forward,FW
WC-2007,T-04,P-26286,forward,FW
WC-2007,T-04,P-04506,midfielder,MF
WC-2007,T-04,P-83079,forward,FW
WC-2007,T-04,P-91505,forward,FW
WC-2007,T-04,P-15139,defender,DF
WC-2007,T-04,P-87492,midfielder,MF
WC-2007,T-04,P-74624,midfielder,MF
WC-2007,T-04,P-82607,midfielder,MF
WC-2007,T-04,P-12322,midfielder,MF
WC-2007,T-04,P-94956,goal keeper,GK
WC-2007,T-04,P-35812,defender,DF
WC-2007,T-04,P-21039,forward,FW
WC-2007,T-04,P-33547,goal keeper,GK
WC-2007,T-09,P-66036,goal keeper,GK
WC-2007,T-09,P-81163,defender,DF
WC-2007,T-09,P-84724,defender,DF
WC-2007,T-09,P-10543,defender,DF
WC-2007,T-09,P-31275,midfielder,MF
WC-2007,T-09,P-85281,defender,DF
WC-2007,T-09,P-46780,midfielder,MF
WC-2007,T-09,P-19610,midfielder,MF
WC-2007,T-09,P-67574,midfielder,MF
WC-2007,T-09,P-07458,forward,FW
WC-2007,T-09,P-93057,forward,FW
WC-2007,T-09,P-61069,goal keeper,GK
WC-2007,T-09,P-22757,defender,DF
WC-2007,T-09,P-78266,midfielder,MF
WC-2007,T-09,P-90420,forward,FW
WC-2007,T-09,P-64954,defender,DF
WC-2007,T-09,P-25746,defender,DF
WC-2007,T-09,P-26383,midfielder,MF
WC-2007,T-09,P-78286,defender,DF
WC-2007,T-09,P-58459,midfielder,MF
WC-2007,T-09,P-50674,goal keeper,GK
WC-2007,T-12,P-41105,goal keeper,GK
WC-2007,T-12,P-85437,defender,DF
WC-2007,T-12,P-02636,defender,DF
WC-2007,T-12,P-03906,defender,DF
WC-2007,T-12,P-87255,midfielder,MF
WC-2007,T-12,P-77759,defender,DF
WC-2007,T-12,P-35069,forward,FW
WC-2007,T-12,P-28528,midfielder,MF
WC-2007,T-12,P-19025,midfielder,MF
WC-2007,T-12,P-62671,defender,DF
WC-2007,T-12,P-00020,defender,DF
WC-2007,T-12,P-97813,forward,FW
WC-2007,T-12,P-70567,midfielder,MF
WC-2007,T-12,P-27120,midfielder,MF
WC-2007,T-12,P-20854,forward,FW
WC-2007,T-12,P-33304,midfielder,MF
WC-2007,T-12,P-36636,defender,DF
WC-2007,T-12,P-33982,goal keeper,GK
WC-2007,T-12,P-95092,midfielder,MF
WC-2007,T-12,P-76027,goal keeper,GK
WC-2007,T-12,P-44161,forward,FW
WC-2007,T-14,P-43215,goal keeper,GK
WC-2007,T-14,P-53317,defender,DF
WC-2007,T-14,P-83032,defender,DF
WC-2007,T-14,P-54442,midfielder,MF
WC-2007,T-14,P-48604,midfielder,MF
WC-2007,T-14,P-57621,midfielder,MF
WC-2007,T-14,P-44137,midfielder,MF
WC-2007,T-14,P-71089,forward,FW
WC-2007,T-14,P-73561,forward,FW
WC-2007,T-14,P-52970,forward,FW
WC-2007,T-14,P-67766,defender,DF
WC-2007,T-14,P-66877,midfielder,MF
WC-2007,T-14,P-51360,midfielder,MF
WC-2007,T-14,P-70314,forward,FW
WC-2007,T-14,P-26568,defender,DF
WC-2007,T-14,P-95180,defender,DF
WC-2007,T-14,P-85561,forward,FW
WC-2007,T-14,P-63535,goal keeper,GK
WC-2007,T-14,P-23604,defender,DF
WC-2007,T-14,P-72394,midfielder,MF
WC-2007,T-14,P-74705,goal keeper,GK
WC-2007,T-22,P-58449,goal keeper,GK
WC-2007,T-22,P-82713,defender,DF
WC-2007,T-22,P-80373,midfielder,MF
WC-2007,T-22,P-51843,defender,DF
WC-2007,T-22,P-17894,defender,DF
WC-2007,T-22,P-56909,midfielder,MF
WC-2007,T-22,P-11819,midfielder,MF
WC-2007,T-22,P-24775,midfielder,MF
WC-2007,T-22,P-05784,forward,FW
WC-2007,T-22,P-71560,midfielder,MF
WC-2007,T-22,P-57369,forward,FW
WC-2007,T-22,P-30396,midfielder,MF
WC-2007,T-22,P-20868,forward,FW
WC-2007,T-22,P-06237,defender,DF
WC-2007,T-22,P-60168,midfielder,MF
WC-2007,T-22,P-36403,goal keeper,GK
WC-2007,T-22,P-23254,midfielder,MF
WC-2007,T-22,P-74383,defender,DF
WC-2007,T-22,P-99432,midfielder,MF
WC-2007,T-22,P-74183,midfielder,MF
WC-2007,T-22,P-22569,goal keeper,GK
WC-2007,T-28,P-40412,goal keeper,GK
WC-2007,T-28,P-22178,defender,DF
WC-2007,T-28,P-77877,defender,DF
WC-2007,T-28,P-73084,midfielder,MF
WC-2007,T-28,P-81136,defender,DF
WC-2007,T-28,P-98782,defender,DF
WC-2007,T-28,P-34666,midfielder,MF
WC-2007,T-28,P-10986,midfielder,MF
WC-2007,T-28,P-38733,forward,FW
WC-2007,T-28,P-12357,forward,FW
WC-2007,T-28,P-38142,midfielder,MF
WC-2007,T-28,P-45870,defender,DF
WC-2007,T-28,P-55474,goal keeper,GK
WC-2007,T-28,P-16452,defender,DF
WC-2007,T-28,P-85483,midfielder,MF
WC-2007,T-28,P-41187,midfielder,MF
WC-2007,T-28,P-81958,forward,FW
WC-2007,T-28,P-98538,forward,FW
WC-2007,T-28,P-88697,midfielder,MF
WC-2007,T-28,P-79856,defender,DF
WC-2007,T-28,P-78748,goal keeper,GK
WC-2007,T-31,P-54576,goal keeper,GK
WC-2007,T-31,P-27862,defender,DF
WC-2007,T-31,P-96080,defender,DF
WC-2007,T-31,P-59869,defender,DF
WC-2007,T-31,P-67377,defender,DF
WC-2007,T-31,P-15303,midfielder,MF
WC-2007,T-31,P-39260,midfielder,MF
WC-2007,T-31,P-49074,forward,FW
WC-2007,T-31,P-52478,forward,FW
WC-2007,T-31,P-42444,midfielder,MF
WC-2007,T-31,P-30564,forward,FW
WC-2007,T-31,P-95839,goal keeper,GK
WC-2007,T-31,P-53205,defender,DF
WC-2007,T-31,P-47092,midfielder,MF
WC-2007,T-31,P-50305,defender,DF
WC-2007,T-31,P-80012,forward,FW
WC-2007,T-31,P-78246,defender,DF
WC-2007,T-31,P-08780,midfielder,MF
WC-2007,T-31,P-54473,midfielder,MF
WC-2007,T-31,P-50575,forward,FW
WC-2007,T-31,P-36668,goal keeper,GK
WC-2007,T-32,P-75315,goal keeper,GK
WC-2007,T-32,P-96825,defender,DF
WC-2007,T-32,P-03333,defender,DF
WC-2007,T-32,P-56710,midfielder,MF
WC-2007,T-32,P-40027,defender,DF
WC-2007,T-32,P-52992,midfielder,MF
WC-2007,T-32,P-93979,forward,FW
WC-2007,T-32,P-54127,midfielder,MF
WC-2007,T-32,P-68145,forward,FW
WC-2007,T-32,P-47674,midfielder,MF
WC-2007,T-32,P-23665,forward,FW
WC-2007,T-32,P-68729,defender,DF
WC-2007,T-32,P-84693,defender,DF
WC-2007,T-32,P-01062,forward,FW
WC-2007,T-32,P-12997,defender,DF
WC-2007,T-32,P-42042,goal keeper,GK
WC-2007,T-32,P-05170,defender,DF
WC-2007,T-32,P-68309,forward,FW
WC-2007,T-32,P-11692,goal keeper,GK
WC-2007,T-32,P-08624,midfielder,MF
WC-2007,T-32,P-77841,midfielder,MF
WC-2007,T-44,P-38266,goal keeper,GK
WC-2007,T-44,P-51492,defender,DF
WC-2007,T-44,P-49475,defender,DF
WC-2007,T-44,P-78180,defender,DF
WC-2007,T-44,P-24967,midfielder,MF
WC-2007,T-44,P-74200,midfielder,MF
WC-2007,T-44,P-32368,midfielder,MF
WC-2007,T-44,P-46224,midfielder,MF
WC-2007,T-44,P-24437,forward,FW
WC-2007,T-44,P-72113,midfielder,MF
WC-2007,T-44,P-36911,forward,FW
WC-2007,T-44,P-17805,goal keeper,GK
WC-2007,T-44,P-33014,defender,DF
WC-2007,T-44,P-96331,defender,DF
WC-2007,T-44,P-55574,defender,DF
WC-2007,T-44,P-04310,midfielder,MF
WC-2007,T-44,P-20246,forward,FW
WC-2007,T-44,P-86882,forward,FW
WC-2007,T-44,P-99210,midfielder,MF
WC-2007,T-44,P-84771,defender,DF
WC-2007,T-44,P-43213,goal keeper,GK
WC-2007,T-49,P-59575,goal keeper,GK
WC-2007,T-49,P-61084,midfielder,MF
WC-2007,T-49,P-83259,defender,DF
WC-2007,T-49,P-82898,midfielder,MF
WC-2007,T-49,P-00393,defender,DF
WC-2007,T-49,P-46683,defender,DF
WC-2007,T-49,P-13547,forward,FW
WC-2007,T-49,P-11940,midfielder,MF
WC-2007,T-49,P-16994,forward,FW
WC-2007,T-49,P-80895,midfielder,MF
WC-2007,T-49,P-21210,defender,DF
WC-2007,T-49,P-40693,goal keeper,GK
WC-2007,T-49,P-69129,defender,DF
WC-2007,T-49,P-73751,midfielder,MF
WC-2007,T-49,P-32154,defender,DF
WC-2007,T-49,P-80600,midfielder,MF
WC-2007,T-49,P-22277,forward,FW
WC-2007,T-49,P-58561,midfielder,MF
WC-2007,T-49,P-52525,midfielder,MF
WC-2007,T-49,P-38007,forward,FW
WC-2007,T-49,P-40496,goal keeper,GK
WC-2007,T-50,P-93339,goal keeper,GK
WC-2007,T-50,P-16023,midfielder,MF
WC-2007,T-50,P-01039,defender,DF
WC-2007,T-50,P-55990,forward,FW
WC-2007,T-50,P-21975,defender,DF
WC-2007,T-50,P-72499,midfielder,MF
WC-2007,T-50,P-19498,forward,FW
WC-2007,T-50,P-38422,forward,FW
WC-2007,T-50,P-01517,midfielder,MF
WC-2007,T-50,P-19149,forward,FW
WC-2007,T-50,P-29682,forward,FW
WC-2007,T-50,P-65033,goal keeper,GK
WC-2007,T-50,P-26654,defender,DF
WC-2007,T-50,P-86360,defender,DF
WC-2007,T-50,P-94567,midfielder,MF
WC-2007,T-50,P-69273,defender,DF
WC-2007,T-50,P-85817,defender,DF
WC-2007,T-50,P-16613,forward,FW
WC-2007,T-50,P-94784,defender,DF
WC-2007,T-50,P-95386,midfielder,MF
WC-2007,T-50,P-56097,goal keeper,GK
WC-2007,T-51,P-30107,goal keeper,GK
WC-2007,T-51,P-93587,midfielder,MF
WC-2007,T-51,P-08347,defender,DF
WC-2007,T-51,P-89322,defender,DF
WC-2007,T-51,P-63421,defender,DF
WC-2007,T-51,P-83860,midfielder,MF
WC-2007,T-51,P-65322,midfielder,MF
WC-2007,T-51,P-96884,forward,FW
WC-2007,T-51,P-07625,midfielder,MF
WC-2007,T-51,P-59010,forward,FW
WC-2007,T-51,P-96153,forward,FW
WC-2007,T-51,P-61977,midfielder,MF
WC-2007,T-51,P-00476,defender,DF
WC-2007,T-51,P-68017,defender,DF
WC-2007,T-51,P-79610,defender,DF
WC-2007,T-51,P-83515,forward,FW
WC-2007,T-51,P-21807,goal keeper,GK
WC-2007,T-51,P-92164,forward,FW
WC-2007,T-51,P-33928,defender,DF
WC-2007,T-51,P-67990,goal keeper,GK
WC-2007,T-53,P-39183,goal keeper,GK
WC-2007,T-53,P-25199,defender,DF
WC-2007,T-53,P-36571,defender,DF
WC-2007,T-53,P-68132,midfielder,MF
WC-2007,T-53,P-51925,defender,DF
WC-2007,T-53,P-38523,defender,DF
WC-2007,T-53,P-29694,defender,DF
WC-2007,T-53,P-70069,midfielder,MF
WC-2007,T-53,P-09212,forward,FW
WC-2007,T-53,P-30339,forward,FW
WC-2007,T-53,P-97621,forward,FW
WC-2007,T-53,P-01929,goal keeper,GK
WC-2007,T-53,P-42549,goal keeper,GK
WC-2007,T-53,P-42222,forward,FW
WC-2007,T-53,P-15475,midfielder,MF
WC-2007,T-53,P-74483,forward,FW
WC-2007,T-53,P-95127,forward,FW
WC-2007,T-53,P-08869,midfielder,MF
WC-2007,T-53,P-05014,defender,DF
WC-2007,T-53,P-60731,forward,FW
WC-2007,T-53,P-25739,midfielder,MF
WC-2007,T-74,P-27779,goal keeper,GK
WC-2007,T-74,P-33354,defender,DF
WC-2007,T-74,P-48787,defender,DF
WC-2007,T-74,P-62434,defender,DF
WC-2007,T-74,P-94354,midfielder,MF
WC-2007,T-74,P-66882,defender,DF
WC-2007,T-74,P-32488,defender,DF
WC-2007,T-74,P-96721,midfielder,MF
WC-2007,T-74,P-31442,forward,FW
WC-2007,T-74,P-31388,forward,FW
WC-2007,T-74,P-36470,forward,FW
WC-2007,T-74,P-85779,goal keeper,GK
WC-2007,T-74,P-82102,defender,DF
WC-2007,T-74,P-91907,forward,FW
WC-2007,T-74,P-95194,midfielder,MF
WC-2007,T-74,P-85545,defender,DF
WC-2007,T-74,P-28917,forward,FW
WC-2007,T-74,P-52228,midfielder,MF
WC-2007,T-74,P-40792,defender,DF
WC-2007,T-74,P-05293,midfielder,MF
WC-2007,T-74,P-51033,goal keeper,GK
WC-2007,T-83,P-17759,goal keeper,GK
WC-2007,T-83,P-95448,defender,DF
WC-2007,T-83,P-00471,defender,DF
WC-2007,T-83,P-27814,defender,DF
WC-2007,T-83,P-40936,forward,FW
WC-2007,T-83,P-49030,forward,FW
WC-2007,T-83,P-92403,midfielder,MF
WC-2007,T-83,P-25717,defender,DF
WC-2007,T-83,P-54396,forward,FW
WC-2007,T-83,P-96012,midfielder,MF
WC-2007,T-83,P-62104,midfielder,MF
WC-2007,T-83,P-17276,midfielder,MF
WC-2007,T-83,P-25850,midfielder,MF
WC-2007,T-83,P-24266,defender,DF
WC-2007,T-83,P-58480,defender,DF
WC-2007,T-83,P-01853,midfielder,MF
WC-2007,T-83,P-69030,midfielder,MF
WC-2007,T-83,P-80833,goal keeper,GK
WC-2007,T-83,P-75460,midfielder,MF
WC-2007,T-83,P-89236,forward,FW
WC-2007,T-83,P-49425,goal keeper,GK
WC-2010,T-01,P-98886,goal keeper,GK
WC-2010,T-01,P-21116,defender,DF
WC-2010,T-01,P-00957,defender,DF
WC-2010,T-01,P-77742,defender,DF
WC-2010,T-01,P-19453,defender,DF
WC-2010,T-01,P-30221,midfielder,MF
WC-2010,T-01,P-70903,midfielder,MF
WC-2010,T-01,P-23484,midfielder,MF
WC-2010,T-01,P-22008,forward,FW
WC-2010,T-01,P-44112,forward,FW
WC-2010,T-01,P-10693,forward,FW
WC-2010,T-01,P-92503,defender,DF
WC-2010,T-01,P-63647,forward,FW
WC-2010,T-01,P-09837,defender,DF
WC-2010,T-01,P-42107,midfielder,MF
WC-2010,T-01,P-17205,goal keeper,GK
WC-2010,T-01,P-37702,midfielder,MF
WC-2010,T-01,P-21704,defender,DF
WC-2010,T-01,P-70560,midfielder,MF
WC-2010,T-01,P-09059,defender,DF
WC-2010,T-01,P-46257,midfielder,MF
WC-2010,T-01,P-94880,midfielder,MF
WC-2010,T-01,P-00596,goal keeper,GK
WC-2010,T-03,P-70815,goal keeper,GK
WC-2010,T-03,P-39810,defender,DF
WC-2010,T-03,P-93262,defender,DF
WC-2010,T-03,P-56532,defender,DF
WC-2010,T-03,P-06108,midfielder,MF
WC-2010,T-03,P-64352,defender,DF
WC-2010,T-03,P-42113,midfielder,MF
WC-2010,T-03,P-62209,midfielder,MF
WC-2010,T-03,P-29398,forward,FW
WC-2010,T-03,P-14758,forward,FW
WC-2010,T-03,P-29080,forward,FW
WC-2010,T-03,P-05459,defender,DF
WC-2010,T-03,P-76131,defender,DF
WC-2010,T-03,P-77063,midfielder,MF
WC-2010,T-03,P-49114,defender,DF
WC-2010,T-03,P-36870,forward,FW
WC-2010,T-03,P-56859,midfielder,MF
WC-2010,T-03,P-60592,forward,FW
WC-2010,T-03,P-28014,forward,FW
WC-2010,T-03,P-33570,midfielder,MF
WC-2010,T-03,P-55451,goal keeper,GK
WC-2010,T-03,P-60541,goal keeper,GK
WC-2010,T-03,P-91484,midfielder,MF
WC-2010,T-04,P-78863,goal keeper,GK
WC-2010,T-04,P-91832,defender,DF
WC-2010,T-04,P-66908,defender,DF
WC-2010,T-04,P-44926,midfielder,MF
WC-2010,T-04,P-21864,midfielder,MF
WC-2010,T-04,P-69089,defender,DF
WC-2010,T-04,P-83566,midfielder,MF
WC-2010,T-04,P-14862,defender,DF
WC-2010,T-04,P-06754,forward,FW
WC-2010,T-04,P-14290,forward,FW
WC-2010,T-04,P-60008,defender,DF
WC-2010,T-04,P-33989,goal keeper,GK
WC-2010,T-04,P-63129,midfielder,MF
WC-2010,T-04,P-96211,forward,FW
WC-2010,T-04,P-37275,midfielder,MF
WC-2010,T-04,P-70545,midfielder,MF
WC-2010,T-04,P-31145,forward,FW
WC-2010,T-04,P-07864,goal keeper,GK
WC-2010,T-04,P-64711,midfielder,MF
WC-2010,T-04,P-36196,defender,DF
WC-2010,T-04,P-03552,defender,DF
WC-2010,T-04,P-73512,midfielder,MF
WC-2010,T-04,P-84486,midfielder,MF
WC-2010,T-09,P-11275,goal keeper,GK
WC-2010,T-09,P-94551,defender,DF
WC-2010,T-09,P-42918,defender,DF
WC-2010,T-09,P-98607,defender,DF
WC-2010,T-09,P-58840,midfielder,MF
WC-2010,T-09,P-86163,defender,DF
WC-2010,T-09,P-78264,midfielder,MF
WC-2010,T-09,P-45956,midfielder,MF
WC-2010,T-09,P-98528,forward,FW
WC-2010,T-09,P-58388,midfielder,MF
WC-2010,T-09,P-13354,forward,FW
WC-2010,T-09,P-27402,goal keeper,GK
WC-2010,T-09,P-09441,defender,DF
WC-2010,T-09,P-32968,defender,DF
WC-2010,T-09,P-32798,defender,DF
WC-2010,T-09,P-30363,defender,DF
WC-2010,T-09,P-74066,midfielder,MF
WC-2010,T-09,P-86499,midfielder,MF
WC-2010,T-09,P-29075,midfielder,MF
WC-2010,T-09,P-79283,midfielder,MF
WC-2010,T-09,P-25449,forward,FW
WC-2010,T-09,P-61927,goal keeper,GK
WC-2010,T-09,P-82456,forward,FW
WC-2010,T-11,P-59683,goal keeper,GK
WC-2010,T-11,P-44116,defender,DF
WC-2010,T-11,P-93209,defender,DF
WC-2010,T-11,P-98173,defender,DF
WC-2010,T-11,P-68512,defender,DF
WC-2010,T-11,P-99407,midfielder,MF
WC-2010,T-11,P-88732,midfielder,MF
WC-2010,T-11,P-86465,defender,DF
WC-2010,T-11,P-61703,forward,FW
WC-2010,T-11,P-96890,midfielder,MF
WC-2010,T-11,P-67012,midfielder,MF
WC-2010,T-11,P-47081,defender,DF
WC-2010,T-11,P-06117,forward,FW
WC-2010,T-11,P-86625,defender,DF
WC-2010,T-11,P-10830,forward,FW
WC-2010,T-11,P-44262,goal keeper,GK
WC-2010,T-11,P-53593,forward,FW
WC-2010,T-11,P-48455,midfielder,MF
WC-2010,T-11,P-48783,defender,DF
WC-2010,T-11,P-48097,midfielder,MF
WC-2010,T-11,P-47974,midfielder,MF
WC-2010,T-11,P-94440,goal keeper,GK
WC-2010,T-11,P-53452,forward,FW
WC-2010,T-13,P-89601,goal keeper,GK
WC-2010,T-13,P-98593,defender,DF
WC-2010,T-13,P-23300,defender,DF
WC-2010,T-13,P-16376,midfielder,MF
WC-2010,T-13,P-29404,defender,DF
WC-2010,T-13,P-41671,midfielder,MF
WC-2010,T-13,P-30014,forward,FW
WC-2010,T-13,P-41001,midfielder,MF
WC-2010,T-13,P-66477,forward,FW
WC-2010,T-13,P-65631,midfielder,MF
WC-2010,T-13,P-35574,forward,FW
WC-2010,T-13,P-52362,goal keeper,GK
WC-2010,T-13,P-08305,midfielder,MF
WC-2010,T-13,P-96009,midfielder,MF
WC-2010,T-13,P-74480,forward,FW
WC-2010,T-13,P-31755,forward,FW
WC-2010,T-13,P-49014,defender,DF
WC-2010,T-13,P-21890,defender,DF
WC-2010,T-13,P-67949,midfielder,MF
WC-2010,T-13,P-39840,midfielder,MF
WC-2010,T-13,P-90807,midfielder,MF
WC-2010,T-13,P-08708,forward,FW
WC-2010,T-13,P-11751,goal keeper,GK
WC-2010,T-22,P-00212,goal keeper,GK
WC-2010,T-22,P-46718,midfielder,MF
WC-2010,T-22,P-14988,defender,DF
WC-2010,T-22,P-52264,defender,DF
WC-2010,T-22,P-93951,defender,DF
WC-2010,T-22,P-13831,defender,DF
WC-2010,T-22,P-18657,midfielder,MF
WC-2010,T-22,P-63778,midfielder,MF
WC-2010,T-22,P-50534,forward,FW
WC-2010,T-22,P-68055,midfielder,MF
WC-2010,T-22,P-38862,forward,FW
WC-2010,T-22,P-47232,midfielder,MF
WC-2010,T-22,P-83625,defender,DF
WC-2010,T-22,P-67264,midfielder,MF
WC-2010,T-22,P-89870,defender,DF
WC-2010,T-22,P-83165,goal keeper,GK
WC-2010,T-22,P-45005,midfielder,MF
WC-2010,T-22,P-05707,forward,FW
WC-2010,T-22,P-80170,midfielder,MF
WC-2010,T-22,P-41303,midfielder,MF
WC-2010,T-22,P-50104,midfielder,MF
WC-2010,T-22,P-21988,goal keeper,GK
WC-2010,T-22,P-23395,defender,DF
WC-2010,T-28,P-59324,goal keeper,GK
WC-2010,T-28,P-43764,defender,DF
WC-2010,T-28,P-16557,defender,DF
WC-2010,T-28,P-62157,midfielder,MF
WC-2010,T-28,P-06000,defender,DF
WC-2010,T-28,P-71420,defender,DF
WC-2010,T-28,P-64864,midfielder,MF
WC-2010,T-28,P-65534,midfielder,MF
WC-2010,T-28,P-77532,forward,FW
WC-2010,T-28,P-99967,forward,FW
WC-2010,T-28,P-37933,midfielder,MF
WC-2010,T-28,P-84201,goal keeper,GK
WC-2010,T-28,P-44282,defender,DF
WC-2010,T-28,P-69235,midfielder,MF
WC-2010,T-28,P-41152,defender,DF
WC-2010,T-28,P-95616,midfielder,MF
WC-2010,T-28,P-48335,midfielder,MF
WC-2010,T-28,P-50944,defender,DF
WC-2010,T-28,P-42890,forward,FW
WC-2010,T-28,P-16073,defender,DF
WC-2010,T-28,P-08307,forward,FW
WC-2010,T-28,P-50718,midfielder,MF
WC-2010,T-28,P-64443,goal keeper,GK
WC-2010,T-30,P-30711,goal keeper,GK
WC-2010,T-30,P-69530,defender,DF
WC-2010,T-30,P-04469,defender,DF
WC-2010,T-30,P-94643,defender,DF
WC-2010,T-30,P-68803,defender,DF
WC-2010,T-30,P-13394,defender,DF
WC-2010,T-30,P-55659,midfielder,MF
WC-2010,T-30,P-72795,midfielder,MF
WC-2010,T-30,P-53533,forward,FW
WC-2010,T-30,P-31668,forward,FW
WC-2010,T-30,P-42706,forward,FW
WC-2010,T-30,P-51395,forward,FW
WC-2010,T-30,P-72916,defender,DF
WC-2010,T-30,P-09884,midfielder,MF
WC-2010,T-30,P-18830,midfielder,MF
WC-2010,T-30,P-69594,goal keeper,GK
WC-2010,T-30,P-33400,defender,DF
WC-2010,T-30,P-58415,midfielder,MF
WC-2010,T-30,P-82555,midfielder,MF
WC-2010,T-30,P-84312,midfielder,MF
WC-2010,T-30,P-57240,forward,FW
WC-2010,T-30,P-77249,defender,DF
WC-2010,T-30,P-38004,goal keeper,GK
WC-2010,T-31,P-19408,goal keeper,GK
WC-2010,T-31,P-50326,defender,DF
WC-2010,T-31,P-43481,defender,DF
WC-2010,T-31,P-04201,defender,DF
WC-2010,T-31,P-03879,defender,DF
WC-2010,T-31,P-13029,midfielder,MF
WC-2010,T-31,P-43400,midfielder,MF
WC-2010,T-31,P-12818,midfielder,MF
WC-2010,T-31,P-88148,forward,FW
WC-2010,T-31,P-36287,midfielder,MF
WC-2010,T-31,P-27787,forward,FW
WC-2010,T-31,P-68199,goal keeper,GK
WC-2010,T-31,P-28154,midfielder,MF
WC-2010,T-31,P-47255,defender,DF
WC-2010,T-31,P-47324,midfielder,MF
WC-2010,T-31,P-18599,defender,DF
WC-2010,T-31,P-02328,defender,DF
WC-2010,T-31,P-39356,midfielder,MF
WC-2010,T-31,P-10713,forward,FW
WC-2010,T-31,P-04224,defender,DF
WC-2010,T-31,P-97093,midfielder,MF
WC-2010,T-31,P-05630,goal keeper,GK
WC-2010,T-31,P-78594,forward,FW
WC-2010,T-32,P-79898,goal keeper,GK
WC-2010,T-32,P-24586,defender,DF
WC-2010,T-32,P-38556,forward,FW
WC-2010,T-32,P-25083,defender,DF
WC-2010,T-32,P-29967,defender,DF
WC-2010,T-32,P-50270,midfielder,MF
WC-2010,T-32,P-43176,defender,DF
WC-2010,T-32,P-93750,defender,DF
WC-2010,T-32,P-49882,midfielder,MF
WC-2010,T-32,P-09728,midfielder,MF
WC-2010,T-32,P-50641,midfielder,MF
WC-2010,T-32,P-69641,forward,FW
WC-2010,T-32,P-01945,midfielder,MF
WC-2010,T-32,P-79316,forward,FW
WC-2010,T-32,P-56448,defender,DF
WC-2010,T-32,P-29011,goal keeper,GK
WC-2010,T-32,P-79884,defender,DF
WC-2010,T-32,P-65216,forward,FW
WC-2010,T-32,P-56284,defender,DF
WC-2010,T-32,P-06223,midfielder,MF
WC-2010,T-32,P-39956,midfielder,MF
WC-2010,T-32,P-81778,goal keeper,GK
WC-2010,T-32,P-66316,midfielder,MF
WC-2010,T-33,P-51633,goal keeper,GK
WC-2010,T-33,P-70793,defender,DF
WC-2010,T-33,P-70421,defender,DF
WC-2010,T-33,P-69064,defender,DF
WC-2010,T-33,P-47188,defender,DF
WC-2010,T-33,P-10140,midfielder,MF
WC-2010,T-33,P-58348,forward,FW
WC-2010,T-33,P-36090,defender,DF
WC-2010,T-33,P-32124,forward,FW
WC-2010,T-33,P-17698,midfielder,MF
WC-2010,T-33,P-28140,defender,DF
WC-2010,T-33,P-83927,goal keeper,GK
WC-2010,T-33,P-07928,goal keeper,GK
WC-2010,T-33,P-75292,forward,FW
WC-2010,T-33,P-05210,defender,DF
WC-2010,T-33,P-50181,defender,DF
WC-2010,T-33,P-56893,forward,FW
WC-2010,T-33,P-45647,midfielder,MF
WC-2010,T-33,P-11436,defender,DF
WC-2010,T-33,P-59270,forward,FW
WC-2010,T-33,P-52378,midfielder,MF
WC-2010,T-33,P-08522,defender,DF
WC-2010,T-33,P-84614,midfielder,MF
WC-2010,T-35,P-14138,goal keeper,GK
WC-2010,T-35,P-53363,defender,DF
WC-2010,T-35,P-31125,defender,DF
WC-2010,T-35,P-23032,defender,DF
WC-2010,T-35,P-82662,defender,DF
WC-2010,T-35,P-45221,midfielder,MF
WC-2010,T-35,P-50967,midfielder,MF
WC-2010,T-35,P-15185,midfielder,MF
WC-2010,T-35,P-59301,forward,FW
WC-2010,T-35,P-73160,forward,FW
WC-2010,T-35,P-54804,forward,FW
WC-2010,T-35,P-91430,forward,FW
WC-2010,T-35,P-53060,forward,FW
WC-2010,T-35,P-93922,defender,DF
WC-2010,T-35,P-88160,forward,FW
WC-2010,T-35,P-71236,defender,DF
WC-2010,T-35,P-97689,midfielder,MF
WC-2010,T-35,P-93059,goal keeper,GK
WC-2010,T-35,P-06476,midfielder,MF
WC-2010,T-35,P-04726,midfielder,MF
WC-2010,T-35,P-57482,defender,DF
WC-2010,T-35,P-81025,goal keeper,GK
WC-2010,T-35,P-07624,defender,DF
WC-2010,T-41,P-11392,goal keeper,GK
WC-2010,T-41,P-11109,defender,DF
WC-2010,T-41,P-54694,defender,DF
WC-2010,T-41,P-92874,defender,DF
WC-2010,T-41,P-88863,defender,DF
WC-2010,T-41,P-65802,midfielder,MF
WC-2010,T-41,P-47246,midfielder,MF
WC-2010,T-41,P-18164,midfielder,MF
WC-2010,T-41,P-38599,forward,FW
WC-2010,T-41,P-75306,forward,FW
WC-2010,T-41,P-48645,forward,FW
WC-2010,T-41,P-30116,goal keeper,GK
WC-2010,T-41,P-36764,defender,DF
WC-2010,T-41,P-19910,goal keeper,GK
WC-2010,T-41,P-37848,midfielder,MF
WC-2010,T-41,P-22378,midfielder,MF
WC-2010,T-41,P-06005,midfielder,MF
WC-2010,T-41,P-01045,forward,FW
WC-2010,T-41,P-42227,defender,DF
WC-2010,T-41,P-27627,forward,FW
WC-2010,T-41,P-99537,midfielder,MF
WC-2010,T-41,P-37678,midfielder,MF
WC-2010,T-41,P-57248,defender,DF
WC-2010,T-42,P-30753,goal keeper,GK
WC-2010,T-42,P-19422,defender,DF
WC-2010,T-42,P-08544,defender,DF
WC-2010,T-42,P-25398,defender,DF
WC-2010,T-42,P-48968,midfielder,MF
WC-2010,T-42,P-04746,defender,DF
WC-2010,T-42,P-63253,forward,FW
WC-2010,T-42,P-31976,forward,FW
WC-2010,T-42,P-19801,midfielder,MF
WC-2010,T-42,P-33586,forward,FW
WC-2010,T-42,P-99466,forward,FW
WC-2010,T-42,P-50281,midfielder,MF
WC-2010,T-42,P-55581,midfielder,MF
WC-2010,T-42,P-77484,midfielder,MF
WC-2010,T-42,P-93241,forward,FW
WC-2010,T-42,P-77464,goal keeper,GK
WC-2010,T-42,P-59702,defender,DF
WC-2010,T-42,P-98071,midfielder,MF
WC-2010,T-42,P-44934,midfielder,MF
WC-2010,T-42,P-75763,defender,DF
WC-2010,T-42,P-92316,defender,DF
WC-2010,T-42,P-55416,defender,DF
WC-2010,T-42,P-64945,goal keeper,GK
WC-2010,T-44,P-24251,goal keeper,GK
WC-2010,T-44,P-00148,midfielder,MF
WC-2010,T-44,P-46091,defender,DF
WC-2010,T-44,P-29462,defender,DF
WC-2010,T-44,P-26303,defender,DF
WC-2010,T-44,P-35179,defender,DF
WC-2010,T-44,P-61292,midfielder,MF
WC-2010,T-44,P-03497,forward,FW
WC-2010,T-44,P-84807,forward,FW
WC-2010,T-44,P-77277,midfielder,MF
WC-2010,T-44,P-15134,forward,FW
WC-2010,T-44,P-89840,forward,FW
WC-2010,T-44,P-28659,defender,DF
WC-2010,T-44,P-16260,midfielder,MF
WC-2010,T-44,P-85824,defender,DF
WC-2010,T-44,P-90491,forward,FW
WC-2010,T-44,P-91793,midfielder,MF
WC-2010,T-44,P-33175,midfielder,MF
WC-2010,T-44,P-12781,forward,FW
WC-2010,T-44,P-46807,midfielder,MF
WC-2010,T-44,P-53272,goal keeper,GK
WC-2010,T-44,P-90430,defender,DF
WC-2010,T-44,P-54298,goal keeper,GK
WC-2010,T-46,P-52784,goal keeper,GK
WC-2010,T-46,P-11191,defender,DF
WC-2010,T-46,P-97434,defender,DF
WC-2010,T-46,P-44763,defender,DF
WC-2010,T-46,P-98486,defender,DF
WC-2010,T-46,P-89297,midfielder,MF
WC-2010,T-46,P-80043,midfielder,MF
WC-2010,T-46,P-02461,midfielder,MF
WC-2010,T-46,P-73255,forward,FW
WC-2010,T-46,P-88428,forward,FW
WC-2010,T-46,P-68042,forward,FW
WC-2010,T-46,P-01835,defender,DF
WC-2010,T-46,P-80826,goal keeper,GK
WC-2010,T-46,P-36515,forward,FW
WC-2010,T-46,P-21208,defender,DF
WC-2010,T-46,P-85916,defender,DF
WC-2010,T-46,P-77047,forward,FW
WC-2010,T-46,P-40312,midfielder,MF
WC-2010,T-46,P-98210,defender,DF
WC-2010,T-46,P-01987,defender,DF
WC-2010,T-46,P-44438,forward,FW
WC-2010,T-46,P-53231,midfielder,MF
WC-2010,T-46,P-21945,goal keeper,GK
WC-2010,T-48,P-36850,goal keeper,GK
WC-2010,T-48,P-20084,defender,DF
WC-2010,T-48,P-28832,defender,DF
WC-2010,T-48,P-40197,defender,DF
WC-2010,T-48,P-21832,defender,DF
WC-2010,T-48,P-69700,midfielder,MF
WC-2010,T-48,P-33312,forward,FW
WC-2010,T-48,P-53668,midfielder,MF
WC-2010,T-48,P-99934,forward,FW
WC-2010,T-48,P-51336,midfielder,MF
WC-2010,T-48,P-23705,forward,FW
WC-2010,T-48,P-46895,defender,DF
WC-2010,T-48,P-96131,defender,DF
WC-2010,T-48,P-93449,midfielder,MF
WC-2010,T-48,P-63744,defender,DF
WC-2010,T-48,P-32095,goal keeper,GK
WC-2010,T-48,P-12995,forward,FW
WC-2010,T-48,P-03298,midfielder,MF
WC-2010,T-48,P-17967,forward,FW
WC-2010,T-48,P-81141,midfielder,MF
WC-2010,T-48,P-64344,forward,FW
WC-2010,T-48,P-66870,goal keeper,GK
WC-2010,T-48,P-68125,midfielder,MF
WC-2010,T-49,P-60304,goal keeper,GK
WC-2010,T-49,P-72305,defender,DF
WC-2010,T-49,P-10960,defender,DF
WC-2010,T-49,P-57058,defender,DF
WC-2010,T-49,P-95458,defender,DF
WC-2010,T-49,P-81126,defender,DF
WC-2010,T-49,P-53863,midfielder,MF
WC-2010,T-49,P-72098,midfielder,MF
WC-2010,T-49,P-90145,forward,FW
WC-2010,T-49,P-90951,forward,FW
WC-2010,T-49,P-85046,midfielder,MF
WC-2010,T-49,P-45524,goal keeper,GK
WC-2010,T-49,P-92939,midfielder,MF
WC-2010,T-49,P-20963,forward,FW
WC-2010,T-49,P-54658,midfielder,MF
WC-2010,T-49,P-76440,midfielder,MF
WC-2010,T-49,P-86132,midfielder,MF
WC-2010,T-49,P-15454,defender,DF
WC-2010,T-49,P-84524,defender,DF
WC-2010,T-49,P-17136,forward,FW
WC-2010,T-49,P-26059,midfielder,MF
WC-2010,T-49,P-72611,midfielder,MF
WC-2010,T-49,P-48947,goal keeper,GK
WC-2010,T-50,P-39249,goal keeper,GK
WC-2010,T-50,P-64104,defender,DF
WC-2010,T-50,P-51705,defender,DF
WC-2010,T-50,P-91516,forward,FW
WC-2010,T-50,P-55727,defender,DF
WC-2010,T-50,P-24770,defender,DF
WC-2010,T-50,P-64893,forward,FW
WC-2010,T-50,P-98373,forward,FW
WC-2010,T-50,P-52510,forward,FW
WC-2010,T-50,P-39485,forward,FW
WC-2010,T-50,P-70006,forward,FW
WC-2010,T-50,P-98626,forward,FW
WC-2010,T-50,P-04333,midfielder,MF
WC-2010,T-50,P-34118,midfielder,MF
WC-2010,T-50,P-98826,midfielder,MF
WC-2010,T-50,P-47983,goal keeper,GK
WC-2010,T-50,P-65327,defender,DF
WC-2010,T-50,P-04567,forward,FW
WC-2010,T-50,P-62448,forward,FW
WC-2010,T-50,P-96711,midfielder,MF
WC-2010,T-50,P-45065,defender,DF
WC-2010,T-50,P-42799,defender,DF
WC-2010,T-50,P-73175,goal keeper,GK
WC-2010,T-51,P-08689,goal keeper,GK
WC-2010,T-51,P-44308,defender,DF
WC-2010,T-51,P-66310,defender,DF
WC-2010,T-51,P-56547,midfielder,MF
WC-2010,T-51,P-72474,defender,DF
WC-2010,T-51,P-08049,midfielder,MF
WC-2010,T-51,P-84945,forward,FW
WC-2010,T-51,P-01454,defender,DF
WC-2010,T-51,P-04397,forward,FW
WC-2010,T-51,P-57041,forward,FW
WC-2010,T-51,P-91408,midfielder,MF
WC-2010,T-51,P-92121,forward,FW
WC-2010,T-51,P-35746,defender,DF
WC-2010,T-51,P-47780,defender,DF
WC-2010,T-51,P-02525,midfielder,MF
WC-2010,T-51,P-98982,defender,DF
WC-2010,T-51,P-16478,midfielder,MF
WC-2010,T-51,P-42392,goal keeper,GK
WC-2010,T-51,P-40949,midfielder,MF
WC-2010,T-51,P-80634,goal keeper,GK
WC-2010,T-51,P-79720,defender,DF
WC-2010,T-51,P-49251,midfielder,MF
WC-2010,T-51,P-79551,midfielder,MF
WC-2010,T-55,P-94060,goal keeper,GK
WC-2010,T-55,P-95038,defender,DF
WC-2010,T-55,P-53028,defender,DF
WC-2010,T-55,P-82458,defender,DF
WC-2010,T-55,P-50109,defender,DF
WC-2010,T-55,P-22302,defender,DF
WC-2010,T-55,P-30381,forward,FW
WC-2010,T-55,P-44396,midfielder,MF
WC-2010,T-55,P-34530,forward,FW
WC-2010,T-55,P-68929,forward,FW
WC-2010,T-55,P-33360,midfielder,MF
WC-2010,T-55,P-35934,goal keeper,GK
WC-2010,T-55,P-18210,midfielder,MF
WC-2010,T-55,P-30891,defender,DF
WC-2010,T-55,P-21823,midfielder,MF
WC-2010,T-55,P-78654,midfielder,MF
WC-2010,T-55,P-06285,defender,DF
WC-2010,T-55,P-50699,forward,FW
WC-2010,T-55,P-41357,forward,FW
WC-2010,T-55,P-37133,midfielder,MF
WC-2010,T-55,P-87859,defender,DF
WC-2010,T-55,P-26126,goal keeper,GK
WC-2010,T-55,P-21518,forward,FW
WC-2010,T-58,P-37990,goal keeper,GK
WC-2010,T-58,P-76960,defender,DF
WC-2010,T-58,P-16378,defender,DF
WC-2010,T-58,P-04367,defender,DF
WC-2010,T-58,P-08069,midfielder,MF
WC-2010,T-58,P-37760,defender,DF
WC-2010,T-58,P-70442,forward,FW
WC-2010,T-58,P-47801,midfielder,MF
WC-2010,T-58,P-28404,forward,FW
WC-2010,T-58,P-95172,midfielder,MF
WC-2010,T-58,P-32279,midfielder,MF
WC-2010,T-58,P-27059,goal keeper,GK
WC-2010,T-58,P-28497,defender,DF
WC-2010,T-58,P-98693,midfielder,MF
WC-2010,T-58,P-81972,defender,DF
WC-2010,T-58,P-88101,midfielder,MF
WC-2010,T-58,P-11629,midfielder,MF
WC-2010,T-58,P-14428,forward,FW
WC-2010,T-58,P-21434,midfielder,MF
WC-2010,T-58,P-96343,midfielder,MF
WC-2010,T-58,P-55321,defender,DF
WC-2010,T-58,P-06977,goal keeper,GK
WC-2010,T-58,P-92000,defender,DF
WC-2010,T-66,P-46403,goal keeper,GK
WC-2010,T-66,P-39341,defender,DF
WC-2010,T-66,P-33059,defender,DF
WC-2010,T-66,P-85465,midfielder,MF
WC-2010,T-66,P-68901,defender,DF
WC-2010,T-66,P-95482,defender,DF
WC-2010,T-66,P-25507,midfielder,MF
WC-2010,T-66,P-40791,forward,FW
WC-2010,T-66,P-07371,forward,FW
WC-2010,T-66,P-22793,midfielder,MF
WC-2010,T-66,P-39459,midfielder,MF
WC-2010,T-66,P-38928,goal keeper,GK
WC-2010,T-66,P-32588,defender,DF
WC-2010,T-66,P-56515,midfielder,MF
WC-2010,T-66,P-18094,forward,FW
WC-2010,T-66,P-59023,defender,DF
WC-2010,T-66,P-23735,midfielder,MF
WC-2010,T-66,P-71962,midfielder,MF
WC-2010,T-66,P-30803,midfielder,MF
WC-2010,T-66,P-47415,defender,DF
WC-2010,T-66,P-81872,forward,FW
WC-2010,T-66,P-88851,midfielder,MF
WC-2010,T-66,P-28333,goal keeper,GK
WC-2010,T-68,P-83904,goal keeper,GK
WC-2010,T-68,P-55404,defender,DF
WC-2010,T-68,P-57606,defender,DF
WC-2010,T-68,P-51100,defender,DF
WC-2010,T-68,P-30935,defender,DF
WC-2010,T-68,P-37913,midfielder,MF
WC-2010,T-68,P-57948,midfielder,MF
WC-2010,T-68,P-26673,midfielder,MF
WC-2010,T-68,P-26852,midfielder,MF
WC-2010,T-68,P-81950,midfielder,MF
WC-2010,T-68,P-14764,forward,FW
WC-2010,T-68,P-24713,goal keeper,GK
WC-2010,T-68,P-18604,forward,FW
WC-2010,T-68,P-82522,forward,FW
WC-2010,T-68,P-78836,midfielder,MF
WC-2010,T-68,P-88680,defender,DF
WC-2010,T-68,P-73975,midfielder,MF
WC-2010,T-68,P-63023,forward,FW
WC-2010,T-68,P-18379,midfielder,MF
WC-2010,T-68,P-40368,midfielder,MF
WC-2010,T-68,P-75191,defender,DF
WC-2010,T-68,P-77979,defender,DF
WC-2010,T-68,P-55017,goal keeper,GK
WC-2010,T-69,P-80179,goal keeper,GK
WC-2010,T-69,P-33677,defender,DF
WC-2010,T-69,P-46048,defender,DF
WC-2010,T-69,P-10829,defender,DF
WC-2010,T-69,P-68662,defender,DF
WC-2010,T-69,P-68982,defender,DF
WC-2010,T-69,P-14953,forward,FW
WC-2010,T-69,P-17662,midfielder,MF
WC-2010,T-69,P-01012,forward,FW
WC-2010,T-69,P-20008,forward,FW
WC-2010,T-69,P-58094,forward,FW
WC-2010,T-69,P-15218,goal keeper,GK
WC-2010,T-69,P-65942,defender,DF
WC-2010,T-69,P-21784,forward,FW
WC-2010,T-69,P-76597,midfielder,MF
WC-2010,T-69,P-78416,goal keeper,GK
WC-2010,T-69,P-91038,midfielder,MF
WC-2010,T-69,P-06159,midfielder,MF
WC-2010,T-69,P-38988,defender,DF
WC-2010,T-69,P-75452,midfielder,MF
WC-2010,T-69,P-01978,midfielder,MF
WC-2010,T-69,P-00548,defender,DF
WC-2010,T-69,P-75538,forward,FW
WC-2010,T-70,P-73468,goal keeper,GK
WC-2010,T-70,P-94009,defender,DF
WC-2010,T-70,P-37930,defender,DF
WC-2010,T-70,P-65611,defender,DF
WC-2010,T-70,P-06967,defender,DF
WC-2010,T-70,P-21000,midfielder,MF
WC-2010,T-70,P-60414,midfielder,MF
WC-2010,T-70,P-31160,midfielder,MF
WC-2010,T-70,P-39078,forward,FW
WC-2010,T-70,P-38095,midfielder,MF
WC-2010,T-70,P-26472,midfielder,MF
WC-2010,T-70,P-37166,midfielder,MF
WC-2010,T-70,P-92279,midfielder,MF
WC-2010,T-70,P-89889,defender,DF
WC-2010,T-70,P-44682,defender,DF
WC-2010,T-70,P-38574,goal keeper,GK
WC-2010,T-70,P-36316,forward,FW
WC-2010,T-70,P-22393,forward,FW
WC-2010,T-70,P-22568,midfielder,MF
WC-2010,T-70,P-61943,defender,DF
WC-2010,T-70,P-22488,defender,DF
WC-2010,T-70,P-61610,goal keeper,GK
WC-2010,T-70,P-39008,midfielder,MF
WC-2010,T-71,P-95122,goal keeper,GK
WC-2010,T-71,P-61649,defender,DF
WC-2010,T-71,P-96457,defender,DF
WC-2010,T-71,P-16580,midfielder,MF
WC-2010,T-71,P-51785,midfielder,MF
WC-2010,T-71,P-16139,midfielder,MF
WC-2010,T-71,P-25724,midfielder,MF
WC-2010,T-71,P-47942,midfielder,MF
WC-2010,T-71,P-26616,forward,FW
WC-2010,T-71,P-06608,forward,FW
WC-2010,T-71,P-47809,forward,FW
WC-2010,T-71,P-46519,defender,DF
WC-2010,T-71,P-30708,midfielder,MF
WC-2010,T-71,P-07494,defender,DF
WC-2010,T-71,P-61550,defender,DF
WC-2010,T-71,P-48433,midfielder,MF
WC-2010,T-71,P-40927,midfielder,MF
WC-2010,T-71,P-88939,goal keeper,GK
WC-2010,T-71,P-32822,forward,FW
WC-2010,T-71,P-85453,forward,FW
WC-2010,T-71,P-08539,goal keeper,GK
WC-2010,T-71,P-39884,defender,DF
WC-2010,T-71,P-15739,defender,DF
WC-2010,T-73,P-61793,goal keeper,GK
WC-2010,T-73,P-24647,defender,DF
WC-2010,T-73,P-64348,defender,DF
WC-2010,T-73,P-15314,defender,DF
WC-2010,T-73,P-51089,defender,DF
WC-2010,T-73,P-56330,midfielder,MF
WC-2010,T-73,P-49097,forward,FW
WC-2010,T-73,P-29415,midfielder,MF
WC-2010,T-73,P-71661,forward,FW
WC-2010,T-73,P-81297,midfielder,MF
WC-2010,T-73,P-47753,defender,DF
WC-2010,T-73,P-51931,goal keeper,GK
WC-2010,T-73,P-47597,midfielder,MF
WC-2010,T-73,P-73924,midfielder,MF
WC-2010,T-73,P-89177,defender,DF
WC-2010,T-73,P-28010,midfielder,MF
WC-2010,T-73,P-94275,defender,DF
WC-2010,T-73,P-78418,forward,FW
WC-2010,T-73,P-38283,forward,FW
WC-2010,T-73,P-05758,midfielder,MF
WC-2010,T-73,P-64102,midfielder,MF
WC-2010,T-73,P-69284,midfielder,MF
WC-2010,T-73,P-44334,goal keeper,GK
WC-2010,T-75,P-46325,goal keeper,GK
WC-2010,T-75,P-09988,defender,DF
WC-2010,T-75,P-82814,defender,DF
WC-2010,T-75,P-94161,defender,DF
WC-2010,T-75,P-62393,defender,DF
WC-2010,T-75,P-24458,midfielder,MF
WC-2010,T-75,P-97143,midfielder,MF
WC-2010,T-75,P-09596,midfielder,MF
WC-2010,T-75,P-61684,forward,FW
WC-2010,T-75,P-27813,forward,FW
WC-2010,T-75,P-54713,midfielder,MF
WC-2010,T-75,P-75487,goal keeper,GK
WC-2010,T-75,P-49127,defender,DF
WC-2010,T-75,P-71652,midfielder,MF
WC-2010,T-75,P-59636,midfielder,MF
WC-2010,T-75,P-77553,midfielder,MF
WC-2010,T-75,P-09704,defender,DF
WC-2010,T-75,P-04767,forward,FW
WC-2010,T-75,P-84535,forward,FW
WC-2010,T-75,P-31553,midfielder,MF
WC-2010,T-75,P-29799,goal keeper,GK
WC-2010,T-75,P-31548,defender,DF
WC-2010,T-75,P-39460,midfielder,MF
WC-2010,T-83,P-50522,goal keeper,GK
WC-2010,T-83,P-71113,defender,DF
WC-2010,T-83,P-12548,defender,DF
WC-2010,T-83,P-97258,midfielder,MF
WC-2010,T-83,P-87765,defender,DF
WC-2010,T-83,P-77238,defender,DF
WC-2010,T-83,P-91976,midfielder,MF
WC-2010,T-83,P-18672,midfielder,MF
WC-2010,T-83,P-72039,forward,FW
WC-2010,T-83,P-05728,midfielder,MF
WC-2010,T-83,P-88370,midfielder,MF
WC-2010,T-83,P-56817,defender,DF
WC-2010,T-83,P-64198,midfielder,MF
WC-2010,T-83,P-15091,forward,FW
WC-2010,T-83,P-78640,defender,DF
WC-2010,T-83,P-55538,midfielder,MF
WC-2010,T-83,P-07475,forward,FW
WC-2010,T-83,P-58476,goal keeper,GK
WC-2010,T-83,P-48341,midfielder,MF
WC-2010,T-83,P-36179,forward,FW
WC-2010,T-83,P-01212,defender,DF
WC-2010,T-83,P-09461,midfielder,MF
WC-2010,T-83,P-92673,goal keeper,GK
WC-2010,T-84,P-10014,goal keeper,GK
WC-2010,T-84,P-89878,defender,DF
WC-2010,T-84,P-78440,defender,DF
WC-2010,T-84,P-95196,defender,DF
WC-2010,T-84,P-78735,midfielder,MF
WC-2010,T-84,P-92649,defender,DF
WC-2010,T-84,P-59138,forward,FW
WC-2010,T-84,P-50741,midfielder,MF
WC-2010,T-84,P-30486,forward,FW
WC-2010,T-84,P-86087,forward,FW
WC-2010,T-84,P-11075,midfielder,MF
WC-2010,T-84,P-91301,goal keeper,GK
WC-2010,T-84,P-64372,forward,FW
WC-2010,T-84,P-36662,midfielder,MF
WC-2010,T-84,P-53254,midfielder,MF
WC-2010,T-84,P-41944,defender,DF
WC-2010,T-84,P-80668,midfielder,MF
WC-2010,T-84,P-46031,midfielder,MF
WC-2010,T-84,P-87316,defender,DF
WC-2010,T-84,P-99965,midfielder,MF
WC-2010,T-84,P-88751,forward,FW
WC-2010,T-84,P-74058,defender,DF
WC-2010,T-84,P-59802,goal keeper,GK
WC-2011,T-04,P-64332,goal keeper,GK
WC-2011,T-04,P-86560,defender,DF
WC-2011,T-04,P-77401,defender,DF
WC-2011,T-04,P-35812,defender,DF
WC-2011,T-04,P-60374,defender,DF
WC-2011,T-04,P-24314,defender,DF
WC-2011,T-04,P-47947,midfielder,MF
WC-2011,T-04,P-81723,midfielder,MF
WC-2011,T-04,P-87785,forward,FW
WC-2011,T-04,P-89301,midfielder,MF
WC-2011,T-04,P-83079,forward,FW
WC-2011,T-04,P-58730,forward,FW
WC-2011,T-04,P-78451,midfielder,MF
WC-2011,T-04,P-87492,midfielder,MF
WC-2011,T-04,P-74624,midfielder,MF
WC-2011,T-04,P-82607,midfielder,MF
WC-2011,T-04,P-77133,forward,FW
WC-2011,T-04,P-94956,goal keeper,GK
WC-2011,T-04,P-36992,forward,FW
WC-2011,T-04,P-76435,midfielder,MF
WC-2011,T-04,P-82430,goal keeper,GK
WC-2011,T-09,P-66036,goal keeper,GK
WC-2011,T-09,P-26798,defender,DF
WC-2011,T-09,P-25746,defender,DF
WC-2011,T-09,P-84724,defender,DF
WC-2011,T-09,P-31275,defender,DF
WC-2011,T-09,P-85281,defender,DF
WC-2011,T-09,P-58459,midfielder,MF
WC-2011,T-09,P-19610,midfielder,MF
WC-2011,T-09,P-42763,midfielder,MF
WC-2011,T-09,P-07458,forward,FW
WC-2011,T-09,P-93057,forward,FW
WC-2011,T-09,P-61069,goal keeper,GK
WC-2011,T-09,P-82497,defender,DF
WC-2011,T-09,P-06224,forward,FW
WC-2011,T-09,P-51448,midfielder,MF
WC-2011,T-09,P-81163,defender,DF
WC-2011,T-09,P-51943,forward,FW
WC-2011,T-09,P-51290,forward,FW
WC-2011,T-09,P-78266,forward,FW
WC-2011,T-09,P-11711,defender,DF
WC-2011,T-09,P-36606,goal keeper,GK
WC-2011,T-12,P-41105,goal keeper,GK
WC-2011,T-12,P-59568,defender,DF
WC-2011,T-12,P-07876,midfielder,MF
WC-2011,T-12,P-80374,midfielder,MF
WC-2011,T-12,P-03906,defender,DF
WC-2011,T-12,P-96648,midfielder,MF
WC-2011,T-12,P-35069,defender,DF
WC-2011,T-12,P-28528,midfielder,MF
WC-2011,T-12,P-19025,defender,DF
WC-2011,T-12,P-44161,forward,FW
WC-2011,T-12,P-36065,midfielder,MF
WC-2011,T-12,P-97813,forward,FW
WC-2011,T-12,P-95092,midfielder,MF
WC-2011,T-12,P-27120,forward,FW
WC-2011,T-12,P-96459,forward,FW
WC-2011,T-12,P-96231,forward,FW
WC-2011,T-12,P-36636,defender,DF
WC-2011,T-12,P-33982,goal keeper,GK
WC-2011,T-12,P-24924,midfielder,MF
WC-2011,T-12,P-45538,defender,DF
WC-2011,T-12,P-47418,goal keeper,GK
WC-2011,T-16,P-89708,goal keeper,GK
WC-2011,T-16,P-78876,defender,DF
WC-2011,T-16,P-92991,defender,DF
WC-2011,T-16,P-68128,midfielder,MF
WC-2011,T-16,P-00137,defender,DF
WC-2011,T-16,P-24999,midfielder,MF
WC-2011,T-16,P-76437,forward,FW
WC-2011,T-16,P-06901,defender,DF
WC-2011,T-16,P-03422,midfielder,MF
WC-2011,T-16,P-29031,midfielder,MF
WC-2011,T-16,P-64079,midfielder,MF
WC-2011,T-16,P-97803,goal keeper,GK
WC-2011,T-16,P-04625,midfielder,MF
WC-2011,T-16,P-69868,defender,DF
WC-2011,T-16,P-15347,midfielder,MF
WC-2011,T-16,P-24913,forward,FW
WC-2011,T-16,P-09925,forward,FW
WC-2011,T-16,P-46202,forward,FW
WC-2011,T-16,P-36367,defender,DF
WC-2011,T-16,P-85632,midfielder,MF
WC-2011,T-16,P-40025,goal keeper,GK
WC-2011,T-28,P-90789,goal keeper,GK
WC-2011,T-28,P-22178,defender,DF
WC-2011,T-28,P-16452,defender,DF
WC-2011,T-28,P-41187,midfielder,MF
WC-2011,T-28,P-81136,defender,DF
WC-2011,T-28,P-77877,defender,DF
WC-2011,T-28,P-65975,midfielder,MF
WC-2011,T-28,P-10986,midfielder,MF
WC-2011,T-28,P-84864,forward,FW
WC-2011,T-28,P-12357,forward,FW
WC-2011,T-28,P-38142,midfielder,MF
WC-2011,T-28,P-34666,forward,FW
WC-2011,T-28,P-40412,goal keeper,GK
WC-2011,T-28,P-38733,forward,FW
WC-2011,T-28,P-47576,defender,DF
WC-2011,T-28,P-30706,midfielder,MF
WC-2011,T-28,P-69145,midfielder,MF
WC-2011,T-28,P-45870,midfielder,MF
WC-2011,T-28,P-64295,defender,DF
WC-2011,T-28,P-35919,defender,DF
WC-2011,T-28,P-55474,goal keeper,GK
WC-2011,T-29,P-83750,goal keeper,GK
WC-2011,T-29,P-36010,defender,DF
WC-2011,T-29,P-94069,defender,DF
WC-2011,T-29,P-15903,defender,DF
WC-2011,T-29,P-00325,midfielder,MF
WC-2011,T-29,P-67928,midfielder,MF
WC-2011,T-29,P-09953,forward,FW
WC-2011,T-29,P-30247,forward,FW
WC-2011,T-29,P-03224,midfielder,MF
WC-2011,T-29,P-37720,midfielder,MF
WC-2011,T-29,P-96775,midfielder,MF
WC-2011,T-29,P-21565,midfielder,MF
WC-2011,T-29,P-43699,goal keeper,GK
WC-2011,T-29,P-24534,midfielder,MF
WC-2011,T-29,P-18006,midfielder,MF
WC-2011,T-29,P-93603,midfielder,MF
WC-2011,T-29,P-09646,forward,FW
WC-2011,T-29,P-77881,goal keeper,GK
WC-2011,T-29,P-89658,forward,FW
WC-2011,T-29,P-39140,midfielder,MF
WC-2011,T-29,P-01321,defender,DF
WC-2011,T-30,P-26403,goal keeper,GK
WC-2011,T-30,P-32017,defender,DF
WC-2011,T-30,P-03183,defender,DF
WC-2011,T-30,P-75036,defender,DF
WC-2011,T-30,P-04863,defender,DF
WC-2011,T-30,P-45480,midfielder,MF
WC-2011,T-30,P-81637,midfielder,MF
WC-2011,T-30,P-25958,defender,DF
WC-2011,T-30,P-70239,forward,FW
WC-2011,T-30,P-72635,midfielder,MF
WC-2011,T-30,P-26793,defender,DF
WC-2011,T-30,P-00064,forward,FW
WC-2011,T-30,P-38368,midfielder,MF
WC-2011,T-30,P-63892,midfielder,MF
WC-2011,T-30,P-81978,midfielder,MF
WC-2011,T-30,P-44882,goal keeper,GK
WC-2011,T-30,P-23859,forward,FW
WC-2011,T-30,P-89379,forward,FW
WC-2011,T-30,P-03998,forward,FW
WC-2011,T-30,P-90240,defender,DF
WC-2011,T-30,P-30046,goal keeper,GK
WC-2011,T-31,P-54576,goal keeper,GK
WC-2011,T-31,P-21392,defender,DF
WC-2011,T-31,P-96080,defender,DF
WC-2011,T-31,P-59869,defender,DF
WC-2011,T-31,P-67377,defender,DF
WC-2011,T-31,P-47092,midfielder,MF
WC-2011,T-31,P-39260,midfielder,MF
WC-2011,T-31,P-27479,forward,FW
WC-2011,T-31,P-52478,forward,FW
WC-2011,T-31,P-15303,defender,DF
WC-2011,T-31,P-80216,forward,FW
WC-2011,T-31,P-95839,goal keeper,GK
WC-2011,T-31,P-66612,midfielder,MF
WC-2011,T-31,P-34124,midfielder,MF
WC-2011,T-31,P-59795,defender,DF
WC-2011,T-31,P-80012,forward,FW
WC-2011,T-31,P-78246,midfielder,MF
WC-2011,T-31,P-08780,midfielder,MF
WC-2011,T-31,P-54473,midfielder,MF
WC-2011,T-31,P-37178,defender,DF
WC-2011,T-31,P-78023,goal keeper,GK
WC-2011,T-44,P-17805,goal keeper,GK
WC-2011,T-44,P-49475,defender,DF
WC-2011,T-44,P-55574,defender,DF
WC-2011,T-44,P-90878,defender,DF
WC-2011,T-44,P-78180,defender,DF
WC-2011,T-44,P-99210,midfielder,MF
WC-2011,T-44,P-33014,forward,FW
WC-2011,T-44,P-04310,midfielder,MF
WC-2011,T-44,P-79593,midfielder,MF
WC-2011,T-44,P-72113,midfielder,MF
WC-2011,T-44,P-86882,forward,FW
WC-2011,T-44,P-38266,goal keeper,GK
WC-2011,T-44,P-84771,midfielder,MF
WC-2011,T-44,P-66855,defender,DF
WC-2011,T-44,P-75658,defender,DF
WC-2011,T-44,P-82534,defender,DF
WC-2011,T-44,P-20246,forward,FW
WC-2011,T-44,P-30837,forward,FW
WC-2011,T-44,P-46447,forward,FW
WC-2011,T-44,P-26643,forward,FW
WC-2011,T-44,P-84176,goal keeper,GK
WC-2011,T-46,P-64032,goal keeper,GK
WC-2011,T-46,P-16304,defender,DF
WC-2011,T-46,P-73064,defender,DF
WC-2011,T-46,P-40448,defender,DF
WC-2011,T-46,P-04339,defender,DF
WC-2011,T-46,P-03827,defender,DF
WC-2011,T-46,P-31874,midfielder,MF
WC-2011,T-46,P-93696,midfielder,MF
WC-2011,T-46,P-92275,forward,FW
WC-2011,T-46,P-36428,midfielder,MF
WC-2011,T-46,P-99179,midfielder,MF
WC-2011,T-46,P-20882,goal keeper,GK
WC-2011,T-46,P-53234,midfielder,MF
WC-2011,T-46,P-70528,defender,DF
WC-2011,T-46,P-64777,defender,DF
WC-2011,T-46,P-93676,defender,DF
WC-2011,T-46,P-37915,midfielder,MF
WC-2011,T-46,P-32979,forward,FW
WC-2011,T-46,P-03700,forward,FW
WC-2011,T-46,P-18004,goal keeper,GK
WC-2011,T-46,P-40788,forward,FW
WC-2011,T-49,P-59575,goal keeper,GK
WC-2011,T-49,P-61084,defender,DF
WC-2011,T-49,P-54971,defender,DF
WC-2011,T-49,P-82898,midfielder,MF
WC-2011,T-49,P-00393,defender,DF
WC-2011,T-49,P-46683,defender,DF
WC-2011,T-49,P-69129,defender,DF
WC-2011,T-49,P-11940,midfielder,MF
WC-2011,T-49,P-57283,forward,FW
WC-2011,T-49,P-24335,forward,FW
WC-2011,T-49,P-32271,midfielder,MF
WC-2011,T-49,P-83018,midfielder,MF
WC-2011,T-49,P-82057,forward,FW
WC-2011,T-49,P-43463,forward,FW
WC-2011,T-49,P-41881,forward,FW
WC-2011,T-49,P-80895,midfielder,MF
WC-2011,T-49,P-44115,forward,FW
WC-2011,T-49,P-19118,defender,DF
WC-2011,T-49,P-47827,defender,DF
WC-2011,T-49,P-62775,goal keeper,GK
WC-2011,T-49,P-51933,goal keeper,GK
WC-2011,T-50,P-93339,goal keeper,GK
WC-2011,T-50,P-87413,midfielder,MF
WC-2011,T-50,P-23374,defender,DF
WC-2011,T-50,P-55990,midfielder,MF
WC-2011,T-50,P-21975,defender,DF
WC-2011,T-50,P-79213,defender,DF
WC-2011,T-50,P-19498,forward,FW
WC-2011,T-50,P-23667,midfielder,MF
WC-2011,T-50,P-67645,forward,FW
WC-2011,T-50,P-19149,midfielder,MF
WC-2011,T-50,P-71274,midfielder,MF
WC-2011,T-50,P-98662,forward,FW
WC-2011,T-50,P-01517,midfielder,MF
WC-2011,T-50,P-86360,defender,DF
WC-2011,T-50,P-09202,defender,DF
WC-2011,T-50,P-65033,goal keeper,GK
WC-2011,T-50,P-86061,forward,FW
WC-2011,T-50,P-69273,defender,DF
WC-2011,T-50,P-45537,forward,FW
WC-2011,T-50,P-94180,forward,FW
WC-2011,T-50,P-53773,goal keeper,GK
WC-2011,T-51,P-97038,goal keeper,GK
WC-2011,T-51,P-28988,defender,DF
WC-2011,T-51,P-96153,defender,DF
WC-2011,T-51,P-19575,midfielder,MF
WC-2011,T-51,P-63421,defender,DF
WC-2011,T-51,P-76169,defender,DF
WC-2011,T-51,P-21807,forward,FW
WC-2011,T-51,P-88077,midfielder,MF
WC-2011,T-51,P-96127,forward,FW
WC-2011,T-51,P-13512,midfielder,MF
WC-2011,T-51,P-73131,midfielder,MF
WC-2011,T-51,P-43034,midfielder,MF
WC-2011,T-51,P-01735,midfielder,MF
WC-2011,T-51,P-57216,midfielder,MF
WC-2011,T-51,P-96141,defender,DF
WC-2011,T-51,P-92164,defender,DF
WC-2011,T-51,P-71871,defender,DF
WC-2011,T-51,P-89048,goal keeper,GK
WC-2011,T-51,P-85229,forward,FW
WC-2011,T-51,P-72263,forward,FW
WC-2011,T-51,P-70524,goal keeper,GK
WC-2011,T-53,P-58533,goal keeper,GK
WC-2011,T-53,P-54146,defender,DF
WC-2011,T-53,P-74073,defender,DF
WC-2011,T-53,P-68132,midfielder,MF
WC-2011,T-53,P-05942,midfielder,MF
WC-2011,T-53,P-29295,midfielder,MF
WC-2011,T-53,P-29694,defender,DF
WC-2011,T-53,P-08190,defender,DF
WC-2011,T-53,P-09212,forward,FW
WC-2011,T-53,P-66982,forward,FW
WC-2011,T-53,P-97621,midfielder,MF
WC-2011,T-53,P-01929,goal keeper,GK
WC-2011,T-53,P-15475,midfielder,MF
WC-2011,T-53,P-78983,midfielder,MF
WC-2011,T-53,P-00820,defender,DF
WC-2011,T-53,P-38110,forward,FW
WC-2011,T-53,P-95127,forward,FW
WC-2011,T-53,P-42222,midfielder,MF
WC-2011,T-53,P-48031,forward,FW
WC-2011,T-53,P-88468,defender,DF
WC-2011,T-53,P-08692,goal keeper,GK
WC-2011,T-74,P-27779,goal keeper,GK
WC-2011,T-74,P-40792,defender,DF
WC-2011,T-74,P-10056,defender,DF
WC-2011,T-74,P-98700,defender,DF
WC-2011,T-74,P-94354,midfielder,MF
WC-2011,T-74,P-66882,defender,DF
WC-2011,T-74,P-32488,defender,DF
WC-2011,T-74,P-96721,forward,FW
WC-2011,T-74,P-49071,forward,FW
WC-2011,T-74,P-27729,midfielder,MF
WC-2011,T-74,P-56321,midfielder,MF
WC-2011,T-74,P-51033,goal keeper,GK
WC-2011,T-74,P-83862,defender,DF
WC-2011,T-74,P-29677,forward,FW
WC-2011,T-74,P-95194,midfielder,MF
WC-2011,T-74,P-05293,midfielder,MF
WC-2011,T-74,P-71934,midfielder,MF
WC-2011,T-74,P-52228,midfielder,MF
WC-2011,T-74,P-28917,forward,FW
WC-2011,T-74,P-16359,midfielder,MF
WC-2011,T-74,P-85779,goal keeper,GK
WC-2011,T-83,P-80833,goal keeper,GK
WC-2011,T-83,P-26000,defender,DF
WC-2011,T-83,P-00471,defender,DF
WC-2011,T-83,P-64276,defender,DF
WC-2011,T-83,P-72568,midfielder,MF
WC-2011,T-83,P-72716,defender,DF
WC-2011,T-83,P-92403,midfielder,MF
WC-2011,T-83,P-89510,forward,FW
WC-2011,T-83,P-54396,midfielder,MF
WC-2011,T-83,P-62104,midfielder,MF
WC-2011,T-83,P-45187,defender,DF
WC-2011,T-83,P-81449,forward,FW
WC-2011,T-83,P-37034,forward,FW
WC-2011,T-83,P-24266,defender,DF
WC-2011,T-83,P-09273,midfielder,MF
WC-2011,T-83,P-12112,midfielder,MF
WC-2011,T-83,P-35525,midfielder,MF
WC-2011,T-83,P-49425,goal keeper,GK
WC-2011,T-83,P-76699,defender,DF
WC-2011,T-83,P-89236,forward,FW
WC-2011,T-83,P-29767,goal keeper,GK
WC-2014,T-01,P-96937,goal keeper,GK
WC-2014,T-01,P-21116,defender,DF
WC-2014,T-01,P-55717,defender,DF
WC-2014,T-01,P-41251,defender,DF
WC-2014,T-01,P-19453,defender,DF
WC-2014,T-01,P-09059,defender,DF
WC-2014,T-01,P-70560,midfielder,MF
WC-2014,T-01,P-23484,midfielder,MF
WC-2014,T-01,P-31598,forward,FW
WC-2014,T-01,P-12165,midfielder,MF
WC-2014,T-01,P-24983,midfielder,MF
WC-2014,T-01,P-21704,defender,DF
WC-2014,T-01,P-59199,forward,FW
WC-2014,T-01,P-96340,midfielder,MF
WC-2014,T-01,P-63360,forward,FW
WC-2014,T-01,P-52593,goal keeper,GK
WC-2014,T-01,P-98016,defender,DF
WC-2014,T-01,P-59147,midfielder,MF
WC-2014,T-01,P-83421,midfielder,MF
WC-2014,T-01,P-58383,defender,DF
WC-2014,T-01,P-91590,midfielder,MF
WC-2014,T-01,P-09673,midfielder,MF
WC-2014,T-01,P-00596,goal keeper,GK
WC-2014,T-03,P-60541,goal keeper,GK
WC-2014,T-03,P-61051,defender,DF
WC-2014,T-03,P-69606,defender,DF
WC-2014,T-03,P-96639,defender,DF
WC-2014,T-03,P-51894,midfielder,MF
WC-2014,T-03,P-38647,midfielder,MF
WC-2014,T-03,P-42113,midfielder,MF
WC-2014,T-03,P-69019,midfielder,MF
WC-2014,T-03,P-29398,forward,FW
WC-2014,T-03,P-14758,forward,FW
WC-2014,T-03,P-33570,midfielder,MF
WC-2014,T-03,P-86028,goal keeper,GK
WC-2014,T-03,P-29672,midfielder,MF
WC-2014,T-03,P-77063,midfielder,MF
WC-2014,T-03,P-39810,defender,DF
WC-2014,T-03,P-18222,defender,DF
WC-2014,T-03,P-72244,defender,DF
WC-2014,T-03,P-27419,forward,FW
WC-2014,T-03,P-58741,midfielder,MF
WC-2014,T-03,P-36870,forward,FW
WC-2014,T-03,P-55451,goal keeper,GK
WC-2014,T-03,P-69953,forward,FW
WC-2014,T-03,P-38424,defender,DF
WC-2014,T-04,P-10244,goal keeper,GK
WC-2014,T-04,P-12111,defender,DF
WC-2014,T-04,P-05392,defender,DF
WC-2014,T-04,P-44926,forward,FW
WC-2014,T-04,P-36196,midfielder,MF
WC-2014,T-04,P-77068,defender,DF
WC-2014,T-04,P-35837,forward,FW
WC-2014,T-04,P-97422,defender,DF
WC-2014,T-04,P-81067,forward,FW
WC-2014,T-04,P-65381,midfielder,MF
WC-2014,T-04,P-84412,midfielder,MF
WC-2014,T-04,P-15064,goal keeper,GK
WC-2014,T-04,P-52319,midfielder,MF
WC-2014,T-04,P-09100,midfielder,MF
WC-2014,T-04,P-37275,midfielder,MF
WC-2014,T-04,P-77996,midfielder,MF
WC-2014,T-04,P-93567,midfielder,MF
WC-2014,T-04,P-07864,goal keeper,GK
WC-2014,T-04,P-95590,defender,DF
WC-2014,T-04,P-73512,midfielder,MF
WC-2014,T-04,P-33434,midfielder,MF
WC-2014,T-04,P-60159,defender,DF
WC-2014,T-04,P-84486,midfielder,MF
WC-2014,T-06,P-09658,goal keeper,GK
WC-2014,T-06,P-70547,defender,DF
WC-2014,T-06,P-92866,defender,DF
WC-2014,T-06,P-95269,defender,DF
WC-2014,T-06,P-64049,defender,DF
WC-2014,T-06,P-53048,midfielder,MF
WC-2014,T-06,P-48955,midfielder,MF
WC-2014,T-06,P-63363,midfielder,MF
WC-2014,T-06,P-72637,forward,FW
WC-2014,T-06,P-72011,midfielder,MF
WC-2014,T-06,P-25209,midfielder,MF
WC-2014,T-06,P-10313,goal keeper,GK
WC-2014,T-06,P-55762,goal keeper,GK
WC-2014,T-06,P-84852,forward,FW
WC-2014,T-06,P-21070,defender,DF
WC-2014,T-06,P-03735,midfielder,MF
WC-2014,T-06,P-77619,forward,FW
WC-2014,T-06,P-35334,defender,DF
WC-2014,T-06,P-12533,midfielder,MF
WC-2014,T-06,P-15896,midfielder,MF
WC-2014,T-06,P-17974,defender,DF
WC-2014,T-06,P-69919,midfielder,MF
WC-2014,T-06,P-33520,defender,DF
WC-2014,T-08,P-80138,goal keeper,GK
WC-2014,T-08,P-35118,defender,DF
WC-2014,T-08,P-66286,defender,DF
WC-2014,T-08,P-68768,defender,DF
WC-2014,T-08,P-96934,defender,DF
WC-2014,T-08,P-52464,defender,DF
WC-2014,T-08,P-74144,defender,DF
WC-2014,T-08,P-19478,midfielder,MF
WC-2014,T-08,P-43723,forward,FW
WC-2014,T-08,P-75995,midfielder,MF
WC-2014,T-08,P-31839,forward,FW
WC-2014,T-08,P-76271,goal keeper,GK
WC-2014,T-08,P-63525,defender,DF
WC-2014,T-08,P-85929,midfielder,MF
WC-2014,T-08,P-19073,defender,DF
WC-2014,T-08,P-74278,midfielder,MF
WC-2014,T-08,P-64096,midfielder,MF
WC-2014,T-08,P-34727,midfielder,MF
WC-2014,T-08,P-55809,forward,FW
WC-2014,T-08,P-03146,midfielder,MF
WC-2014,T-08,P-15457,midfielder,MF
WC-2014,T-08,P-78276,goal keeper,GK
WC-2014,T-08,P-94434,midfielder,MF
WC-2014,T-09,P-41422,goal keeper,GK
WC-2014,T-09,P-09441,defender,DF
WC-2014,T-09,P-32798,defender,DF
WC-2014,T-09,P-87449,defender,DF
WC-2014,T-09,P-41758,midfielder,MF
WC-2014,T-09,P-70650,defender,DF
WC-2014,T-09,P-86524,forward,FW
WC-2014,T-09,P-54013,midfielder,MF
WC-2014,T-09,P-54042,forward,FW
WC-2014,T-09,P-87008,forward,FW
WC-2014,T-09,P-37239,midfielder,MF
WC-2014,T-09,P-11275,goal keeper,GK
WC-2014,T-09,P-93619,defender,DF
WC-2014,T-09,P-47180,defender,DF
WC-2014,T-09,P-68649,defender,DF
WC-2014,T-09,P-86499,midfielder,MF
WC-2014,T-09,P-43410,midfielder,MF
WC-2014,T-09,P-02974,midfielder,MF
WC-2014,T-09,P-62621,midfielder,MF
WC-2014,T-09,P-50663,forward,FW
WC-2014,T-09,P-37372,forward,FW
WC-2014,T-09,P-94095,goal keeper,GK
WC-2014,T-09,P-94551,defender,DF
WC-2014,T-11,P-36230,goal keeper,GK
WC-2014,T-11,P-44116,defender,DF
WC-2014,T-11,P-93209,defender,DF
WC-2014,T-11,P-75443,defender,DF
WC-2014,T-11,P-89372,defender,DF
WC-2014,T-11,P-99407,midfielder,MF
WC-2014,T-11,P-88732,midfielder,MF
WC-2014,T-11,P-65896,forward,FW
WC-2014,T-11,P-61703,forward,FW
WC-2014,T-11,P-53452,forward,FW
WC-2014,T-11,P-67012,midfielder,MF
WC-2014,T-11,P-97635,defender,DF
WC-2014,T-11,P-06117,forward,FW
WC-2014,T-11,P-86625,defender,DF
WC-2014,T-11,P-10830,forward,FW
WC-2014,T-11,P-28726,goal keeper,GK
WC-2014,T-11,P-48783,midfielder,MF
WC-2014,T-11,P-48455,midfielder,MF
WC-2014,T-11,P-81999,forward,FW
WC-2014,T-11,P-72737,midfielder,MF
WC-2014,T-11,P-47974,midfielder,MF
WC-2014,T-11,P-05805,defender,DF
WC-2014,T-11,P-44581,goal keeper,GK
WC-2014,T-13,P-89601,goal keeper,GK
WC-2014,T-13,P-09990,defender,DF
WC-2014,T-13,P-75764,defender,DF
WC-2014,T-13,P-16376,midfielder,MF
WC-2014,T-13,P-94202,midfielder,MF
WC-2014,T-13,P-41671,midfielder,MF
WC-2014,T-13,P-30014,forward,FW
WC-2014,T-13,P-41001,midfielder,MF
WC-2014,T-13,P-89582,forward,FW
WC-2014,T-13,P-65631,midfielder,MF
WC-2014,T-13,P-36808,forward,FW
WC-2014,T-13,P-98429,goal keeper,GK
WC-2014,T-13,P-03193,defender,DF
WC-2014,T-13,P-31755,midfielder,MF
WC-2014,T-13,P-74480,midfielder,MF
WC-2014,T-13,P-92626,midfielder,MF
WC-2014,T-13,P-49014,defender,DF
WC-2014,T-13,P-21890,defender,DF
WC-2014,T-13,P-65016,midfielder,MF
WC-2014,T-13,P-22391,midfielder,MF
WC-2014,T-13,P-74494,midfielder,MF
WC-2014,T-13,P-08708,forward,FW
WC-2014,T-13,P-47836,goal keeper,GK
WC-2014,T-16,P-94838,goal keeper,GK
WC-2014,T-16,P-78745,defender,DF
WC-2014,T-16,P-92771,defender,DF
WC-2014,T-16,P-01505,defender,DF
WC-2014,T-16,P-76077,midfielder,MF
WC-2014,T-16,P-66228,midfielder,MF
WC-2014,T-16,P-95402,defender,DF
WC-2014,T-16,P-76705,midfielder,MF
WC-2014,T-16,P-77705,forward,FW
WC-2014,T-16,P-89392,midfielder,MF
WC-2014,T-16,P-83216,midfielder,MF
WC-2014,T-16,P-27327,goal keeper,GK
WC-2014,T-16,P-66638,midfielder,MF
WC-2014,T-16,P-99957,forward,FW
WC-2014,T-16,P-01538,midfielder,MF
WC-2014,T-16,P-86404,defender,DF
WC-2014,T-16,P-12476,forward,FW
WC-2014,T-16,P-61178,defender,DF
WC-2014,T-16,P-73564,forward,FW
WC-2014,T-16,P-14499,midfielder,MF
WC-2014,T-16,P-01068,forward,FW
WC-2014,T-16,P-02080,goal keeper,GK
WC-2014,T-16,P-77916,defender,DF
WC-2014,T-17,P-81392,goal keeper,GK
WC-2014,T-17,P-65320,defender,DF
WC-2014,T-17,P-04808,defender,DF
WC-2014,T-17,P-52458,defender,DF
WC-2014,T-17,P-11767,midfielder,MF
WC-2014,T-17,P-97912,defender,DF
WC-2014,T-17,P-57722,midfielder,MF
WC-2014,T-17,P-39550,defender,DF
WC-2014,T-17,P-70812,forward,FW
WC-2014,T-17,P-99590,forward,FW
WC-2014,T-17,P-74906,midfielder,MF
WC-2014,T-17,P-24906,defender,DF
WC-2014,T-17,P-85499,midfielder,MF
WC-2014,T-17,P-21246,forward,FW
WC-2014,T-17,P-81779,defender,DF
WC-2014,T-17,P-26483,defender,DF
WC-2014,T-17,P-24978,midfielder,MF
WC-2014,T-17,P-88896,goal keeper,GK
WC-2014,T-17,P-88814,defender,DF
WC-2014,T-17,P-16119,midfielder,MF
WC-2014,T-17,P-11307,forward,FW
WC-2014,T-17,P-71361,midfielder,MF
WC-2014,T-17,P-51981,goal keeper,GK
WC-2014,T-18,P-85818,goal keeper,GK
WC-2014,T-18,P-65425,defender,DF
WC-2014,T-18,P-52946,defender,DF
WC-2014,T-18,P-93884,midfielder,MF
WC-2014,T-18,P-08916,defender,DF
WC-2014,T-18,P-56297,defender,DF
WC-2014,T-18,P-65979,midfielder,MF
WC-2014,T-18,P-02932,midfielder,MF
WC-2014,T-18,P-65367,forward,FW
WC-2014,T-18,P-29491,midfielder,MF
WC-2014,T-18,P-97008,defender,DF
WC-2014,T-18,P-02919,goal keeper,GK
WC-2014,T-18,P-33855,defender,DF
WC-2014,T-18,P-79215,midfielder,MF
WC-2014,T-18,P-77789,midfielder,MF
WC-2014,T-18,P-44463,forward,FW
WC-2014,T-18,P-25745,forward,FW
WC-2014,T-18,P-13265,forward,FW
WC-2014,T-18,P-39138,midfielder,MF
WC-2014,T-18,P-07670,midfielder,MF
WC-2014,T-18,P-91294,defender,DF
WC-2014,T-18,P-15665,forward,FW
WC-2014,T-18,P-25428,goal keeper,GK
WC-2014,T-25,P-93941,goal keeper,GK
WC-2014,T-25,P-72804,defender,DF
WC-2014,T-25,P-52676,defender,DF
WC-2014,T-25,P-43280,defender,DF
WC-2014,T-25,P-73520,midfielder,MF
WC-2014,T-25,P-33117,midfielder,MF
WC-2014,T-25,P-55935,midfielder,MF
WC-2014,T-25,P-42534,midfielder,MF
WC-2014,T-25,P-33089,midfielder,MF
WC-2014,T-25,P-39602,defender,DF
WC-2014,T-25,P-79710,forward,FW
WC-2014,T-25,P-15123,goal keeper,GK
WC-2014,T-25,P-75912,forward,FW
WC-2014,T-25,P-01933,midfielder,MF
WC-2014,T-25,P-65206,midfielder,MF
WC-2014,T-25,P-49265,midfielder,MF
WC-2014,T-25,P-73513,forward,FW
WC-2014,T-25,P-57715,defender,DF
WC-2014,T-25,P-05227,midfielder,MF
WC-2014,T-25,P-31812,midfielder,MF
WC-2014,T-25,P-29870,defender,DF
WC-2014,T-25,P-94877,goal keeper,GK
WC-2014,T-25,P-13321,midfielder,MF
WC-2014,T-28,P-64443,goal keeper,GK
WC-2014,T-28,P-43764,defender,DF
WC-2014,T-28,P-94649,defender,DF
WC-2014,T-28,P-62157,midfielder,MF
WC-2014,T-28,P-56280,defender,DF
WC-2014,T-28,P-20585,defender,DF
WC-2014,T-28,P-39063,midfielder,MF
WC-2014,T-28,P-65534,midfielder,MF
WC-2014,T-28,P-06678,forward,FW
WC-2014,T-28,P-99967,forward,FW
WC-2014,T-28,P-50943,forward,FW
WC-2014,T-28,P-87661,defender,DF
WC-2014,T-28,P-31138,goal keeper,GK
WC-2014,T-28,P-08169,midfielder,MF
WC-2014,T-28,P-36639,midfielder,MF
WC-2014,T-28,P-06851,defender,DF
WC-2014,T-28,P-95616,midfielder,MF
WC-2014,T-28,P-70595,forward,FW
WC-2014,T-28,P-21553,midfielder,MF
WC-2014,T-28,P-22075,midfielder,MF
WC-2014,T-28,P-48443,midfielder,MF
WC-2014,T-28,P-07038,goal keeper,GK
WC-2014,T-28,P-36400,defender,DF
WC-2014,T-30,P-30711,goal keeper,GK
WC-2014,T-30,P-43350,defender,DF
WC-2014,T-30,P-72916,defender,DF
WC-2014,T-30,P-42326,defender,DF
WC-2014,T-30,P-71633,defender,DF
WC-2014,T-30,P-67867,midfielder,MF
WC-2014,T-30,P-79882,midfielder,MF
WC-2014,T-30,P-84312,midfielder,MF
WC-2014,T-30,P-89750,forward,FW
WC-2014,T-30,P-35408,forward,FW
WC-2014,T-30,P-90908,forward,FW
WC-2014,T-30,P-98143,midfielder,MF
WC-2014,T-30,P-08834,defender,DF
WC-2014,T-30,P-04964,midfielder,MF
WC-2014,T-30,P-69530,defender,DF
WC-2014,T-30,P-01560,goal keeper,GK
WC-2014,T-30,P-67129,defender,DF
WC-2014,T-30,P-07870,midfielder,MF
WC-2014,T-30,P-17509,midfielder,MF
WC-2014,T-30,P-21776,forward,FW
WC-2014,T-30,P-91114,defender,DF
WC-2014,T-30,P-45182,midfielder,MF
WC-2014,T-30,P-30652,goal keeper,GK
WC-2014,T-31,P-19408,goal keeper,GK
WC-2014,T-31,P-97775,defender,DF
WC-2014,T-31,P-36126,defender,DF
WC-2014,T-31,P-54036,defender,DF
WC-2014,T-31,P-81447,defender,DF
WC-2014,T-31,P-13029,midfielder,MF
WC-2014,T-31,P-43400,midfielder,MF
WC-2014,T-31,P-12818,midfielder,MF
WC-2014,T-31,P-46979,forward,FW
WC-2014,T-31,P-36287,forward,FW
WC-2014,T-31,P-27787,forward,FW
WC-2014,T-31,P-41334,goal keeper,GK
WC-2014,T-31,P-28154,forward,FW
WC-2014,T-31,P-21524,midfielder,MF
WC-2014,T-31,P-46023,defender,DF
WC-2014,T-31,P-18599,defender,DF
WC-2014,T-31,P-02328,defender,DF
WC-2014,T-31,P-39356,midfielder,MF
WC-2014,T-31,P-63673,midfielder,MF
WC-2014,T-31,P-04224,defender,DF
WC-2014,T-31,P-67414,defender,DF
WC-2014,T-31,P-27707,goal keeper,GK
WC-2014,T-31,P-42177,midfielder,MF
WC-2014,T-32,P-40630,goal keeper,GK
WC-2014,T-32,P-43176,defender,DF
WC-2014,T-32,P-38556,forward,FW
WC-2014,T-32,P-04420,defender,DF
WC-2014,T-32,P-12805,midfielder,MF
WC-2014,T-32,P-63370,midfielder,MF
WC-2014,T-32,P-48310,midfielder,MF
WC-2014,T-32,P-89904,midfielder,MF
WC-2014,T-32,P-66316,forward,FW
WC-2014,T-32,P-01945,midfielder,MF
WC-2014,T-32,P-50641,midfielder,MF
WC-2014,T-32,P-84116,goal keeper,GK
WC-2014,T-32,P-31765,forward,FW
WC-2014,T-32,P-67189,midfielder,MF
WC-2014,T-32,P-20971,defender,DF
WC-2014,T-32,P-24689,goal keeper,GK
WC-2014,T-32,P-96497,midfielder,MF
WC-2014,T-32,P-24388,forward,FW
WC-2014,T-32,P-93750,defender,DF
WC-2014,T-32,P-39956,midfielder,MF
WC-2014,T-32,P-06024,defender,DF
WC-2014,T-32,P-31813,midfielder,MF
WC-2014,T-32,P-05368,defender,DF
WC-2014,T-33,P-01064,goal keeper,GK
WC-2014,T-33,P-96319,midfielder,MF
WC-2014,T-33,P-64835,defender,DF
WC-2014,T-33,P-23816,defender,DF
WC-2014,T-33,P-47188,defender,DF
WC-2014,T-33,P-10140,midfielder,MF
WC-2014,T-33,P-58348,forward,FW
WC-2014,T-33,P-91614,midfielder,MF
WC-2014,T-33,P-97050,forward,FW
WC-2014,T-33,P-17698,midfielder,MF
WC-2014,T-33,P-28140,defender,DF
WC-2014,T-33,P-34712,goal keeper,GK
WC-2014,T-33,P-83726,goal keeper,GK
WC-2014,T-33,P-75292,forward,FW
WC-2014,T-33,P-05210,defender,DF
WC-2014,T-33,P-68693,midfielder,MF
WC-2014,T-33,P-56893,forward,FW
WC-2014,T-33,P-64903,midfielder,MF
WC-2014,T-33,P-11436,defender,DF
WC-2014,T-33,P-59823,defender,DF
WC-2014,T-33,P-52378,midfielder,MF
WC-2014,T-33,P-30845,midfielder,MF
WC-2014,T-33,P-89305,midfielder,MF
WC-2014,T-35,P-19564,goal keeper,GK
WC-2014,T-35,P-53363,defender,DF
WC-2014,T-35,P-31125,defender,DF
WC-2014,T-35,P-74155,defender,DF
WC-2014,T-35,P-82662,defender,DF
WC-2014,T-35,P-33029,defender,DF
WC-2014,T-35,P-57482,defender,DF
WC-2014,T-35,P-15185,midfielder,MF
WC-2014,T-35,P-73160,forward,FW
WC-2014,T-35,P-05369,midfielder,MF
WC-2014,T-35,P-67290,forward,FW
WC-2014,T-35,P-93287,midfielder,MF
WC-2014,T-35,P-38682,forward,FW
WC-2014,T-35,P-93922,midfielder,MF
WC-2014,T-35,P-53060,midfielder,MF
WC-2014,T-35,P-86511,forward,FW
WC-2014,T-35,P-34878,midfielder,MF
WC-2014,T-35,P-93059,goal keeper,GK
WC-2014,T-35,P-29674,midfielder,MF
WC-2014,T-35,P-30748,midfielder,MF
WC-2014,T-35,P-64512,defender,DF
WC-2014,T-35,P-81025,goal keeper,GK
WC-2014,T-35,P-36601,midfielder,MF
WC-2014,T-38,P-37948,goal keeper,GK
WC-2014,T-38,P-82213,defender,DF
WC-2014,T-38,P-75785,midfielder,MF
WC-2014,T-38,P-19512,defender,DF
WC-2014,T-38,P-94570,defender,DF
WC-2014,T-38,P-59901,midfielder,MF
WC-2014,T-38,P-00111,midfielder,MF
WC-2014,T-38,P-05990,midfielder,MF
WC-2014,T-38,P-98775,forward,FW
WC-2014,T-38,P-53957,forward,FW
WC-2014,T-38,P-70046,midfielder,MF
WC-2014,T-38,P-13053,goal keeper,GK
WC-2014,T-38,P-41304,defender,DF
WC-2014,T-38,P-20969,midfielder,MF
WC-2014,T-38,P-23272,defender,DF
WC-2014,T-38,P-85324,forward,FW
WC-2014,T-38,P-82861,defender,DF
WC-2014,T-38,P-15489,midfielder,MF
WC-2014,T-38,P-82054,defender,DF
WC-2014,T-38,P-07353,defender,DF
WC-2014,T-38,P-84406,midfielder,MF
WC-2014,T-38,P-32139,goal keeper,GK
WC-2014,T-38,P-94249,defender,DF
WC-2014,T-41,P-11392,goal keeper,GK
WC-2014,T-41,P-67615,defender,DF
WC-2014,T-41,P-92874,defender,DF
WC-2014,T-41,P-99163,defender,DF
WC-2014,T-41,P-32717,midfielder,MF
WC-2014,T-41,P-35850,midfielder,MF
WC-2014,T-41,P-75462,defender,DF
WC-2014,T-41,P-37848,midfielder,MF
WC-2014,T-41,P-16785,forward,FW
WC-2014,T-41,P-04221,forward,FW
WC-2014,T-41,P-39774,forward,FW
WC-2014,T-41,P-60016,goal keeper,GK
WC-2014,T-41,P-60769,goal keeper,GK
WC-2014,T-41,P-01292,midfielder,MF
WC-2014,T-41,P-26539,defender,DF
WC-2014,T-41,P-65802,midfielder,MF
WC-2014,T-41,P-01078,forward,FW
WC-2014,T-41,P-61270,midfielder,MF
WC-2014,T-41,P-57248,defender,DF
WC-2014,T-41,P-73649,defender,DF
WC-2014,T-41,P-99537,midfielder,MF
WC-2014,T-41,P-25985,forward,FW
WC-2014,T-41,P-43029,midfielder,MF
WC-2014,T-42,P-30753,goal keeper,GK
WC-2014,T-42,P-65804,defender,DF
WC-2014,T-42,P-08544,defender,DF
WC-2014,T-42,P-25398,defender,DF
WC-2014,T-42,P-48968,defender,DF
WC-2014,T-42,P-23169,forward,FW
WC-2014,T-42,P-42905,defender,DF
WC-2014,T-42,P-31976,forward,FW
WC-2014,T-42,P-19801,midfielder,MF
WC-2014,T-42,P-33586,forward,FW
WC-2014,T-42,P-99466,forward,FW
WC-2014,T-42,P-84532,forward,FW
WC-2014,T-42,P-20974,forward,FW
WC-2014,T-42,P-07076,midfielder,MF
WC-2014,T-42,P-10731,forward,FW
WC-2014,T-42,P-25845,goal keeper,GK
WC-2014,T-42,P-43440,defender,DF
WC-2014,T-42,P-75959,defender,DF
WC-2014,T-42,P-44934,midfielder,MF
WC-2014,T-42,P-54100,midfielder,MF
WC-2014,T-42,P-33115,forward,FW
WC-2014,T-42,P-55416,defender,DF
WC-2014,T-42,P-89713,goal keeper,GK
WC-2014,T-44,P-53272,goal keeper,GK
WC-2014,T-44,P-35179,defender,DF
WC-2014,T-44,P-62769,defender,DF
WC-2014,T-44,P-33175,midfielder,MF
WC-2014,T-44,P-26303,defender,DF
WC-2014,T-44,P-27263,defender,DF
WC-2014,T-44,P-61292,midfielder,MF
WC-2014,T-44,P-42018,midfielder,MF
WC-2014,T-44,P-84807,forward,FW
WC-2014,T-44,P-36964,midfielder,MF
WC-2014,T-44,P-75667,forward,FW
WC-2014,T-44,P-28762,goal keeper,GK
WC-2014,T-44,P-90491,forward,FW
WC-2014,T-44,P-70237,midfielder,MF
WC-2014,T-44,P-85824,defender,DF
WC-2014,T-44,P-41027,midfielder,MF
WC-2014,T-44,P-91793,midfielder,MF
WC-2014,T-44,P-23371,forward,FW
WC-2014,T-44,P-81377,defender,DF
WC-2014,T-44,P-53076,forward,FW
WC-2014,T-44,P-56398,defender,DF
WC-2014,T-44,P-89321,defender,DF
WC-2014,T-44,P-66906,goal keeper,GK
WC-2014,T-46,P-05120,goal keeper,GK
WC-2014,T-46,P-11191,defender,DF
WC-2014,T-46,P-97434,defender,DF
WC-2014,T-46,P-44763,defender,DF
WC-2014,T-46,P-03287,defender,DF
WC-2014,T-46,P-42911,midfielder,MF
WC-2014,T-46,P-10063,defender,DF
WC-2014,T-46,P-36687,midfielder,MF
WC-2014,T-46,P-57865,forward,FW
WC-2014,T-46,P-77047,midfielder,MF
WC-2014,T-46,P-75041,forward,FW
WC-2014,T-46,P-94928,goal keeper,GK
WC-2014,T-46,P-80826,goal keeper,GK
WC-2014,T-46,P-36515,forward,FW
WC-2014,T-46,P-21208,defender,DF
WC-2014,T-46,P-29705,defender,DF
WC-2014,T-46,P-11638,midfielder,MF
WC-2014,T-46,P-40312,midfielder,MF
WC-2014,T-46,P-83642,forward,FW
WC-2014,T-46,P-77419,midfielder,MF
WC-2014,T-46,P-77489,midfielder,MF
WC-2014,T-46,P-01835,defender,DF
WC-2014,T-46,P-22756,midfielder,MF
WC-2014,T-48,P-68395,goal keeper,GK
WC-2014,T-48,P-21798,defender,DF
WC-2014,T-48,P-70280,defender,DF
WC-2014,T-48,P-69329,defender,DF
WC-2014,T-48,P-39861,defender,DF
WC-2014,T-48,P-53668,midfielder,MF
WC-2014,T-48,P-21790,defender,DF
WC-2014,T-48,P-93667,midfielder,MF
WC-2014,T-48,P-99934,forward,FW
WC-2014,T-48,P-51336,midfielder,MF
WC-2014,T-48,P-23705,forward,FW
WC-2014,T-48,P-26380,defender,DF
WC-2014,T-48,P-91472,defender,DF
WC-2014,T-48,P-70414,defender,DF
WC-2014,T-48,P-33312,forward,FW
WC-2014,T-48,P-27533,midfielder,MF
WC-2014,T-48,P-62029,forward,FW
WC-2014,T-48,P-20877,midfielder,MF
WC-2014,T-48,P-64344,forward,FW
WC-2014,T-48,P-85698,midfielder,MF
WC-2014,T-48,P-27540,forward,FW
WC-2014,T-48,P-32095,goal keeper,GK
WC-2014,T-48,P-42745,goal keeper,GK
WC-2014,T-50,P-39249,goal keeper,GK
WC-2014,T-50,P-64104,defender,DF
WC-2014,T-50,P-28119,midfielder,MF
WC-2014,T-50,P-94823,midfielder,MF
WC-2014,T-50,P-22192,defender,DF
WC-2014,T-50,P-40374,defender,DF
WC-2014,T-50,P-19591,forward,FW
WC-2014,T-50,P-70006,forward,FW
WC-2014,T-50,P-95567,forward,FW
WC-2014,T-50,P-01164,midfielder,MF
WC-2014,T-50,P-26900,midfielder,MF
WC-2014,T-50,P-37901,defender,DF
WC-2014,T-50,P-79048,defender,DF
WC-2014,T-50,P-14952,defender,DF
WC-2014,T-50,P-78347,midfielder,MF
WC-2014,T-50,P-47983,goal keeper,GK
WC-2014,T-50,P-94774,midfielder,MF
WC-2014,T-50,P-66596,midfielder,MF
WC-2014,T-50,P-97867,forward,FW
WC-2014,T-50,P-15097,forward,FW
WC-2014,T-50,P-53035,goal keeper,GK
WC-2014,T-50,P-98806,defender,DF
WC-2014,T-50,P-03886,forward,FW
WC-2014,T-58,P-37990,goal keeper,GK
WC-2014,T-58,P-76960,defender,DF
WC-2014,T-58,P-81972,defender,DF
WC-2014,T-58,P-98693,midfielder,MF
WC-2014,T-58,P-92000,defender,DF
WC-2014,T-58,P-44689,midfielder,MF
WC-2014,T-58,P-70442,forward,FW
WC-2014,T-58,P-89743,midfielder,MF
WC-2014,T-58,P-14428,forward,FW
WC-2014,T-58,P-23990,midfielder,MF
WC-2014,T-58,P-20926,forward,FW
WC-2014,T-58,P-72028,goal keeper,GK
WC-2014,T-58,P-55321,defender,DF
WC-2014,T-58,P-05377,defender,DF
WC-2014,T-58,P-82734,midfielder,MF
WC-2014,T-58,P-88101,midfielder,MF
WC-2014,T-58,P-78296,midfielder,MF
WC-2014,T-58,P-25600,midfielder,MF
WC-2014,T-58,P-75772,defender,DF
WC-2014,T-58,P-11629,midfielder,MF
WC-2014,T-58,P-17971,defender,DF
WC-2014,T-58,P-27059,goal keeper,GK
WC-2014,T-58,P-83900,forward,FW
WC-2014,T-62,P-95453,goal keeper,GK
WC-2014,T-62,P-21554,defender,DF
WC-2014,T-62,P-83934,defender,DF
WC-2014,T-62,P-79763,defender,DF
WC-2014,T-62,P-36787,defender,DF
WC-2014,T-62,P-12197,forward,FW
WC-2014,T-62,P-76640,midfielder,MF
WC-2014,T-62,P-30808,midfielder,MF
WC-2014,T-62,P-67113,forward,FW
WC-2014,T-62,P-69896,midfielder,MF
WC-2014,T-62,P-89971,forward,FW
WC-2014,T-62,P-03044,goal keeper,GK
WC-2014,T-62,P-11462,defender,DF
WC-2014,T-62,P-31094,defender,DF
WC-2014,T-62,P-01665,midfielder,MF
WC-2014,T-62,P-85559,goal keeper,GK
WC-2014,T-62,P-27894,midfielder,MF
WC-2014,T-62,P-51786,defender,DF
WC-2014,T-62,P-06356,forward,FW
WC-2014,T-62,P-08275,midfielder,MF
WC-2014,T-62,P-73380,forward,FW
WC-2014,T-62,P-98872,defender,DF
WC-2014,T-62,P-63644,defender,DF
WC-2014,T-71,P-88939,goal keeper,GK
WC-2014,T-71,P-19142,defender,DF
WC-2014,T-71,P-13271,defender,DF
WC-2014,T-71,P-28296,defender,DF
WC-2014,T-71,P-07259,defender,DF
WC-2014,T-71,P-09632,defender,DF
WC-2014,T-71,P-16139,midfielder,MF
WC-2014,T-71,P-03869,midfielder,MF
WC-2014,T-71,P-77335,forward,FW
WC-2014,T-71,P-06608,forward,FW
WC-2014,T-71,P-71308,forward,FW
WC-2014,T-71,P-64718,defender,DF
WC-2014,T-71,P-47440,midfielder,MF
WC-2014,T-71,P-29447,midfielder,MF
WC-2014,T-71,P-71373,midfielder,MF
WC-2014,T-71,P-48433,midfielder,MF
WC-2014,T-71,P-40927,midfielder,MF
WC-2014,T-71,P-15736,forward,FW
WC-2014,T-71,P-03922,forward,FW
WC-2014,T-71,P-55453,defender,DF
WC-2014,T-71,P-42523,goal keeper,GK
WC-2014,T-71,P-16489,defender,DF
WC-2014,T-71,P-18963,goal keeper,GK
WC-2014,T-73,P-61793,goal keeper,GK
WC-2014,T-73,P-24647,defender,DF
WC-2014,T-73,P-64348,defender,DF
WC-2014,T-73,P-05758,midfielder,MF
WC-2014,T-73,P-35157,defender,DF
WC-2014,T-73,P-56330,midfielder,MF
WC-2014,T-73,P-49097,forward,FW
WC-2014,T-73,P-29415,midfielder,MF
WC-2014,T-73,P-71661,forward,FW
WC-2014,T-73,P-81297,midfielder,MF
WC-2014,T-73,P-78418,forward,FW
WC-2014,T-73,P-52217,goal keeper,GK
WC-2014,T-73,P-47597,midfielder,MF
WC-2014,T-73,P-73924,midfielder,MF
WC-2014,T-73,P-89177,defender,DF
WC-2014,T-73,P-28010,midfielder,MF
WC-2014,T-73,P-37294,midfielder,MF
WC-2014,T-73,P-01416,defender,DF
WC-2014,T-73,P-02231,forward,FW
WC-2014,T-73,P-98074,midfielder,MF
WC-2014,T-73,P-64102,midfielder,MF
WC-2014,T-73,P-60716,defender,DF
WC-2014,T-73,P-44334,goal keeper,GK
WC-2014,T-75,P-46325,goal keeper,GK
WC-2014,T-75,P-09988,defender,DF
WC-2014,T-75,P-09704,defender,DF
WC-2014,T-75,P-94161,defender,DF
WC-2014,T-75,P-62393,defender,DF
WC-2014,T-75,P-95507,defender,DF
WC-2014,T-75,P-97143,midfielder,MF
WC-2014,T-75,P-09596,midfielder,MF
WC-2014,T-75,P-07180,forward,FW
WC-2014,T-75,P-77224,midfielder,MF
WC-2014,T-75,P-54713,midfielder,MF
WC-2014,T-75,P-63312,goal keeper,GK
WC-2014,T-75,P-43367,defender,DF
WC-2014,T-75,P-00875,midfielder,MF
WC-2014,T-75,P-35818,midfielder,MF
WC-2014,T-75,P-77553,midfielder,MF
WC-2014,T-75,P-36686,forward,FW
WC-2014,T-75,P-51579,forward,FW
WC-2014,T-75,P-07453,forward,FW
WC-2014,T-75,P-25758,defender,DF
WC-2014,T-75,P-90361,goal keeper,GK
WC-2014,T-75,P-25131,defender,DF
WC-2014,T-75,P-39460,midfielder,MF
WC-2014,T-83,P-50522,goal keeper,GK
WC-2014,T-83,P-95273,defender,DF
WC-2014,T-83,P-20244,defender,DF
WC-2014,T-83,P-97258,midfielder,MF
WC-2014,T-83,P-95009,defender,DF
WC-2014,T-83,P-41262,defender,DF
WC-2014,T-83,P-91976,defender,DF
WC-2014,T-83,P-18672,forward,FW
WC-2014,T-83,P-01169,forward,FW
WC-2014,T-83,P-24300,midfielder,MF
WC-2014,T-83,P-09053,midfielder,MF
WC-2014,T-83,P-58476,goal keeper,GK
WC-2014,T-83,P-10072,midfielder,MF
WC-2014,T-83,P-41052,midfielder,MF
WC-2014,T-83,P-45750,midfielder,MF
WC-2014,T-83,P-91438,midfielder,MF
WC-2014,T-83,P-07475,forward,FW
WC-2014,T-83,P-78024,forward,FW
WC-2014,T-83,P-51653,midfielder,MF
WC-2014,T-83,P-31173,defender,DF
WC-2014,T-83,P-98378,defender,DF
WC-2014,T-83,P-78113,goal keeper,GK
WC-2014,T-83,P-71933,defender,DF
WC-2014,T-84,P-10014,goal keeper,GK
WC-2014,T-84,P-89878,defender,DF
WC-2014,T-84,P-78440,defender,DF
WC-2014,T-84,P-95196,defender,DF
WC-2014,T-84,P-78735,midfielder,MF
WC-2014,T-84,P-11075,midfielder,MF
WC-2014,T-84,P-14180,midfielder,MF
WC-2014,T-84,P-94155,forward,FW
WC-2014,T-84,P-30486,forward,FW
WC-2014,T-84,P-86087,forward,FW
WC-2014,T-84,P-25776,forward,FW
WC-2014,T-84,P-18230,goal keeper,GK
WC-2014,T-84,P-65659,defender,DF
WC-2014,T-84,P-36662,midfielder,MF
WC-2014,T-84,P-53254,midfielder,MF
WC-2014,T-84,P-41944,defender,DF
WC-2014,T-84,P-80668,midfielder,MF
WC-2014,T-84,P-79723,midfielder,MF
WC-2014,T-84,P-20051,defender,DF
WC-2014,T-84,P-21702,midfielder,MF
WC-2014,T-84,P-59138,forward,FW
WC-2014,T-84,P-74058,defender,DF
WC-2014,T-84,P-59802,goal keeper,GK
WC-2015,T-04,P-94956,goal keeper,GK
WC-2015,T-04,P-76518,forward,FW
WC-2015,T-04,P-26438,forward,FW
WC-2015,T-04,P-35812,defender,DF
WC-2015,T-04,P-60374,defender,DF
WC-2015,T-04,P-89301,defender,DF
WC-2015,T-04,P-28164,defender,DF
WC-2015,T-04,P-81723,defender,DF
WC-2015,T-04,P-87785,forward,FW
WC-2015,T-04,P-58730,midfielder,MF
WC-2015,T-04,P-83079,forward,FW
WC-2015,T-04,P-36992,forward,FW
WC-2015,T-04,P-78451,midfielder,MF
WC-2015,T-04,P-27559,midfielder,MF
WC-2015,T-04,P-29422,midfielder,MF
WC-2015,T-04,P-39150,forward,FW
WC-2015,T-04,P-77133,forward,FW
WC-2015,T-04,P-64332,goal keeper,GK
WC-2015,T-04,P-81599,midfielder,MF
WC-2015,T-04,P-76435,forward,FW
WC-2015,T-04,P-11976,goal keeper,GK
WC-2015,T-04,P-95346,midfielder,MF
WC-2015,T-04,P-83314,forward,FW
WC-2015,T-09,P-69429,goal keeper,GK
WC-2015,T-09,P-06224,defender,DF
WC-2015,T-09,P-83758,defender,DF
WC-2015,T-09,P-23163,forward,FW
WC-2015,T-09,P-53274,midfielder,MF
WC-2015,T-09,P-60585,defender,DF
WC-2015,T-09,P-42763,forward,FW
WC-2015,T-09,P-62964,midfielder,MF
WC-2015,T-09,P-91993,forward,FW
WC-2015,T-09,P-07458,forward,FW
WC-2015,T-09,P-93057,forward,FW
WC-2015,T-09,P-61069,goal keeper,GK
WC-2015,T-09,P-35462,defender,DF
WC-2015,T-09,P-96310,defender,DF
WC-2015,T-09,P-18602,defender,DF
WC-2015,T-09,P-04136,defender,DF
WC-2015,T-09,P-85281,forward,FW
WC-2015,T-09,P-11773,forward,FW
WC-2015,T-09,P-26798,midfielder,MF
WC-2015,T-09,P-19610,midfielder,MF
WC-2015,T-09,P-38186,midfielder,MF
WC-2015,T-09,P-53133,forward,FW
WC-2015,T-09,P-03553,goal keeper,GK
WC-2015,T-11,P-39837,goal keeper,GK
WC-2015,T-11,P-22573,defender,DF
WC-2015,T-11,P-69986,forward,FW
WC-2015,T-11,P-30264,defender,DF
WC-2015,T-11,P-12298,defender,DF
WC-2015,T-11,P-27272,forward,FW
WC-2015,T-11,P-24905,forward,FW
WC-2015,T-11,P-01302,midfielder,MF
WC-2015,T-11,P-43002,forward,FW
WC-2015,T-11,P-95451,forward,FW
WC-2015,T-11,P-59141,defender,DF
WC-2015,T-11,P-36793,defender,DF
WC-2015,T-11,P-35045,defender,DF
WC-2015,T-11,P-58512,midfielder,MF
WC-2015,T-11,P-80017,defender,DF
WC-2015,T-11,P-91402,goal keeper,GK
WC-2015,T-11,P-18928,forward,FW
WC-2015,T-11,P-62839,midfielder,MF
WC-2015,T-11,P-45630,midfielder,MF
WC-2015,T-11,P-83450,midfielder,MF
WC-2015,T-11,P-36719,forward,FW
WC-2015,T-11,P-30621,defender,DF
WC-2015,T-11,P-49063,goal keeper,GK
WC-2015,T-12,P-33982,goal keeper,GK
WC-2015,T-12,P-59568,defender,DF
WC-2015,T-12,P-60142,defender,DF
WC-2015,T-12,P-80374,defender,DF
WC-2015,T-12,P-03906,defender,DF
WC-2015,T-12,P-96648,midfielder,MF
WC-2015,T-12,P-35069,defender,DF
WC-2015,T-12,P-28528,midfielder,MF
WC-2015,T-12,P-31118,forward,FW
WC-2015,T-12,P-68495,defender,DF
WC-2015,T-12,P-36065,midfielder,MF
WC-2015,T-12,P-97813,forward,FW
WC-2015,T-12,P-95092,midfielder,MF
WC-2015,T-12,P-27120,forward,FW
WC-2015,T-12,P-97105,defender,DF
WC-2015,T-12,P-96231,forward,FW
WC-2015,T-12,P-03895,midfielder,MF
WC-2015,T-12,P-43516,midfielder,MF
WC-2015,T-12,P-16470,forward,FW
WC-2015,T-12,P-45538,defender,DF
WC-2015,T-12,P-47418,goal keeper,GK
WC-2015,T-12,P-67881,defender,DF
WC-2015,T-12,P-41105,goal keeper,GK
WC-2015,T-14,P-89223,goal keeper,GK
WC-2015,T-14,P-97958,defender,DF
WC-2015,T-14,P-66822,defender,DF
WC-2015,T-14,P-27970,defender,DF
WC-2015,T-14,P-66124,defender,DF
WC-2015,T-14,P-51360,defender,DF
WC-2015,T-14,P-14918,midfielder,MF
WC-2015,T-14,P-13961,midfielder,MF
WC-2015,T-14,P-40014,forward,FW
WC-2015,T-14,P-33435,forward,FW
WC-2015,T-14,P-26515,forward,FW
WC-2015,T-14,P-50707,goal keeper,GK
WC-2015,T-14,P-54562,forward,FW
WC-2015,T-14,P-17273,forward,FW
WC-2015,T-14,P-54615,midfielder,MF
WC-2015,T-14,P-89089,midfielder,MF
WC-2015,T-14,P-12565,forward,FW
WC-2015,T-14,P-20162,forward,FW
WC-2015,T-14,P-99247,midfielder,MF
WC-2015,T-14,P-98819,midfielder,MF
WC-2015,T-14,P-59654,forward,FW
WC-2015,T-14,P-58856,goal keeper,GK
WC-2015,T-14,P-89921,midfielder,MF
WC-2015,T-16,P-19392,goal keeper,GK
WC-2015,T-16,P-19996,defender,DF
WC-2015,T-16,P-92991,midfielder,MF
WC-2015,T-16,P-68128,forward,FW
WC-2015,T-16,P-72076,defender,DF
WC-2015,T-16,P-24999,midfielder,MF
WC-2015,T-16,P-09925,forward,FW
WC-2015,T-16,P-28594,midfielder,MF
WC-2015,T-16,P-85632,defender,DF
WC-2015,T-16,P-29031,forward,FW
WC-2015,T-16,P-76437,forward,FW
WC-2015,T-16,P-97803,goal keeper,GK
WC-2015,T-16,P-28701,defender,DF
WC-2015,T-16,P-00137,defender,DF
WC-2015,T-16,P-15347,forward,FW
WC-2015,T-16,P-24913,midfielder,MF
WC-2015,T-16,P-41243,defender,DF
WC-2015,T-16,P-29954,forward,FW
WC-2015,T-16,P-34188,midfielder,MF
WC-2015,T-16,P-65458,forward,FW
WC-2015,T-16,P-17370,midfielder,MF
WC-2015,T-16,P-09774,goal keeper,GK
WC-2015,T-16,P-01092,forward,FW
WC-2015,T-17,P-22795,goal keeper,GK
WC-2015,T-17,P-87484,defender,DF
WC-2015,T-17,P-19744,defender,DF
WC-2015,T-17,P-74292,defender,DF
WC-2015,T-17,P-49906,defender,DF
WC-2015,T-17,P-01384,defender,DF
WC-2015,T-17,P-83648,forward,FW
WC-2015,T-17,P-10868,defender,DF
WC-2015,T-17,P-54445,forward,FW
WC-2015,T-17,P-90891,midfielder,MF
WC-2015,T-17,P-08309,forward,FW
WC-2015,T-17,P-99437,defender,DF
WC-2015,T-17,P-33626,goal keeper,GK
WC-2015,T-17,P-86294,forward,FW
WC-2015,T-17,P-92744,midfielder,MF
WC-2015,T-17,P-32687,midfielder,MF
WC-2015,T-17,P-87850,forward,FW
WC-2015,T-17,P-08652,goal keeper,GK
WC-2015,T-17,P-13574,defender,DF
WC-2015,T-17,P-52241,forward,FW
WC-2015,T-17,P-20075,forward,FW
WC-2015,T-17,P-86097,defender,DF
WC-2015,T-17,P-97070,midfielder,MF
WC-2015,T-25,P-62261,goal keeper,GK
WC-2015,T-25,P-24375,defender,DF
WC-2015,T-25,P-72265,defender,DF
WC-2015,T-25,P-33203,defender,DF
WC-2015,T-25,P-63919,midfielder,MF
WC-2015,T-25,P-18236,defender,DF
WC-2015,T-25,P-86830,defender,DF
WC-2015,T-25,P-28880,midfielder,MF
WC-2015,T-25,P-86541,forward,FW
WC-2015,T-25,P-54239,forward,FW
WC-2015,T-25,P-32204,forward,FW
WC-2015,T-25,P-70975,goal keeper,GK
WC-2015,T-25,P-46613,midfielder,MF
WC-2015,T-25,P-04586,forward,FW
WC-2015,T-25,P-78692,midfielder,MF
WC-2015,T-25,P-16218,defender,DF
WC-2015,T-25,P-74308,midfielder,MF
WC-2015,T-25,P-17523,midfielder,MF
WC-2015,T-25,P-62444,midfielder,MF
WC-2015,T-25,P-86883,forward,FW
WC-2015,T-25,P-63107,midfielder,MF
WC-2015,T-25,P-25118,goal keeper,GK
WC-2015,T-25,P-82637,forward,FW
WC-2015,T-28,P-90789,goal keeper,GK
WC-2015,T-28,P-22178,defender,DF
WC-2015,T-28,P-35919,defender,DF
WC-2015,T-28,P-10986,midfielder,MF
WC-2015,T-28,P-30706,defender,DF
WC-2015,T-28,P-69145,defender,DF
WC-2015,T-28,P-17951,midfielder,MF
WC-2015,T-28,P-41187,midfielder,MF
WC-2015,T-28,P-38733,forward,FW
WC-2015,T-28,P-34666,midfielder,MF
WC-2015,T-28,P-76594,midfielder,MF
WC-2015,T-28,P-23779,defender,DF
WC-2015,T-28,P-55474,goal keeper,GK
WC-2015,T-28,P-38788,defender,DF
WC-2015,T-28,P-77877,defender,DF
WC-2015,T-28,P-73084,midfielder,MF
WC-2015,T-28,P-15279,midfielder,MF
WC-2015,T-28,P-96810,forward,FW
WC-2015,T-28,P-57382,forward,FW
WC-2015,T-28,P-98538,forward,FW
WC-2015,T-28,P-78748,goal keeper,GK
WC-2015,T-28,P-61922,forward,FW
WC-2015,T-28,P-84864,forward,FW
WC-2015,T-30,P-26403,goal keeper,GK
WC-2015,T-30,P-32017,defender,DF
WC-2015,T-30,P-03183,defender,DF
WC-2015,T-30,P-75036,defender,DF
WC-2015,T-30,P-86196,defender,DF
WC-2015,T-30,P-64050,midfielder,MF
WC-2015,T-30,P-15484,midfielder,MF
WC-2015,T-30,P-29761,defender,DF
WC-2015,T-30,P-70239,forward,FW
WC-2015,T-30,P-72635,midfielder,MF
WC-2015,T-30,P-13090,midfielder,MF
WC-2015,T-30,P-00064,midfielder,MF
WC-2015,T-30,P-68484,forward,FW
WC-2015,T-30,P-63892,midfielder,MF
WC-2015,T-30,P-81978,midfielder,MF
WC-2015,T-30,P-12977,goal keeper,GK
WC-2015,T-30,P-23859,forward,FW
WC-2015,T-30,P-89379,forward,FW
WC-2015,T-30,P-75169,defender,DF
WC-2015,T-30,P-15353,defender,DF
WC-2015,T-30,P-96957,goal keeper,GK
WC-2015,T-30,P-14916,defender,DF
WC-2015,T-30,P-08612,midfielder,MF
WC-2015,T-31,P-54576,goal keeper,GK
WC-2015,T-31,P-21392,defender,DF
WC-2015,T-31,P-96080,defender,DF
WC-2015,T-31,P-32680,defender,DF
WC-2015,T-31,P-67377,defender,DF
WC-2015,T-31,P-47092,midfielder,MF
WC-2015,T-31,P-39260,midfielder,MF
WC-2015,T-31,P-32037,forward,FW
WC-2015,T-31,P-27576,forward,FW
WC-2015,T-31,P-84273,midfielder,MF
WC-2015,T-31,P-30564,forward,FW
WC-2015,T-31,P-78023,goal keeper,GK
WC-2015,T-31,P-66612,forward,FW
WC-2015,T-31,P-59869,defender,DF
WC-2015,T-31,P-83981,defender,DF
WC-2015,T-31,P-17418,midfielder,MF
WC-2015,T-31,P-23193,defender,DF
WC-2015,T-31,P-80216,forward,FW
WC-2015,T-31,P-27184,forward,FW
WC-2015,T-31,P-37178,midfielder,MF
WC-2015,T-31,P-25439,goal keeper,GK
WC-2015,T-31,P-35449,defender,DF
WC-2015,T-31,P-29896,midfielder,MF
WC-2015,T-42,P-14561,goal keeper,GK
WC-2015,T-42,P-52652,defender,DF
WC-2015,T-42,P-87303,defender,DF
WC-2015,T-42,P-24039,defender,DF
WC-2015,T-42,P-29325,defender,DF
WC-2015,T-42,P-97929,midfielder,MF
WC-2015,T-42,P-26592,forward,FW
WC-2015,T-42,P-77510,forward,FW
WC-2015,T-42,P-64825,forward,FW
WC-2015,T-42,P-26065,forward,FW
WC-2015,T-42,P-39616,forward,FW
WC-2015,T-42,P-97884,midfielder,MF
WC-2015,T-42,P-28307,defender,DF
WC-2015,T-42,P-06222,forward,FW
WC-2015,T-42,P-83359,midfielder,MF
WC-2015,T-42,P-54977,goal keeper,GK
WC-2015,T-42,P-12080,forward,FW
WC-2015,T-42,P-43472,midfielder,MF
WC-2015,T-42,P-95918,midfielder,MF
WC-2015,T-42,P-69358,midfielder,MF
WC-2015,T-42,P-75197,defender,DF
WC-2015,T-42,P-85546,defender,DF
WC-2015,T-42,P-06228,goal keeper,GK
WC-2015,T-44,P-38266,goal keeper,GK
WC-2015,T-44,P-49475,defender,DF
WC-2015,T-44,P-55574,defender,DF
WC-2015,T-44,P-90878,defender,DF
WC-2015,T-44,P-75658,defender,DF
WC-2015,T-44,P-99210,midfielder,MF
WC-2015,T-44,P-33014,midfielder,MF
WC-2015,T-44,P-04310,midfielder,MF
WC-2015,T-44,P-79593,midfielder,MF
WC-2015,T-44,P-72113,midfielder,MF
WC-2015,T-44,P-86882,forward,FW
WC-2015,T-44,P-66855,defender,DF
WC-2015,T-44,P-84771,midfielder,MF
WC-2015,T-44,P-82534,midfielder,MF
WC-2015,T-44,P-34571,forward,FW
WC-2015,T-44,P-26643,forward,FW
WC-2015,T-44,P-20246,forward,FW
WC-2015,T-44,P-84176,goal keeper,GK
WC-2015,T-44,P-66148,defender,DF
WC-2015,T-44,P-58036,defender,DF
WC-2015,T-44,P-93312,goal keeper,GK
WC-2015,T-44,P-10268,midfielder,MF
WC-2015,T-44,P-38281,defender,DF
WC-2015,T-46,P-18004,goal keeper,GK
WC-2015,T-46,P-16304,defender,DF
WC-2015,T-46,P-00083,defender,DF
WC-2015,T-46,P-40448,defender,DF
WC-2015,T-46,P-91979,defender,DF
WC-2015,T-46,P-13965,midfielder,MF
WC-2015,T-46,P-99179,midfielder,MF
WC-2015,T-46,P-37915,midfielder,MF
WC-2015,T-46,P-93676,forward,FW
WC-2015,T-46,P-40788,midfielder,MF
WC-2015,T-46,P-03700,forward,FW
WC-2015,T-46,P-20882,goal keeper,GK
WC-2015,T-46,P-61340,defender,DF
WC-2015,T-46,P-37293,defender,DF
WC-2015,T-46,P-59103,defender,DF
WC-2015,T-46,P-70528,midfielder,MF
WC-2015,T-46,P-32979,midfielder,MF
WC-2015,T-46,P-61373,midfielder,MF
WC-2015,T-46,P-33628,forward,FW
WC-2015,T-46,P-34363,midfielder,MF
WC-2015,T-46,P-50449,forward,FW
WC-2015,T-46,P-33442,midfielder,MF
WC-2015,T-46,P-64086,goal keeper,GK
WC-2015,T-48,P-76328,goal keeper,GK
WC-2015,T-48,P-03702,defender,DF
WC-2015,T-48,P-13594,defender,DF
WC-2015,T-48,P-97745,defender,DF
WC-2015,T-48,P-36297,defender,DF
WC-2015,T-48,P-53833,defender,DF
WC-2015,T-48,P-83474,forward,FW
WC-2015,T-48,P-12051,midfielder,MF
WC-2015,T-48,P-69967,forward,FW
WC-2015,T-48,P-70845,midfielder,MF
WC-2015,T-48,P-00336,forward,FW
WC-2015,T-48,P-73591,defender,DF
WC-2015,T-48,P-94893,defender,DF
WC-2015,T-48,P-52192,midfielder,MF
WC-2015,T-48,P-63236,defender,DF
WC-2015,T-48,P-47320,goal keeper,GK
WC-2015,T-48,P-04527,midfielder,MF
WC-2015,T-48,P-73711,defender,DF
WC-2015,T-48,P-98141,forward,FW
WC-2015,T-48,P-52476,midfielder,MF
WC-2015,T-48,P-46894,midfielder,MF
WC-2015,T-48,P-30342,forward,FW
WC-2015,T-48,P-71273,goal keeper,GK
WC-2015,T-49,P-51933,goal keeper,GK
WC-2015,T-49,P-61084,midfielder,MF
WC-2015,T-49,P-54971,defender,DF
WC-2015,T-49,P-82898,midfielder,MF
WC-2015,T-49,P-00393,defender,DF
WC-2015,T-49,P-44826,defender,DF
WC-2015,T-49,P-69129,defender,DF
WC-2015,T-49,P-26444,forward,FW
WC-2015,T-49,P-57283,forward,FW
WC-2015,T-49,P-24335,forward,FW
WC-2015,T-49,P-32271,midfielder,MF
WC-2015,T-49,P-83018,midfielder,MF
WC-2015,T-49,P-82057,midfielder,MF
WC-2015,T-49,P-19118,midfielder,MF
WC-2015,T-49,P-05868,defender,DF
WC-2015,T-49,P-80895,midfielder,MF
WC-2015,T-49,P-44115,forward,FW
WC-2015,T-49,P-33611,defender,DF
WC-2015,T-49,P-58749,midfielder,MF
WC-2015,T-49,P-94989,midfielder,MF
WC-2015,T-49,P-14580,goal keeper,GK
WC-2015,T-49,P-41881,forward,FW
WC-2015,T-49,P-34428,goal keeper,GK
WC-2015,T-50,P-93339,goal keeper,GK
WC-2015,T-50,P-54462,defender,DF
WC-2015,T-50,P-23374,defender,DF
WC-2015,T-50,P-55990,forward,FW
WC-2015,T-50,P-21975,defender,DF
WC-2015,T-50,P-09202,defender,DF
WC-2015,T-50,P-33779,forward,FW
WC-2015,T-50,P-59598,forward,FW
WC-2015,T-50,P-67645,forward,FW
WC-2015,T-50,P-88673,forward,FW
WC-2015,T-50,P-84505,forward,FW
WC-2015,T-50,P-43499,midfielder,MF
WC-2015,T-50,P-22604,midfielder,MF
WC-2015,T-50,P-62439,midfielder,MF
WC-2015,T-50,P-92381,defender,DF
WC-2015,T-50,P-49049,goal keeper,GK
WC-2015,T-50,P-86061,forward,FW
WC-2015,T-50,P-45550,forward,FW
WC-2015,T-50,P-09158,midfielder,MF
WC-2015,T-50,P-90856,midfielder,MF
WC-2015,T-50,P-95601,goal keeper,GK
WC-2015,T-50,P-17938,defender,DF
WC-2015,T-50,P-09501,defender,DF
WC-2015,T-53,P-58533,goal keeper,GK
WC-2015,T-53,P-85744,defender,DF
WC-2015,T-53,P-05942,defender,DF
WC-2015,T-53,P-78983,midfielder,MF
WC-2015,T-53,P-67898,forward,FW
WC-2015,T-53,P-74073,midfielder,MF
WC-2015,T-53,P-29694,defender,DF
WC-2015,T-53,P-70069,midfielder,MF
WC-2015,T-53,P-09212,forward,FW
WC-2015,T-53,P-71462,midfielder,MF
WC-2015,T-53,P-54146,defender,DF
WC-2015,T-53,P-66369,goal keeper,GK
WC-2015,T-53,P-79740,defender,DF
WC-2015,T-53,P-09339,midfielder,MF
WC-2015,T-53,P-40880,defender,DF
WC-2015,T-53,P-38110,forward,FW
WC-2015,T-53,P-95127,midfielder,MF
WC-2015,T-53,P-75265,forward,FW
WC-2015,T-53,P-29295,midfielder,MF
WC-2015,T-53,P-48031,forward,FW
WC-2015,T-53,P-20831,forward,FW
WC-2015,T-53,P-89817,forward,FW
WC-2015,T-53,P-32235,goal keeper,GK
WC-2015,T-71,P-64083,goal keeper,GK
WC-2015,T-71,P-70687,defender,DF
WC-2015,T-71,P-96637,defender,DF
WC-2015,T-71,P-77758,defender,DF
WC-2015,T-71,P-11539,defender,DF
WC-2015,T-71,P-73479,defender,DF
WC-2015,T-71,P-83266,forward,FW
WC-2015,T-71,P-35864,midfielder,MF
WC-2015,T-71,P-40778,forward,FW
WC-2015,T-71,P-08264,midfielder,MF
WC-2015,T-71,P-49393,forward,FW
WC-2015,T-71,P-57457,forward,FW
WC-2015,T-71,P-80717,midfielder,MF
WC-2015,T-71,P-68960,defender,DF
WC-2015,T-71,P-61973,midfielder,MF
WC-2015,T-71,P-46735,forward,FW
WC-2015,T-71,P-43720,defender,DF
WC-2015,T-71,P-16593,goal keeper,GK
WC-2015,T-71,P-78430,defender,DF
WC-2015,T-71,P-58271,defender,DF
WC-2015,T-71,P-46793,goal keeper,GK
WC-2015,T-71,P-39704,midfielder,MF
WC-2015,T-71,P-97215,forward,FW
WC-2015,T-73,P-20973,goal keeper,GK
WC-2015,T-73,P-70737,defender,DF
WC-2015,T-73,P-47865,defender,DF
WC-2015,T-73,P-41819,defender,DF
WC-2015,T-73,P-62127,defender,DF
WC-2015,T-73,P-65568,midfielder,MF
WC-2015,T-73,P-55768,forward,FW
WC-2015,T-73,P-43292,forward,FW
WC-2015,T-73,P-37281,forward,FW
WC-2015,T-73,P-90837,midfielder,MF
WC-2015,T-73,P-36051,forward,FW
WC-2015,T-73,P-84365,midfielder,MF
WC-2015,T-73,P-92234,goal keeper,GK
WC-2015,T-73,P-10289,midfielder,MF
WC-2015,T-73,P-16259,midfielder,MF
WC-2015,T-73,P-05213,defender,DF
WC-2015,T-73,P-57894,midfielder,MF
WC-2015,T-73,P-62805,defender,DF
WC-2015,T-73,P-60401,forward,FW
WC-2015,T-73,P-79226,defender,DF
WC-2015,T-73,P-68406,midfielder,MF
WC-2015,T-73,P-19347,midfielder,MF
WC-2015,T-73,P-01567,goal keeper,GK
WC-2015,T-74,P-27779,goal keeper,GK
WC-2015,T-74,P-40792,defender,DF
WC-2015,T-74,P-10056,defender,DF
WC-2015,T-74,P-62801,defender,DF
WC-2015,T-74,P-52228,defender,DF
WC-2015,T-74,P-66882,defender,DF
WC-2015,T-74,P-71934,midfielder,MF
WC-2015,T-74,P-96721,forward,FW
WC-2015,T-74,P-90086,forward,FW
WC-2015,T-74,P-27729,forward,FW
WC-2015,T-74,P-03180,forward,FW
WC-2015,T-74,P-08987,goal keeper,GK
WC-2015,T-74,P-88969,midfielder,MF
WC-2015,T-74,P-02921,defender,DF
WC-2015,T-74,P-95194,midfielder,MF
WC-2015,T-74,P-83862,defender,DF
WC-2015,T-74,P-94354,midfielder,MF
WC-2015,T-74,P-16575,defender,DF
WC-2015,T-74,P-01096,forward,FW
WC-2015,T-74,P-32524,midfielder,MF
WC-2015,T-74,P-99096,goal keeper,GK
WC-2015,T-74,P-10653,midfielder,MF
WC-2015,T-74,P-76903,defender,DF
WC-2015,T-75,P-47686,goal keeper,GK
WC-2015,T-75,P-16182,defender,DF
WC-2015,T-75,P-06149,defender,DF
WC-2015,T-75,P-94332,defender,DF
WC-2015,T-75,P-47527,defender,DF
WC-2015,T-75,P-84754,defender,DF
WC-2015,T-75,P-15441,midfielder,MF
WC-2015,T-75,P-63976,midfielder,MF
WC-2015,T-75,P-97288,midfielder,MF
WC-2015,T-75,P-61487,forward,FW
WC-2015,T-75,P-53368,midfielder,MF
WC-2015,T-75,P-06268,goal keeper,GK
WC-2015,T-75,P-96874,forward,FW
WC-2015,T-75,P-86179,defender,DF
WC-2015,T-75,P-07698,defender,DF
WC-2015,T-75,P-28291,forward,FW
WC-2015,T-75,P-38433,midfielder,MF
WC-2015,T-75,P-43224,midfielder,MF
WC-2015,T-75,P-25824,forward,FW
WC-2015,T-75,P-84810,defender,DF
WC-2015,T-75,P-96558,goal keeper,GK
WC-2015,T-75,P-26247,midfielder,MF
WC-2015,T-75,P-67107,forward,FW
WC-2015,T-76,P-87745,goal keeper,GK
WC-2015,T-76,P-27270,defender,DF
WC-2015,T-76,P-05007,defender,DF
WC-2015,T-76,P-08487,defender,DF
WC-2015,T-76,P-50085,defender,DF
WC-2015,T-76,P-02347,midfielder,MF
WC-2015,T-76,P-53921,midfielder,MF
WC-2015,T-76,P-75728,midfielder,MF
WC-2015,T-76,P-26203,defender,DF
WC-2015,T-76,P-61491,defender,DF
WC-2015,T-76,P-67549,forward,FW
WC-2015,T-76,P-14339,midfielder,MF
WC-2015,T-76,P-42972,forward,FW
WC-2015,T-76,P-34796,forward,FW
WC-2015,T-76,P-92650,midfielder,MF
WC-2015,T-76,P-65800,defender,DF
WC-2015,T-76,P-23964,midfielder,MF
WC-2015,T-76,P-62941,goal keeper,GK
WC-2015,T-76,P-69603,forward,FW
WC-2015,T-76,P-50304,midfielder,MF
WC-2015,T-76,P-88523,midfielder,MF
WC-2015,T-76,P-77946,goal keeper,GK
WC-2015,T-76,P-78623,forward,FW
WC-2015,T-83,P-80833,goal keeper,GK
WC-2015,T-83,P-52843,forward,FW
WC-2015,T-83,P-00471,defender,DF
WC-2015,T-83,P-64276,defender,DF
WC-2015,T-83,P-72568,defender,DF
WC-2015,T-83,P-39779,defender,DF
WC-2015,T-83,P-92403,midfielder,MF
WC-2015,T-83,P-89510,forward,FW
WC-2015,T-83,P-54396,midfielder,MF
WC-2015,T-83,P-62104,midfielder,MF
WC-2015,T-83,P-45187,defender,DF
WC-2015,T-83,P-81449,midfielder,MF
WC-2015,T-83,P-37034,forward,FW
WC-2015,T-83,P-96028,midfielder,MF
WC-2015,T-83,P-09273,midfielder,MF
WC-2015,T-83,P-69030,defender,DF
WC-2015,T-83,P-35525,midfielder,MF
WC-2015,T-83,P-32811,goal keeper,GK
WC-2015,T-83,P-65433,defender,DF
WC-2015,T-83,P-89236,forward,FW
WC-2015,T-83,P-12946,goal keeper,GK
WC-2015,T-83,P-74823,defender,DF
WC-2015,T-83,P-79931,forward,FW
WC-2018,T-03,P-18444,goal keeper,GK
WC-2018,T-03,P-32508,defender,DF
WC-2018,T-03,P-35173,defender,DF
WC-2018,T-03,P-64424,defender,DF
WC-2018,T-03,P-38647,midfielder,MF
WC-2018,T-03,P-00981,defender,DF
WC-2018,T-03,P-66433,midfielder,MF
WC-2018,T-03,P-73712,defender,DF
WC-2018,T-03,P-29398,forward,FW
WC-2018,T-03,P-14758,forward,FW
WC-2018,T-03,P-42113,midfielder,MF
WC-2018,T-03,P-39788,goal keeper,GK
WC-2018,T-03,P-95278,midfielder,MF
WC-2018,T-03,P-77063,defender,DF
WC-2018,T-03,P-69019,midfielder,MF
WC-2018,T-03,P-18222,defender,DF
WC-2018,T-03,P-49114,defender,DF
WC-2018,T-03,P-22992,defender,DF
WC-2018,T-03,P-36870,forward,FW
WC-2018,T-03,P-16352,midfielder,MF
WC-2018,T-03,P-28151,forward,FW
WC-2018,T-03,P-85116,midfielder,MF
WC-2018,T-03,P-17853,goal keeper,GK
WC-2018,T-04,P-10244,goal keeper,GK
WC-2018,T-04,P-59727,defender,DF
WC-2018,T-04,P-61767,defender,DF
WC-2018,T-04,P-44926,forward,FW
WC-2018,T-04,P-36196,defender,DF
WC-2018,T-04,P-58540,defender,DF
WC-2018,T-04,P-35837,forward,FW
WC-2018,T-04,P-33434,midfielder,MF
WC-2018,T-04,P-61256,forward,FW
WC-2018,T-04,P-45528,forward,FW
WC-2018,T-04,P-91329,forward,FW
WC-2018,T-04,P-84536,goal keeper,GK
WC-2018,T-04,P-95847,midfielder,MF
WC-2018,T-04,P-20087,forward,FW
WC-2018,T-04,P-37275,midfielder,MF
WC-2018,T-04,P-51118,defender,DF
WC-2018,T-04,P-10167,forward,FW
WC-2018,T-04,P-11675,goal keeper,GK
WC-2018,T-04,P-87852,defender,DF
WC-2018,T-04,P-83849,defender,DF
WC-2018,T-04,P-83198,forward,FW
WC-2018,T-04,P-34822,midfielder,MF
WC-2018,T-04,P-45548,midfielder,MF
WC-2018,T-06,P-09658,goal keeper,GK
WC-2018,T-06,P-70547,defender,DF
WC-2018,T-06,P-92866,defender,DF
WC-2018,T-06,P-95269,defender,DF
WC-2018,T-06,P-64049,defender,DF
WC-2018,T-06,P-53048,midfielder,MF
WC-2018,T-06,P-48955,midfielder,MF
WC-2018,T-06,P-63363,midfielder,MF
WC-2018,T-06,P-72637,forward,FW
WC-2018,T-06,P-72011,forward,FW
WC-2018,T-06,P-06338,midfielder,MF
WC-2018,T-06,P-10313,goal keeper,GK
WC-2018,T-06,P-88715,goal keeper,GK
WC-2018,T-06,P-84852,forward,FW
WC-2018,T-06,P-22930,defender,DF
WC-2018,T-06,P-74337,midfielder,MF
WC-2018,T-06,P-47906,midfielder,MF
WC-2018,T-06,P-15896,forward,FW
WC-2018,T-06,P-12533,midfielder,MF
WC-2018,T-06,P-85472,defender,DF
WC-2018,T-06,P-13975,forward,FW
WC-2018,T-06,P-69919,midfielder,MF
WC-2018,T-06,P-73834,defender,DF
WC-2018,T-09,P-21531,goal keeper,GK
WC-2018,T-09,P-32798,defender,DF
WC-2018,T-09,P-84301,defender,DF
WC-2018,T-09,P-77556,defender,DF
WC-2018,T-09,P-02305,midfielder,MF
WC-2018,T-09,P-65498,defender,DF
WC-2018,T-09,P-17082,forward,FW
WC-2018,T-09,P-49997,midfielder,MF
WC-2018,T-09,P-92004,forward,FW
WC-2018,T-09,P-87008,forward,FW
WC-2018,T-09,P-37171,midfielder,MF
WC-2018,T-09,P-70650,defender,DF
WC-2018,T-09,P-76060,defender,DF
WC-2018,T-09,P-40137,defender,DF
WC-2018,T-09,P-54013,midfielder,MF
WC-2018,T-09,P-66815,goal keeper,GK
WC-2018,T-09,P-41758,midfielder,MF
WC-2018,T-09,P-74941,midfielder,MF
WC-2018,T-09,P-62621,midfielder,MF
WC-2018,T-09,P-37877,forward,FW
WC-2018,T-09,P-87266,forward,FW
WC-2018,T-09,P-97493,defender,DF
WC-2018,T-09,P-89248,goal keeper,GK
WC-2018,T-16,P-94838,goal keeper,GK
WC-2018,T-16,P-78745,defender,DF
WC-2018,T-16,P-26542,defender,DF
WC-2018,T-16,P-01505,defender,DF
WC-2018,T-16,P-17988,midfielder,MF
WC-2018,T-16,P-66228,midfielder,MF
WC-2018,T-16,P-12476,forward,FW
WC-2018,T-16,P-76705,midfielder,MF
WC-2018,T-16,P-74655,forward,FW
WC-2018,T-16,P-89392,midfielder,MF
WC-2018,T-16,P-83216,midfielder,MF
WC-2018,T-16,P-27327,goal keeper,GK
WC-2018,T-16,P-43196,defender,DF
WC-2018,T-16,P-16245,forward,FW
WC-2018,T-16,P-07807,midfielder,MF
WC-2018,T-16,P-61424,midfielder,MF
WC-2018,T-16,P-07796,defender,DF
WC-2018,T-16,P-37614,defender,DF
WC-2018,T-16,P-59950,forward,FW
WC-2018,T-16,P-14499,midfielder,MF
WC-2018,T-16,P-75090,forward,FW
WC-2018,T-16,P-29212,goal keeper,GK
WC-2018,T-16,P-38594,defender,DF
WC-2018,T-17,P-81392,goal keeper,GK
WC-2018,T-17,P-65320,defender,DF
WC-2018,T-17,P-04808,defender,DF
WC-2018,T-17,P-63865,defender,DF
WC-2018,T-17,P-11767,midfielder,MF
WC-2018,T-17,P-97912,defender,DF
WC-2018,T-17,P-57722,midfielder,MF
WC-2018,T-17,P-10740,defender,DF
WC-2018,T-17,P-00781,midfielder,MF
WC-2018,T-17,P-99590,midfielder,MF
WC-2018,T-17,P-58669,forward,FW
WC-2018,T-17,P-70812,forward,FW
WC-2018,T-17,P-42644,midfielder,MF
WC-2018,T-17,P-07614,midfielder,MF
WC-2018,T-17,P-71100,defender,DF
WC-2018,T-17,P-26483,defender,DF
WC-2018,T-17,P-24978,midfielder,MF
WC-2018,T-17,P-88896,goal keeper,GK
WC-2018,T-17,P-37984,defender,DF
WC-2018,T-17,P-33347,midfielder,MF
WC-2018,T-17,P-11307,forward,FW
WC-2018,T-17,P-71751,defender,DF
WC-2018,T-17,P-92476,goal keeper,GK
WC-2018,T-18,P-99988,goal keeper,GK
WC-2018,T-18,P-65425,defender,DF
WC-2018,T-18,P-86004,defender,DF
WC-2018,T-18,P-93884,forward,FW
WC-2018,T-18,P-08916,defender,DF
WC-2018,T-18,P-56297,defender,DF
WC-2018,T-18,P-65979,midfielder,MF
WC-2018,T-18,P-07670,midfielder,MF
WC-2018,T-18,P-65182,forward,FW
WC-2018,T-18,P-29491,midfielder,MF
WC-2018,T-18,P-79215,midfielder,MF
WC-2018,T-18,P-89113,goal keeper,GK
WC-2018,T-18,P-65146,defender,DF
WC-2018,T-18,P-57763,midfielder,MF
WC-2018,T-18,P-57922,defender,DF
WC-2018,T-18,P-12763,forward,FW
WC-2018,T-18,P-25745,forward,FW
WC-2018,T-18,P-44463,forward,FW
WC-2018,T-18,P-77789,midfielder,MF
WC-2018,T-18,P-14891,forward,FW
WC-2018,T-18,P-91294,defender,DF
WC-2018,T-18,P-89420,defender,DF
WC-2018,T-18,P-25428,goal keeper,GK
WC-2018,T-22,P-58755,goal keeper,GK
WC-2018,T-22,P-71525,midfielder,MF
WC-2018,T-22,P-03748,defender,DF
WC-2018,T-22,P-14988,defender,DF
WC-2018,T-22,P-09856,defender,DF
WC-2018,T-22,P-18923,defender,DF
WC-2018,T-22,P-93951,midfielder,MF
WC-2018,T-22,P-57615,midfielder,MF
WC-2018,T-22,P-67216,forward,FW
WC-2018,T-22,P-50104,midfielder,MF
WC-2018,T-22,P-85579,forward,FW
WC-2018,T-22,P-72592,forward,FW
WC-2018,T-22,P-61976,defender,DF
WC-2018,T-22,P-44386,defender,DF
WC-2018,T-22,P-65946,forward,FW
WC-2018,T-22,P-28357,goal keeper,GK
WC-2018,T-22,P-11588,defender,DF
WC-2018,T-22,P-79590,midfielder,MF
WC-2018,T-22,P-60880,midfielder,MF
WC-2018,T-22,P-08442,forward,FW
WC-2018,T-22,P-29053,forward,FW
WC-2018,T-22,P-35930,goal keeper,GK
WC-2018,T-22,P-18907,forward,FW
WC-2018,T-26,P-32448,goal keeper,GK
WC-2018,T-26,P-83293,defender,DF
WC-2018,T-26,P-49004,defender,DF
WC-2018,T-26,P-13030,midfielder,MF
WC-2018,T-26,P-50801,midfielder,MF
WC-2018,T-26,P-81689,defender,DF
WC-2018,T-26,P-44093,defender,DF
WC-2018,T-26,P-77754,midfielder,MF
WC-2018,T-26,P-37703,forward,FW
WC-2018,T-26,P-75890,forward,FW
WC-2018,T-26,P-24653,forward,FW
WC-2018,T-26,P-02028,defender,DF
WC-2018,T-26,P-29161,defender,DF
WC-2018,T-26,P-91291,forward,FW
WC-2018,T-26,P-41789,defender,DF
WC-2018,T-26,P-49027,goal keeper,GK
WC-2018,T-26,P-60871,midfielder,MF
WC-2018,T-26,P-96547,forward,FW
WC-2018,T-26,P-74320,midfielder,MF
WC-2018,T-26,P-08628,defender,DF
WC-2018,T-26,P-82223,midfielder,MF
WC-2018,T-26,P-99805,forward,FW
WC-2018,T-26,P-86080,goal keeper,GK
WC-2018,T-28,P-70618,goal keeper,GK
WC-2018,T-28,P-74071,defender,DF
WC-2018,T-28,P-48480,defender,DF
WC-2018,T-28,P-31219,midfielder,MF
WC-2018,T-28,P-92628,defender,DF
WC-2018,T-28,P-02465,defender,DF
WC-2018,T-28,P-63620,midfielder,MF
WC-2018,T-28,P-08169,midfielder,MF
WC-2018,T-28,P-58924,forward,FW
WC-2018,T-28,P-21553,forward,FW
WC-2018,T-28,P-74242,forward,FW
WC-2018,T-28,P-25937,defender,DF
WC-2018,T-28,P-38372,goal keeper,GK
WC-2018,T-28,P-50943,forward,FW
WC-2018,T-28,P-56280,defender,DF
WC-2018,T-28,P-06851,defender,DF
WC-2018,T-28,P-16053,defender,DF
WC-2018,T-28,P-09246,defender,DF
WC-2018,T-28,P-59837,forward,FW
WC-2018,T-28,P-83363,midfielder,MF
WC-2018,T-28,P-84745,midfielder,MF
WC-2018,T-28,P-05318,defender,DF
WC-2018,T-28,P-89070,goal keeper,GK
WC-2018,T-30,P-30711,goal keeper,GK
WC-2018,T-30,P-60652,defender,DF
WC-2018,T-30,P-17174,defender,DF
WC-2018,T-30,P-42326,defender,DF
WC-2018,T-30,P-67297,defender,DF
WC-2018,T-30,P-17509,midfielder,MF
WC-2018,T-30,P-90908,forward,FW
WC-2018,T-30,P-07153,forward,FW
WC-2018,T-30,P-89750,forward,FW
WC-2018,T-30,P-64077,forward,FW
WC-2018,T-30,P-97778,forward,FW
WC-2018,T-30,P-54461,midfielder,MF
WC-2018,T-30,P-98287,midfielder,MF
WC-2018,T-30,P-04964,midfielder,MF
WC-2018,T-30,P-69451,midfielder,MF
WC-2018,T-30,P-69594,goal keeper,GK
WC-2018,T-30,P-40789,defender,DF
WC-2018,T-30,P-20754,forward,FW
WC-2018,T-30,P-73306,defender,DF
WC-2018,T-30,P-71285,forward,FW
WC-2018,T-30,P-84424,defender,DF
WC-2018,T-30,P-71816,defender,DF
WC-2018,T-30,P-81466,goal keeper,GK
WC-2018,T-31,P-19408,goal keeper,GK
WC-2018,T-31,P-69785,defender,DF
WC-2018,T-31,P-77118,defender,DF
WC-2018,T-31,P-36126,defender,DF
WC-2018,T-31,P-81447,defender,DF
WC-2018,T-31,P-13029,midfielder,MF
WC-2018,T-31,P-21524,midfielder,MF
WC-2018,T-31,P-39356,midfielder,MF
WC-2018,T-31,P-19339,forward,FW
WC-2018,T-31,P-12818,midfielder,MF
WC-2018,T-31,P-94447,forward,FW
WC-2018,T-31,P-81947,goal keeper,GK
WC-2018,T-31,P-28154,midfielder,MF
WC-2018,T-31,P-79409,midfielder,MF
WC-2018,T-31,P-48737,defender,DF
WC-2018,T-31,P-51201,defender,DF
WC-2018,T-31,P-04224,defender,DF
WC-2018,T-31,P-30316,defender,DF
WC-2018,T-31,P-62162,midfielder,MF
WC-2018,T-31,P-50679,midfielder,MF
WC-2018,T-31,P-08896,midfielder,MF
WC-2018,T-31,P-03367,goal keeper,GK
WC-2018,T-31,P-78594,forward,FW
WC-2018,T-37,P-37032,goal keeper,GK
WC-2018,T-37,P-27331,defender,DF
WC-2018,T-37,P-68348,midfielder,MF
WC-2018,T-37,P-69192,midfielder,MF
WC-2018,T-37,P-82839,defender,DF
WC-2018,T-37,P-13758,defender,DF
WC-2018,T-37,P-03161,midfielder,MF
WC-2018,T-37,P-90675,midfielder,MF
WC-2018,T-37,P-73258,forward,FW
WC-2018,T-37,P-83367,midfielder,MF
WC-2018,T-37,P-70085,forward,FW
WC-2018,T-37,P-93803,goal keeper,GK
WC-2018,T-37,P-77257,goal keeper,GK
WC-2018,T-37,P-45419,defender,DF
WC-2018,T-37,P-09507,defender,DF
WC-2018,T-37,P-05450,midfielder,MF
WC-2018,T-37,P-58772,midfielder,MF
WC-2018,T-37,P-28803,defender,DF
WC-2018,T-37,P-38514,midfielder,MF
WC-2018,T-37,P-07013,midfielder,MF
WC-2018,T-37,P-48976,midfielder,MF
WC-2018,T-37,P-31941,forward,FW
WC-2018,T-37,P-02559,defender,DF
WC-2018,T-38,P-20998,goal keeper,GK
WC-2018,T-38,P-04541,midfielder,MF
WC-2018,T-38,P-75785,defender,DF
WC-2018,T-38,P-98747,defender,DF
WC-2018,T-38,P-74098,defender,DF
WC-2018,T-38,P-95374,midfielder,MF
WC-2018,T-38,P-00111,midfielder,MF
WC-2018,T-38,P-29864,defender,DF
WC-2018,T-38,P-60139,midfielder,MF
WC-2018,T-38,P-53957,forward,FW
WC-2018,T-38,P-24531,midfielder,MF
WC-2018,T-38,P-29185,goal keeper,GK
WC-2018,T-38,P-26022,defender,DF
WC-2018,T-38,P-87786,forward,FW
WC-2018,T-38,P-23272,defender,DF
WC-2018,T-38,P-85324,forward,FW
WC-2018,T-38,P-85860,forward,FW
WC-2018,T-38,P-98775,forward,FW
WC-2018,T-38,P-15905,defender,DF
WC-2018,T-38,P-09113,forward,FW
WC-2018,T-38,P-84406,midfielder,MF
WC-2018,T-38,P-80505,goal keeper,GK
WC-2018,T-38,P-47137,defender,DF
WC-2018,T-44,P-53272,goal keeper,GK
WC-2018,T-44,P-28595,defender,DF
WC-2018,T-44,P-46176,defender,DF
WC-2018,T-44,P-33175,midfielder,MF
WC-2018,T-44,P-26303,defender,DF
WC-2018,T-44,P-53282,defender,DF
WC-2018,T-44,P-99817,midfielder,MF
WC-2018,T-44,P-54138,midfielder,MF
WC-2018,T-44,P-84807,forward,FW
WC-2018,T-44,P-36964,midfielder,MF
WC-2018,T-44,P-02595,midfielder,MF
WC-2018,T-44,P-11411,goal keeper,GK
WC-2018,T-44,P-36278,forward,FW
WC-2018,T-44,P-89984,midfielder,MF
WC-2018,T-44,P-23371,forward,FW
WC-2018,T-44,P-41027,midfielder,MF
WC-2018,T-44,P-91793,midfielder,MF
WC-2018,T-44,P-82154,midfielder,MF
WC-2018,T-44,P-56398,defender,DF
WC-2018,T-44,P-76596,defender,DF
WC-2018,T-44,P-62769,defender,DF
WC-2018,T-44,P-89321,defender,DF
WC-2018,T-44,P-20127,goal keeper,GK
WC-2018,T-46,P-05120,goal keeper,GK
WC-2018,T-46,P-76750,defender,DF
WC-2018,T-46,P-01730,defender,DF
WC-2018,T-46,P-44763,defender,DF
WC-2018,T-46,P-64299,midfielder,MF
WC-2018,T-46,P-09951,midfielder,MF
WC-2018,T-46,P-10063,midfielder,MF
WC-2018,T-46,P-36687,forward,FW
WC-2018,T-46,P-57865,forward,FW
WC-2018,T-46,P-77047,midfielder,MF
WC-2018,T-46,P-68042,forward,FW
WC-2018,T-46,P-94928,goal keeper,GK
WC-2018,T-46,P-80826,goal keeper,GK
WC-2018,T-46,P-36515,forward,FW
WC-2018,T-46,P-21208,defender,DF
WC-2018,T-46,P-42911,defender,DF
WC-2018,T-46,P-96694,midfielder,MF
WC-2018,T-46,P-40312,midfielder,MF
WC-2018,T-46,P-83642,forward,FW
WC-2018,T-46,P-77419,midfielder,MF
WC-2018,T-46,P-26546,defender,DF
WC-2018,T-46,P-24705,forward,FW
WC-2018,T-46,P-80088,midfielder,MF
WC-2018,T-47,P-50688,goal keeper,GK
WC-2018,T-47,P-45288,defender,DF
WC-2018,T-47,P-54550,defender,DF
WC-2018,T-47,P-99089,defender,DF
WC-2018,T-47,P-53270,defender,DF
WC-2018,T-47,P-26068,defender,DF
WC-2018,T-47,P-70715,midfielder,MF
WC-2018,T-47,P-62364,midfielder,MF
WC-2018,T-47,P-46107,forward,FW
WC-2018,T-47,P-64125,midfielder,MF
WC-2018,T-47,P-46039,midfielder,MF
WC-2018,T-47,P-15566,goal keeper,GK
WC-2018,T-47,P-15199,forward,FW
WC-2018,T-47,P-46553,midfielder,MF
WC-2018,T-47,P-58822,midfielder,MF
WC-2018,T-47,P-37696,midfielder,MF
WC-2018,T-47,P-98153,defender,DF
WC-2018,T-47,P-87199,midfielder,MF
WC-2018,T-47,P-42517,forward,FW
WC-2018,T-47,P-60872,forward,FW
WC-2018,T-47,P-71023,midfielder,MF
WC-2018,T-47,P-88869,goal keeper,GK
WC-2018,T-47,P-54137,midfielder,MF
WC-2018,T-50,P-51723,goal keeper,GK
WC-2018,T-50,P-01347,defender,DF
WC-2018,T-50,P-45065,defender,DF
WC-2018,T-50,P-61893,midfielder,MF
WC-2018,T-50,P-15870,defender,DF
WC-2018,T-50,P-65978,defender,DF
WC-2018,T-50,P-19591,forward,FW
WC-2018,T-50,P-62455,midfielder,MF
WC-2018,T-50,P-14651,forward,FW
WC-2018,T-50,P-01164,midfielder,MF
WC-2018,T-50,P-26900,forward,FW
WC-2018,T-50,P-75724,defender,DF
WC-2018,T-50,P-55236,forward,FW
WC-2018,T-50,P-08253,forward,FW
WC-2018,T-50,P-33715,midfielder,MF
WC-2018,T-50,P-83020,goal keeper,GK
WC-2018,T-50,P-94774,midfielder,MF
WC-2018,T-50,P-40578,forward,FW
WC-2018,T-50,P-40341,midfielder,MF
WC-2018,T-50,P-27669,defender,DF
WC-2018,T-50,P-12630,defender,DF
WC-2018,T-50,P-98806,defender,DF
WC-2018,T-50,P-07594,goal keeper,GK
WC-2018,T-54,P-77521,goal keeper,GK
WC-2018,T-54,P-72819,defender,DF
WC-2018,T-54,P-53385,defender,DF
WC-2018,T-54,P-91455,defender,DF
WC-2018,T-54,P-02886,defender,DF
WC-2018,T-54,P-32575,midfielder,MF
WC-2018,T-54,P-76850,forward,FW
WC-2018,T-54,P-10561,midfielder,MF
WC-2018,T-54,P-78106,forward,FW
WC-2018,T-54,P-09945,forward,FW
WC-2018,T-54,P-06696,midfielder,MF
WC-2018,T-54,P-91983,goal keeper,GK
WC-2018,T-54,P-77892,defender,DF
WC-2018,T-54,P-48670,midfielder,MF
WC-2018,T-54,P-44505,defender,DF
WC-2018,T-54,P-52444,forward,FW
WC-2018,T-54,P-22016,defender,DF
WC-2018,T-54,P-03144,forward,FW
WC-2018,T-54,P-67176,midfielder,MF
WC-2018,T-54,P-24760,midfielder,MF
WC-2018,T-54,P-34448,midfielder,MF
WC-2018,T-54,P-80905,goal keeper,GK
WC-2018,T-54,P-76368,defender,DF
WC-2018,T-56,P-83518,goal keeper,GK
WC-2018,T-56,P-86020,defender,DF
WC-2018,T-56,P-02351,defender,DF
WC-2018,T-56,P-56647,defender,DF
WC-2018,T-56,P-36397,defender,DF
WC-2018,T-56,P-53701,defender,DF
WC-2018,T-56,P-88592,midfielder,MF
WC-2018,T-56,P-04154,midfielder,MF
WC-2018,T-56,P-29117,forward,FW
WC-2018,T-56,P-70132,forward,FW
WC-2018,T-56,P-16977,forward,FW
WC-2018,T-56,P-01594,goal keeper,GK
WC-2018,T-56,P-82532,midfielder,MF
WC-2018,T-56,P-96067,midfielder,MF
WC-2018,T-56,P-70241,defender,DF
WC-2018,T-56,P-77391,midfielder,MF
WC-2018,T-56,P-47833,defender,DF
WC-2018,T-56,P-39610,forward,FW
WC-2018,T-56,P-61528,midfielder,MF
WC-2018,T-56,P-05862,forward,FW
WC-2018,T-56,P-09633,goal keeper,GK
WC-2018,T-56,P-23264,defender,DF
WC-2018,T-56,P-59720,midfielder,MF
WC-2018,T-57,P-31606,goal keeper,GK
WC-2018,T-57,P-70794,defender,DF
WC-2018,T-57,P-61813,defender,DF
WC-2018,T-57,P-40820,defender,DF
WC-2018,T-57,P-10172,defender,DF
WC-2018,T-57,P-57157,midfielder,MF
WC-2018,T-57,P-12381,forward,FW
WC-2018,T-57,P-64111,midfielder,MF
WC-2018,T-57,P-00549,forward,FW
WC-2018,T-57,P-45449,midfielder,MF
WC-2018,T-57,P-64261,midfielder,MF
WC-2018,T-57,P-40292,goal keeper,GK
WC-2018,T-57,P-19545,midfielder,MF
WC-2018,T-57,P-65144,forward,FW
WC-2018,T-57,P-29046,defender,DF
WC-2018,T-57,P-57494,midfielder,MF
WC-2018,T-57,P-27417,midfielder,MF
WC-2018,T-57,P-42160,defender,DF
WC-2018,T-57,P-32165,midfielder,MF
WC-2018,T-57,P-32858,defender,DF
WC-2018,T-57,P-09584,midfielder,MF
WC-2018,T-57,P-57476,goal keeper,GK
WC-2018,T-57,P-23468,forward,FW
WC-2018,T-58,P-72028,goal keeper,GK
WC-2018,T-58,P-76960,defender,DF
WC-2018,T-58,P-81972,defender,DF
WC-2018,T-58,P-99900,midfielder,MF
WC-2018,T-58,P-67578,defender,DF
WC-2018,T-58,P-18665,defender,DF
WC-2018,T-58,P-70442,forward,FW
WC-2018,T-58,P-89743,midfielder,MF
WC-2018,T-58,P-33280,forward,FW
WC-2018,T-58,P-31133,midfielder,MF
WC-2018,T-58,P-34205,midfielder,MF
WC-2018,T-58,P-93586,goal keeper,GK
WC-2018,T-58,P-10712,defender,DF
WC-2018,T-58,P-44689,midfielder,MF
WC-2018,T-58,P-35081,defender,DF
WC-2018,T-58,P-39584,midfielder,MF
WC-2018,T-58,P-65199,forward,FW
WC-2018,T-58,P-63951,forward,FW
WC-2018,T-58,P-00521,defender,DF
WC-2018,T-58,P-95670,forward,FW
WC-2018,T-58,P-46272,defender,DF
WC-2018,T-58,P-27059,goal keeper,GK
WC-2018,T-58,P-72710,midfielder,MF
WC-2018,T-62,P-95453,goal keeper,GK
WC-2018,T-62,P-17872,defender,DF
WC-2018,T-62,P-82792,defender,DF
WC-2018,T-62,P-79763,defender,DF
WC-2018,T-62,P-36787,defender,DF
WC-2018,T-62,P-43675,midfielder,MF
WC-2018,T-62,P-17415,midfielder,MF
WC-2018,T-62,P-20571,midfielder,MF
WC-2018,T-62,P-69896,midfielder,MF
WC-2018,T-62,P-18383,forward,FW
WC-2018,T-62,P-05922,midfielder,MF
WC-2018,T-62,P-37265,goal keeper,GK
WC-2018,T-62,P-47851,defender,DF
WC-2018,T-62,P-11462,defender,DF
WC-2018,T-62,P-11064,midfielder,MF
WC-2018,T-62,P-23559,midfielder,MF
WC-2018,T-62,P-22778,midfielder,MF
WC-2018,T-62,P-51786,midfielder,MF
WC-2018,T-62,P-06356,midfielder,MF
WC-2018,T-62,P-33785,goal keeper,GK
WC-2018,T-62,P-20163,midfielder,MF
WC-2018,T-62,P-37840,forward,FW
WC-2018,T-62,P-64597,defender,DF
WC-2018,T-63,P-61496,goal keeper,GK
WC-2018,T-63,P-91707,defender,DF
WC-2018,T-63,P-95345,defender,DF
WC-2018,T-63,P-87284,defender,DF
WC-2018,T-63,P-31004,defender,DF
WC-2018,T-63,P-94422,defender,DF
WC-2018,T-63,P-93688,midfielder,MF
WC-2018,T-63,P-23568,midfielder,MF
WC-2018,T-63,P-84563,midfielder,MF
WC-2018,T-63,P-83734,forward,FW
WC-2018,T-63,P-04434,midfielder,MF
WC-2018,T-63,P-91268,midfielder,MF
WC-2018,T-63,P-45457,defender,DF
WC-2018,T-63,P-99177,midfielder,MF
WC-2018,T-63,P-82537,midfielder,MF
WC-2018,T-63,P-77853,midfielder,MF
WC-2018,T-63,P-66636,midfielder,MF
WC-2018,T-63,P-70583,midfielder,MF
WC-2018,T-63,P-24301,forward,FW
WC-2018,T-63,P-36522,forward,FW
WC-2018,T-63,P-40442,goal keeper,GK
WC-2018,T-63,P-85438,goal keeper,GK
WC-2018,T-63,P-30394,defender,DF
WC-2018,T-65,P-44035,goal keeper,GK
WC-2018,T-65,P-93828,defender,DF
WC-2018,T-65,P-47321,defender,DF
WC-2018,T-65,P-29883,defender,DF
WC-2018,T-65,P-40621,midfielder,MF
WC-2018,T-65,P-91655,midfielder,MF
WC-2018,T-65,P-38799,forward,FW
WC-2018,T-65,P-55140,midfielder,MF
WC-2018,T-65,P-29136,forward,FW
WC-2018,T-65,P-79299,forward,FW
WC-2018,T-65,P-51960,midfielder,MF
WC-2018,T-65,P-55298,defender,DF
WC-2018,T-65,P-12707,midfielder,MF
WC-2018,T-65,P-94596,forward,FW
WC-2018,T-65,P-22102,forward,FW
WC-2018,T-65,P-17986,goal keeper,GK
WC-2018,T-65,P-15988,midfielder,MF
WC-2018,T-65,P-37935,forward,FW
WC-2018,T-65,P-23774,forward,FW
WC-2018,T-65,P-44044,forward,FW
WC-2018,T-65,P-35711,defender,DF
WC-2018,T-65,P-57411,defender,DF
WC-2018,T-65,P-53694,goal keeper,GK
WC-2018,T-66,P-46403,goal keeper,GK
WC-2018,T-66,P-39341,defender,DF
WC-2018,T-66,P-54492,defender,DF
WC-2018,T-66,P-44932,midfielder,MF
WC-2018,T-66,P-75924,defender,DF
WC-2018,T-66,P-95482,defender,DF
WC-2018,T-66,P-58363,midfielder,MF
WC-2018,T-66,P-40618,forward,FW
WC-2018,T-66,P-85696,forward,FW
WC-2018,T-66,P-33390,midfielder,MF
WC-2018,T-66,P-33059,defender,DF
WC-2018,T-66,P-35773,goal keeper,GK
WC-2018,T-66,P-30283,defender,DF
WC-2018,T-66,P-12935,defender,DF
WC-2018,T-66,P-57535,defender,DF
WC-2018,T-66,P-89573,midfielder,MF
WC-2018,T-66,P-80738,midfielder,MF
WC-2018,T-66,P-79900,forward,FW
WC-2018,T-66,P-62033,forward,FW
WC-2018,T-66,P-27744,midfielder,MF
WC-2018,T-66,P-66184,midfielder,MF
WC-2018,T-66,P-45505,midfielder,MF
WC-2018,T-66,P-72770,goal keeper,GK
WC-2018,T-71,P-42523,goal keeper,GK
WC-2018,T-71,P-64718,defender,DF
WC-2018,T-71,P-51199,defender,DF
WC-2018,T-71,P-26051,defender,DF
WC-2018,T-71,P-18598,defender,DF
WC-2018,T-71,P-16489,defender,DF
WC-2018,T-71,P-77335,forward,FW
WC-2018,T-71,P-09338,midfielder,MF
WC-2018,T-71,P-15736,forward,FW
WC-2018,T-71,P-02947,midfielder,MF
WC-2018,T-71,P-58692,forward,FW
WC-2018,T-71,P-02609,defender,DF
WC-2018,T-71,P-47440,midfielder,MF
WC-2018,T-71,P-91889,defender,DF
WC-2018,T-71,P-64292,midfielder,MF
WC-2018,T-71,P-48433,midfielder,MF
WC-2018,T-71,P-93920,midfielder,MF
WC-2018,T-71,P-34018,midfielder,MF
WC-2018,T-71,P-07259,defender,DF
WC-2018,T-71,P-37612,defender,DF
WC-2018,T-71,P-29757,goal keeper,GK
WC-2018,T-71,P-26566,defender,DF
WC-2018,T-71,P-04157,goal keeper,GK
WC-2018,T-73,P-52217,goal keeper,GK
WC-2018,T-73,P-71071,defender,DF
WC-2018,T-73,P-64348,defender,DF
WC-2018,T-73,P-15848,defender,DF
WC-2018,T-73,P-28010,midfielder,MF
WC-2018,T-73,P-56330,midfielder,MF
WC-2018,T-73,P-52837,midfielder,MF
WC-2018,T-73,P-37294,midfielder,MF
WC-2018,T-73,P-00339,forward,FW
WC-2018,T-73,P-92520,midfielder,MF
WC-2018,T-73,P-97275,forward,FW
WC-2018,T-73,P-76837,defender,DF
WC-2018,T-73,P-51443,goal keeper,GK
WC-2018,T-73,P-60716,defender,DF
WC-2018,T-73,P-89177,defender,DF
WC-2018,T-73,P-11593,defender,DF
WC-2018,T-73,P-60554,forward,FW
WC-2018,T-73,P-01416,defender,DF
WC-2018,T-73,P-02231,forward,FW
WC-2018,T-73,P-09400,midfielder,MF
WC-2018,T-73,P-64102,forward,FW
WC-2018,T-73,P-52418,midfielder,MF
WC-2018,T-73,P-44334,goal keeper,GK
WC-2018,T-74,P-26943,goal keeper,GK
WC-2018,T-74,P-29833,defender,DF
WC-2018,T-74,P-31431,defender,DF
WC-2018,T-74,P-34998,defender,DF
WC-2018,T-74,P-90129,defender,DF
WC-2018,T-74,P-30993,defender,DF
WC-2018,T-74,P-74946,midfielder,MF
WC-2018,T-74,P-20019,midfielder,MF
WC-2018,T-74,P-82967,forward,FW
WC-2018,T-74,P-04686,midfielder,MF
WC-2018,T-74,P-89934,forward,FW
WC-2018,T-74,P-46890,goal keeper,GK
WC-2018,T-74,P-19366,midfielder,MF
WC-2018,T-74,P-42015,defender,DF
WC-2018,T-74,P-15887,midfielder,MF
WC-2018,T-74,P-28801,defender,DF
WC-2018,T-74,P-78477,midfielder,MF
WC-2018,T-74,P-46506,defender,DF
WC-2018,T-74,P-24357,midfielder,MF
WC-2018,T-74,P-10221,forward,FW
WC-2018,T-74,P-73907,midfielder,MF
WC-2018,T-74,P-08312,forward,FW
WC-2018,T-74,P-08714,goal keeper,GK
WC-2018,T-75,P-63312,goal keeper,GK
WC-2018,T-75,P-09988,defender,DF
WC-2018,T-75,P-67914,defender,DF
WC-2018,T-75,P-19193,defender,DF
WC-2018,T-75,P-23925,defender,DF
WC-2018,T-75,P-95507,defender,DF
WC-2018,T-75,P-19075,forward,FW
WC-2018,T-75,P-68060,midfielder,MF
WC-2018,T-75,P-07180,forward,FW
WC-2018,T-75,P-77224,midfielder,MF
WC-2018,T-75,P-54713,midfielder,MF
WC-2018,T-75,P-01729,goal keeper,GK
WC-2018,T-75,P-43367,defender,DF
WC-2018,T-75,P-71840,midfielder,MF
WC-2018,T-75,P-35818,midfielder,MF
WC-2018,T-75,P-77553,midfielder,MF
WC-2018,T-75,P-83560,midfielder,MF
WC-2018,T-75,P-36686,forward,FW
WC-2018,T-75,P-07453,forward,FW
WC-2018,T-75,P-25758,defender,DF
WC-2018,T-75,P-90361,goal keeper,GK
WC-2018,T-75,P-25131,defender,DF
WC-2018,T-75,P-39460,midfielder,MF
WC-2018,T-79,P-55710,goal keeper,GK
WC-2018,T-79,P-62629,defender,DF
WC-2018,T-79,P-03191,defender,DF
WC-2018,T-79,P-81706,defender,DF
WC-2018,T-79,P-88818,defender,DF
WC-2018,T-79,P-96029,defender,DF
WC-2018,T-79,P-14196,forward,FW
WC-2018,T-79,P-94563,forward,FW
WC-2018,T-79,P-75361,midfielder,MF
WC-2018,T-79,P-42223,forward,FW
WC-2018,T-79,P-11879,defender,DF
WC-2018,T-79,P-38981,defender,DF
WC-2018,T-79,P-90867,midfielder,MF
WC-2018,T-79,P-21962,midfielder,MF
WC-2018,T-79,P-12859,forward,FW
WC-2018,T-79,P-25989,goal keeper,GK
WC-2018,T-79,P-47815,midfielder,MF
WC-2018,T-79,P-77301,forward,FW
WC-2018,T-79,P-02778,forward,FW
WC-2018,T-79,P-09569,forward,FW
WC-2018,T-79,P-39664,defender,DF
WC-2018,T-79,P-57303,goal keeper,GK
WC-2018,T-79,P-69793,forward,FW
WC-2018,T-84,P-10014,goal keeper,GK
WC-2018,T-84,P-65659,defender,DF
WC-2018,T-84,P-78440,defender,DF
WC-2018,T-84,P-78932,defender,DF
WC-2018,T-84,P-13847,midfielder,MF
WC-2018,T-84,P-58791,midfielder,MF
WC-2018,T-84,P-14180,midfielder,MF
WC-2018,T-84,P-85532,midfielder,MF
WC-2018,T-84,P-30486,forward,FW
WC-2018,T-84,P-62594,forward,FW
WC-2018,T-84,P-25776,forward,FW
WC-2018,T-84,P-46020,goal keeper,GK
WC-2018,T-84,P-39902,defender,DF
WC-2018,T-84,P-47386,midfielder,MF
WC-2018,T-84,P-46785,midfielder,MF
WC-2018,T-84,P-41944,defender,DF
WC-2018,T-84,P-83211,midfielder,MF
WC-2018,T-84,P-70671,forward,FW
WC-2018,T-84,P-20051,defender,DF
WC-2018,T-84,P-33500,forward,FW
WC-2018,T-84,P-59138,forward,FW
WC-2018,T-84,P-74058,defender,DF
WC-2018,T-84,P-59802,goal keeper,GK
WC-2019,T-03,P-19263,goal keeper,GK
WC-2019,T-03,P-07642,defender,DF
WC-2019,T-03,P-75744,defender,DF
WC-2019,T-03,P-55287,defender,DF
WC-2019,T-03,P-06775,midfielder,MF
WC-2019,T-03,P-97512,defender,DF
WC-2019,T-03,P-58375,forward,FW
WC-2019,T-03,P-45264,midfielder,MF
WC-2019,T-03,P-70181,forward,FW
WC-2019,T-03,P-89102,forward,FW
WC-2019,T-03,P-15565,forward,FW
WC-2019,T-03,P-07960,goal keeper,GK
WC-2019,T-03,P-54801,defender,DF
WC-2019,T-03,P-30464,midfielder,MF
WC-2019,T-03,P-05215,forward,FW
WC-2019,T-03,P-14114,midfielder,MF
WC-2019,T-03,P-17521,midfielder,MF
WC-2019,T-03,P-65068,defender,DF
WC-2019,T-03,P-23167,defender,DF
WC-2019,T-03,P-75102,midfielder,MF
WC-2019,T-03,P-69102,defender,DF
WC-2019,T-03,P-38768,forward,FW
WC-2019,T-03,P-58308,goal keeper,GK
WC-2019,T-04,P-94956,goal keeper,GK
WC-2019,T-04,P-58909,defender,DF
WC-2019,T-04,P-23508,midfielder,MF
WC-2019,T-04,P-35812,defender,DF
WC-2019,T-04,P-95706,defender,DF
WC-2019,T-04,P-36494,midfielder,MF
WC-2019,T-04,P-28164,defender,DF
WC-2019,T-04,P-81723,midfielder,MF
WC-2019,T-04,P-87785,forward,FW
WC-2019,T-04,P-58730,midfielder,MF
WC-2019,T-04,P-83079,forward,FW
WC-2019,T-04,P-06221,goal keeper,GK
WC-2019,T-04,P-78451,midfielder,MF
WC-2019,T-04,P-27559,defender,DF
WC-2019,T-04,P-74493,forward,FW
WC-2019,T-04,P-39150,forward,FW
WC-2019,T-04,P-25968,midfielder,MF
WC-2019,T-04,P-11976,goal keeper,GK
WC-2019,T-04,P-81599,midfielder,MF
WC-2019,T-04,P-76435,forward,FW
WC-2019,T-04,P-60982,defender,DF
WC-2019,T-04,P-33399,midfielder,MF
WC-2019,T-04,P-86560,defender,DF
WC-2019,T-09,P-61069,goal keeper,GK
WC-2019,T-09,P-35462,defender,DF
WC-2019,T-09,P-96976,defender,DF
WC-2019,T-09,P-18602,defender,DF
WC-2019,T-09,P-62964,midfielder,MF
WC-2019,T-09,P-60585,defender,DF
WC-2019,T-09,P-91993,forward,FW
WC-2019,T-09,P-19610,midfielder,MF
WC-2019,T-09,P-34305,forward,FW
WC-2019,T-09,P-07458,forward,FW
WC-2019,T-09,P-93057,forward,FW
WC-2019,T-09,P-09384,goal keeper,GK
WC-2019,T-09,P-84606,defender,DF
WC-2019,T-09,P-78371,defender,DF
WC-2019,T-09,P-49703,defender,DF
WC-2019,T-09,P-42763,forward,FW
WC-2019,T-09,P-53274,midfielder,MF
WC-2019,T-09,P-13960,midfielder,MF
WC-2019,T-09,P-95343,forward,FW
WC-2019,T-09,P-11773,forward,FW
WC-2019,T-09,P-83758,defender,DF
WC-2019,T-09,P-03553,goal keeper,GK
WC-2019,T-09,P-84502,forward,FW
WC-2019,T-11,P-39837,goal keeper,GK
WC-2019,T-11,P-22573,defender,DF
WC-2019,T-11,P-69986,forward,FW
WC-2019,T-11,P-30264,defender,DF
WC-2019,T-11,P-12298,defender,DF
WC-2019,T-11,P-10691,defender,DF
WC-2019,T-11,P-24905,forward,FW
WC-2019,T-11,P-01302,midfielder,MF
WC-2019,T-11,P-43002,forward,FW
WC-2019,T-11,P-95451,midfielder,MF
WC-2019,T-11,P-59141,defender,DF
WC-2019,T-11,P-36793,defender,DF
WC-2019,T-11,P-64407,midfielder,MF
WC-2019,T-11,P-58512,midfielder,MF
WC-2019,T-11,P-80017,defender,DF
WC-2019,T-11,P-50711,goal keeper,GK
WC-2019,T-11,P-18928,forward,FW
WC-2019,T-11,P-62839,forward,FW
WC-2019,T-11,P-96889,forward,FW
WC-2019,T-11,P-83450,midfielder,MF
WC-2019,T-11,P-82188,forward,FW
WC-2019,T-11,P-84073,midfielder,MF
WC-2019,T-11,P-11758,goal keeper,GK
WC-2019,T-12,P-47418,goal keeper,GK
WC-2019,T-12,P-97105,defender,DF
WC-2019,T-12,P-60142,defender,DF
WC-2019,T-12,P-35887,defender,DF
WC-2019,T-12,P-71404,midfielder,MF
WC-2019,T-12,P-68361,forward,FW
WC-2019,T-12,P-15733,midfielder,MF
WC-2019,T-12,P-56274,defender,DF
WC-2019,T-12,P-54415,forward,FW
WC-2019,T-12,P-67881,defender,DF
WC-2019,T-12,P-36065,midfielder,MF
WC-2019,T-12,P-97813,forward,FW
WC-2019,T-12,P-95092,midfielder,MF
WC-2019,T-12,P-94074,midfielder,MF
WC-2019,T-12,P-26193,forward,FW
WC-2019,T-12,P-48464,forward,FW
WC-2019,T-12,P-03895,midfielder,MF
WC-2019,T-12,P-63984,goal keeper,GK
WC-2019,T-12,P-16470,forward,FW
WC-2019,T-12,P-57858,defender,DF
WC-2019,T-12,P-20435,goal keeper,GK
WC-2019,T-12,P-15991,defender,DF
WC-2019,T-12,P-89067,defender,DF
WC-2019,T-13,P-63450,goal keeper,GK
WC-2019,T-13,P-37018,defender,DF
WC-2019,T-13,P-18316,defender,DF
WC-2019,T-13,P-55571,midfielder,MF
WC-2019,T-13,P-19507,defender,DF
WC-2019,T-13,P-35338,midfielder,MF
WC-2019,T-13,P-11345,forward,FW
WC-2019,T-13,P-77951,midfielder,MF
WC-2019,T-13,P-93835,forward,FW
WC-2019,T-13,P-09681,forward,FW
WC-2019,T-13,P-39388,midfielder,MF
WC-2019,T-13,P-81462,goal keeper,GK
WC-2019,T-13,P-83621,forward,FW
WC-2019,T-13,P-95101,midfielder,MF
WC-2019,T-13,P-36548,defender,DF
WC-2019,T-13,P-40766,defender,DF
WC-2019,T-13,P-41132,defender,DF
WC-2019,T-13,P-71609,defender,DF
WC-2019,T-13,P-27240,forward,FW
WC-2019,T-13,P-01247,forward,FW
WC-2019,T-13,P-06087,forward,FW
WC-2019,T-13,P-10126,midfielder,MF
WC-2019,T-13,P-13952,goal keeper,GK
WC-2019,T-14,P-09049,goal keeper,GK
WC-2019,T-14,P-97958,defender,DF
WC-2019,T-14,P-56033,defender,DF
WC-2019,T-14,P-89089,midfielder,MF
WC-2019,T-14,P-66124,defender,DF
WC-2019,T-14,P-20162,defender,DF
WC-2019,T-14,P-26515,midfielder,MF
WC-2019,T-14,P-27970,defender,DF
WC-2019,T-14,P-44771,forward,FW
WC-2019,T-14,P-33435,forward,FW
WC-2019,T-14,P-40014,forward,FW
WC-2019,T-14,P-29138,goal keeper,GK
WC-2019,T-14,P-04204,midfielder,MF
WC-2019,T-14,P-02184,defender,DF
WC-2019,T-14,P-58097,forward,FW
WC-2019,T-14,P-45842,midfielder,MF
WC-2019,T-14,P-12565,midfielder,MF
WC-2019,T-14,P-81118,goal keeper,GK
WC-2019,T-14,P-99247,midfielder,MF
WC-2019,T-14,P-98819,midfielder,MF
WC-2019,T-14,P-27178,midfielder,MF
WC-2019,T-14,P-75216,defender,DF
WC-2019,T-14,P-80652,midfielder,MF
WC-2019,T-28,P-90789,goal keeper,GK
WC-2019,T-28,P-23779,defender,DF
WC-2019,T-28,P-38788,defender,DF
WC-2019,T-28,P-20638,midfielder,MF
WC-2019,T-28,P-30706,defender,DF
WC-2019,T-28,P-42847,defender,DF
WC-2019,T-28,P-62542,forward,FW
WC-2019,T-28,P-41187,midfielder,MF
WC-2019,T-28,P-57382,forward,FW
WC-2019,T-28,P-61922,midfielder,MF
WC-2019,T-28,P-96810,forward,FW
WC-2019,T-28,P-60046,defender,DF
WC-2019,T-28,P-78748,goal keeper,GK
WC-2019,T-28,P-71247,defender,DF
WC-2019,T-28,P-25548,defender,DF
WC-2019,T-28,P-76594,midfielder,MF
WC-2019,T-28,P-06258,defender,DF
WC-2019,T-28,P-84864,forward,FW
WC-2019,T-28,P-55143,midfielder,MF
WC-2019,T-28,P-34666,midfielder,MF
WC-2019,T-28,P-69367,goal keeper,GK
WC-2019,T-28,P-41857,forward,FW
WC-2019,T-28,P-23605,midfielder,MF
WC-2019,T-30,P-54578,goal keeper,GK
WC-2019,T-30,P-46773,defender,DF
WC-2019,T-30,P-32017,defender,DF
WC-2019,T-30,P-16125,defender,DF
WC-2019,T-30,P-82432,defender,DF
WC-2019,T-30,P-64050,midfielder,MF
WC-2019,T-30,P-22001,defender,DF
WC-2019,T-30,P-89699,midfielder,MF
WC-2019,T-30,P-70239,forward,FW
WC-2019,T-30,P-14916,defender,DF
WC-2019,T-30,P-68484,forward,FW
WC-2019,T-30,P-56864,forward,FW
WC-2019,T-30,P-44380,forward,FW
WC-2019,T-30,P-71185,midfielder,MF
WC-2019,T-30,P-81978,midfielder,MF
WC-2019,T-30,P-12977,goal keeper,GK
WC-2019,T-30,P-23859,midfielder,MF
WC-2019,T-30,P-79996,forward,FW
WC-2019,T-30,P-75169,defender,DF
WC-2019,T-30,P-65933,forward,FW
WC-2019,T-30,P-68800,goal keeper,GK
WC-2019,T-30,P-47772,defender,DF
WC-2019,T-30,P-17184,midfielder,MF
WC-2019,T-31,P-78023,goal keeper,GK
WC-2019,T-31,P-16505,defender,DF
WC-2019,T-31,P-88232,defender,DF
WC-2019,T-31,P-32680,defender,DF
WC-2019,T-31,P-58658,defender,DF
WC-2019,T-31,P-70499,midfielder,MF
WC-2019,T-31,P-25269,forward,FW
WC-2019,T-31,P-37178,midfielder,MF
WC-2019,T-31,P-25113,forward,FW
WC-2019,T-31,P-84273,midfielder,MF
WC-2019,T-31,P-80216,forward,FW
WC-2019,T-31,P-25439,goal keeper,GK
WC-2019,T-31,P-29896,midfielder,MF
WC-2019,T-31,P-29496,defender,DF
WC-2019,T-31,P-91637,defender,DF
WC-2019,T-31,P-02802,midfielder,MF
WC-2019,T-31,P-59795,defender,DF
WC-2019,T-31,P-17418,midfielder,MF
WC-2019,T-31,P-51855,forward,FW
WC-2019,T-31,P-83353,midfielder,MF
WC-2019,T-31,P-07343,goal keeper,GK
WC-2019,T-31,P-85891,forward,FW
WC-2019,T-31,P-25793,defender,DF
WC-2019,T-41,P-22236,goal keeper,GK
WC-2019,T-41,P-51292,midfielder,MF
WC-2019,T-41,P-55953,defender,DF
WC-2019,T-41,P-33581,midfielder,MF
WC-2019,T-41,P-02903,defender,DF
WC-2019,T-41,P-14034,midfielder,MF
WC-2019,T-41,P-31008,defender,DF
WC-2019,T-41,P-80703,midfielder,MF
WC-2019,T-41,P-26735,forward,FW
WC-2019,T-41,P-49416,forward,FW
WC-2019,T-41,P-47343,forward,FW
WC-2019,T-41,P-35550,goal keeper,GK
WC-2019,T-41,P-94445,defender,DF
WC-2019,T-41,P-89389,forward,FW
WC-2019,T-41,P-83704,midfielder,MF
WC-2019,T-41,P-67555,defender,DF
WC-2019,T-41,P-89652,defender,DF
WC-2019,T-41,P-62883,forward,FW
WC-2019,T-41,P-21343,forward,FW
WC-2019,T-41,P-86989,defender,DF
WC-2019,T-41,P-34581,midfielder,MF
WC-2019,T-41,P-44980,goal keeper,GK
WC-2019,T-41,P-91740,midfielder,MF
WC-2019,T-43,P-66845,goal keeper,GK
WC-2019,T-43,P-01019,defender,DF
WC-2019,T-43,P-18051,forward,FW
WC-2019,T-43,P-93187,midfielder,MF
WC-2019,T-43,P-81939,defender,DF
WC-2019,T-43,P-24113,midfielder,MF
WC-2019,T-43,P-18193,midfielder,MF
WC-2019,T-43,P-32999,forward,FW
WC-2019,T-43,P-57962,midfielder,MF
WC-2019,T-43,P-05768,forward,FW
WC-2019,T-43,P-52873,forward,FW
WC-2019,T-43,P-57799,defender,DF
WC-2019,T-43,P-74959,goal keeper,GK
WC-2019,T-43,P-87532,defender,DF
WC-2019,T-43,P-47069,forward,FW
WC-2019,T-43,P-72963,defender,DF
WC-2019,T-43,P-32663,defender,DF
WC-2019,T-43,P-76996,forward,FW
WC-2019,T-43,P-16488,midfielder,MF
WC-2019,T-43,P-80618,forward,FW
WC-2019,T-43,P-24941,midfielder,MF
WC-2019,T-43,P-76650,forward,FW
WC-2019,T-43,P-66224,goal keeper,GK
WC-2019,T-44,P-31788,goal keeper,GK
WC-2019,T-44,P-84771,midfielder,MF
WC-2019,T-44,P-75658,defender,DF
WC-2019,T-44,P-90878,defender,DF
WC-2019,T-44,P-50809,defender,DF
WC-2019,T-44,P-42768,midfielder,MF
WC-2019,T-44,P-44627,midfielder,MF
WC-2019,T-44,P-26643,forward,FW
WC-2019,T-44,P-34571,forward,FW
WC-2019,T-44,P-99210,midfielder,MF
WC-2019,T-44,P-84768,forward,FW
WC-2019,T-44,P-49873,defender,DF
WC-2019,T-44,P-95935,midfielder,MF
WC-2019,T-44,P-12315,midfielder,MF
WC-2019,T-44,P-63894,forward,FW
WC-2019,T-44,P-16222,defender,DF
WC-2019,T-44,P-45582,midfielder,MF
WC-2019,T-44,P-14314,goal keeper,GK
WC-2019,T-44,P-69786,forward,FW
WC-2019,T-44,P-01320,forward,FW
WC-2019,T-44,P-74836,goal keeper,GK
WC-2019,T-44,P-54839,defender,DF
WC-2019,T-44,P-14621,defender,DF
WC-2019,T-48,P-47320,goal keeper,GK
WC-2019,T-48,P-03702,defender,DF
WC-2019,T-48,P-13594,defender,DF
WC-2019,T-48,P-63236,defender,DF
WC-2019,T-48,P-91488,defender,DF
WC-2019,T-48,P-53833,defender,DF
WC-2019,T-48,P-30342,forward,FW
WC-2019,T-48,P-12051,midfielder,MF
WC-2019,T-48,P-69967,forward,FW
WC-2019,T-48,P-70845,midfielder,MF
WC-2019,T-48,P-00336,forward,FW
WC-2019,T-48,P-85842,midfielder,MF
WC-2019,T-48,P-83256,forward,FW
WC-2019,T-48,P-96101,midfielder,MF
WC-2019,T-48,P-79057,midfielder,MF
WC-2019,T-48,P-08372,goal keeper,GK
WC-2019,T-48,P-04880,forward,FW
WC-2019,T-48,P-77151,defender,DF
WC-2019,T-48,P-52476,midfielder,MF
WC-2019,T-48,P-94893,defender,DF
WC-2019,T-48,P-82354,forward,FW
WC-2019,T-48,P-21421,defender,DF
WC-2019,T-48,P-76328,goal keeper,GK
WC-2019,T-49,P-51933,goal keeper,GK
WC-2019,T-49,P-61084,midfielder,MF
WC-2019,T-49,P-54971,defender,DF
WC-2019,T-49,P-33611,defender,DF
WC-2019,T-49,P-76331,defender,DF
WC-2019,T-49,P-44826,defender,DF
WC-2019,T-49,P-69129,defender,DF
WC-2019,T-49,P-00393,defender,DF
WC-2019,T-49,P-41881,forward,FW
WC-2019,T-49,P-80895,midfielder,MF
WC-2019,T-49,P-24335,forward,FW
WC-2019,T-49,P-83018,midfielder,MF
WC-2019,T-49,P-82057,midfielder,MF
WC-2019,T-49,P-19118,midfielder,MF
WC-2019,T-49,P-33543,defender,DF
WC-2019,T-49,P-82898,midfielder,MF
WC-2019,T-49,P-44115,forward,FW
WC-2019,T-49,P-89867,defender,DF
WC-2019,T-49,P-03449,forward,FW
WC-2019,T-49,P-94989,midfielder,MF
WC-2019,T-49,P-79424,goal keeper,GK
WC-2019,T-49,P-24097,midfielder,MF
WC-2019,T-49,P-47156,goal keeper,GK
WC-2019,T-50,P-65033,goal keeper,GK
WC-2019,T-50,P-63064,midfielder,MF
WC-2019,T-50,P-23374,defender,DF
WC-2019,T-50,P-09501,defender,DF
WC-2019,T-50,P-21975,defender,DF
WC-2019,T-50,P-62439,midfielder,MF
WC-2019,T-50,P-93238,forward,FW
WC-2019,T-50,P-59598,forward,FW
WC-2019,T-50,P-67645,forward,FW
WC-2019,T-50,P-19149,midfielder,MF
WC-2019,T-50,P-44672,forward,FW
WC-2019,T-50,P-64606,forward,FW
WC-2019,T-50,P-22604,midfielder,MF
WC-2019,T-50,P-86360,defender,DF
WC-2019,T-50,P-30731,forward,FW
WC-2019,T-50,P-28304,goal keeper,GK
WC-2019,T-50,P-86061,forward,FW
WC-2019,T-50,P-43499,midfielder,MF
WC-2019,T-50,P-25251,forward,FW
WC-2019,T-50,P-76647,defender,DF
WC-2019,T-50,P-53773,goal keeper,GK
WC-2019,T-50,P-85488,forward,FW
WC-2019,T-50,P-01517,midfielder,MF
WC-2019,T-53,P-58533,goal keeper,GK
WC-2019,T-53,P-79740,defender,DF
WC-2019,T-53,P-85744,defender,DF
WC-2019,T-53,P-57821,defender,DF
WC-2019,T-53,P-48596,midfielder,MF
WC-2019,T-53,P-74073,defender,DF
WC-2019,T-53,P-38110,forward,FW
WC-2019,T-53,P-22963,midfielder,MF
WC-2019,T-53,P-09212,forward,FW
WC-2019,T-53,P-22811,forward,FW
WC-2019,T-53,P-67898,forward,FW
WC-2019,T-53,P-32235,goal keeper,GK
WC-2019,T-53,P-63803,forward,FW
WC-2019,T-53,P-56682,midfielder,MF
WC-2019,T-53,P-12306,midfielder,MF
WC-2019,T-53,P-77652,forward,FW
WC-2019,T-53,P-29295,midfielder,MF
WC-2019,T-53,P-82215,midfielder,MF
WC-2019,T-53,P-44649,defender,DF
WC-2019,T-53,P-48031,forward,FW
WC-2019,T-53,P-77852,midfielder,MF
WC-2019,T-53,P-88386,forward,FW
WC-2019,T-53,P-91984,goal keeper,GK
WC-2019,T-64,P-76817,goal keeper,GK
WC-2019,T-64,P-04980,defender,DF
WC-2019,T-64,P-25596,defender,DF
WC-2019,T-64,P-04543,defender,DF
WC-2019,T-64,P-86688,defender,DF
WC-2019,T-64,P-06994,midfielder,MF
WC-2019,T-64,P-93076,defender,DF
WC-2019,T-64,P-07522,midfielder,MF
WC-2019,T-64,P-16255,midfielder,MF
WC-2019,T-64,P-24104,midfielder,MF
WC-2019,T-64,P-56744,forward,FW
WC-2019,T-64,P-91493,goal keeper,GK
WC-2019,T-64,P-98441,forward,FW
WC-2019,T-64,P-77204,defender,DF
WC-2019,T-64,P-35487,defender,DF
WC-2019,T-64,P-25443,midfielder,MF
WC-2019,T-64,P-24424,defender,DF
WC-2019,T-64,P-91406,forward,FW
WC-2019,T-64,P-90678,forward,FW
WC-2019,T-64,P-92690,forward,FW
WC-2019,T-64,P-14478,goal keeper,GK
WC-2019,T-64,P-39315,forward,FW
WC-2019,T-64,P-10240,forward,FW
WC-2019,T-70,P-07569,goal keeper,GK
WC-2019,T-70,P-11369,defender,DF
WC-2019,T-70,P-11968,defender,DF
WC-2019,T-70,P-45038,defender,DF
WC-2019,T-70,P-13569,defender,DF
WC-2019,T-70,P-97934,midfielder,MF
WC-2019,T-70,P-51606,midfielder,MF
WC-2019,T-70,P-20364,forward,FW
WC-2019,T-70,P-47455,forward,FW
WC-2019,T-70,P-65355,forward,FW
WC-2019,T-70,P-46109,forward,FW
WC-2019,T-70,P-55720,forward,FW
WC-2019,T-70,P-24675,midfielder,MF
WC-2019,T-70,P-14454,defender,DF
WC-2019,T-70,P-28995,midfielder,MF
WC-2019,T-70,P-92858,goal keeper,GK
WC-2019,T-70,P-19745,midfielder,MF
WC-2019,T-70,P-75054,defender,DF
WC-2019,T-70,P-27801,midfielder,MF
WC-2019,T-70,P-88898,goal keeper,GK
WC-2019,T-70,P-79237,forward,FW
WC-2019,T-70,P-16808,forward,FW
WC-2019,T-70,P-51920,midfielder,MF
WC-2019,T-71,P-34923,goal keeper,GK
WC-2019,T-71,P-70687,defender,DF
WC-2019,T-71,P-12406,defender,DF
WC-2019,T-71,P-73479,defender,DF
WC-2019,T-71,P-11539,defender,DF
WC-2019,T-71,P-96637,defender,DF
WC-2019,T-71,P-23175,midfielder,MF
WC-2019,T-71,P-35864,midfielder,MF
WC-2019,T-71,P-86842,midfielder,MF
WC-2019,T-71,P-08264,forward,FW
WC-2019,T-71,P-49393,forward,FW
WC-2019,T-71,P-46735,forward,FW
WC-2019,T-71,P-56762,forward,FW
WC-2019,T-71,P-32041,defender,DF
WC-2019,T-71,P-41848,midfielder,MF
WC-2019,T-71,P-53137,defender,DF
WC-2019,T-71,P-97215,forward,FW
WC-2019,T-71,P-70854,goal keeper,GK
WC-2019,T-71,P-39704,midfielder,MF
WC-2019,T-71,P-58271,defender,DF
WC-2019,T-71,P-41156,goal keeper,GK
WC-2019,T-71,P-47230,forward,FW
WC-2019,T-71,P-84114,forward,FW
WC-2019,T-73,P-92234,goal keeper,GK
WC-2019,T-73,P-70737,defender,DF
WC-2019,T-73,P-89115,defender,DF
WC-2019,T-73,P-79226,defender,DF
WC-2019,T-73,P-05213,defender,DF
WC-2019,T-73,P-10289,midfielder,MF
WC-2019,T-73,P-84365,defender,DF
WC-2019,T-73,P-62805,defender,DF
WC-2019,T-73,P-19703,forward,FW
WC-2019,T-73,P-90837,forward,FW
WC-2019,T-73,P-68406,forward,FW
WC-2019,T-73,P-16202,midfielder,MF
WC-2019,T-73,P-01567,goal keeper,GK
WC-2019,T-73,P-65568,midfielder,MF
WC-2019,T-73,P-16259,midfielder,MF
WC-2019,T-73,P-75163,defender,DF
WC-2019,T-73,P-22924,forward,FW
WC-2019,T-73,P-71200,midfielder,MF
WC-2019,T-73,P-19347,forward,FW
WC-2019,T-73,P-25615,defender,DF
WC-2019,T-73,P-84258,midfielder,MF
WC-2019,T-73,P-14224,forward,FW
WC-2019,T-73,P-47065,goal keeper,GK
WC-2019,T-74,P-27779,goal keeper,GK
WC-2019,T-74,P-07053,defender,DF
WC-2019,T-74,P-10056,defender,DF
WC-2019,T-74,P-56701,defender,DF
WC-2019,T-74,P-52228,defender,DF
WC-2019,T-74,P-76573,defender,DF
WC-2019,T-74,P-93553,forward,FW
WC-2019,T-74,P-48545,forward,FW
WC-2019,T-74,P-90086,forward,FW
WC-2019,T-74,P-27729,forward,FW
WC-2019,T-74,P-62190,forward,FW
WC-2019,T-74,P-96469,goal keeper,GK
WC-2019,T-74,P-02921,defender,DF
WC-2019,T-74,P-84995,midfielder,MF
WC-2019,T-74,P-24130,defender,DF
WC-2019,T-74,P-89508,forward,FW
WC-2019,T-74,P-94354,midfielder,MF
WC-2019,T-74,P-99138,forward,FW
WC-2019,T-74,P-33464,forward,FW
WC-2019,T-74,P-28884,forward,FW
WC-2019,T-74,P-25946,goal keeper,GK
WC-2019,T-74,P-10653,midfielder,MF
WC-2019,T-74,P-76903,midfielder,MF
WC-2019,T-76,P-87745,goal keeper,GK
WC-2019,T-76,P-46356,defender,DF
WC-2019,T-76,P-05007,defender,DF
WC-2019,T-76,P-08487,defender,DF
WC-2019,T-76,P-50085,defender,DF
WC-2019,T-76,P-02347,midfielder,MF
WC-2019,T-76,P-53921,midfielder,MF
WC-2019,T-76,P-98000,forward,FW
WC-2019,T-76,P-26203,defender,DF
WC-2019,T-76,P-61491,defender,DF
WC-2019,T-76,P-49535,midfielder,MF
WC-2019,T-76,P-14339,midfielder,MF
WC-2019,T-76,P-42972,forward,FW
WC-2019,T-76,P-40231,forward,FW
WC-2019,T-76,P-74376,midfielder,MF
WC-2019,T-76,P-65800,defender,DF
WC-2019,T-76,P-69603,forward,FW
WC-2019,T-76,P-77946,goal keeper,GK
WC-2019,T-76,P-23511,defender,DF
WC-2019,T-76,P-50304,midfielder,MF
WC-2019,T-76,P-88523,midfielder,MF
WC-2019,T-76,P-23564,goal keeper,GK
WC-2019,T-76,P-34799,defender,DF
WC-2019,T-83,P-12946,goal keeper,GK
WC-2019,T-83,P-06125,forward,FW
WC-2019,T-83,P-59472,midfielder,MF
WC-2019,T-83,P-64276,defender,DF
WC-2019,T-83,P-72568,defender,DF
WC-2019,T-83,P-96028,midfielder,MF
WC-2019,T-83,P-97292,defender,DF
WC-2019,T-83,P-65433,midfielder,MF
WC-2019,T-83,P-46428,midfielder,MF
WC-2019,T-83,P-62104,forward,FW
WC-2019,T-83,P-45187,defender,DF
WC-2019,T-83,P-71623,defender,DF
WC-2019,T-83,P-37034,forward,FW
WC-2019,T-83,P-41858,defender,DF
WC-2019,T-83,P-09273,forward,FW
WC-2019,T-83,P-65982,midfielder,MF
WC-2019,T-83,P-35525,forward,FW
WC-2019,T-83,P-32811,goal keeper,GK
WC-2019,T-83,P-91711,defender,DF
WC-2019,T-83,P-98384,midfielder,MF
WC-2019,T-83,P-03657,goal keeper,GK
WC-2019,T-83,P-66473,forward,FW
WC-2019,T-83,P-79931,forward,FW
WC-2022,T-03,P-39788,goal keeper,GK
WC-2022,T-03,P-00652,defender,DF
WC-2022,T-03,P-35173,defender,DF
WC-2022,T-03,P-91431,defender,DF
WC-2022,T-03,P-27582,midfielder,MF
WC-2022,T-03,P-29298,defender,DF
WC-2022,T-03,P-37314,midfielder,MF
WC-2022,T-03,P-73712,midfielder,MF
WC-2022,T-03,P-19776,forward,FW
WC-2022,T-03,P-14758,forward,FW
WC-2022,T-03,P-42113,forward,FW
WC-2022,T-03,P-36188,goal keeper,GK
WC-2022,T-03,P-79650,defender,DF
WC-2022,T-03,P-40147,midfielder,MF
WC-2022,T-03,P-92353,forward,FW
WC-2022,T-03,P-56659,midfielder,MF
WC-2022,T-03,P-10231,midfielder,MF
WC-2022,T-03,P-03265,midfielder,MF
WC-2022,T-03,P-49114,defender,DF
WC-2022,T-03,P-71343,midfielder,MF
WC-2022,T-03,P-28151,forward,FW
WC-2022,T-03,P-81505,forward,FW
WC-2022,T-03,P-13162,goal keeper,GK
WC-2022,T-03,P-10739,midfielder,MF
WC-2022,T-03,P-23070,defender,DF
WC-2022,T-03,P-84430,defender,DF
WC-2022,T-04,P-10244,goal keeper,GK
WC-2022,T-04,P-59727,defender,DF
WC-2022,T-04,P-09062,defender,DF
WC-2022,T-04,P-88273,defender,DF
WC-2022,T-04,P-24134,defender,DF
WC-2022,T-04,P-34915,forward,FW
WC-2022,T-04,P-35837,forward,FW
WC-2022,T-04,P-97422,defender,DF
WC-2022,T-04,P-20087,forward,FW
WC-2022,T-04,P-82945,midfielder,MF
WC-2022,T-04,P-61979,forward,FW
WC-2022,T-04,P-30596,goal keeper,GK
WC-2022,T-04,P-95847,midfielder,MF
WC-2022,T-04,P-51406,midfielder,MF
WC-2022,T-04,P-91029,forward,FW
WC-2022,T-04,P-51118,defender,DF
WC-2022,T-04,P-64249,midfielder,MF
WC-2022,T-04,P-11675,goal keeper,GK
WC-2022,T-04,P-89217,defender,DF
WC-2022,T-04,P-68599,defender,DF
WC-2022,T-04,P-05864,forward,FW
WC-2022,T-04,P-34822,midfielder,MF
WC-2022,T-04,P-82010,forward,FW
WC-2022,T-04,P-53409,defender,DF
WC-2022,T-04,P-67089,forward,FW
WC-2022,T-04,P-27035,midfielder,MF
WC-2022,T-06,P-09658,goal keeper,GK
WC-2022,T-06,P-70547,defender,DF
WC-2022,T-06,P-75820,defender,DF
WC-2022,T-06,P-61413,defender,DF
WC-2022,T-06,P-64049,defender,DF
WC-2022,T-06,P-53048,midfielder,MF
WC-2022,T-06,P-48955,midfielder,MF
WC-2022,T-06,P-47906,midfielder,MF
WC-2022,T-06,P-72637,forward,FW
WC-2022,T-06,P-72011,forward,FW
WC-2022,T-06,P-06338,forward,FW
WC-2022,T-06,P-10313,goal keeper,GK
WC-2022,T-06,P-88715,goal keeper,GK
WC-2022,T-06,P-84852,forward,FW
WC-2022,T-06,P-22930,midfielder,MF
WC-2022,T-06,P-74337,midfielder,MF
WC-2022,T-06,P-95312,forward,FW
WC-2022,T-06,P-21652,midfielder,MF
WC-2022,T-06,P-73834,defender,DF
WC-2022,T-06,P-81997,midfielder,MF
WC-2022,T-06,P-56069,midfielder,MF
WC-2022,T-06,P-61810,forward,FW
WC-2022,T-06,P-13975,forward,FW
WC-2022,T-06,P-70691,forward,FW
WC-2022,T-06,P-29578,forward,FW
WC-2022,T-06,P-56669,defender,DF
WC-2022,T-09,P-21531,goal keeper,GK
WC-2022,T-09,P-40137,defender,DF
WC-2022,T-09,P-32798,defender,DF
WC-2022,T-09,P-76060,defender,DF
WC-2022,T-09,P-02305,midfielder,MF
WC-2022,T-09,P-97698,defender,DF
WC-2022,T-09,P-05164,midfielder,MF
WC-2022,T-09,P-74941,midfielder,MF
WC-2022,T-09,P-68016,forward,FW
WC-2022,T-09,P-87008,forward,FW
WC-2022,T-09,P-83169,forward,FW
WC-2022,T-09,P-66020,goal keeper,GK
WC-2022,T-09,P-09441,defender,DF
WC-2022,T-09,P-55590,defender,DF
WC-2022,T-09,P-77071,midfielder,MF
WC-2022,T-09,P-26953,defender,DF
WC-2022,T-09,P-74688,midfielder,MF
WC-2022,T-09,P-92004,forward,FW
WC-2022,T-09,P-37860,forward,FW
WC-2022,T-09,P-92812,forward,FW
WC-2022,T-09,P-06446,forward,FW
WC-2022,T-09,P-42740,midfielder,MF
WC-2022,T-09,P-89248,goal keeper,GK
WC-2022,T-09,P-14060,defender,DF
WC-2022,T-09,P-15197,forward,FW
WC-2022,T-09,P-70483,forward,FW
WC-2022,T-11,P-22927,goal keeper,GK
WC-2022,T-11,P-32773,defender,DF
WC-2022,T-11,P-93209,defender,DF
WC-2022,T-11,P-74894,defender,DF
WC-2022,T-11,P-36707,midfielder,MF
WC-2022,T-11,P-27913,forward,FW
WC-2022,T-11,P-68058,midfielder,MF
WC-2022,T-11,P-38355,midfielder,MF
WC-2022,T-11,P-39239,forward,FW
WC-2022,T-11,P-53452,forward,FW
WC-2022,T-11,P-51549,forward,FW
WC-2022,T-11,P-20259,forward,FW
WC-2022,T-11,P-06117,forward,FW
WC-2022,T-11,P-63923,midfielder,MF
WC-2022,T-11,P-29115,midfielder,MF
WC-2022,T-11,P-70357,goal keeper,GK
WC-2022,T-11,P-80930,defender,DF
WC-2022,T-11,P-34633,midfielder,MF
WC-2022,T-11,P-47677,defender,DF
WC-2022,T-11,P-39394,forward,FW
WC-2022,T-11,P-59303,defender,DF
WC-2022,T-11,P-62618,midfielder,MF
WC-2022,T-11,P-67127,goal keeper,GK
WC-2022,T-11,P-02759,defender,DF
WC-2022,T-11,P-55367,defender,DF
WC-2022,T-11,P-25904,midfielder,MF
WC-2022,T-12,P-94317,goal keeper,GK
WC-2022,T-12,P-12635,defender,DF
WC-2022,T-12,P-55821,defender,DF
WC-2022,T-12,P-31806,defender,DF
WC-2022,T-12,P-89710,defender,DF
WC-2022,T-12,P-65386,midfielder,MF
WC-2022,T-12,P-28794,midfielder,MF
WC-2022,T-12,P-32574,midfielder,MF
WC-2022,T-12,P-58061,forward,FW
WC-2022,T-12,P-35706,midfielder,MF
WC-2022,T-12,P-96259,forward,FW
WC-2022,T-12,P-83822,forward,FW
WC-2022,T-12,P-03472,midfielder,MF
WC-2022,T-12,P-72399,midfielder,MF
WC-2022,T-12,P-85670,midfielder,MF
WC-2022,T-12,P-61949,goal keeper,GK
WC-2022,T-12,P-01925,forward,FW
WC-2022,T-12,P-46263,goal keeper,GK
WC-2022,T-12,P-46358,forward,FW
WC-2022,T-12,P-48340,forward,FW
WC-2022,T-12,P-27541,midfielder,MF
WC-2022,T-12,P-42390,defender,DF
WC-2022,T-12,P-00809,midfielder,MF
WC-2022,T-12,P-49915,midfielder,MF
WC-2022,T-12,P-21099,defender,DF
WC-2022,T-12,P-71727,defender,DF
WC-2022,T-17,P-81392,goal keeper,GK
WC-2022,T-17,P-57150,midfielder,MF
WC-2022,T-17,P-65777,defender,DF
WC-2022,T-17,P-80986,defender,DF
WC-2022,T-17,P-11767,midfielder,MF
WC-2022,T-17,P-97912,defender,DF
WC-2022,T-17,P-02556,forward,FW
WC-2022,T-17,P-10740,defender,DF
WC-2022,T-17,P-09889,midfielder,MF
WC-2022,T-17,P-99590,midfielder,MF
WC-2022,T-17,P-58669,forward,FW
WC-2022,T-17,P-70812,forward,FW
WC-2022,T-17,P-12179,midfielder,MF
WC-2022,T-17,P-32622,midfielder,MF
WC-2022,T-17,P-71100,defender,DF
WC-2022,T-17,P-39281,defender,DF
WC-2022,T-17,P-24978,midfielder,MF
WC-2022,T-17,P-03616,goal keeper,GK
WC-2022,T-17,P-37984,defender,DF
WC-2022,T-17,P-44957,midfielder,MF
WC-2022,T-17,P-01994,midfielder,MF
WC-2022,T-17,P-37189,defender,DF
WC-2022,T-17,P-81142,goal keeper,GK
WC-2022,T-17,P-23993,midfielder,MF
WC-2022,T-17,P-14872,midfielder,MF
WC-2022,T-17,P-22631,midfielder,MF
WC-2022,T-18,P-99988,goal keeper,GK
WC-2022,T-18,P-91350,defender,DF
WC-2022,T-18,P-95766,defender,DF
WC-2022,T-18,P-93884,forward,FW
WC-2022,T-18,P-01196,defender,DF
WC-2022,T-18,P-56297,defender,DF
WC-2022,T-18,P-64353,midfielder,MF
WC-2022,T-18,P-07670,midfielder,MF
WC-2022,T-18,P-65182,forward,FW
WC-2022,T-18,P-29491,midfielder,MF
WC-2022,T-18,P-79215,midfielder,MF
WC-2022,T-18,P-32870,goal keeper,GK
WC-2022,T-18,P-22160,midfielder,MF
WC-2022,T-18,P-31643,forward,FW
WC-2022,T-18,P-89948,midfielder,MF
WC-2022,T-18,P-46461,forward,FW
WC-2022,T-18,P-99461,forward,FW
WC-2022,T-18,P-26942,forward,FW
WC-2022,T-18,P-84190,defender,DF
WC-2022,T-18,P-58420,defender,DF
WC-2022,T-18,P-91294,defender,DF
WC-2022,T-18,P-16484,defender,DF
WC-2022,T-18,P-94815,goal keeper,GK
WC-2022,T-18,P-57417,defender,DF
WC-2022,T-18,P-67668,midfielder,MF
WC-2022,T-18,P-86466,midfielder,MF
WC-2022,T-22,P-58755,goal keeper,GK
WC-2022,T-22,P-43705,defender,DF
WC-2022,T-22,P-49454,defender,DF
WC-2022,T-22,P-14988,defender,DF
WC-2022,T-22,P-39995,defender,DF
WC-2022,T-22,P-18923,defender,DF
WC-2022,T-22,P-26593,midfielder,MF
WC-2022,T-22,P-57615,midfielder,MF
WC-2022,T-22,P-85579,forward,FW
WC-2022,T-22,P-50104,midfielder,MF
WC-2022,T-22,P-82313,midfielder,MF
WC-2022,T-22,P-72592,forward,FW
WC-2022,T-22,P-82877,defender,DF
WC-2022,T-22,P-57782,midfielder,MF
WC-2022,T-22,P-56182,midfielder,MF
WC-2022,T-22,P-07304,goal keeper,GK
WC-2022,T-22,P-11588,defender,DF
WC-2022,T-22,P-93781,defender,DF
WC-2022,T-22,P-59609,forward,FW
WC-2022,T-22,P-08442,forward,FW
WC-2022,T-22,P-29053,forward,FW
WC-2022,T-22,P-35930,goal keeper,GK
WC-2022,T-22,P-98199,midfielder,MF
WC-2022,T-22,P-76468,midfielder,MF
WC-2022,T-22,P-70516,midfielder,MF
WC-2022,T-22,P-92135,defender,DF
WC-2022,T-25,P-56347,goal keeper,GK
WC-2022,T-25,P-96347,defender,DF
WC-2022,T-25,P-29713,defender,DF
WC-2022,T-25,P-22286,defender,DF
WC-2022,T-25,P-75628,midfielder,MF
WC-2022,T-25,P-49934,defender,DF
WC-2022,T-25,P-52697,defender,DF
WC-2022,T-25,P-13321,midfielder,MF
WC-2022,T-25,P-16576,midfielder,MF
WC-2022,T-25,P-34543,midfielder,MF
WC-2022,T-25,P-44851,forward,FW
WC-2022,T-25,P-39347,goal keeper,GK
WC-2022,T-25,P-75912,forward,FW
WC-2022,T-25,P-06545,defender,DF
WC-2022,T-25,P-11495,midfielder,MF
WC-2022,T-25,P-78091,midfielder,MF
WC-2022,T-25,P-62543,defender,DF
WC-2022,T-25,P-04237,defender,DF
WC-2022,T-25,P-13973,midfielder,MF
WC-2022,T-25,P-56839,midfielder,MF
WC-2022,T-25,P-28364,midfielder,MF
WC-2022,T-25,P-94877,goal keeper,GK
WC-2022,T-25,P-82216,midfielder,MF
WC-2022,T-25,P-69217,forward,FW
WC-2022,T-25,P-73694,defender,DF
WC-2022,T-25,P-02839,forward,FW
WC-2022,T-28,P-70618,goal keeper,GK
WC-2022,T-28,P-74071,defender,DF
WC-2022,T-28,P-36400,defender,DF
WC-2022,T-28,P-84787,midfielder,MF
WC-2022,T-28,P-92628,defender,DF
WC-2022,T-28,P-02465,defender,DF
WC-2022,T-28,P-21153,forward,FW
WC-2022,T-28,P-08169,midfielder,MF
WC-2022,T-28,P-58924,forward,FW
WC-2022,T-28,P-21553,forward,FW
WC-2022,T-28,P-59837,forward,FW
WC-2022,T-28,P-25937,defender,DF
WC-2022,T-28,P-89070,goal keeper,GK
WC-2022,T-28,P-43567,midfielder,MF
WC-2022,T-28,P-31219,defender,DF
WC-2022,T-28,P-76287,defender,DF
WC-2022,T-28,P-76842,forward,FW
WC-2022,T-28,P-05318,defender,DF
WC-2022,T-28,P-90012,midfielder,MF
WC-2022,T-28,P-10501,midfielder,MF
WC-2022,T-28,P-50034,defender,DF
WC-2022,T-28,P-15674,midfielder,MF
WC-2022,T-28,P-62368,goal keeper,GK
WC-2022,T-28,P-22844,forward,FW
WC-2022,T-28,P-95181,midfielder,MF
WC-2022,T-28,P-46540,midfielder,MF
WC-2022,T-30,P-30711,goal keeper,GK
WC-2022,T-30,P-60652,defender,DF
WC-2022,T-30,P-91324,defender,DF
WC-2022,T-30,P-42326,defender,DF
WC-2022,T-30,P-78484,defender,DF
WC-2022,T-30,P-32431,midfielder,MF
WC-2022,T-30,P-90908,forward,FW
WC-2022,T-30,P-54517,midfielder,MF
WC-2022,T-30,P-89750,forward,FW
WC-2022,T-30,P-64077,forward,FW
WC-2022,T-30,P-97778,forward,FW
WC-2022,T-30,P-92987,forward,FW
WC-2022,T-30,P-23304,midfielder,MF
WC-2022,T-30,P-57401,midfielder,MF
WC-2022,T-30,P-00465,midfielder,MF
WC-2022,T-30,P-69594,goal keeper,GK
WC-2022,T-30,P-07089,defender,DF
WC-2022,T-30,P-03945,defender,DF
WC-2022,T-30,P-35408,forward,FW
WC-2022,T-30,P-06614,forward,FW
WC-2022,T-30,P-84424,defender,DF
WC-2022,T-30,P-09867,defender,DF
WC-2022,T-30,P-81466,goal keeper,GK
WC-2022,T-30,P-86920,defender,DF
WC-2022,T-30,P-80996,midfielder,MF
WC-2022,T-30,P-13613,forward,FW
WC-2022,T-31,P-19408,goal keeper,GK
WC-2022,T-31,P-51201,defender,DF
WC-2022,T-31,P-20804,defender,DF
WC-2022,T-31,P-36126,defender,DF
WC-2022,T-31,P-11933,defender,DF
WC-2022,T-31,P-30316,midfielder,MF
WC-2022,T-31,P-77743,forward,FW
WC-2022,T-31,P-79409,midfielder,MF
WC-2022,T-31,P-46246,forward,FW
WC-2022,T-31,P-75989,forward,FW
WC-2022,T-31,P-63673,midfielder,MF
WC-2022,T-31,P-81947,goal keeper,GK
WC-2022,T-31,P-28154,midfielder,MF
WC-2022,T-31,P-47182,midfielder,MF
WC-2022,T-31,P-48737,defender,DF
WC-2022,T-31,P-89863,defender,DF
WC-2022,T-31,P-50679,midfielder,MF
WC-2022,T-31,P-18188,midfielder,MF
WC-2022,T-31,P-39464,midfielder,MF
WC-2022,T-31,P-63385,defender,DF
WC-2022,T-31,P-08896,midfielder,MF
WC-2022,T-31,P-03367,goal keeper,GK
WC-2022,T-31,P-71859,defender,DF
WC-2022,T-31,P-05901,forward,FW
WC-2022,T-31,P-69200,defender,DF
WC-2022,T-31,P-04137,forward,FW
WC-2022,T-32,P-51990,goal keeper,GK
WC-2022,T-32,P-12913,defender,DF
WC-2022,T-32,P-08359,defender,DF
WC-2022,T-32,P-50142,defender,DF
WC-2022,T-32,P-07875,midfielder,MF
WC-2022,T-32,P-70145,midfielder,MF
WC-2022,T-32,P-62854,midfielder,MF
WC-2022,T-32,P-92252,midfielder,MF
WC-2022,T-32,P-31765,forward,FW
WC-2022,T-32,P-01945,forward,FW
WC-2022,T-32,P-72363,midfielder,MF
WC-2022,T-32,P-16148,goal keeper,GK
WC-2022,T-32,P-13639,midfielder,MF
WC-2022,T-32,P-28517,defender,DF
WC-2022,T-32,P-09991,defender,DF
WC-2022,T-32,P-36638,goal keeper,GK
WC-2022,T-32,P-94579,defender,DF
WC-2022,T-32,P-82956,defender,DF
WC-2022,T-32,P-53967,forward,FW
WC-2022,T-32,P-23821,midfielder,MF
WC-2022,T-32,P-21820,midfielder,MF
WC-2022,T-32,P-33325,midfielder,MF
WC-2022,T-32,P-59808,defender,DF
WC-2022,T-32,P-20467,midfielder,MF
WC-2022,T-32,P-14179,forward,FW
WC-2022,T-32,P-36105,defender,DF
WC-2022,T-38,P-20998,goal keeper,GK
WC-2022,T-38,P-84382,defender,DF
WC-2022,T-38,P-75785,defender,DF
WC-2022,T-38,P-97838,defender,DF
WC-2022,T-38,P-74098,defender,DF
WC-2022,T-38,P-95374,midfielder,MF
WC-2022,T-38,P-98775,midfielder,MF
WC-2022,T-38,P-29864,defender,DF
WC-2022,T-38,P-85860,forward,FW
WC-2022,T-38,P-53957,forward,FW
WC-2022,T-38,P-24531,midfielder,MF
WC-2022,T-38,P-17784,goal keeper,GK
WC-2022,T-38,P-74612,defender,DF
WC-2022,T-38,P-87786,midfielder,MF
WC-2022,T-38,P-98747,defender,DF
WC-2022,T-38,P-04541,midfielder,MF
WC-2022,T-38,P-45653,midfielder,MF
WC-2022,T-38,P-68842,midfielder,MF
WC-2022,T-38,P-15905,defender,DF
WC-2022,T-38,P-09113,forward,FW
WC-2022,T-38,P-42215,midfielder,MF
WC-2022,T-38,P-80505,goal keeper,GK
WC-2022,T-38,P-47137,defender,DF
WC-2022,T-38,P-28492,goal keeper,GK
WC-2022,T-38,P-62858,defender,DF
WC-2022,T-44,P-53272,goal keeper,GK
WC-2022,T-44,P-45981,defender,DF
WC-2022,T-44,P-77382,defender,DF
WC-2022,T-44,P-35225,defender,DF
WC-2022,T-44,P-26303,defender,DF
WC-2022,T-44,P-53282,midfielder,MF
WC-2022,T-44,P-99817,midfielder,MF
WC-2022,T-44,P-58907,midfielder,MF
WC-2022,T-44,P-22633,midfielder,MF
WC-2022,T-44,P-05559,midfielder,MF
WC-2022,T-44,P-39942,midfielder,MF
WC-2022,T-44,P-66906,goal keeper,GK
WC-2022,T-44,P-75751,midfielder,MF
WC-2022,T-44,P-86909,midfielder,MF
WC-2022,T-44,P-62952,midfielder,MF
WC-2022,T-44,P-68429,defender,DF
WC-2022,T-44,P-82447,midfielder,MF
WC-2022,T-44,P-46913,forward,FW
WC-2022,T-44,P-56398,defender,DF
WC-2022,T-44,P-44328,forward,FW
WC-2022,T-44,P-57586,forward,FW
WC-2022,T-44,P-89321,defender,DF
WC-2022,T-44,P-77827,goal keeper,GK
WC-2022,T-44,P-64056,midfielder,MF
WC-2022,T-44,P-30206,forward,FW
WC-2022,T-44,P-41902,defender,DF
WC-2022,T-46,P-94928,goal keeper,GK
WC-2022,T-46,P-38529,defender,DF
WC-2022,T-46,P-36212,defender,DF
WC-2022,T-46,P-26546,defender,DF
WC-2022,T-46,P-09877,defender,DF
WC-2022,T-46,P-96510,defender,DF
WC-2022,T-46,P-26412,midfielder,MF
WC-2022,T-46,P-19618,midfielder,MF
WC-2022,T-46,P-57865,forward,FW
WC-2022,T-46,P-64182,forward,FW
WC-2022,T-46,P-51689,forward,FW
WC-2022,T-46,P-96662,goal keeper,GK
WC-2022,T-46,P-80826,goal keeper,GK
WC-2022,T-46,P-64299,midfielder,MF
WC-2022,T-46,P-21208,defender,DF
WC-2022,T-46,P-42911,midfielder,MF
WC-2022,T-46,P-95198,forward,FW
WC-2022,T-46,P-40312,midfielder,MF
WC-2022,T-46,P-24062,defender,DF
WC-2022,T-46,P-49482,forward,FW
WC-2022,T-46,P-81433,forward,FW
WC-2022,T-46,P-24705,forward,FW
WC-2022,T-46,P-80088,defender,DF
WC-2022,T-46,P-49806,midfielder,MF
WC-2022,T-46,P-73491,forward,FW
WC-2022,T-46,P-09058,defender,DF
WC-2022,T-47,P-50688,goal keeper,GK
WC-2022,T-47,P-45288,defender,DF
WC-2022,T-47,P-09614,defender,DF
WC-2022,T-47,P-71023,midfielder,MF
WC-2022,T-47,P-47490,defender,DF
WC-2022,T-47,P-26068,defender,DF
WC-2022,T-47,P-70715,midfielder,MF
WC-2022,T-47,P-40619,midfielder,MF
WC-2022,T-47,P-90423,forward,FW
WC-2022,T-47,P-94093,midfielder,MF
WC-2022,T-47,P-05265,forward,FW
WC-2022,T-47,P-15566,goal keeper,GK
WC-2022,T-47,P-87409,midfielder,MF
WC-2022,T-47,P-48295,midfielder,MF
WC-2022,T-47,P-23330,midfielder,MF
WC-2022,T-47,P-21052,forward,FW
WC-2022,T-47,P-59033,midfielder,MF
WC-2022,T-47,P-14026,defender,DF
WC-2022,T-47,P-42517,forward,FW
WC-2022,T-47,P-52013,defender,DF
WC-2022,T-47,P-05216,forward,FW
WC-2022,T-47,P-88869,goal keeper,GK
WC-2022,T-47,P-80656,midfielder,MF
WC-2022,T-47,P-00597,defender,DF
WC-2022,T-47,P-91543,defender,DF
WC-2022,T-47,P-86644,midfielder,MF
WC-2022,T-48,P-18921,goal keeper,GK
WC-2022,T-48,P-74111,defender,DF
WC-2022,T-48,P-73572,defender,DF
WC-2022,T-48,P-56029,defender,DF
WC-2022,T-48,P-64438,defender,DF
WC-2022,T-48,P-70280,defender,DF
WC-2022,T-48,P-44799,forward,FW
WC-2022,T-48,P-28911,forward,FW
WC-2022,T-48,P-64551,forward,FW
WC-2022,T-48,P-27540,forward,FW
WC-2022,T-48,P-10326,midfielder,MF
WC-2022,T-48,P-57903,forward,FW
WC-2022,T-48,P-15282,goal keeper,GK
WC-2022,T-48,P-42078,midfielder,MF
WC-2022,T-48,P-55965,midfielder,MF
WC-2022,T-48,P-78630,defender,DF
WC-2022,T-48,P-39861,defender,DF
WC-2022,T-48,P-57087,forward,FW
WC-2022,T-48,P-95036,forward,FW
WC-2022,T-48,P-35705,midfielder,MF
WC-2022,T-48,P-17688,midfielder,MF
WC-2022,T-48,P-97615,defender,DF
WC-2022,T-48,P-82000,goal keeper,GK
WC-2022,T-48,P-95763,midfielder,MF
WC-2022,T-48,P-34458,midfielder,MF
WC-2022,T-48,P-70227,defender,DF
WC-2022,T-57,P-31606,goal keeper,GK
WC-2022,T-57,P-17099,defender,DF
WC-2022,T-57,P-61813,defender,DF
WC-2022,T-57,P-76995,defender,DF
WC-2022,T-57,P-10172,defender,DF
WC-2022,T-57,P-14593,midfielder,MF
WC-2022,T-57,P-12381,forward,FW
WC-2022,T-57,P-44699,midfielder,MF
WC-2022,T-57,P-00549,forward,FW
WC-2022,T-57,P-45449,midfielder,MF
WC-2022,T-57,P-64261,midfielder,MF
WC-2022,T-57,P-17943,goal keeper,GK
WC-2022,T-57,P-83610,midfielder,MF
WC-2022,T-57,P-44780,defender,DF
WC-2022,T-57,P-29046,defender,DF
WC-2022,T-57,P-85630,forward,FW
WC-2022,T-57,P-31085,midfielder,MF
WC-2022,T-57,P-42160,defender,DF
WC-2022,T-57,P-65512,midfielder,MF
WC-2022,T-57,P-32165,midfielder,MF
WC-2022,T-57,P-40498,midfielder,MF
WC-2022,T-57,P-90913,goal keeper,GK
WC-2022,T-57,P-11013,forward,FW
WC-2022,T-57,P-23437,midfielder,MF
WC-2022,T-57,P-42168,defender,DF
WC-2022,T-57,P-02071,midfielder,MF
WC-2022,T-58,P-72028,goal keeper,GK
WC-2022,T-58,P-41603,defender,DF
WC-2022,T-58,P-81972,defender,DF
WC-2022,T-58,P-10712,defender,DF
WC-2022,T-58,P-67578,defender,DF
WC-2022,T-58,P-46583,midfielder,MF
WC-2022,T-58,P-70442,forward,FW
WC-2022,T-58,P-39584,midfielder,MF
WC-2022,T-58,P-33280,forward,FW
WC-2022,T-58,P-34205,forward,FW
WC-2022,T-58,P-17931,forward,FW
WC-2022,T-58,P-85204,goal keeper,GK
WC-2022,T-58,P-98929,defender,DF
WC-2022,T-58,P-44689,midfielder,MF
WC-2022,T-58,P-27349,forward,FW
WC-2022,T-58,P-89266,midfielder,MF
WC-2022,T-58,P-31133,midfielder,MF
WC-2022,T-58,P-22983,midfielder,MF
WC-2022,T-58,P-87003,defender,DF
WC-2022,T-58,P-16736,defender,DF
WC-2022,T-58,P-05304,forward,FW
WC-2022,T-58,P-54827,goal keeper,GK
WC-2022,T-58,P-57759,midfielder,MF
WC-2022,T-58,P-05289,defender,DF
WC-2022,T-58,P-78787,midfielder,MF
WC-2022,T-58,P-41647,forward,FW
WC-2022,T-59,P-70879,goal keeper,GK
WC-2022,T-59,P-00052,defender,DF
WC-2022,T-59,P-01258,midfielder,MF
WC-2022,T-59,P-90689,defender,DF
WC-2022,T-59,P-42663,defender,DF
WC-2022,T-59,P-97800,midfielder,MF
WC-2022,T-59,P-57100,forward,FW
WC-2022,T-59,P-51678,midfielder,MF
WC-2022,T-59,P-17048,forward,FW
WC-2022,T-59,P-38732,midfielder,MF
WC-2022,T-59,P-47319,forward,FW
WC-2022,T-59,P-95754,midfielder,MF
WC-2022,T-59,P-32949,defender,DF
WC-2022,T-59,P-33804,defender,DF
WC-2022,T-59,P-15161,defender,DF
WC-2022,T-59,P-12810,defender,DF
WC-2022,T-59,P-01077,defender,DF
WC-2022,T-59,P-54495,forward,FW
WC-2022,T-59,P-01930,forward,FW
WC-2022,T-59,P-43921,midfielder,MF
WC-2022,T-59,P-75618,goal keeper,GK
WC-2022,T-59,P-28811,goal keeper,GK
WC-2022,T-59,P-63532,midfielder,MF
WC-2022,T-59,P-93316,midfielder,MF
WC-2022,T-59,P-22110,midfielder,MF
WC-2022,T-59,P-26637,midfielder,MF
WC-2022,T-63,P-06659,goal keeper,GK
WC-2022,T-63,P-06789,defender,DF
WC-2022,T-63,P-20388,defender,DF
WC-2022,T-63,P-12335,defender,DF
WC-2022,T-63,P-87284,defender,DF
WC-2022,T-63,P-94422,defender,DF
WC-2022,T-63,P-93688,midfielder,MF
WC-2022,T-63,P-20216,midfielder,MF
WC-2022,T-63,P-89845,forward,FW
WC-2022,T-63,P-70583,forward,FW
WC-2022,T-63,P-37308,forward,FW
WC-2022,T-63,P-08125,defender,DF
WC-2022,T-63,P-45457,defender,DF
WC-2022,T-63,P-99177,midfielder,MF
WC-2022,T-63,P-45413,midfielder,MF
WC-2022,T-63,P-87569,midfielder,MF
WC-2022,T-63,P-93173,defender,DF
WC-2022,T-63,P-76864,midfielder,MF
WC-2022,T-63,P-84563,forward,FW
WC-2022,T-63,P-45581,forward,FW
WC-2022,T-63,P-85438,goal keeper,GK
WC-2022,T-63,P-67035,goal keeper,GK
WC-2022,T-63,P-91268,midfielder,MF
WC-2022,T-63,P-10907,midfielder,MF
WC-2022,T-63,P-40487,forward,FW
WC-2022,T-63,P-06750,midfielder,MF
WC-2022,T-65,P-99821,goal keeper,GK
WC-2022,T-65,P-11718,defender,DF
WC-2022,T-65,P-47321,defender,DF
WC-2022,T-65,P-90626,defender,DF
WC-2022,T-65,P-40621,midfielder,MF
WC-2022,T-65,P-96697,midfielder,MF
WC-2022,T-65,P-86937,forward,FW
WC-2022,T-65,P-55140,defender,DF
WC-2022,T-65,P-33622,forward,FW
WC-2022,T-65,P-66635,defender,DF
WC-2022,T-65,P-61416,midfielder,MF
WC-2022,T-65,P-86095,defender,DF
WC-2022,T-65,P-33958,forward,FW
WC-2022,T-65,P-54506,defender,DF
WC-2022,T-65,P-09292,midfielder,MF
WC-2022,T-65,P-45399,goal keeper,GK
WC-2022,T-65,P-76835,midfielder,MF
WC-2022,T-65,P-37935,forward,FW
WC-2022,T-65,P-27280,forward,FW
WC-2022,T-65,P-88928,forward,FW
WC-2022,T-65,P-55298,defender,DF
WC-2022,T-65,P-77769,defender,DF
WC-2022,T-65,P-53694,goal keeper,GK
WC-2022,T-65,P-92891,defender,DF
WC-2022,T-65,P-37001,midfielder,MF
WC-2022,T-65,P-45280,midfielder,MF
WC-2022,T-66,P-72770,goal keeper,GK
WC-2022,T-66,P-98435,defender,DF
WC-2022,T-66,P-55665,defender,DF
WC-2022,T-66,P-57535,defender,DF
WC-2022,T-66,P-30283,defender,DF
WC-2022,T-66,P-89598,midfielder,MF
WC-2022,T-66,P-79900,forward,FW
WC-2022,T-66,P-24610,midfielder,MF
WC-2022,T-66,P-85696,forward,FW
WC-2022,T-66,P-33390,forward,FW
WC-2022,T-66,P-62033,forward,FW
WC-2022,T-66,P-35773,goal keeper,GK
WC-2022,T-66,P-19069,defender,DF
WC-2022,T-66,P-58363,midfielder,MF
WC-2022,T-66,P-70515,defender,DF
WC-2022,T-66,P-78056,midfielder,MF
WC-2022,T-66,P-80738,midfielder,MF
WC-2022,T-66,P-63293,forward,FW
WC-2022,T-66,P-09530,midfielder,MF
WC-2022,T-66,P-27744,midfielder,MF
WC-2022,T-66,P-79754,forward,FW
WC-2022,T-66,P-54211,midfielder,MF
WC-2022,T-66,P-24245,goal keeper,GK
WC-2022,T-66,P-67641,midfielder,MF
WC-2022,T-66,P-82143,defender,DF
WC-2022,T-66,P-89573,midfielder,MF
WC-2022,T-71,P-42523,goal keeper,GK
WC-2022,T-71,P-88529,defender,DF
WC-2022,T-71,P-82889,defender,DF
WC-2022,T-71,P-14360,defender,DF
WC-2022,T-71,P-64292,midfielder,MF
WC-2022,T-71,P-67516,midfielder,MF
WC-2022,T-71,P-77335,midfielder,MF
WC-2022,T-71,P-32599,midfielder,MF
WC-2022,T-71,P-87169,forward,FW
WC-2022,T-71,P-93920,midfielder,MF
WC-2022,T-71,P-58692,midfielder,MF
WC-2022,T-71,P-49090,goal keeper,GK
WC-2022,T-71,P-61172,midfielder,MF
WC-2022,T-71,P-91889,defender,DF
WC-2022,T-71,P-07233,defender,DF
WC-2022,T-71,P-92710,forward,FW
WC-2022,T-71,P-10357,midfielder,MF
WC-2022,T-71,P-87514,midfielder,MF
WC-2022,T-71,P-07259,defender,DF
WC-2022,T-71,P-57511,defender,DF
WC-2022,T-71,P-04157,goal keeper,GK
WC-2022,T-71,P-88360,midfielder,MF
WC-2022,T-71,P-66969,defender,DF
WC-2022,T-71,P-05917,defender,DF
WC-2022,T-71,P-94500,midfielder,MF
WC-2022,T-71,P-97485,midfielder,MF
WC-2022,T-73,P-92513,goal keeper,GK
WC-2022,T-73,P-60716,defender,DF
WC-2022,T-73,P-37420,defender,DF
WC-2022,T-73,P-16333,defender,DF
WC-2022,T-73,P-28010,midfielder,MF
WC-2022,T-73,P-86871,midfielder,MF
WC-2022,T-73,P-29274,forward,FW
WC-2022,T-73,P-37294,midfielder,MF
WC-2022,T-73,P-88433,midfielder,MF
WC-2022,T-73,P-09400,forward,FW
WC-2022,T-73,P-31301,forward,FW
WC-2022,T-73,P-68218,forward,FW
WC-2022,T-73,P-33433,goal keeper,GK
WC-2022,T-73,P-49008,defender,DF
WC-2022,T-73,P-87958,defender,DF
WC-2022,T-73,P-62341,midfielder,MF
WC-2022,T-73,P-46898,forward,FW
WC-2022,T-73,P-01416,defender,DF
WC-2022,T-73,P-30405,midfielder,MF
WC-2022,T-73,P-71071,defender,DF
WC-2022,T-73,P-40007,forward,FW
WC-2022,T-73,P-81427,forward,FW
WC-2022,T-73,P-94271,goal keeper,GK
WC-2022,T-73,P-99025,defender,DF
WC-2022,T-73,P-33854,forward,FW
WC-2022,T-73,P-24897,midfielder,MF
WC-2022,T-75,P-63312,goal keeper,GK
WC-2022,T-75,P-29932,defender,DF
WC-2022,T-75,P-38927,defender,DF
WC-2022,T-75,P-19193,defender,DF
WC-2022,T-75,P-23925,defender,DF
WC-2022,T-75,P-83560,midfielder,MF
WC-2022,T-75,P-19075,forward,FW
WC-2022,T-75,P-68060,midfielder,MF
WC-2022,T-75,P-07180,forward,FW
WC-2022,T-75,P-77224,midfielder,MF
WC-2022,T-75,P-20482,defender,DF
WC-2022,T-75,P-75926,goal keeper,GK
WC-2022,T-75,P-43367,defender,DF
WC-2022,T-75,P-32222,midfielder,MF
WC-2022,T-75,P-11878,midfielder,MF
WC-2022,T-75,P-71875,midfielder,MF
WC-2022,T-75,P-85823,forward,FW
WC-2022,T-75,P-56868,defender,DF
WC-2022,T-75,P-85577,forward,FW
WC-2022,T-75,P-00244,midfielder,MF
WC-2022,T-75,P-06076,goal keeper,GK
WC-2022,T-75,P-25131,defender,DF
WC-2022,T-75,P-39460,midfielder,MF
WC-2022,T-75,P-38800,goal keeper,GK
WC-2022,T-75,P-25593,midfielder,MF
WC-2022,T-75,P-17496,midfielder,MF
WC-2022,T-79,P-25989,goal keeper,GK
WC-2022,T-79,P-22128,defender,DF
WC-2022,T-79,P-73455,defender,DF
WC-2022,T-79,P-81706,defender,DF
WC-2022,T-79,P-68161,midfielder,MF
WC-2022,T-79,P-11879,defender,DF
WC-2022,T-79,P-25741,forward,FW
WC-2022,T-79,P-48887,midfielder,MF
WC-2022,T-79,P-11346,forward,FW
WC-2022,T-79,P-42223,forward,FW
WC-2022,T-79,P-21865,forward,FW
WC-2022,T-79,P-38981,defender,DF
WC-2022,T-79,P-90867,midfielder,MF
WC-2022,T-79,P-29063,midfielder,MF
WC-2022,T-79,P-42575,midfielder,MF
WC-2022,T-79,P-32803,goal keeper,GK
WC-2022,T-79,P-47815,midfielder,MF
WC-2022,T-79,P-09569,midfielder,MF
WC-2022,T-79,P-82056,forward,FW
WC-2022,T-79,P-49094,defender,DF
WC-2022,T-79,P-27079,defender,DF
WC-2022,T-79,P-82657,goal keeper,GK
WC-2022,T-79,P-69793,forward,FW
WC-2022,T-79,P-64924,defender,DF
WC-2022,T-79,P-45680,forward,FW
WC-2022,T-79,P-57303,goal keeper,GK
WC-2022,T-83,P-48903,goal keeper,GK
WC-2022,T-83,P-89452,defender,DF
WC-2022,T-83,P-57029,defender,DF
WC-2022,T-83,P-14151,midfielder,MF
WC-2022,T-83,P-70867,defender,DF
WC-2022,T-83,P-59571,midfielder,MF
WC-2022,T-83,P-85878,forward,FW
WC-2022,T-83,P-68952,midfielder,MF
WC-2022,T-83,P-34132,forward,FW
WC-2022,T-83,P-11737,forward,FW
WC-2022,T-83,P-03484,forward,FW
WC-2022,T-83,P-01792,goal keeper,GK
WC-2022,T-83,P-26367,defender,DF
WC-2022,T-83,P-74007,midfielder,MF
WC-2022,T-83,P-75522,defender,DF
WC-2022,T-83,P-77402,forward,FW
WC-2022,T-83,P-35320,midfielder,MF
WC-2022,T-83,P-48265,defender,DF
WC-2022,T-83,P-68131,forward,FW
WC-2022,T-83,P-25925,defender,DF
WC-2022,T-83,P-30252,forward,FW
WC-2022,T-83,P-95273,defender,DF
WC-2022,T-83,P-86410,midfielder,MF
WC-2022,T-83,P-94647,forward,FW
WC-2022,T-83,P-38940,goal keeper,GK
WC-2022,T-83,P-80838,defender,DF
WC-2022,T-84,P-10014,goal keeper,GK
WC-2022,T-84,P-65659,defender,DF
WC-2022,T-84,P-78440,defender,DF
WC-2022,T-84,P-89869,defender,DF
WC-2022,T-84,P-46785,midfielder,MF
WC-2022,T-84,P-58791,midfielder,MF
WC-2022,T-84,P-86878,midfielder,MF
WC-2022,T-84,P-95062,forward,FW
WC-2022,T-84,P-30486,forward,FW
WC-2022,T-84,P-62594,midfielder,MF
WC-2022,T-84,P-18885,forward,FW
WC-2022,T-84,P-19914,goal keeper,GK
WC-2022,T-84,P-78932,defender,DF
WC-2022,T-84,P-47386,midfielder,MF
WC-2022,T-84,P-05174,midfielder,MF
WC-2022,T-84,P-90796,defender,DF
WC-2022,T-84,P-18564,defender,DF
WC-2022,T-84,P-70671,forward,FW
WC-2022,T-84,P-20051,defender,DF
WC-2022,T-84,P-68430,forward,FW
WC-2022,T-84,P-59138,forward,FW
WC-2022,T-84,P-74058,defender,DF
WC-2022,T-84,P-00232,goal keeper,GK
WC-2022,T-84,P-24667,midfielder,MF
WC-2022,T-84,P-94091,midfielder,MF
WC-2022,T-84,P-55597,defender,DF
WC-2022,T-85,P-46457,goal keeper,GK
WC-2022,T-85,P-92343,defender,DF
WC-2022,T-85,P-87190,defender,DF
WC-2022,T-85,P-41198,defender,DF
WC-2022,T-85,P-74888,defender,DF
WC-2022,T-85,P-38105,defender,DF
WC-2022,T-85,P-92761,midfielder,MF
WC-2022,T-85,P-94779,midfielder,MF
WC-2022,T-85,P-57098,forward,FW
WC-2022,T-85,P-86951,midfielder,MF
WC-2022,T-85,P-63927,forward,FW
WC-2022,T-85,P-31718,goal keeper,GK
WC-2022,T-85,P-10657,forward,FW
WC-2022,T-85,P-56503,defender,DF
WC-2022,T-85,P-50398,defender,DF
WC-2022,T-85,P-69082,midfielder,MF
WC-2022,T-85,P-34567,defender,DF
WC-2022,T-85,P-56664,midfielder,MF
WC-2022,T-85,P-37173,forward,FW
WC-2022,T-85,P-74707,forward,FW
WC-2022,T-85,P-92482,goal keeper,GK
WC-2022,T-85,P-20564,midfielder,MF
WC-2022,T-85,P-24982,midfielder,MF
WC-2022,T-85,P-02030,defender,DF
WC-2022,T-85,P-07137,midfielder,MF
WC-2022,T-85,P-84269,midfielder,MF
