substitution_id,tournament_id,match_id,team_id,home_team,away_team,player_id,minute_label,match_period,going_off,coming_on
S-0001,WC-1970,M-1970-01,T-72,0,1,P-60181,46',second half,1,0
S-0002,WC-1970,M-1970-01,T-72,0,1,P-59828,46',second half,0,1
S-0003,WC-1970,M-1970-01,T-72,0,1,P-43733,66',second half,1,0
S-0004,WC-1970,M-1970-01,T-72,0,1,P-98262,66',second half,0,1
S-0005,WC-1970,M-1970-01,T-46,1,0,P-32657,67',second half,1,0
S-0006,WC-1970,M-1970-01,T-46,1,0,P-96873,67',second half,0,1
S-0007,WC-1970,M-1970-02,T-84,1,0,P-47892,12',first half,1,0
S-0008,WC-1970,M-1970-02,T-84,1,0,P-82186,12',first half,0,1
S-0009,WC-1970,M-1970-02,T-40,0,1,P-86314,46',second half,1,0
S-0010,WC-1970,M-1970-02,T-40,0,1,P-08449,46',second half,0,1
S-0011,WC-1970,M-1970-02,T-40,0,1,P-37385,57',second half,1,0
S-0012,WC-1970,M-1970-02,T-40,0,1,P-60216,57',second half,0,1
S-0013,WC-1970,M-1970-03,T-28,1,0,P-79568,51',second half,1,0
S-0014,WC-1970,M-1970-03,T-28,1,0,P-22176,51',second half,0,1
S-0015,WC-1970,M-1970-03,T-61,0,1,P-21011,73',second half,1,0
S-0016,WC-1970,M-1970-03,T-61,0,1,P-50489,73',second half,0,1
S-0017,WC-1970,M-1970-03,T-28,1,0,P-88728,75',second half,1,0
S-0018,WC-1970,M-1970-03,T-28,1,0,P-11917,75',second half,0,1
S-0019,WC-1970,M-1970-04,T-56,1,0,P-30953,29',first half,1,0
S-0020,WC-1970,M-1970-04,T-56,1,0,P-38889,29',first half,0,1
S-0021,WC-1970,M-1970-04,T-56,1,0,P-64457,51',second half,1,0
S-0022,WC-1970,M-1970-04,T-56,1,0,P-49357,51',second half,0,1
S-0023,WC-1970,M-1970-04,T-10,0,1,P-02372,59',second half,1,0
S-0024,WC-1970,M-1970-04,T-10,0,1,P-28376,59',second half,0,1
S-0025,WC-1970,M-1970-04,T-10,0,1,P-63835,73',second half,1,0
S-0026,WC-1970,M-1970-04,T-10,0,1,P-72803,73',second half,0,1
S-0027,WC-1970,M-1970-05,T-27,0,1,P-98965,67',second half,1,0
S-0028,WC-1970,M-1970-05,T-27,0,1,P-54377,67',second half,0,1
S-0029,WC-1970,M-1970-05,T-06,1,0,P-67478,79',second half,1,0
S-0030,WC-1970,M-1970-05,T-06,1,0,P-42364,79',second half,0,1
S-0031,WC-1970,M-1970-05,T-27,0,1,P-83098,80',second half,1,0
S-0032,WC-1970,M-1970-05,T-27,0,1,P-86181,80',second half,0,1
S-0033,WC-1970,M-1970-06,T-41,1,0,P-77413,37',first half,1,0
S-0034,WC-1970,M-1970-06,T-41,1,0,P-45085,37',first half,0,1
S-0035,WC-1970,M-1970-06,T-74,0,1,P-61735,68',second half,1,0
S-0036,WC-1970,M-1970-06,T-74,0,1,P-71589,68',second half,0,1
S-0037,WC-1970,M-1970-06,T-74,0,1,P-86931,80',second half,1,0
S-0038,WC-1970,M-1970-06,T-74,0,1,P-05872,80',second half,0,1
S-0039,WC-1970,M-1970-07,T-21,0,1,P-48978,46',second half,1,0
S-0040,WC-1970,M-1970-07,T-21,0,1,P-25708,46',second half,0,1
S-0041,WC-1970,M-1970-07,T-09,1,0,P-04354,62',second half,1,0
S-0042,WC-1970,M-1970-07,T-09,1,0,P-65181,62',second half,0,1
S-0043,WC-1970,M-1970-07,T-21,0,1,P-33536,75',second half,1,0
S-0044,WC-1970,M-1970-07,T-21,0,1,P-37315,75',second half,0,1
S-0045,WC-1970,M-1970-08,T-86,1,0,P-12272,46',second half,1,0
S-0046,WC-1970,M-1970-08,T-86,1,0,P-48733,46',second half,0,1
S-0047,WC-1970,M-1970-08,T-47,0,1,P-85379,56',second half,1,0
S-0048,WC-1970,M-1970-08,T-47,0,1,P-98667,56',second half,0,1
S-0049,WC-1970,M-1970-08,T-47,0,1,P-55928,72',second half,1,0
S-0050,WC-1970,M-1970-08,T-47,0,1,P-89897,72',second half,0,1
S-0051,WC-1970,M-1970-08,T-86,1,0,P-28162,77',second half,1,0
S-0052,WC-1970,M-1970-08,T-86,1,0,P-12863,77',second half,0,1
S-0053,WC-1970,M-1970-09,T-72,1,0,P-17002,34',first half,1,0
S-0054,WC-1970,M-1970-09,T-72,1,0,P-52906,34',first half,0,1
S-0055,WC-1970,M-1970-09,T-72,1,0,P-70748,73',second half,1,0
S-0056,WC-1970,M-1970-09,T-72,1,0,P-79846,73',second half,0,1
S-0057,WC-1970,M-1970-10,T-41,0,1,P-67671,46',second half,1,0
S-0058,WC-1970,M-1970-10,T-41,0,1,P-05329,46',second half,0,1
S-0059,WC-1970,M-1970-10,T-84,1,0,P-51410,70',second half,1,0
S-0060,WC-1970,M-1970-10,T-84,1,0,P-02662,70',second half,0,1
S-0061,WC-1970,M-1970-11,T-21,0,1,P-94047,46',second half,1,0
S-0062,WC-1970,M-1970-11,T-21,0,1,P-34289,46',second half,0,1
S-0063,WC-1970,M-1970-11,T-61,1,0,P-09236,69',second half,1,0
S-0064,WC-1970,M-1970-11,T-21,0,1,P-31552,69',second half,1,0
S-0065,WC-1970,M-1970-11,T-61,1,0,P-21011,69',second half,0,1
S-0066,WC-1970,M-1970-11,T-21,0,1,P-33536,69',second half,0,1
S-0067,WC-1970,M-1970-11,T-61,1,0,P-26224,81',second half,1,0
S-0068,WC-1970,M-1970-11,T-61,1,0,P-03154,81',second half,0,1
S-0069,WC-1970,M-1970-12,T-56,1,0,P-39336,56',second half,1,0
S-0070,WC-1970,M-1970-12,T-56,1,0,P-96893,56',second half,0,1
S-0071,WC-1970,M-1970-12,T-47,0,1,P-20578,66',second half,1,0
S-0072,WC-1970,M-1970-12,T-47,0,1,P-75161,66',second half,0,1
S-0073,WC-1970,M-1970-12,T-56,1,0,P-03607,76',second half,1,0
S-0074,WC-1970,M-1970-12,T-56,1,0,P-51451,76',second half,0,1
S-0075,WC-1970,M-1970-12,T-47,0,1,P-45308,81',second half,1,0
S-0076,WC-1970,M-1970-12,T-47,0,1,P-50217,81',second half,0,1
S-0077,WC-1970,M-1970-13,T-46,1,0,P-55734,46',second half,1,0
S-0078,WC-1970,M-1970-13,T-46,1,0,P-56971,46',second half,0,1
S-0079,WC-1970,M-1970-13,T-27,0,1,P-24464,58',second half,1,0
S-0080,WC-1970,M-1970-13,T-27,0,1,P-55432,58',second half,0,1
S-0081,WC-1970,M-1970-13,T-27,0,1,P-54377,68',second half,1,0
S-0082,WC-1970,M-1970-13,T-27,0,1,P-58367,68',second half,0,1
S-0083,WC-1970,M-1970-13,T-46,1,0,P-56971,76',second half,1,0
S-0084,WC-1970,M-1970-13,T-46,1,0,P-64207,76',second half,0,1
S-0085,WC-1970,M-1970-14,T-40,0,1,P-60216,51',second half,1,0
S-0086,WC-1970,M-1970-14,T-40,0,1,P-91215,51',second half,0,1
S-0087,WC-1970,M-1970-14,T-74,1,0,P-61494,75',second half,1,0
S-0088,WC-1970,M-1970-14,T-74,1,0,P-31050,75',second half,0,1
S-0089,WC-1970,M-1970-15,T-28,0,1,P-08601,63',second half,1,0
S-0090,WC-1970,M-1970-15,T-28,0,1,P-88728,63',second half,1,0
S-0091,WC-1970,M-1970-15,T-28,0,1,P-77223,63',second half,0,1
S-0092,WC-1970,M-1970-15,T-28,0,1,P-27328,63',second half,0,1
S-0093,WC-1970,M-1970-15,T-09,1,0,P-53202,68',second half,1,0
S-0094,WC-1970,M-1970-15,T-09,1,0,P-97113,68',second half,0,1
S-0095,WC-1970,M-1970-16,T-10,0,1,P-06520,46',second half,1,0
S-0096,WC-1970,M-1970-16,T-10,0,1,P-27243,46',second half,0,1
S-0097,WC-1970,M-1970-16,T-86,1,0,P-12863,58',second half,1,0
S-0098,WC-1970,M-1970-16,T-10,0,1,P-66746,58',second half,1,0
S-0099,WC-1970,M-1970-16,T-86,1,0,P-48733,58',second half,0,1
S-0100,WC-1970,M-1970-16,T-10,0,1,P-53019,58',second half,0,1
S-0101,WC-1970,M-1970-16,T-86,1,0,P-72864,72',second half,1,0
S-0102,WC-1970,M-1970-16,T-86,1,0,P-11099,72',second half,0,1
S-0103,WC-1970,M-1970-17,T-72,1,0,P-59828,46',second half,1,0
S-0104,WC-1970,M-1970-17,T-72,1,0,P-72049,46',second half,0,1
S-0105,WC-1970,M-1970-17,T-72,1,0,P-79846,81',second half,1,0
S-0106,WC-1970,M-1970-17,T-72,1,0,P-33189,81',second half,0,1
S-0107,WC-1970,M-1970-17,T-27,0,1,P-10096,82',second half,1,0
S-0108,WC-1970,M-1970-17,T-27,0,1,P-24464,82',second half,0,1
S-0109,WC-1970,M-1970-17,T-27,0,1,P-83098,86',second half,1,0
S-0110,WC-1970,M-1970-17,T-27,0,1,P-86181,86',second half,0,1
S-0111,WC-1970,M-1970-18,T-74,1,0,P-73517,58',second half,1,0
S-0112,WC-1970,M-1970-18,T-74,1,0,P-00746,58',second half,0,1
S-0113,WC-1970,M-1970-18,T-84,0,1,P-99710,61',second half,1,0
S-0114,WC-1970,M-1970-18,T-84,0,1,P-48169,61',second half,0,1
S-0115,WC-1970,M-1970-18,T-74,1,0,P-05872,84',second half,1,0
S-0116,WC-1970,M-1970-18,T-74,1,0,P-37575,84',second half,0,1
S-0117,WC-1970,M-1970-19,T-61,0,1,P-26945,27',first half,1,0
S-0118,WC-1970,M-1970-19,T-61,0,1,P-04931,27',first half,0,1
S-0119,WC-1970,M-1970-19,T-09,1,0,P-27277,60',second half,1,0
S-0120,WC-1970,M-1970-19,T-09,1,0,P-15663,60',second half,0,1
S-0121,WC-1970,M-1970-19,T-61,0,1,P-51434,72',second half,1,0
S-0122,WC-1970,M-1970-19,T-61,0,1,P-21011,72',second half,0,1
S-0123,WC-1970,M-1970-19,T-09,1,0,P-14923,74',second half,1,0
S-0124,WC-1970,M-1970-19,T-09,1,0,P-49805,74',second half,0,1
S-0125,WC-1970,M-1970-20,T-86,1,0,P-28162,46',second half,1,0
S-0126,WC-1970,M-1970-20,T-86,1,0,P-83141,46',second half,0,1
S-0127,WC-1970,M-1970-20,T-56,0,1,P-83669,56',second half,1,0
S-0128,WC-1970,M-1970-20,T-56,0,1,P-51451,56',second half,0,1
S-0129,WC-1970,M-1970-20,T-56,0,1,P-19550,72',second half,1,0
S-0130,WC-1970,M-1970-20,T-56,0,1,P-96893,72',second half,0,1
S-0131,WC-1970,M-1970-20,T-86,1,0,P-62529,75',second half,1,0
S-0132,WC-1970,M-1970-20,T-86,1,0,P-48733,75',second half,0,1
S-0133,WC-1970,M-1970-21,T-46,1,0,P-07812,46',second half,1,0
S-0134,WC-1970,M-1970-21,T-46,1,0,P-64207,46',second half,0,1
S-0135,WC-1970,M-1970-21,T-06,0,1,P-42364,65',second half,1,0
S-0136,WC-1970,M-1970-21,T-06,0,1,P-89771,65',second half,0,1
S-0137,WC-1970,M-1970-22,T-41,1,0,P-67671,46',second half,1,0
S-0138,WC-1970,M-1970-22,T-40,0,1,P-95869,46',second half,1,0
S-0139,WC-1970,M-1970-22,T-41,1,0,P-62214,46',second half,0,1
S-0140,WC-1970,M-1970-22,T-40,0,1,P-37385,46',second half,0,1
S-0141,WC-1970,M-1970-23,T-28,1,0,P-08601,65',second half,1,0
S-0142,WC-1970,M-1970-23,T-28,1,0,P-27328,65',second half,1,0
S-0143,WC-1970,M-1970-23,T-28,1,0,P-22841,65',second half,0,1
S-0144,WC-1970,M-1970-23,T-28,1,0,P-11917,65',second half,0,1
S-0145,WC-1970,M-1970-23,T-21,0,1,P-31552,72',second half,1,0
S-0146,WC-1970,M-1970-23,T-21,0,1,P-90487,72',second half,0,1
S-0147,WC-1970,M-1970-24,T-10,1,0,P-59856,42',first half,1,0
S-0148,WC-1970,M-1970-24,T-10,1,0,P-19802,42',first half,0,1
S-0149,WC-1970,M-1970-24,T-47,0,1,P-55928,46',second half,1,0
S-0150,WC-1970,M-1970-24,T-47,0,1,P-15207,46',second half,0,1
S-0151,WC-1970,M-1970-24,T-10,1,0,P-22594,50',second half,1,0
S-0152,WC-1970,M-1970-24,T-10,1,0,P-63835,50',second half,0,1
S-0153,WC-1970,M-1970-24,T-47,0,1,P-50217,74',second half,1,0
S-0154,WC-1970,M-1970-24,T-47,0,1,P-89897,74',second half,0,1
S-0155,WC-1970,M-1970-25,T-56,0,1,P-64457,54',second half,1,0
S-0156,WC-1970,M-1970-25,T-56,0,1,P-49357,54',second half,0,1
S-0157,WC-1970,M-1970-25,T-56,0,1,P-83669,61',second half,1,0
S-0158,WC-1970,M-1970-25,T-56,0,1,P-17652,61',second half,0,1
S-0159,WC-1970,M-1970-25,T-09,1,0,P-04354,67',second half,1,0
S-0160,WC-1970,M-1970-25,T-09,1,0,P-65181,67',second half,0,1
S-0161,WC-1970,M-1970-25,T-09,1,0,P-77430,80',second half,1,0
S-0162,WC-1970,M-1970-25,T-09,1,0,P-97113,80',second half,0,1
S-0163,WC-1970,M-1970-26,T-41,1,0,P-91195,46',second half,1,0
S-0164,WC-1970,M-1970-26,T-41,1,0,P-62214,46',second half,0,1
S-0165,WC-1970,M-1970-26,T-46,0,1,P-96873,60',second half,1,0
S-0166,WC-1970,M-1970-26,T-46,0,1,P-05631,60',second half,0,1
S-0167,WC-1970,M-1970-26,T-46,0,1,P-13602,68',second half,1,0
S-0168,WC-1970,M-1970-26,T-46,0,1,P-55734,68',second half,0,1
S-0169,WC-1970,M-1970-26,T-41,1,0,P-67671,84',second half,1,0
S-0170,WC-1970,M-1970-26,T-41,1,0,P-86117,84',second half,0,1
S-0171,WC-1970,M-1970-27,T-72,1,0,P-33189,71',second half,1,0
S-0172,WC-1970,M-1970-27,T-72,1,0,P-79846,71',second half,0,1
S-0173,WC-1970,M-1970-27,T-72,1,0,P-90524,86',second half,1,0
S-0174,WC-1970,M-1970-27,T-72,1,0,P-70408,86',second half,0,1
S-0175,WC-1970,M-1970-27,T-84,0,1,P-93811,96',"extra time, first half",1,0
S-0176,WC-1970,M-1970-27,T-84,0,1,P-95376,96',"extra time, first half",0,1
S-0177,WC-1970,M-1970-27,T-84,0,1,P-48169,103',"extra time, first half",1,0
S-0178,WC-1970,M-1970-27,T-84,0,1,P-99710,103',"extra time, first half",0,1
S-0179,WC-1970,M-1970-28,T-86,1,0,P-28162,46',second half,1,0
S-0180,WC-1970,M-1970-28,T-86,1,0,P-77426,46',second half,0,1
S-0181,WC-1970,M-1970-28,T-86,1,0,P-62529,55',second half,1,0
S-0182,WC-1970,M-1970-28,T-86,1,0,P-48733,55',second half,0,1
S-0183,WC-1970,M-1970-28,T-28,0,1,P-08601,70',second half,1,0
S-0184,WC-1970,M-1970-28,T-28,0,1,P-77223,70',second half,0,1
S-0185,WC-1970,M-1970-28,T-28,0,1,P-34233,81',second half,1,0
S-0186,WC-1970,M-1970-28,T-28,0,1,P-70457,81',second half,0,1
S-0187,WC-1970,M-1970-29,T-84,0,1,P-40429,73',second half,1,0
S-0188,WC-1970,M-1970-29,T-84,0,1,P-99710,73',second half,0,1
S-0189,WC-1970,M-1970-30,T-41,1,0,P-91195,46',second half,1,0
S-0190,WC-1970,M-1970-30,T-41,1,0,P-62214,46',second half,0,1
S-0191,WC-1970,M-1970-30,T-86,0,1,P-12863,52',second half,1,0
S-0192,WC-1970,M-1970-30,T-86,0,1,P-62529,52',second half,0,1
S-0193,WC-1970,M-1970-30,T-86,0,1,P-93072,66',second half,1,0
S-0194,WC-1970,M-1970-30,T-86,0,1,P-86276,66',second half,0,1
S-0195,WC-1970,M-1970-30,T-41,1,0,P-45085,91',"extra time, first half",1,0
S-0196,WC-1970,M-1970-30,T-41,1,0,P-56668,91',"extra time, first half",0,1
S-0197,WC-1970,M-1970-31,T-86,1,0,P-93072,46',second half,1,0
S-0198,WC-1970,M-1970-31,T-84,0,1,P-48169,46',second half,1,0
S-0199,WC-1970,M-1970-31,T-86,1,0,P-86015,46',second half,0,1
S-0200,WC-1970,M-1970-31,T-84,0,1,P-99710,46',second half,0,1
S-0201,WC-1970,M-1970-31,T-84,0,1,P-40429,67',second half,1,0
S-0202,WC-1970,M-1970-31,T-84,0,1,P-90366,67',second half,0,1
S-0203,WC-1970,M-1970-31,T-86,1,0,P-62529,73',second half,1,0
S-0204,WC-1970,M-1970-31,T-86,1,0,P-12863,73',second half,0,1
S-0205,WC-1970,M-1970-32,T-41,0,1,P-72033,75',second half,1,0
S-0206,WC-1970,M-1970-32,T-41,0,1,P-68792,75',second half,0,1
S-0207,WC-1970,M-1970-32,T-41,0,1,P-92154,84',second half,1,0
S-0208,WC-1970,M-1970-32,T-41,0,1,P-62214,84',second half,0,1
S-0209,WC-1974,M-1974-02,T-86,1,0,P-60896,75',second half,1,0
S-0210,WC-1974,M-1974-02,T-86,1,0,P-35602,75',second half,0,1
S-0211,WC-1974,M-1974-02,T-13,0,1,P-39340,76',second half,1,0
S-0212,WC-1974,M-1974-02,T-13,0,1,P-54736,76',second half,0,1
S-0213,WC-1974,M-1974-02,T-13,0,1,P-23733,83',second half,1,0
S-0214,WC-1974,M-1974-02,T-13,0,1,P-73006,83',second half,0,1
S-0215,WC-1974,M-1974-03,T-24,1,0,P-08298,55',second half,1,0
S-0216,WC-1974,M-1974-03,T-24,1,0,P-57624,55',second half,0,1
S-0217,WC-1974,M-1974-04,T-88,1,0,P-27837,64',second half,1,0
S-0218,WC-1974,M-1974-04,T-88,1,0,P-87506,64',second half,0,1
S-0219,WC-1974,M-1974-04,T-64,0,1,P-68584,75',second half,1,0
S-0220,WC-1974,M-1974-04,T-64,0,1,P-27901,75',second half,0,1
S-0221,WC-1974,M-1974-04,T-88,1,0,P-49087,78',second half,1,0
S-0222,WC-1974,M-1974-04,T-88,1,0,P-38620,78',second half,0,1
S-0223,WC-1974,M-1974-05,T-74,1,0,P-73517,73',second half,1,0
S-0224,WC-1974,M-1974-05,T-10,0,1,P-66322,73',second half,1,0
S-0225,WC-1974,M-1974-05,T-74,1,0,P-02323,73',second half,0,1
S-0226,WC-1974,M-1974-05,T-10,0,1,P-90799,73',second half,0,1
S-0227,WC-1974,M-1974-05,T-10,0,1,P-74402,75',second half,1,0
S-0228,WC-1974,M-1974-05,T-10,0,1,P-95083,75',second half,0,1
S-0229,WC-1974,M-1974-06,T-84,1,0,P-81929,64',second half,1,0
S-0230,WC-1974,M-1974-06,T-84,1,0,P-82387,64',second half,0,1
S-0231,WC-1974,M-1974-07,T-34,0,1,P-58000,46',second half,1,0
S-0232,WC-1974,M-1974-07,T-34,0,1,P-50623,46',second half,0,1
S-0233,WC-1974,M-1974-07,T-41,1,0,P-74017,76',second half,1,0
S-0234,WC-1974,M-1974-07,T-41,1,0,P-32265,76',second half,0,1
S-0235,WC-1974,M-1974-08,T-03,0,1,P-79103,46',second half,1,0
S-0236,WC-1974,M-1974-08,T-03,0,1,P-04739,46',second half,0,1
S-0237,WC-1974,M-1974-08,T-03,0,1,P-56518,67',second half,1,0
S-0238,WC-1974,M-1974-08,T-03,0,1,P-68438,67',second half,0,1
S-0239,WC-1974,M-1974-08,T-57,1,0,P-92867,70',second half,1,0
S-0240,WC-1974,M-1974-08,T-57,1,0,P-58729,70',second half,0,1
S-0241,WC-1974,M-1974-08,T-57,1,0,P-20188,85',second half,1,0
S-0242,WC-1974,M-1974-08,T-57,1,0,P-07479,85',second half,0,1
S-0243,WC-1974,M-1974-09,T-04,1,0,P-33066,45',first half,1,0
S-0244,WC-1974,M-1974-09,T-04,1,0,P-22858,45',first half,0,1
S-0245,WC-1974,M-1974-09,T-86,0,1,P-79006,46',second half,1,0
S-0246,WC-1974,M-1974-09,T-86,0,1,P-35602,46',second half,0,1
S-0247,WC-1974,M-1974-09,T-04,1,0,P-37148,61',second half,1,0
S-0248,WC-1974,M-1974-09,T-04,1,0,P-71410,61',second half,0,1
S-0249,WC-1974,M-1974-09,T-86,0,1,P-44313,67',second half,1,0
S-0250,WC-1974,M-1974-09,T-86,0,1,P-89257,67',second half,0,1
S-0251,WC-1974,M-1974-10,T-24,0,1,P-04924,29',first half,1,0
S-0252,WC-1974,M-1974-10,T-24,0,1,P-62195,29',first half,0,1
S-0253,WC-1974,M-1974-10,T-13,1,0,P-39340,46',second half,1,0
S-0254,WC-1974,M-1974-10,T-13,1,0,P-27288,46',second half,0,1
S-0255,WC-1974,M-1974-10,T-13,1,0,P-28298,67',second half,1,0
S-0256,WC-1974,M-1974-10,T-13,1,0,P-46424,67',second half,0,1
S-0257,WC-1974,M-1974-10,T-24,0,1,P-53970,72',second half,1,0
S-0258,WC-1974,M-1974-10,T-24,0,1,P-87788,72',second half,0,1
S-0259,WC-1974,M-1974-11,T-09,0,1,P-50358,65',second half,1,0
S-0260,WC-1974,M-1974-11,T-09,0,1,P-07188,65',second half,0,1
S-0261,WC-1974,M-1974-12,T-88,0,1,P-49497,21',first half,1,0
S-0262,WC-1974,M-1974-12,T-88,0,1,P-71914,21',first half,0,1
S-0263,WC-1974,M-1974-12,T-88,0,1,P-11236,45',first half,1,0
S-0264,WC-1974,M-1974-12,T-88,0,1,P-27837,45',first half,0,1
S-0265,WC-1974,M-1974-13,T-10,1,0,P-45469,59',second half,1,0
S-0266,WC-1974,M-1974-13,T-10,1,0,P-95083,59',second half,0,1
S-0267,WC-1974,M-1974-13,T-84,0,1,P-11707,62',second half,1,0
S-0268,WC-1974,M-1974-13,T-84,0,1,P-32274,62',second half,0,1
S-0269,WC-1974,M-1974-13,T-84,0,1,P-13110,73',second half,1,0
S-0270,WC-1974,M-1974-13,T-84,0,1,P-35067,73',second half,0,1
S-0271,WC-1974,M-1974-14,T-74,0,1,P-88425,61',second half,1,0
S-0272,WC-1974,M-1974-14,T-74,0,1,P-61494,61',second half,0,1
S-0273,WC-1974,M-1974-14,T-48,1,0,P-65100,73',second half,1,0
S-0274,WC-1974,M-1974-14,T-48,1,0,P-43188,73',second half,0,1
S-0275,WC-1974,M-1974-14,T-74,0,1,P-96792,75',second half,1,0
S-0276,WC-1974,M-1974-14,T-74,0,1,P-82719,75',second half,0,1
S-0277,WC-1974,M-1974-15,T-03,1,0,P-90840,60',second half,1,0
S-0278,WC-1974,M-1974-15,T-03,1,0,P-64046,60',second half,0,1
S-0279,WC-1974,M-1974-15,T-41,0,1,P-72137,66',second half,1,0
S-0280,WC-1974,M-1974-15,T-41,0,1,P-62214,66',second half,1,0
S-0281,WC-1974,M-1974-15,T-41,0,1,P-97066,66',second half,0,1
S-0282,WC-1974,M-1974-15,T-41,0,1,P-44349,66',second half,0,1
S-0283,WC-1974,M-1974-15,T-03,1,0,P-82033,78',second half,1,0
S-0284,WC-1974,M-1974-15,T-03,1,0,P-16804,78',second half,0,1
S-0285,WC-1974,M-1974-16,T-34,1,0,P-67450,37',first half,1,0
S-0286,WC-1974,M-1974-16,T-34,1,0,P-50623,37',first half,0,1
S-0287,WC-1974,M-1974-16,T-34,1,0,P-28638,46',second half,1,0
S-0288,WC-1974,M-1974-16,T-34,1,0,P-11430,46',second half,0,1
S-0289,WC-1974,M-1974-16,T-57,0,1,P-65840,65',second half,1,0
S-0290,WC-1974,M-1974-16,T-57,0,1,P-07479,65',second half,0,1
S-0291,WC-1974,M-1974-16,T-57,0,1,P-39234,71',second half,1,0
S-0292,WC-1974,M-1974-16,T-57,0,1,P-17846,71',second half,0,1
S-0293,WC-1974,M-1974-17,T-13,0,1,P-39340,57',second half,1,0
S-0294,WC-1974,M-1974-17,T-13,0,1,P-46424,57',second half,0,1
S-0295,WC-1974,M-1974-17,T-04,1,0,P-31090,65',second half,1,0
S-0296,WC-1974,M-1974-17,T-04,1,0,P-71410,65',second half,0,1
S-0297,WC-1974,M-1974-17,T-13,0,1,P-54736,72',second half,1,0
S-0298,WC-1974,M-1974-17,T-13,0,1,P-27288,72',second half,0,1
S-0299,WC-1974,M-1974-17,T-04,1,0,P-39161,83',second half,1,0
S-0300,WC-1974,M-1974-17,T-04,1,0,P-90391,83',second half,0,1
S-0301,WC-1974,M-1974-18,T-64,1,0,P-68584,65',second half,1,0
S-0302,WC-1974,M-1974-18,T-64,1,0,P-27901,65',second half,0,1
S-0303,WC-1974,M-1974-18,T-87,0,1,P-74389,70',second half,1,0
S-0304,WC-1974,M-1974-18,T-87,0,1,P-80725,70',second half,0,1
S-0305,WC-1974,M-1974-19,T-09,0,1,P-50358,12',first half,1,0
S-0306,WC-1974,M-1974-19,T-09,0,1,P-89117,12',first half,0,1
S-0307,WC-1974,M-1974-19,T-09,0,1,P-02965,61',second half,1,0
S-0308,WC-1974,M-1974-19,T-09,0,1,P-01779,61',second half,0,1
S-0309,WC-1974,M-1974-19,T-88,1,0,P-49087,62',second half,1,0
S-0310,WC-1974,M-1974-19,T-88,1,0,P-01597,62',second half,0,1
S-0311,WC-1974,M-1974-19,T-88,1,0,P-92929,81',second half,1,0
S-0312,WC-1974,M-1974-19,T-88,1,0,P-87506,81',second half,0,1
S-0313,WC-1974,M-1974-20,T-24,1,0,P-46189,65',second half,1,0
S-0314,WC-1974,M-1974-20,T-24,1,0,P-73193,65',second half,0,1
S-0315,WC-1974,M-1974-20,T-86,0,1,P-66174,68',second half,1,0
S-0316,WC-1974,M-1974-20,T-86,0,1,P-28162,68',second half,0,1
S-0317,WC-1974,M-1974-20,T-86,0,1,P-60896,69',second half,1,0
S-0318,WC-1974,M-1974-20,T-86,0,1,P-66405,69',second half,0,1
S-0319,WC-1974,M-1974-21,T-10,1,0,P-80628,45',first half,1,0
S-0320,WC-1974,M-1974-21,T-10,1,0,P-95083,45',first half,0,1
S-0321,WC-1974,M-1974-21,T-48,0,1,P-65100,46',second half,1,0
S-0322,WC-1974,M-1974-21,T-48,0,1,P-74745,46',second half,0,1
S-0323,WC-1974,M-1974-21,T-10,1,0,P-66322,55',second half,1,0
S-0324,WC-1974,M-1974-21,T-10,1,0,P-77670,55',second half,0,1
S-0325,WC-1974,M-1974-21,T-48,0,1,P-16991,79',second half,1,0
S-0326,WC-1974,M-1974-21,T-48,0,1,P-43188,79',second half,0,1
S-0327,WC-1974,M-1974-22,T-84,0,1,P-61660,43',first half,1,0
S-0328,WC-1974,M-1974-22,T-84,0,1,P-81929,43',first half,0,1
S-0329,WC-1974,M-1974-22,T-84,0,1,P-13110,46',second half,1,0
S-0330,WC-1974,M-1974-22,T-84,0,1,P-32274,46',second half,0,1
S-0331,WC-1974,M-1974-22,T-74,1,0,P-02323,60',second half,1,0
S-0332,WC-1974,M-1974-22,T-74,1,0,P-30429,60',second half,0,1
S-0333,WC-1974,M-1974-22,T-74,1,0,P-73517,76',second half,1,0
S-0334,WC-1974,M-1974-22,T-74,1,0,P-52989,76',second half,0,1
S-0335,WC-1974,M-1974-23,T-34,0,1,P-14414,25',first half,1,0
S-0336,WC-1974,M-1974-23,T-34,0,1,P-52149,25',first half,0,1
S-0337,WC-1974,M-1974-23,T-03,1,0,P-35082,52',second half,1,0
S-0338,WC-1974,M-1974-23,T-34,0,1,P-58000,52',second half,1,0
S-0339,WC-1974,M-1974-23,T-03,1,0,P-26050,52',second half,0,1
S-0340,WC-1974,M-1974-23,T-34,0,1,P-16092,52',second half,0,1
S-0341,WC-1974,M-1974-23,T-03,1,0,P-04739,57',second half,1,0
S-0342,WC-1974,M-1974-23,T-03,1,0,P-79103,57',second half,0,1
S-0343,WC-1974,M-1974-24,T-41,0,1,P-42540,33',first half,1,0
S-0344,WC-1974,M-1974-24,T-41,0,1,P-97066,33',first half,0,1
S-0345,WC-1974,M-1974-24,T-41,0,1,P-74017,46',second half,1,0
S-0346,WC-1974,M-1974-24,T-41,0,1,P-92154,46',second half,0,1
S-0347,WC-1974,M-1974-24,T-57,1,0,P-92867,78',second half,1,0
S-0348,WC-1974,M-1974-24,T-57,1,0,P-07479,78',second half,0,1
S-0349,WC-1974,M-1974-25,T-86,0,1,P-89257,73',second half,1,0
S-0350,WC-1974,M-1974-25,T-86,0,1,P-92173,73',second half,0,1
S-0351,WC-1974,M-1974-25,T-86,0,1,P-35602,78',second half,1,0
S-0352,WC-1974,M-1974-25,T-86,0,1,P-15681,78',second half,0,1
S-0353,WC-1974,M-1974-25,T-87,1,0,P-26214,84',second half,1,0
S-0354,WC-1974,M-1974-25,T-87,1,0,P-88088,84',second half,1,0
S-0355,WC-1974,M-1974-25,T-87,1,0,P-46434,84',second half,0,1
S-0356,WC-1974,M-1974-25,T-87,1,0,P-27514,84',second half,0,1
S-0357,WC-1974,M-1974-26,T-24,0,1,P-73193,46',second half,1,0
S-0358,WC-1974,M-1974-26,T-24,0,1,P-46189,46',second half,0,1
S-0359,WC-1974,M-1974-26,T-24,0,1,P-73521,64',second half,1,0
S-0360,WC-1974,M-1974-26,T-24,0,1,P-08298,64',second half,0,1
S-0361,WC-1974,M-1974-27,T-03,0,1,P-90840,46',second half,1,0
S-0362,WC-1974,M-1974-27,T-03,0,1,P-04739,46',second half,1,0
S-0363,WC-1974,M-1974-27,T-03,0,1,P-64046,46',second half,0,1
S-0364,WC-1974,M-1974-27,T-03,0,1,P-35082,46',second half,0,1
S-0365,WC-1974,M-1974-27,T-48,1,0,P-45370,84',second half,1,0
S-0366,WC-1974,M-1974-27,T-48,1,0,P-74745,84',second half,0,1
S-0367,WC-1974,M-1974-28,T-74,1,0,P-90911,60',second half,1,0
S-0368,WC-1974,M-1974-28,T-74,1,0,P-33030,60',second half,0,1
S-0369,WC-1974,M-1974-28,T-57,0,1,P-92867,62',second half,1,0
S-0370,WC-1974,M-1974-28,T-57,0,1,P-26520,62',second half,0,1
S-0371,WC-1974,M-1974-28,T-74,1,0,P-88425,80',second half,1,0
S-0372,WC-1974,M-1974-28,T-74,1,0,P-30429,80',second half,0,1
S-0373,WC-1974,M-1974-29,T-03,1,0,P-16060,46',second half,1,0
S-0374,WC-1974,M-1974-29,T-03,1,0,P-35082,46',second half,1,0
S-0375,WC-1974,M-1974-29,T-03,1,0,P-37370,46',second half,0,1
S-0376,WC-1974,M-1974-29,T-03,1,0,P-04739,46',second half,0,1
S-0377,WC-1974,M-1974-30,T-24,1,0,P-08298,54',second half,1,0
S-0378,WC-1974,M-1974-30,T-24,1,0,P-62195,54',second half,0,1
S-0379,WC-1974,M-1974-30,T-24,1,0,P-73521,64',second half,1,0
S-0380,WC-1974,M-1974-30,T-24,1,0,P-87788,64',second half,0,1
S-0381,WC-1974,M-1974-31,T-87,0,1,P-26214,16',first half,1,0
S-0382,WC-1974,M-1974-31,T-87,0,1,P-27514,16',first half,0,1
S-0383,WC-1974,M-1974-31,T-57,1,0,P-92867,57',second half,1,0
S-0384,WC-1974,M-1974-31,T-57,1,0,P-07479,57',second half,0,1
S-0385,WC-1974,M-1974-31,T-57,1,0,P-29548,80',second half,1,0
S-0386,WC-1974,M-1974-31,T-57,1,0,P-58729,80',second half,0,1
S-0387,WC-1974,M-1974-31,T-87,0,1,P-46434,81',second half,1,0
S-0388,WC-1974,M-1974-31,T-87,0,1,P-43672,81',second half,0,1
S-0389,WC-1974,M-1974-32,T-74,0,1,P-86931,32',first half,1,0
S-0390,WC-1974,M-1974-32,T-74,0,1,P-71589,32',first half,0,1
S-0391,WC-1974,M-1974-32,T-86,1,0,P-89218,64',second half,1,0
S-0392,WC-1974,M-1974-32,T-86,1,0,P-48733,64',second half,0,1
S-0393,WC-1974,M-1974-32,T-86,1,0,P-35602,83',second half,1,0
S-0394,WC-1974,M-1974-32,T-86,1,0,P-15681,83',second half,0,1
S-0395,WC-1974,M-1974-33,T-57,1,0,P-97548,80',second half,1,0
S-0396,WC-1974,M-1974-33,T-57,1,0,P-65840,80',second half,1,0
S-0397,WC-1974,M-1974-33,T-57,1,0,P-07479,80',second half,0,1
S-0398,WC-1974,M-1974-33,T-57,1,0,P-26520,80',second half,0,1
S-0399,WC-1974,M-1974-34,T-24,0,1,P-08298,65',second half,1,0
S-0400,WC-1974,M-1974-34,T-24,0,1,P-53970,65',second half,0,1
S-0401,WC-1974,M-1974-34,T-24,0,1,P-91963,80',second half,1,0
S-0402,WC-1974,M-1974-34,T-24,0,1,P-62195,80',second half,0,1
S-0403,WC-1974,M-1974-35,T-09,0,1,P-65181,61',second half,1,0
S-0404,WC-1974,M-1974-35,T-09,0,1,P-01779,61',second half,0,1
S-0405,WC-1974,M-1974-35,T-48,1,0,P-63266,67',second half,1,0
S-0406,WC-1974,M-1974-35,T-48,1,0,P-43188,67',second half,0,1
S-0407,WC-1974,M-1974-35,T-48,1,0,P-16991,85',second half,1,0
S-0408,WC-1974,M-1974-35,T-48,1,0,P-74745,85',second half,0,1
S-0409,WC-1974,M-1974-36,T-87,0,1,P-43672,70',second half,1,0
S-0410,WC-1974,M-1974-36,T-87,0,1,P-80725,70',second half,0,1
S-0411,WC-1974,M-1974-36,T-87,0,1,P-62762,78',second half,1,0
S-0412,WC-1974,M-1974-36,T-87,0,1,P-19642,78',second half,0,1
S-0413,WC-1974,M-1974-37,T-09,1,0,P-41064,66',second half,1,0
S-0414,WC-1974,M-1974-37,T-09,1,0,P-01779,66',second half,0,1
S-0415,WC-1974,M-1974-37,T-57,0,1,P-97548,73',second half,1,0
S-0416,WC-1974,M-1974-37,T-57,0,1,P-07479,73',second half,0,1
S-0417,WC-1974,M-1974-37,T-57,0,1,P-92867,75',second half,1,0
S-0418,WC-1974,M-1974-37,T-57,0,1,P-28931,75',second half,0,1
S-0419,WC-1974,M-1974-38,T-48,1,0,P-63266,46',second half,1,0
S-0420,WC-1974,M-1974-38,T-48,1,0,P-25337,46',second half,0,1
S-0421,WC-1974,M-1974-38,T-48,1,0,P-48827,69',second half,1,0
S-0422,WC-1974,M-1974-38,T-48,1,0,P-43188,69',second half,0,1
S-0423,WC-1978,M-1978-01,T-57,0,1,P-67962,79',second half,1,0
S-0424,WC-1978,M-1978-01,T-57,0,1,P-03652,79',second half,0,1
S-0425,WC-1978,M-1978-01,T-57,0,1,P-37521,84',second half,1,0
S-0426,WC-1978,M-1978-01,T-57,0,1,P-97548,84',second half,0,1
S-0427,WC-1978,M-1978-02,T-41,1,0,P-88467,46',second half,1,0
S-0428,WC-1978,M-1978-02,T-41,1,0,P-17293,46',second half,0,1
S-0429,WC-1978,M-1978-02,T-30,0,1,P-16067,74',second half,1,0
S-0430,WC-1978,M-1978-02,T-30,0,1,P-27315,74',second half,0,1
S-0431,WC-1978,M-1978-02,T-30,0,1,P-74565,76',second half,1,0
S-0432,WC-1978,M-1978-02,T-30,0,1,P-67442,76',second half,0,1
S-0433,WC-1978,M-1978-03,T-46,0,1,P-55869,67',second half,1,0
S-0434,WC-1978,M-1978-03,T-46,0,1,P-21068,67',second half,0,1
S-0435,WC-1978,M-1978-03,T-79,1,0,P-25130,81',second half,1,0
S-0436,WC-1978,M-1978-03,T-79,1,0,P-50864,81',second half,0,1
S-0437,WC-1978,M-1978-03,T-79,1,0,P-94864,88',second half,1,0
S-0438,WC-1978,M-1978-03,T-79,1,0,P-36542,88',second half,0,1
S-0439,WC-1978,M-1978-04,T-36,0,1,P-56063,46',second half,1,0
S-0440,WC-1978,M-1978-04,T-36,0,1,P-70353,46',second half,0,1
S-0441,WC-1978,M-1978-04,T-03,1,0,P-04739,67',second half,1,0
S-0442,WC-1978,M-1978-04,T-03,1,0,P-61157,67',second half,0,1
S-0443,WC-1978,M-1978-04,T-03,1,0,P-62351,75',second half,1,0
S-0444,WC-1978,M-1978-04,T-03,1,0,P-44317,75',second half,0,1
S-0445,WC-1978,M-1978-05,T-73,0,1,P-28881,46',second half,1,0
S-0446,WC-1978,M-1978-05,T-73,0,1,P-15195,46',second half,0,1
S-0447,WC-1978,M-1978-05,T-73,0,1,P-78126,60',second half,1,0
S-0448,WC-1978,M-1978-05,T-73,0,1,P-99707,60',second half,0,1
S-0449,WC-1978,M-1978-05,T-05,1,0,P-68078,67',second half,1,0
S-0450,WC-1978,M-1978-05,T-05,1,0,P-05699,67',second half,0,1
S-0451,WC-1978,M-1978-05,T-05,1,0,P-99989,80',second half,1,0
S-0452,WC-1978,M-1978-05,T-05,1,0,P-82174,80',second half,0,1
S-0453,WC-1978,M-1978-06,T-09,1,0,P-34545,68',second half,1,0
S-0454,WC-1978,M-1978-06,T-09,1,0,P-48382,68',second half,0,1
S-0455,WC-1978,M-1978-06,T-74,0,1,P-00891,79',second half,1,0
S-0456,WC-1978,M-1978-06,T-74,0,1,P-39318,79',second half,0,1
S-0457,WC-1978,M-1978-06,T-09,1,0,P-22554,80',second half,1,0
S-0458,WC-1978,M-1978-06,T-09,1,0,P-89519,80',second half,0,1
S-0459,WC-1978,M-1978-07,T-38,0,1,P-14915,50',second half,1,0
S-0460,WC-1978,M-1978-07,T-38,0,1,P-36867,50',second half,0,1
S-0461,WC-1978,M-1978-07,T-48,1,0,P-25337,70',second half,1,0
S-0462,WC-1978,M-1978-07,T-48,1,0,P-48111,70',second half,0,1
S-0463,WC-1978,M-1978-08,T-56,1,0,P-42136,62',second half,1,0
S-0464,WC-1978,M-1978-08,T-56,1,0,P-49357,62',second half,0,1
S-0465,WC-1978,M-1978-08,T-64,0,1,P-93612,75',second half,1,0
S-0466,WC-1978,M-1978-08,T-64,0,1,P-58552,75',second half,1,0
S-0467,WC-1978,M-1978-08,T-64,0,1,P-16479,75',second half,0,1
S-0468,WC-1978,M-1978-08,T-64,0,1,P-35089,75',second half,0,1
S-0469,WC-1978,M-1978-08,T-56,1,0,P-23639,82',second half,1,0
S-0470,WC-1978,M-1978-08,T-56,1,0,P-94008,82',second half,0,1
S-0471,WC-1978,M-1978-09,T-36,0,1,P-15153,46',second half,1,0
S-0472,WC-1978,M-1978-09,T-36,0,1,P-99185,46',second half,1,0
S-0473,WC-1978,M-1978-09,T-36,0,1,P-88526,46',second half,0,1
S-0474,WC-1978,M-1978-09,T-36,0,1,P-05262,46',second half,0,1
S-0475,WC-1978,M-1978-09,T-41,1,0,P-03775,79',second half,1,0
S-0476,WC-1978,M-1978-09,T-41,1,0,P-05902,79',second half,0,1
S-0477,WC-1978,M-1978-09,T-41,1,0,P-57787,84',second half,1,0
S-0478,WC-1978,M-1978-09,T-41,1,0,P-16875,84',second half,0,1
S-0479,WC-1978,M-1978-10,T-57,1,0,P-92867,60',second half,1,0
S-0480,WC-1978,M-1978-10,T-57,1,0,P-18317,60',second half,0,1
S-0481,WC-1978,M-1978-10,T-57,1,0,P-67962,76',second half,1,0
S-0482,WC-1978,M-1978-10,T-57,1,0,P-03652,76',second half,0,1
S-0483,WC-1978,M-1978-11,T-46,0,1,P-07985,39',first half,1,0
S-0484,WC-1978,M-1978-11,T-46,0,1,P-50233,39',first half,0,1
S-0485,WC-1978,M-1978-11,T-46,0,1,P-03980,46',second half,1,0
S-0486,WC-1978,M-1978-11,T-46,0,1,P-21068,46',second half,0,1
S-0487,WC-1978,M-1978-12,T-30,0,1,P-32988,55',second half,1,0
S-0488,WC-1978,M-1978-12,T-30,0,1,P-41870,55',second half,0,1
S-0489,WC-1978,M-1978-12,T-03,1,0,P-62351,64',second half,1,0
S-0490,WC-1978,M-1978-12,T-03,1,0,P-44317,64',second half,0,1
S-0491,WC-1978,M-1978-12,T-03,1,0,P-44317,71',second half,1,0
S-0492,WC-1978,M-1978-12,T-03,1,0,P-34830,71',second half,0,1
S-0493,WC-1978,M-1978-13,T-74,0,1,P-88425,36',first half,1,0
S-0494,WC-1978,M-1978-13,T-74,0,1,P-52989,36',first half,0,1
S-0495,WC-1978,M-1978-13,T-74,0,1,P-69553,60',second half,1,0
S-0496,WC-1978,M-1978-13,T-74,0,1,P-39318,60',second half,0,1
S-0497,WC-1978,M-1978-13,T-05,1,0,P-15636,71',second half,1,0
S-0498,WC-1978,M-1978-13,T-05,1,0,P-05699,71',second half,0,1
S-0499,WC-1978,M-1978-14,T-73,0,1,P-90350,51',second half,1,0
S-0500,WC-1978,M-1978-14,T-73,0,1,P-70869,51',second half,0,1
S-0501,WC-1978,M-1978-14,T-09,1,0,P-48382,69',second half,1,0
S-0502,WC-1978,M-1978-14,T-09,1,0,P-34545,69',second half,0,1
S-0503,WC-1978,M-1978-14,T-73,0,1,P-29981,79',second half,1,0
S-0504,WC-1978,M-1978-14,T-73,0,1,P-12922,79',second half,0,1
S-0505,WC-1978,M-1978-14,T-09,1,0,P-37483,83',second half,1,0
S-0506,WC-1978,M-1978-14,T-09,1,0,P-23407,83',second half,0,1
S-0507,WC-1978,M-1978-15,T-48,1,0,P-25337,46',second half,1,0
S-0508,WC-1978,M-1978-15,T-48,1,0,P-89554,46',second half,0,1
S-0509,WC-1978,M-1978-15,T-56,0,1,P-42136,62',second half,1,0
S-0510,WC-1978,M-1978-15,T-56,0,1,P-49357,62',second half,0,1
S-0511,WC-1978,M-1978-15,T-48,1,0,P-16991,68',second half,1,0
S-0512,WC-1978,M-1978-15,T-48,1,0,P-48111,68',second half,0,1
S-0513,WC-1978,M-1978-16,T-64,1,0,P-98422,56',second half,1,0
S-0514,WC-1978,M-1978-16,T-64,1,0,P-23439,56',second half,0,1
S-0515,WC-1978,M-1978-16,T-64,1,0,P-68584,74',second half,1,0
S-0516,WC-1978,M-1978-16,T-64,1,0,P-57585,74',second half,0,1
S-0517,WC-1978,M-1978-16,T-38,0,1,P-14915,84',second half,1,0
S-0518,WC-1978,M-1978-16,T-38,0,1,P-36867,84',second half,0,1
S-0519,WC-1978,M-1978-16,T-38,0,1,P-76170,89',second half,1,0
S-0520,WC-1978,M-1978-16,T-38,0,1,P-36227,89',second half,0,1
S-0521,WC-1978,M-1978-17,T-30,1,0,P-50374,46',second half,1,0
S-0522,WC-1978,M-1978-17,T-36,0,1,P-15153,46',second half,1,0
S-0523,WC-1978,M-1978-17,T-30,1,0,P-08939,46',second half,0,1
S-0524,WC-1978,M-1978-17,T-36,0,1,P-17566,46',second half,0,1
S-0525,WC-1978,M-1978-17,T-30,1,0,P-99991,75',second half,1,0
S-0526,WC-1978,M-1978-17,T-30,1,0,P-74565,75',second half,0,1
S-0527,WC-1978,M-1978-18,T-46,0,1,P-25743,46',second half,1,0
S-0528,WC-1978,M-1978-18,T-46,0,1,P-55869,46',second half,0,1
S-0529,WC-1978,M-1978-18,T-57,1,0,P-18317,76',second half,1,0
S-0530,WC-1978,M-1978-18,T-57,1,0,P-67962,76',second half,0,1
S-0531,WC-1978,M-1978-18,T-57,1,0,P-32819,84',second half,1,0
S-0532,WC-1978,M-1978-18,T-57,1,0,P-56499,84',second half,0,1
S-0533,WC-1978,M-1978-19,T-79,0,1,P-47488,82',second half,1,0
S-0534,WC-1978,M-1978-19,T-79,0,1,P-25130,82',second half,0,1
S-0535,WC-1978,M-1978-20,T-41,0,1,P-83005,6',first half,1,0
S-0536,WC-1978,M-1978-20,T-41,0,1,P-05902,6',first half,0,1
S-0537,WC-1978,M-1978-20,T-03,1,0,P-34830,72',second half,1,0
S-0538,WC-1978,M-1978-20,T-03,1,0,P-04739,72',second half,0,1
S-0539,WC-1978,M-1978-20,T-41,0,1,P-88467,73',second half,1,0
S-0540,WC-1978,M-1978-20,T-41,0,1,P-17293,73',second half,0,1
S-0541,WC-1978,M-1978-21,T-05,0,1,P-68078,61',second half,1,0
S-0542,WC-1978,M-1978-21,T-05,0,1,P-05699,61',second half,0,1
S-0543,WC-1978,M-1978-21,T-09,1,0,P-22554,71',second half,1,0
S-0544,WC-1978,M-1978-21,T-09,1,0,P-53581,71',second half,0,1
S-0545,WC-1978,M-1978-21,T-09,1,0,P-23407,84',second half,1,0
S-0546,WC-1978,M-1978-21,T-05,0,1,P-15636,84',second half,1,0
S-0547,WC-1978,M-1978-21,T-09,1,0,P-37483,84',second half,0,1
S-0548,WC-1978,M-1978-21,T-05,0,1,P-73149,84',second half,0,1
S-0549,WC-1978,M-1978-22,T-73,1,0,P-40419,45',first half,1,0
S-0550,WC-1978,M-1978-22,T-73,1,0,P-58423,45',first half,0,1
S-0551,WC-1978,M-1978-22,T-74,0,1,P-39318,60',second half,1,0
S-0552,WC-1978,M-1978-22,T-74,0,1,P-03989,60',second half,0,1
S-0553,WC-1978,M-1978-22,T-74,0,1,P-61240,67',second half,1,0
S-0554,WC-1978,M-1978-22,T-74,0,1,P-69553,67',second half,0,1
S-0555,WC-1978,M-1978-23,T-38,0,1,P-14915,51',second half,1,0
S-0556,WC-1978,M-1978-23,T-38,0,1,P-60654,51',second half,0,1
S-0557,WC-1978,M-1978-23,T-56,1,0,P-42136,60',second half,1,0
S-0558,WC-1978,M-1978-23,T-56,1,0,P-49357,60',second half,0,1
S-0559,WC-1978,M-1978-23,T-38,0,1,P-36867,66',second half,1,0
S-0560,WC-1978,M-1978-23,T-38,0,1,P-77051,66',second half,0,1
S-0561,WC-1978,M-1978-23,T-56,1,0,P-32373,67',second half,1,0
S-0562,WC-1978,M-1978-23,T-56,1,0,P-85374,67',second half,0,1
S-0563,WC-1978,M-1978-24,T-48,0,1,P-16991,10',first half,1,0
S-0564,WC-1978,M-1978-24,T-48,0,1,P-55099,10',first half,0,1
S-0565,WC-1978,M-1978-24,T-48,0,1,P-48827,45',first half,1,0
S-0566,WC-1978,M-1978-24,T-48,0,1,P-46710,45',first half,0,1
S-0567,WC-1978,M-1978-25,T-48,0,1,P-25337,60',second half,1,0
S-0568,WC-1978,M-1978-25,T-48,0,1,P-60031,60',second half,0,1
S-0569,WC-1978,M-1978-25,T-48,0,1,P-82670,66',second half,1,0
S-0570,WC-1978,M-1978-25,T-48,0,1,P-37179,66',second half,0,1
S-0571,WC-1978,M-1978-26,T-41,1,0,P-88467,46',second half,1,0
S-0572,WC-1978,M-1978-26,T-41,1,0,P-17293,46',second half,0,1
S-0573,WC-1978,M-1978-26,T-86,0,1,P-03391,53',second half,1,0
S-0574,WC-1978,M-1978-26,T-86,0,1,P-11877,53',second half,0,1
S-0575,WC-1978,M-1978-26,T-86,0,1,P-15681,68',second half,1,0
S-0576,WC-1978,M-1978-26,T-86,0,1,P-20874,68',second half,0,1
S-0577,WC-1978,M-1978-27,T-56,0,1,P-93346,11',first half,1,0
S-0578,WC-1978,M-1978-27,T-56,0,1,P-67187,11',first half,0,1
S-0579,WC-1978,M-1978-27,T-56,0,1,P-50099,46',second half,1,0
S-0580,WC-1978,M-1978-27,T-56,0,1,P-94008,46',second half,0,1
S-0581,WC-1978,M-1978-27,T-09,1,0,P-34545,70',second half,1,0
S-0582,WC-1978,M-1978-27,T-09,1,0,P-37483,70',second half,0,1
S-0583,WC-1978,M-1978-27,T-09,1,0,P-52658,76',second half,1,0
S-0584,WC-1978,M-1978-27,T-09,1,0,P-53581,76',second half,0,1
S-0585,WC-1978,M-1978-28,T-03,1,0,P-62351,46',second half,1,0
S-0586,WC-1978,M-1978-28,T-03,1,0,P-12477,46',second half,0,1
S-0587,WC-1978,M-1978-28,T-57,0,1,P-37521,64',second half,1,0
S-0588,WC-1978,M-1978-28,T-57,0,1,P-60895,64',second half,0,1
S-0589,WC-1978,M-1978-28,T-03,1,0,P-04739,83',second half,1,0
S-0590,WC-1978,M-1978-28,T-03,1,0,P-34830,83',second half,0,1
S-0591,WC-1978,M-1978-29,T-56,1,0,P-91524,46',second half,1,0
S-0592,WC-1978,M-1978-29,T-57,0,1,P-37521,46',second half,1,0
S-0593,WC-1978,M-1978-29,T-56,1,0,P-94008,46',second half,0,1
S-0594,WC-1978,M-1978-29,T-57,0,1,P-97548,46',second half,0,1
S-0595,WC-1978,M-1978-29,T-56,1,0,P-42136,74',second half,1,0
S-0596,WC-1978,M-1978-29,T-56,1,0,P-49357,74',second half,0,1
S-0597,WC-1978,M-1978-29,T-57,0,1,P-03652,86',second half,1,0
S-0598,WC-1978,M-1978-29,T-57,0,1,P-67962,86',second half,0,1
S-0599,WC-1978,M-1978-30,T-41,1,0,P-83005,46',second half,1,0
S-0600,WC-1978,M-1978-30,T-41,1,0,P-05902,46',second half,0,1
S-0601,WC-1978,M-1978-30,T-05,0,1,P-99989,63',second half,1,0
S-0602,WC-1978,M-1978-30,T-05,0,1,P-82174,63',second half,0,1
S-0603,WC-1978,M-1978-30,T-41,1,0,P-57787,72',second half,1,0
S-0604,WC-1978,M-1978-30,T-41,1,0,P-16875,72',second half,0,1
S-0605,WC-1978,M-1978-31,T-48,1,0,P-46710,79',second half,1,0
S-0606,WC-1978,M-1978-31,T-48,1,0,P-48111,79',second half,0,1
S-0607,WC-1978,M-1978-32,T-09,0,1,P-67433,34',first half,1,0
S-0608,WC-1978,M-1978-32,T-09,0,1,P-12950,34',first half,0,1
S-0609,WC-1978,M-1978-32,T-03,1,0,P-66254,46',second half,1,0
S-0610,WC-1978,M-1978-32,T-03,1,0,P-12477,46',second half,0,1
S-0611,WC-1978,M-1978-32,T-03,1,0,P-34830,60',second half,1,0
S-0612,WC-1978,M-1978-32,T-03,1,0,P-44317,60',second half,0,1
S-0613,WC-1978,M-1978-32,T-09,0,1,P-23407,67',second half,1,0
S-0614,WC-1978,M-1978-32,T-09,0,1,P-37483,67',second half,0,1
S-0615,WC-1978,M-1978-33,T-86,0,1,P-20874,45',first half,1,0
S-0616,WC-1978,M-1978-33,T-86,0,1,P-95747,45',first half,0,1
S-0617,WC-1978,M-1978-33,T-86,0,1,P-34993,60',second half,1,0
S-0618,WC-1978,M-1978-33,T-86,0,1,P-52461,60',second half,0,1
S-0619,WC-1978,M-1978-33,T-05,1,0,P-99989,71',second half,1,0
S-0620,WC-1978,M-1978-33,T-05,1,0,P-75962,71',second half,0,1
S-0621,WC-1978,M-1978-34,T-48,0,1,P-35622,21',first half,1,0
S-0622,WC-1978,M-1978-34,T-48,0,1,P-12372,21',first half,0,1
S-0623,WC-1978,M-1978-34,T-41,1,0,P-44349,46',second half,1,0
S-0624,WC-1978,M-1978-34,T-41,1,0,P-80851,46',second half,0,1
S-0625,WC-1978,M-1978-34,T-48,0,1,P-89554,65',second half,1,0
S-0626,WC-1978,M-1978-34,T-48,0,1,P-37179,65',second half,0,1
S-0627,WC-1978,M-1978-34,T-41,1,0,P-16875,72',second half,0,1
S-0628,WC-1978,M-1978-34,T-41,1,0,P-12030,77',second half,1,0
S-0629,WC-1978,M-1978-35,T-09,1,0,P-37483,7',first half,1,0
S-0630,WC-1978,M-1978-35,T-09,1,0,P-23407,7',first half,0,1
S-0631,WC-1978,M-1978-35,T-57,0,1,P-97548,64',second half,1,0
S-0632,WC-1978,M-1978-35,T-57,0,1,P-67962,64',second half,0,1
S-0633,WC-1978,M-1978-35,T-09,1,0,P-22554,77',second half,1,0
S-0634,WC-1978,M-1978-35,T-09,1,0,P-85778,77',second half,0,1
S-0635,WC-1978,M-1978-36,T-56,0,1,P-72529,51',second half,1,0
S-0636,WC-1978,M-1978-36,T-56,0,1,P-44786,51',second half,0,1
S-0637,WC-1978,M-1978-36,T-03,1,0,P-61157,64',second half,1,0
S-0638,WC-1978,M-1978-36,T-03,1,0,P-04739,64',second half,0,1
S-0639,WC-1978,M-1978-36,T-03,1,0,P-99593,85',second half,1,0
S-0640,WC-1978,M-1978-36,T-03,1,0,P-45194,85',second half,0,1
S-0641,WC-1978,M-1978-37,T-09,1,0,P-34545,45'+1',"first half, stoppage time",1,0
S-0642,WC-1978,M-1978-37,T-09,1,0,P-84320,45'+1',"first half, stoppage time",0,1
S-0643,WC-1978,M-1978-37,T-09,1,0,P-22554,64',second half,1,0
S-0644,WC-1978,M-1978-37,T-09,1,0,P-85778,64',second half,0,1
S-0645,WC-1978,M-1978-37,T-41,0,1,P-88467,78',second half,1,0
S-0646,WC-1978,M-1978-37,T-41,0,1,P-80851,78',second half,0,1
S-0647,WC-1978,M-1978-38,T-48,0,1,P-89554,58',second half,1,0
S-0648,WC-1978,M-1978-38,T-48,0,1,P-48111,58',second half,0,1
S-0649,WC-1978,M-1978-38,T-03,1,0,P-66254,66',second half,1,0
S-0650,WC-1978,M-1978-38,T-03,1,0,P-23168,66',second half,0,1
S-0651,WC-1978,M-1978-38,T-48,0,1,P-89311,73',second half,1,0
S-0652,WC-1978,M-1978-38,T-48,0,1,P-45370,73',second half,0,1
S-0653,WC-1978,M-1978-38,T-03,1,0,P-34830,75',second half,1,0
S-0654,WC-1978,M-1978-38,T-03,1,0,P-04739,75',second half,0,1
S-0655,WC-1982,M-1982-01,T-03,1,0,P-78111,63',second half,1,0
S-0656,WC-1982,M-1982-01,T-03,1,0,P-02464,63',second half,0,1
S-0657,WC-1982,M-1982-02,T-57,0,1,P-18317,72',second half,1,0
S-0658,WC-1982,M-1982-02,T-57,0,1,P-69383,72',second half,0,1
S-0659,WC-1982,M-1982-03,T-09,1,0,P-89519,46',second half,1,0
S-0660,WC-1982,M-1982-03,T-09,1,0,P-06098,46',second half,0,1
S-0661,WC-1982,M-1982-03,T-72,0,1,P-18718,74',second half,1,0
S-0662,WC-1982,M-1982-03,T-72,0,1,P-58072,74',second half,0,1
S-0663,WC-1982,M-1982-03,T-72,0,1,P-93680,89',second half,1,0
S-0664,WC-1982,M-1982-03,T-72,0,1,P-35273,89',second half,0,1
S-0665,WC-1982,M-1982-04,T-56,1,0,P-96979,57',second half,1,0
S-0666,WC-1982,M-1982-04,T-56,1,0,P-85374,57',second half,1,0
S-0667,WC-1982,M-1982-04,T-56,1,0,P-16659,57',second half,0,1
S-0668,WC-1982,M-1982-04,T-56,1,0,P-42136,57',second half,0,1
S-0669,WC-1982,M-1982-04,T-11,0,1,P-41427,73',second half,1,0
S-0670,WC-1982,M-1982-04,T-11,0,1,P-93565,73',second half,0,1
S-0671,WC-1982,M-1982-04,T-11,0,1,P-58080,89',second half,1,0
S-0672,WC-1982,M-1982-04,T-11,0,1,P-34300,89',second half,0,1
S-0673,WC-1982,M-1982-05,T-27,0,1,P-38399,26',first half,1,0
S-0674,WC-1982,M-1982-05,T-27,0,1,P-41807,26',first half,0,1
S-0675,WC-1982,M-1982-05,T-36,1,0,P-86777,56',second half,1,0
S-0676,WC-1982,M-1982-05,T-36,1,0,P-53791,56',second half,0,1
S-0677,WC-1982,M-1982-05,T-36,1,0,P-77109,68',second half,1,0
S-0678,WC-1982,M-1982-05,T-36,1,0,P-34354,68',second half,0,1
S-0679,WC-1982,M-1982-05,T-27,0,1,P-55381,79',second half,1,0
S-0680,WC-1982,M-1982-05,T-27,0,1,P-47601,79',second half,0,1
S-0681,WC-1982,M-1982-06,T-64,1,0,P-27545,53',second half,1,0
S-0682,WC-1982,M-1982-06,T-64,1,0,P-56094,53',second half,0,1
S-0683,WC-1982,M-1982-06,T-49,0,1,P-84240,66',second half,1,0
S-0684,WC-1982,M-1982-06,T-49,0,1,P-35886,66',second half,0,1
S-0685,WC-1982,M-1982-06,T-49,0,1,P-30806,77',second half,1,0
S-0686,WC-1982,M-1982-06,T-49,0,1,P-88108,77',second half,0,1
S-0687,WC-1982,M-1982-06,T-64,1,0,P-46604,83',second half,1,0
S-0688,WC-1982,M-1982-06,T-64,1,0,P-12472,83',second half,0,1
S-0689,WC-1982,M-1982-07,T-01,0,1,P-42885,64',second half,1,0
S-0690,WC-1982,M-1982-07,T-01,0,1,P-68346,64',second half,0,1
S-0691,WC-1982,M-1982-07,T-86,1,0,P-79344,83',second half,1,0
S-0692,WC-1982,M-1982-07,T-86,1,0,P-52461,83',second half,0,1
S-0693,WC-1982,M-1982-07,T-01,0,1,P-45774,88',second half,1,0
S-0694,WC-1982,M-1982-07,T-01,0,1,P-71313,88',second half,0,1
S-0695,WC-1982,M-1982-08,T-30,0,1,P-99991,71',second half,1,0
S-0696,WC-1982,M-1982-08,T-30,0,1,P-74565,71',second half,0,1
S-0697,WC-1982,M-1982-08,T-30,0,1,P-14107,74',second half,1,0
S-0698,WC-1982,M-1982-08,T-30,0,1,P-76592,74',second half,0,1
S-0699,WC-1982,M-1982-08,T-28,1,0,P-59016,90',second half,1,0
S-0700,WC-1982,M-1982-08,T-28,1,0,P-52968,90',second half,0,1
S-0701,WC-1982,M-1982-09,T-73,1,0,P-89298,46',second half,1,0
S-0702,WC-1982,M-1982-09,T-73,1,0,P-03571,46',second half,1,0
S-0703,WC-1982,M-1982-09,T-73,1,0,P-24553,46',second half,0,1
S-0704,WC-1982,M-1982-09,T-73,1,0,P-70703,46',second half,0,1
S-0705,WC-1982,M-1982-09,T-35,0,1,P-88933,69',second half,1,0
S-0706,WC-1982,M-1982-09,T-35,0,1,P-42459,69',second half,0,1
S-0707,WC-1982,M-1982-10,T-13,1,0,P-56491,69',second half,1,0
S-0708,WC-1982,M-1982-10,T-13,1,0,P-03126,69',second half,0,1
S-0709,WC-1982,M-1982-10,T-13,1,0,P-71032,71',second half,1,0
S-0710,WC-1982,M-1982-10,T-13,1,0,P-12252,71',second half,0,1
S-0711,WC-1982,M-1982-10,T-05,0,1,P-32042,78',second half,1,0
S-0712,WC-1982,M-1982-10,T-05,0,1,P-82507,78',second half,0,1
S-0713,WC-1982,M-1982-10,T-05,0,1,P-05699,79',second half,1,0
S-0714,WC-1982,M-1982-10,T-05,0,1,P-64028,79',second half,0,1
S-0715,WC-1982,M-1982-11,T-45,0,1,P-76079,57',second half,1,0
S-0716,WC-1982,M-1982-11,T-45,0,1,P-20299,57',second half,0,1
S-0717,WC-1982,M-1982-11,T-21,1,0,P-59697,61',second half,1,0
S-0718,WC-1982,M-1982-11,T-21,1,0,P-95371,61',second half,0,1
S-0719,WC-1982,M-1982-11,T-21,1,0,P-69858,68',second half,1,0
S-0720,WC-1982,M-1982-11,T-21,1,0,P-60697,68',second half,0,1
S-0721,WC-1982,M-1982-13,T-41,1,0,P-91717,46',second half,1,0
S-0722,WC-1982,M-1982-13,T-41,1,0,P-44349,46',second half,0,1
S-0723,WC-1982,M-1982-13,T-56,0,1,P-16659,65',second half,1,0
S-0724,WC-1982,M-1982-13,T-56,0,1,P-23072,65',second half,1,0
S-0725,WC-1982,M-1982-13,T-56,0,1,P-85374,65',second half,0,1
S-0726,WC-1982,M-1982-13,T-56,0,1,P-42136,65',second half,0,1
S-0727,WC-1982,M-1982-14,T-03,1,0,P-02464,24',first half,1,0
S-0728,WC-1982,M-1982-14,T-03,1,0,P-10969,24',first half,0,1
S-0729,WC-1982,M-1982-14,T-36,0,1,P-70353,46',second half,1,0
S-0730,WC-1982,M-1982-14,T-36,0,1,P-99185,46',second half,0,1
S-0731,WC-1982,M-1982-14,T-03,1,0,P-54098,51',second half,1,0
S-0732,WC-1982,M-1982-14,T-03,1,0,P-99392,51',second half,0,1
S-0733,WC-1982,M-1982-14,T-36,0,1,P-53791,61',second half,1,0
S-0734,WC-1982,M-1982-14,T-36,0,1,P-34354,61',second half,0,1
S-0735,WC-1982,M-1982-15,T-64,0,1,P-46604,65',second half,1,0
S-0736,WC-1982,M-1982-15,T-64,0,1,P-68584,65',second half,0,1
S-0737,WC-1982,M-1982-15,T-64,0,1,P-57616,68',second half,1,0
S-0738,WC-1982,M-1982-15,T-64,0,1,P-53843,68',second half,0,1
S-0739,WC-1982,M-1982-15,T-09,1,0,P-20664,80',second half,1,0
S-0740,WC-1982,M-1982-15,T-09,1,0,P-06098,80',second half,0,1
S-0741,WC-1982,M-1982-16,T-57,1,0,P-18317,25',first half,1,0
S-0742,WC-1982,M-1982-16,T-57,1,0,P-92867,25',first half,0,1
S-0743,WC-1982,M-1982-16,T-11,0,1,P-41427,46',second half,1,0
S-0744,WC-1982,M-1982-16,T-11,0,1,P-34300,46',second half,0,1
S-0745,WC-1982,M-1982-16,T-57,1,0,P-98924,66',second half,1,0
S-0746,WC-1982,M-1982-16,T-57,1,0,P-69383,66',second half,0,1
S-0747,WC-1982,M-1982-17,T-06,1,0,P-07477,46',second half,1,0
S-0748,WC-1982,M-1982-17,T-27,0,1,P-86679,46',second half,1,0
S-0749,WC-1982,M-1982-17,T-06,1,0,P-43941,46',second half,0,1
S-0750,WC-1982,M-1982-17,T-27,0,1,P-58071,46',second half,0,1
S-0751,WC-1982,M-1982-17,T-06,1,0,P-25456,80',second half,1,0
S-0752,WC-1982,M-1982-17,T-06,1,0,P-47829,80',second half,0,1
S-0753,WC-1982,M-1982-18,T-72,1,0,P-05530,46',second half,1,0
S-0754,WC-1982,M-1982-18,T-72,1,0,P-13514,46',second half,0,1
S-0755,WC-1982,M-1982-18,T-72,1,0,P-18718,79',second half,1,0
S-0756,WC-1982,M-1982-18,T-72,1,0,P-05562,79',second half,0,1
S-0757,WC-1982,M-1982-19,T-13,0,1,P-64288,46',second half,1,0
S-0758,WC-1982,M-1982-19,T-13,0,1,P-43905,46',second half,0,1
S-0759,WC-1982,M-1982-19,T-86,1,0,P-48686,61',second half,1,0
S-0760,WC-1982,M-1982-19,T-86,1,0,P-49502,61',second half,0,1
S-0761,WC-1982,M-1982-19,T-13,0,1,P-03126,66',second half,1,0
S-0762,WC-1982,M-1982-19,T-13,0,1,P-71032,66',second half,0,1
S-0763,WC-1982,M-1982-19,T-86,1,0,P-89975,79',second half,1,0
S-0764,WC-1982,M-1982-19,T-86,1,0,P-40743,79',second half,0,1
S-0765,WC-1982,M-1982-20,T-28,1,0,P-02675,46',second half,1,0
S-0766,WC-1982,M-1982-20,T-28,1,0,P-68542,46',second half,0,1
S-0767,WC-1982,M-1982-20,T-21,0,1,P-10247,75',second half,1,0
S-0768,WC-1982,M-1982-20,T-21,0,1,P-51677,75',second half,0,1
S-0769,WC-1982,M-1982-20,T-21,0,1,P-69858,77',second half,1,0
S-0770,WC-1982,M-1982-20,T-21,0,1,P-81007,77',second half,0,1
S-0771,WC-1982,M-1982-21,T-73,1,0,P-70703,63',second half,1,0
S-0772,WC-1982,M-1982-21,T-73,1,0,P-37218,63',second half,1,0
S-0773,WC-1982,M-1982-21,T-73,1,0,P-24553,63',second half,0,1
S-0774,WC-1982,M-1982-21,T-73,1,0,P-99707,63',second half,0,1
S-0775,WC-1982,M-1982-21,T-87,0,1,P-36045,74',second half,1,0
S-0776,WC-1982,M-1982-21,T-87,0,1,P-40780,74',second half,0,1
S-0777,WC-1982,M-1982-21,T-87,0,1,P-83693,83',second half,1,0
S-0778,WC-1982,M-1982-21,T-87,0,1,P-46658,83',second half,0,1
S-0779,WC-1982,M-1982-22,T-05,0,1,P-82507,46',second half,1,0
S-0780,WC-1982,M-1982-22,T-05,0,1,P-13147,46',second half,0,1
S-0781,WC-1982,M-1982-22,T-01,1,0,P-59774,65',second half,1,0
S-0782,WC-1982,M-1982-22,T-01,1,0,P-68346,65',second half,0,1
S-0783,WC-1982,M-1982-22,T-01,1,0,P-75422,76',second half,1,0
S-0784,WC-1982,M-1982-22,T-01,1,0,P-13314,76',second half,0,1
S-0785,WC-1982,M-1982-22,T-05,0,1,P-03451,80',second half,1,0
S-0786,WC-1982,M-1982-22,T-05,0,1,P-05699,80',second half,0,1
S-0787,WC-1982,M-1982-23,T-45,0,1,P-76079,46',second half,1,0
S-0788,WC-1982,M-1982-23,T-45,0,1,P-20299,46',second half,0,1
S-0789,WC-1982,M-1982-23,T-30,1,0,P-34605,59',second half,1,0
S-0790,WC-1982,M-1982-23,T-30,1,0,P-90883,59',second half,0,1
S-0791,WC-1982,M-1982-23,T-45,0,1,P-68738,78',second half,1,0
S-0792,WC-1982,M-1982-23,T-45,0,1,P-61662,78',second half,0,1
S-0793,WC-1982,M-1982-23,T-30,1,0,P-08939,81',second half,1,0
S-0794,WC-1982,M-1982-23,T-30,1,0,P-32542,81',second half,0,1
S-0795,WC-1982,M-1982-24,T-35,1,0,P-88933,58',second half,1,0
S-0796,WC-1982,M-1982-24,T-35,1,0,P-17413,58',second half,0,1
S-0797,WC-1982,M-1982-24,T-52,0,1,P-62599,66',second half,1,0
S-0798,WC-1982,M-1982-24,T-52,0,1,P-05529,66',second half,0,1
S-0799,WC-1982,M-1982-24,T-52,0,1,P-85997,78',second half,1,0
S-0800,WC-1982,M-1982-24,T-52,0,1,P-59982,78',second half,0,1
S-0801,WC-1982,M-1982-25,T-57,1,0,P-46254,26',first half,1,0
S-0802,WC-1982,M-1982-25,T-57,1,0,P-17208,26',first half,0,1
S-0803,WC-1982,M-1982-25,T-56,0,1,P-96979,50',second half,1,0
S-0804,WC-1982,M-1982-25,T-56,0,1,P-50099,50',second half,1,0
S-0805,WC-1982,M-1982-25,T-56,0,1,P-16659,50',second half,0,1
S-0806,WC-1982,M-1982-25,T-56,0,1,P-23072,50',second half,0,1
S-0807,WC-1982,M-1982-25,T-57,1,0,P-57931,74',second half,1,0
S-0808,WC-1982,M-1982-25,T-57,1,0,P-91411,74',second half,0,1
S-0809,WC-1982,M-1982-26,T-06,1,0,P-07477,46',second half,1,0
S-0810,WC-1982,M-1982-26,T-06,1,0,P-47829,46',second half,0,1
S-0811,WC-1982,M-1982-26,T-06,1,0,P-73390,62',second half,1,0
S-0812,WC-1982,M-1982-26,T-06,1,0,P-47416,62',second half,0,1
S-0813,WC-1982,M-1982-26,T-36,0,1,P-77109,67',second half,1,0
S-0814,WC-1982,M-1982-26,T-36,0,1,P-65801,67',second half,0,1
S-0815,WC-1982,M-1982-26,T-36,0,1,P-53791,70',second half,1,0
S-0816,WC-1982,M-1982-26,T-36,0,1,P-69257,70',second half,0,1
S-0817,WC-1982,M-1982-27,T-64,0,1,P-46604,71',second half,1,0
S-0818,WC-1982,M-1982-27,T-64,0,1,P-22480,71',second half,1,0
S-0819,WC-1982,M-1982-27,T-64,0,1,P-66125,71',second half,0,1
S-0820,WC-1982,M-1982-27,T-64,0,1,P-27545,71',second half,0,1
S-0821,WC-1982,M-1982-27,T-72,1,0,P-93680,88',second half,1,0
S-0822,WC-1982,M-1982-27,T-72,1,0,P-35273,88',second half,0,1
S-0823,WC-1982,M-1982-29,T-27,0,1,P-86679,33',first half,1,0
S-0824,WC-1982,M-1982-29,T-27,0,1,P-58071,33',first half,0,1
S-0825,WC-1982,M-1982-29,T-03,1,0,P-61157,67',second half,1,0
S-0826,WC-1982,M-1982-29,T-03,1,0,P-78111,67',second half,0,1
S-0827,WC-1982,M-1982-29,T-03,1,0,P-10969,78',second half,1,0
S-0828,WC-1982,M-1982-29,T-27,0,1,P-55381,78',second half,1,0
S-0829,WC-1982,M-1982-29,T-03,1,0,P-33159,78',second half,0,1
S-0830,WC-1982,M-1982-29,T-27,0,1,P-21488,78',second half,0,1
S-0831,WC-1982,M-1982-30,T-09,1,0,P-69644,75',second half,1,0
S-0832,WC-1982,M-1982-30,T-09,1,0,P-20664,75',second half,1,0
S-0833,WC-1982,M-1982-30,T-09,1,0,P-06098,75',second half,0,1
S-0834,WC-1982,M-1982-30,T-09,1,0,P-12950,75',second half,0,1
S-0835,WC-1982,M-1982-30,T-49,0,1,P-53388,78',second half,1,0
S-0836,WC-1982,M-1982-30,T-49,0,1,P-38027,78',second half,1,0
S-0837,WC-1982,M-1982-30,T-49,0,1,P-39611,78',second half,0,1
S-0838,WC-1982,M-1982-30,T-49,0,1,P-88108,78',second half,0,1
S-0839,WC-1982,M-1982-31,T-01,1,0,P-99212,31',first half,1,0
S-0840,WC-1982,M-1982-31,T-01,1,0,P-70419,31',first half,0,1
S-0841,WC-1982,M-1982-31,T-13,0,1,P-31736,37',first half,1,0
S-0842,WC-1982,M-1982-31,T-13,0,1,P-64288,37',first half,0,1
S-0843,WC-1982,M-1982-31,T-13,0,1,P-57208,58',second half,1,0
S-0844,WC-1982,M-1982-31,T-13,0,1,P-43905,58',second half,0,1
S-0845,WC-1982,M-1982-31,T-01,1,0,P-63564,75',second half,1,0
S-0846,WC-1982,M-1982-31,T-01,1,0,P-75422,75',second half,0,1
S-0847,WC-1982,M-1982-32,T-21,0,1,P-59697,31',first half,1,0
S-0848,WC-1982,M-1982-32,T-21,0,1,P-81007,31',first half,0,1
S-0849,WC-1982,M-1982-32,T-30,1,0,P-16067,70',second half,1,0
S-0850,WC-1982,M-1982-32,T-21,0,1,P-69858,70',second half,1,0
S-0851,WC-1982,M-1982-32,T-30,1,0,P-13150,70',second half,0,1
S-0852,WC-1982,M-1982-32,T-21,0,1,P-19209,70',second half,0,1
S-0853,WC-1982,M-1982-32,T-30,1,0,P-06095,89',second half,1,0
S-0854,WC-1982,M-1982-32,T-30,1,0,P-32542,89',second half,0,1
S-0855,WC-1982,M-1982-33,T-87,0,1,P-36045,46',second half,1,0
S-0856,WC-1982,M-1982-33,T-87,0,1,P-40780,46',second half,0,1
S-0857,WC-1982,M-1982-33,T-87,0,1,P-83693,62',second half,1,0
S-0858,WC-1982,M-1982-33,T-87,0,1,P-46658,62',second half,0,1
S-0859,WC-1982,M-1982-33,T-35,1,0,P-29948,65',second half,1,0
S-0860,WC-1982,M-1982-33,T-35,1,0,P-17413,65',second half,0,1
S-0861,WC-1982,M-1982-34,T-86,1,0,P-59574,66',second half,1,0
S-0862,WC-1982,M-1982-34,T-86,1,0,P-49502,66',second half,0,1
S-0863,WC-1982,M-1982-34,T-86,1,0,P-89949,69',second half,1,0
S-0864,WC-1982,M-1982-34,T-86,1,0,P-52461,69',second half,0,1
S-0865,WC-1982,M-1982-35,T-45,0,1,P-68738,76',second half,1,0
S-0866,WC-1982,M-1982-35,T-45,0,1,P-61662,76',second half,0,1
S-0867,WC-1982,M-1982-36,T-73,1,0,P-37218,46',second half,1,0
S-0868,WC-1982,M-1982-36,T-73,1,0,P-99707,46',second half,0,1
S-0869,WC-1982,M-1982-36,T-52,0,1,P-32829,50',second half,1,0
S-0870,WC-1982,M-1982-36,T-52,0,1,P-13942,50',second half,0,1
S-0871,WC-1982,M-1982-36,T-52,0,1,P-62599,73',second half,1,0
S-0872,WC-1982,M-1982-36,T-52,0,1,P-65462,73',second half,0,1
S-0873,WC-1982,M-1982-36,T-73,1,0,P-65283,78',second half,1,0
S-0874,WC-1982,M-1982-36,T-73,1,0,P-86323,78',second half,0,1
S-0875,WC-1982,M-1982-37,T-30,0,1,P-16067,15',first half,1,0
S-0876,WC-1982,M-1982-37,T-30,0,1,P-99991,15',first half,0,1
S-0877,WC-1982,M-1982-37,T-05,1,0,P-32042,46',second half,1,0
S-0878,WC-1982,M-1982-37,T-05,1,0,P-90221,46',second half,1,0
S-0879,WC-1982,M-1982-37,T-05,1,0,P-82507,46',second half,0,1
S-0880,WC-1982,M-1982-37,T-05,1,0,P-13147,46',second half,0,1
S-0881,WC-1982,M-1982-37,T-30,0,1,P-05511,85',second half,1,0
S-0882,WC-1982,M-1982-37,T-30,0,1,P-32542,85',second half,0,1
S-0883,WC-1982,M-1982-38,T-06,0,1,P-47829,46',second half,1,0
S-0884,WC-1982,M-1982-38,T-06,0,1,P-43941,46',second half,0,1
S-0885,WC-1982,M-1982-38,T-57,1,0,P-15890,82',second half,1,0
S-0886,WC-1982,M-1982-38,T-57,1,0,P-91411,82',second half,0,1
S-0887,WC-1982,M-1982-38,T-06,0,1,P-47416,87',second half,1,0
S-0888,WC-1982,M-1982-38,T-06,0,1,P-53153,87',second half,0,1
S-0889,WC-1982,M-1982-39,T-03,0,1,P-35082,58',second half,1,0
S-0890,WC-1982,M-1982-39,T-03,0,1,P-78111,58',second half,1,0
S-0891,WC-1982,M-1982-39,T-03,0,1,P-10969,58',second half,0,1
S-0892,WC-1982,M-1982-39,T-03,0,1,P-62351,58',second half,0,1
S-0893,WC-1982,M-1982-39,T-41,1,0,P-75736,75',second half,1,0
S-0894,WC-1982,M-1982-39,T-41,1,0,P-06193,75',second half,0,1
S-0895,WC-1982,M-1982-39,T-41,1,0,P-91717,80',second half,1,0
S-0896,WC-1982,M-1982-39,T-41,1,0,P-46574,80',second half,0,1
S-0897,WC-1982,M-1982-40,T-86,1,0,P-40743,62',second half,1,0
S-0898,WC-1982,M-1982-40,T-86,1,0,P-89975,62',second half,0,1
S-0899,WC-1982,M-1982-40,T-86,1,0,P-95747,73',second half,1,0
S-0900,WC-1982,M-1982-40,T-86,1,0,P-52461,73',second half,0,1
S-0901,WC-1982,M-1982-40,T-28,0,1,P-65224,76',second half,1,0
S-0902,WC-1982,M-1982-40,T-28,0,1,P-34594,76',second half,0,1
S-0903,WC-1982,M-1982-41,T-05,1,0,P-41829,46',second half,1,0
S-0904,WC-1982,M-1982-41,T-05,1,0,P-96142,46',second half,1,0
S-0905,WC-1982,M-1982-41,T-05,1,0,P-43037,46',second half,0,1
S-0906,WC-1982,M-1982-41,T-05,1,0,P-13147,46',second half,0,1
S-0907,WC-1982,M-1982-41,T-52,0,1,P-62599,68',second half,1,0
S-0908,WC-1982,M-1982-41,T-52,0,1,P-05529,68',second half,0,1
S-0909,WC-1982,M-1982-42,T-06,1,0,P-79995,65',second half,1,0
S-0910,WC-1982,M-1982-42,T-06,1,0,P-52742,65',second half,0,1
S-0911,WC-1982,M-1982-42,T-06,1,0,P-07477,67',second half,1,0
S-0912,WC-1982,M-1982-42,T-06,1,0,P-88070,67',second half,0,1
S-0913,WC-1982,M-1982-42,T-72,0,1,P-27460,87',second half,1,0
S-0914,WC-1982,M-1982-42,T-72,0,1,P-05530,87',second half,0,1
S-0915,WC-1982,M-1982-42,T-72,0,1,P-93680,90',second half,1,0
S-0916,WC-1982,M-1982-42,T-72,0,1,P-05562,90',second half,0,1
S-0917,WC-1982,M-1982-43,T-03,1,0,P-35082,46',second half,1,0
S-0918,WC-1982,M-1982-43,T-03,1,0,P-78111,46',second half,0,1
S-0919,WC-1982,M-1982-43,T-03,1,0,P-61157,64',second half,1,0
S-0920,WC-1982,M-1982-43,T-03,1,0,P-33159,64',second half,0,1
S-0921,WC-1982,M-1982-43,T-09,0,1,P-65003,82',second half,1,0
S-0922,WC-1982,M-1982-43,T-09,0,1,P-71619,82',second half,0,1
S-0923,WC-1982,M-1982-43,T-09,0,1,P-37483,83',second half,1,0
S-0924,WC-1982,M-1982-43,T-09,0,1,P-99975,83',second half,0,1
S-0925,WC-1982,M-1982-44,T-86,1,0,P-59574,46',second half,1,0
S-0926,WC-1982,M-1982-44,T-73,0,1,P-03571,46',second half,1,0
S-0927,WC-1982,M-1982-44,T-86,1,0,P-40743,46',second half,0,1
S-0928,WC-1982,M-1982-44,T-73,0,1,P-65283,46',second half,0,1
S-0929,WC-1982,M-1982-44,T-73,0,1,P-99707,65',second half,1,0
S-0930,WC-1982,M-1982-44,T-73,0,1,P-70703,65',second half,0,1
S-0931,WC-1982,M-1982-45,T-30,1,0,P-06095,63',second half,1,0
S-0932,WC-1982,M-1982-45,T-30,1,0,P-74565,63',second half,0,1
S-0933,WC-1982,M-1982-45,T-30,1,0,P-99991,83',second half,1,0
S-0934,WC-1982,M-1982-45,T-30,1,0,P-13150,83',second half,0,1
S-0935,WC-1982,M-1982-45,T-52,0,1,P-99050,86',second half,1,0
S-0936,WC-1982,M-1982-45,T-52,0,1,P-62565,86',second half,0,1
S-0937,WC-1982,M-1982-46,T-57,0,1,P-15890,51',second half,1,0
S-0938,WC-1982,M-1982-46,T-57,0,1,P-91411,51',second half,0,1
S-0939,WC-1982,M-1982-46,T-72,1,0,P-93680,56',second half,1,0
S-0940,WC-1982,M-1982-46,T-72,1,0,P-35273,56',second half,0,1
S-0941,WC-1982,M-1982-46,T-72,1,0,P-18718,78',second half,1,0
S-0942,WC-1982,M-1982-46,T-72,1,0,P-05530,78',second half,0,1
S-0943,WC-1982,M-1982-47,T-41,1,0,P-30672,34',first half,1,0
S-0944,WC-1982,M-1982-47,T-41,1,0,P-29143,34',first half,0,1
S-0945,WC-1982,M-1982-47,T-09,0,1,P-20664,69',second half,1,0
S-0946,WC-1982,M-1982-47,T-09,0,1,P-06098,69',second half,0,1
S-0947,WC-1982,M-1982-47,T-41,1,0,P-93788,75',second half,1,0
S-0948,WC-1982,M-1982-47,T-41,1,0,P-06193,75',second half,0,1
S-0949,WC-1982,M-1982-48,T-28,0,1,P-72479,63',second half,1,0
S-0950,WC-1982,M-1982-48,T-28,0,1,P-04882,63',second half,0,1
S-0951,WC-1982,M-1982-48,T-28,0,1,P-34594,64',second half,1,0
S-0952,WC-1982,M-1982-48,T-28,0,1,P-50128,64',second half,0,1
S-0953,WC-1982,M-1982-48,T-73,1,0,P-24553,67',second half,1,0
S-0954,WC-1982,M-1982-48,T-73,1,0,P-57343,67',second half,0,1
S-0955,WC-1982,M-1982-48,T-73,1,0,P-35214,72',second half,1,0
S-0956,WC-1982,M-1982-48,T-73,1,0,P-42410,72',second half,0,1
S-0957,WC-1982,M-1982-49,T-41,0,1,P-88467,28',first half,1,0
S-0958,WC-1982,M-1982-49,T-41,0,1,P-06193,28',first half,0,1
S-0959,WC-1982,M-1982-49,T-57,1,0,P-91411,46',second half,1,0
S-0960,WC-1982,M-1982-49,T-57,1,0,P-98924,46',second half,0,1
S-0961,WC-1982,M-1982-49,T-41,0,1,P-16875,70',second half,1,0
S-0962,WC-1982,M-1982-49,T-41,0,1,P-46574,70',second half,0,1
S-0963,WC-1982,M-1982-49,T-57,1,0,P-57931,77',second half,1,0
S-0964,WC-1982,M-1982-49,T-57,1,0,P-69383,77',second half,0,1
S-0965,WC-1982,M-1982-50,T-30,0,1,P-05511,50',second half,1,0
S-0966,WC-1982,M-1982-50,T-30,0,1,P-12738,50',second half,0,1
S-0967,WC-1982,M-1982-50,T-30,0,1,P-12738,60',second half,1,0
S-0968,WC-1982,M-1982-50,T-30,0,1,P-90883,60',second half,0,1
S-0969,WC-1982,M-1982-50,T-86,1,0,P-79344,73',second half,1,0
S-0970,WC-1982,M-1982-50,T-86,1,0,P-89949,73',second half,0,1
S-0971,WC-1982,M-1982-50,T-86,1,0,P-79689,97',"extra time, first half",1,0
S-0972,WC-1982,M-1982-50,T-86,1,0,P-59574,97',"extra time, first half",0,1
S-0973,WC-1982,M-1982-51,T-57,1,0,P-02493,46',second half,1,0
S-0974,WC-1982,M-1982-51,T-57,1,0,P-22126,46',second half,0,1
S-0975,WC-1982,M-1982-51,T-30,0,1,P-34605,65',second half,1,0
S-0976,WC-1982,M-1982-51,T-30,0,1,P-90883,65',second half,0,1
S-0977,WC-1982,M-1982-51,T-30,0,1,P-76592,82',second half,1,0
S-0978,WC-1982,M-1982-51,T-30,0,1,P-74565,82',second half,0,1
S-0979,WC-1982,M-1982-52,T-41,1,0,P-16875,7',first half,1,0
S-0980,WC-1982,M-1982-52,T-41,1,0,P-46574,7',first half,0,1
S-0981,WC-1982,M-1982-52,T-86,0,1,P-29426,62',second half,1,0
S-0982,WC-1982,M-1982-52,T-86,0,1,P-89949,62',second half,0,1
S-0983,WC-1982,M-1982-52,T-86,0,1,P-59574,70',second half,1,0
S-0984,WC-1982,M-1982-52,T-86,0,1,P-95747,70',second half,0,1
S-0985,WC-1982,M-1982-52,T-41,1,0,P-46574,89',second half,1,0
S-0986,WC-1982,M-1982-52,T-41,1,0,P-44349,89',second half,0,1
S-0987,WC-1986,M-1986-01,T-10,1,0,P-99064,65',second half,1,0
S-0988,WC-1986,M-1986-01,T-41,0,1,P-66365,65',second half,1,0
S-0989,WC-1986,M-1986-01,T-10,1,0,P-08726,65',second half,0,1
S-0990,WC-1986,M-1986-01,T-41,0,1,P-81402,65',second half,0,1
S-0991,WC-1986,M-1986-01,T-10,1,0,P-32755,74',second half,1,0
S-0992,WC-1986,M-1986-01,T-10,1,0,P-73764,74',second half,0,1
S-0993,WC-1986,M-1986-02,T-09,0,1,P-19190,66',second half,1,0
S-0994,WC-1986,M-1986-02,T-09,0,1,P-60969,66',second half,0,1
S-0995,WC-1986,M-1986-02,T-09,0,1,P-83096,79',second half,1,0
S-0996,WC-1986,M-1986-02,T-09,0,1,P-35736,79',second half,0,1
S-0997,WC-1986,M-1986-02,T-73,1,0,P-02901,82',second half,1,0
S-0998,WC-1986,M-1986-02,T-73,1,0,P-32414,82',second half,0,1
S-0999,WC-1986,M-1986-03,T-12,1,0,P-05935,54',second half,1,0
S-1000,WC-1986,M-1986-03,T-12,1,0,P-25508,54',second half,0,1
S-1001,WC-1986,M-1986-03,T-30,0,1,P-99991,70',second half,1,0
S-1002,WC-1986,M-1986-03,T-30,0,1,P-22982,70',second half,0,1
S-1003,WC-1986,M-1986-03,T-12,1,0,P-73226,81',second half,1,0
S-1004,WC-1986,M-1986-03,T-12,1,0,P-92139,81',second half,0,1
S-1005,WC-1986,M-1986-04,T-71,0,1,P-70602,23',first half,1,0
S-1006,WC-1986,M-1986-04,T-71,0,1,P-45849,23',first half,0,1
S-1007,WC-1986,M-1986-04,T-71,0,1,P-53955,46',second half,1,0
S-1008,WC-1986,M-1986-04,T-71,0,1,P-50938,46',second half,0,1
S-1009,WC-1986,M-1986-04,T-03,1,0,P-12666,74',second half,1,0
S-1010,WC-1986,M-1986-04,T-03,1,0,P-98697,74',second half,0,1
S-1011,WC-1986,M-1986-04,T-03,1,0,P-22408,75',second half,1,0
S-1012,WC-1986,M-1986-04,T-03,1,0,P-46907,75',second half,0,1
S-1013,WC-1986,M-1986-05,T-36,0,1,P-77817,13',first half,1,0
S-1014,WC-1986,M-1986-05,T-36,0,1,P-13416,13',first half,0,1
S-1015,WC-1986,M-1986-05,T-36,0,1,P-15144,62',second half,1,0
S-1016,WC-1986,M-1986-05,T-36,0,1,P-52793,62',second half,0,1
S-1017,WC-1986,M-1986-05,T-72,1,0,P-10855,69',second half,1,0
S-1018,WC-1986,M-1986-05,T-72,1,0,P-05562,69',second half,0,1
S-1019,WC-1986,M-1986-05,T-72,1,0,P-33328,72',second half,1,0
S-1020,WC-1986,M-1986-05,T-72,1,0,P-12978,72',second half,0,1
S-1021,WC-1986,M-1986-06,T-57,0,1,P-07710,46',second half,1,0
S-1022,WC-1986,M-1986-06,T-57,0,1,P-31117,46',second half,0,1
S-1023,WC-1986,M-1986-06,T-57,0,1,P-17582,56',second half,1,0
S-1024,WC-1986,M-1986-06,T-57,0,1,P-83573,56',second half,0,1
S-1025,WC-1986,M-1986-06,T-47,1,0,P-37917,87',second half,1,0
S-1026,WC-1986,M-1986-06,T-47,1,0,P-40996,87',second half,0,1
S-1027,WC-1986,M-1986-06,T-47,1,0,P-04834,88',second half,1,0
S-1028,WC-1986,M-1986-06,T-47,1,0,P-21024,88',second half,0,1
S-1029,WC-1986,M-1986-07,T-06,1,0,P-13042,60',second half,1,0
S-1030,WC-1986,M-1986-07,T-06,1,0,P-47038,60',second half,0,1
S-1031,WC-1986,M-1986-07,T-06,1,0,P-06736,66',second half,1,0
S-1032,WC-1986,M-1986-07,T-06,1,0,P-95299,66',second half,0,1
S-1033,WC-1986,M-1986-07,T-46,0,1,P-62984,69',second half,1,0
S-1034,WC-1986,M-1986-07,T-46,0,1,P-19791,69',second half,0,1
S-1035,WC-1986,M-1986-07,T-46,0,1,P-85837,79',second half,1,0
S-1036,WC-1986,M-1986-07,T-46,0,1,P-83744,79',second half,0,1
S-1037,WC-1986,M-1986-08,T-01,1,0,P-45774,33',first half,1,0
S-1038,WC-1986,M-1986-08,T-01,1,0,P-85018,33',first half,0,1
S-1039,WC-1986,M-1986-08,T-52,0,1,P-84808,67',second half,1,0
S-1040,WC-1986,M-1986-08,T-52,0,1,P-88012,67',second half,0,1
S-1041,WC-1986,M-1986-08,T-01,1,0,P-42885,71',second half,1,0
S-1042,WC-1986,M-1986-08,T-01,1,0,P-59774,71',second half,0,1
S-1043,WC-1986,M-1986-08,T-52,0,1,P-62599,81',second half,1,0
S-1044,WC-1986,M-1986-08,T-52,0,1,P-74529,81',second half,0,1
S-1045,WC-1986,M-1986-09,T-58,1,0,P-31762,73',second half,1,0
S-1046,WC-1986,M-1986-09,T-58,1,0,P-10440,73',second half,0,1
S-1047,WC-1986,M-1986-09,T-28,0,1,P-02675,80',second half,1,0
S-1048,WC-1986,M-1986-09,T-28,0,1,P-19351,80',second half,1,0
S-1049,WC-1986,M-1986-09,T-28,0,1,P-78807,80',second half,0,1
S-1050,WC-1986,M-1986-09,T-28,0,1,P-18335,80',second half,0,1
S-1051,WC-1986,M-1986-09,T-58,1,0,P-88661,82',second half,1,0
S-1052,WC-1986,M-1986-09,T-58,1,0,P-03000,82',second half,0,1
S-1053,WC-1986,M-1986-10,T-39,0,1,P-97678,67',second half,1,0
S-1054,WC-1986,M-1986-10,T-39,0,1,P-88871,67',second half,0,1
S-1055,WC-1986,M-1986-10,T-39,0,1,P-76810,81',second half,1,0
S-1056,WC-1986,M-1986-10,T-39,0,1,P-57174,81',second half,0,1
S-1057,WC-1986,M-1986-10,T-55,1,0,P-97522,88',second half,1,0
S-1058,WC-1986,M-1986-10,T-55,1,0,P-37560,88',second half,0,1
S-1059,WC-1986,M-1986-11,T-86,0,1,P-67713,46',second half,1,0
S-1060,WC-1986,M-1986-11,T-86,0,1,P-89975,46',second half,0,1
S-1061,WC-1986,M-1986-11,T-84,1,0,P-38492,56',second half,1,0
S-1062,WC-1986,M-1986-11,T-84,1,0,P-66014,56',second half,0,1
S-1063,WC-1986,M-1986-11,T-86,0,1,P-49502,75',second half,1,0
S-1064,WC-1986,M-1986-11,T-86,0,1,P-59574,75',second half,0,1
S-1065,WC-1986,M-1986-11,T-84,1,0,P-68463,80',second half,1,0
S-1066,WC-1986,M-1986-11,T-84,1,0,P-97584,80',second half,0,1
S-1067,WC-1986,M-1986-12,T-64,1,0,P-15973,61',second half,1,0
S-1068,WC-1986,M-1986-12,T-64,1,0,P-31710,61',second half,0,1
S-1069,WC-1986,M-1986-12,T-64,1,0,P-46604,74',second half,1,0
S-1070,WC-1986,M-1986-12,T-22,0,1,P-00445,74',second half,1,0
S-1071,WC-1986,M-1986-12,T-64,1,0,P-65888,74',second half,0,1
S-1072,WC-1986,M-1986-12,T-22,0,1,P-46140,74',second half,0,1
S-1073,WC-1986,M-1986-12,T-22,0,1,P-21213,80',second half,1,0
S-1074,WC-1986,M-1986-12,T-22,0,1,P-49069,80',second half,0,1
S-1075,WC-1986,M-1986-13,T-03,0,1,P-22408,59',second half,1,0
S-1076,WC-1986,M-1986-13,T-03,0,1,P-46907,59',second half,0,1
S-1077,WC-1986,M-1986-13,T-41,1,0,P-66365,65',second half,1,0
S-1078,WC-1986,M-1986-13,T-41,1,0,P-81402,65',second half,0,1
S-1079,WC-1986,M-1986-13,T-03,0,1,P-45025,74',second half,1,0
S-1080,WC-1986,M-1986-13,T-03,0,1,P-70033,74',second half,0,1
S-1081,WC-1986,M-1986-13,T-41,1,0,P-32608,87',second half,1,0
S-1082,WC-1986,M-1986-13,T-41,1,0,P-55733,87',second half,0,1
S-1083,WC-1986,M-1986-14,T-72,0,1,P-27906,58',second half,1,0
S-1084,WC-1986,M-1986-14,T-72,0,1,P-03282,58',second half,0,1
S-1085,WC-1986,M-1986-14,T-72,0,1,P-33328,68',second half,1,0
S-1086,WC-1986,M-1986-14,T-72,0,1,P-05562,68',second half,0,1
S-1087,WC-1986,M-1986-14,T-30,1,0,P-31235,76',second half,1,0
S-1088,WC-1986,M-1986-14,T-30,1,0,P-12716,76',second half,0,1
S-1089,WC-1986,M-1986-14,T-30,1,0,P-79617,83',second half,1,0
S-1090,WC-1986,M-1986-14,T-30,1,0,P-93959,83',second half,0,1
S-1091,WC-1986,M-1986-15,T-71,1,0,P-66410,46',second half,1,0
S-1092,WC-1986,M-1986-15,T-10,0,1,P-99064,46',second half,1,0
S-1093,WC-1986,M-1986-15,T-71,1,0,P-19309,46',second half,0,1
S-1094,WC-1986,M-1986-15,T-10,0,1,P-08726,46',second half,0,1
S-1095,WC-1986,M-1986-15,T-10,0,1,P-76141,58',second half,1,0
S-1096,WC-1986,M-1986-15,T-10,0,1,P-73764,58',second half,0,1
S-1097,WC-1986,M-1986-15,T-71,1,0,P-45849,72',second half,1,0
S-1098,WC-1986,M-1986-15,T-71,1,0,P-53955,72',second half,0,1
S-1099,WC-1986,M-1986-16,T-36,1,0,P-13416,28',first half,1,0
S-1100,WC-1986,M-1986-16,T-36,1,0,P-77817,28',first half,0,1
S-1101,WC-1986,M-1986-16,T-12,0,1,P-78960,41',first half,1,0
S-1102,WC-1986,M-1986-16,T-12,0,1,P-05935,41',first half,0,1
S-1103,WC-1986,M-1986-16,T-12,0,1,P-73226,53',second half,1,0
S-1104,WC-1986,M-1986-16,T-12,0,1,P-92139,53',second half,0,1
S-1105,WC-1986,M-1986-16,T-36,1,0,P-99704,62',second half,1,0
S-1106,WC-1986,M-1986-16,T-36,1,0,P-52793,62',second half,0,1
S-1107,WC-1986,M-1986-17,T-09,1,0,P-33125,10',first half,1,0
S-1108,WC-1986,M-1986-17,T-09,1,0,P-35736,10',first half,0,1
S-1109,WC-1986,M-1986-17,T-09,1,0,P-19190,59',second half,1,0
S-1110,WC-1986,M-1986-17,T-09,1,0,P-60969,59',second half,0,1
S-1111,WC-1986,M-1986-17,T-01,0,1,P-40338,68',second half,1,0
S-1112,WC-1986,M-1986-17,T-01,0,1,P-68346,68',second half,0,1
S-1113,WC-1986,M-1986-17,T-01,0,1,P-59774,80',second half,1,0
S-1114,WC-1986,M-1986-17,T-01,0,1,P-42885,80',second half,0,1
S-1115,WC-1986,M-1986-18,T-28,1,0,P-02675,41',first half,1,0
S-1116,WC-1986,M-1986-18,T-28,1,0,P-78807,41',first half,0,1
S-1117,WC-1986,M-1986-18,T-47,0,1,P-40516,73',second half,1,0
S-1118,WC-1986,M-1986-18,T-47,0,1,P-74260,73',second half,0,1
S-1119,WC-1986,M-1986-18,T-28,1,0,P-65174,76',second half,1,0
S-1120,WC-1986,M-1986-18,T-28,1,0,P-49130,76',second half,0,1
S-1121,WC-1986,M-1986-18,T-47,0,1,P-87575,87',second half,1,0
S-1122,WC-1986,M-1986-18,T-47,0,1,P-40996,87',second half,0,1
S-1123,WC-1986,M-1986-19,T-46,1,0,P-62984,58',second half,1,0
S-1124,WC-1986,M-1986-19,T-46,1,0,P-19791,58',second half,0,1
S-1125,WC-1986,M-1986-19,T-55,0,1,P-97522,62',second half,1,0
S-1126,WC-1986,M-1986-19,T-55,0,1,P-37560,62',second half,0,1
S-1127,WC-1986,M-1986-19,T-46,1,0,P-85837,77',second half,1,0
S-1128,WC-1986,M-1986-19,T-46,1,0,P-83744,77',second half,0,1
S-1129,WC-1986,M-1986-19,T-55,0,1,P-13699,80',second half,1,0
S-1130,WC-1986,M-1986-19,T-55,0,1,P-74570,80',second half,0,1
S-1131,WC-1986,M-1986-20,T-52,1,0,P-84808,54',second half,1,0
S-1132,WC-1986,M-1986-20,T-73,0,1,P-19020,54',second half,1,0
S-1133,WC-1986,M-1986-20,T-52,1,0,P-88012,54',second half,0,1
S-1134,WC-1986,M-1986-20,T-73,0,1,P-14296,54',second half,0,1
S-1135,WC-1986,M-1986-20,T-52,1,0,P-19672,70',second half,1,0
S-1136,WC-1986,M-1986-20,T-52,1,0,P-76882,70',second half,0,1
S-1137,WC-1986,M-1986-20,T-73,0,1,P-18314,78',second half,1,0
S-1138,WC-1986,M-1986-20,T-73,0,1,P-32414,78',second half,0,1
S-1139,WC-1986,M-1986-21,T-58,0,1,P-31762,46',second half,1,0
S-1140,WC-1986,M-1986-21,T-58,0,1,P-10440,46',second half,0,1
S-1141,WC-1986,M-1986-21,T-57,1,0,P-71979,57',second half,1,0
S-1142,WC-1986,M-1986-21,T-57,1,0,P-39326,57',second half,0,1
S-1143,WC-1986,M-1986-21,T-58,0,1,P-61802,72',second half,1,0
S-1144,WC-1986,M-1986-21,T-58,0,1,P-52794,72',second half,0,1
S-1145,WC-1986,M-1986-21,T-57,1,0,P-57931,74',second half,1,0
S-1146,WC-1986,M-1986-21,T-57,1,0,P-86899,74',second half,0,1
S-1147,WC-1986,M-1986-22,T-06,0,1,P-97414,67',second half,1,0
S-1148,WC-1986,M-1986-22,T-06,0,1,P-05723,67',second half,0,1
S-1149,WC-1986,M-1986-22,T-06,0,1,P-95299,69',second half,1,0
S-1150,WC-1986,M-1986-22,T-06,0,1,P-99499,69',second half,0,1
S-1151,WC-1986,M-1986-22,T-39,1,0,P-34556,81',second half,1,0
S-1152,WC-1986,M-1986-22,T-39,1,0,P-88871,81',second half,0,1
S-1153,WC-1986,M-1986-23,T-64,0,1,P-36038,61',second half,1,0
S-1154,WC-1986,M-1986-23,T-64,0,1,P-31710,61',second half,0,1
S-1155,WC-1986,M-1986-23,T-86,1,0,P-79689,63',second half,1,0
S-1156,WC-1986,M-1986-23,T-86,1,0,P-91180,63',second half,0,1
S-1157,WC-1986,M-1986-23,T-64,0,1,P-65888,74',second half,1,0
S-1158,WC-1986,M-1986-23,T-64,0,1,P-89287,74',second half,0,1
S-1159,WC-1986,M-1986-23,T-86,1,0,P-89975,75',second half,1,0
S-1160,WC-1986,M-1986-23,T-86,1,0,P-59574,75',second half,0,1
S-1161,WC-1986,M-1986-24,T-22,1,0,P-53824,57',second half,1,0
S-1162,WC-1986,M-1986-24,T-84,0,1,P-37351,57',second half,1,0
S-1163,WC-1986,M-1986-24,T-84,0,1,P-68463,57',second half,1,0
S-1164,WC-1986,M-1986-24,T-22,1,0,P-49069,57',second half,0,1
S-1165,WC-1986,M-1986-24,T-84,0,1,P-19175,57',second half,0,1
S-1166,WC-1986,M-1986-24,T-84,0,1,P-97584,57',second half,0,1
S-1167,WC-1986,M-1986-24,T-22,1,0,P-56788,81',second half,1,0
S-1168,WC-1986,M-1986-24,T-22,1,0,P-21213,81',second half,0,1
S-1169,WC-1986,M-1986-25,T-36,1,0,P-26969,46',second half,1,0
S-1170,WC-1986,M-1986-25,T-36,1,0,P-99704,46',second half,0,1
S-1171,WC-1986,M-1986-25,T-30,0,1,P-31235,61',second half,1,0
S-1172,WC-1986,M-1986-25,T-30,0,1,P-99991,61',second half,0,1
S-1173,WC-1986,M-1986-25,T-36,1,0,P-97362,65',second half,1,0
S-1174,WC-1986,M-1986-25,T-36,1,0,P-48639,65',second half,0,1
S-1175,WC-1986,M-1986-25,T-30,0,1,P-22982,71',second half,1,0
S-1176,WC-1986,M-1986-25,T-30,0,1,P-80821,71',second half,0,1
S-1177,WC-1986,M-1986-26,T-72,1,0,P-10906,57',second half,1,0
S-1178,WC-1986,M-1986-26,T-72,1,0,P-10855,57',second half,0,1
S-1179,WC-1986,M-1986-26,T-72,1,0,P-03282,62',second half,1,0
S-1180,WC-1986,M-1986-26,T-72,1,0,P-27906,62',second half,0,1
S-1181,WC-1986,M-1986-26,T-12,0,1,P-73226,64',second half,1,0
S-1182,WC-1986,M-1986-26,T-12,0,1,P-92139,64',second half,0,1
S-1183,WC-1986,M-1986-26,T-12,0,1,P-61972,69',second half,1,0
S-1184,WC-1986,M-1986-26,T-12,0,1,P-21914,69',second half,0,1
S-1185,WC-1986,M-1986-27,T-03,1,0,P-22408,46',second half,1,0
S-1186,WC-1986,M-1986-27,T-03,1,0,P-45025,46',second half,1,0
S-1187,WC-1986,M-1986-27,T-03,1,0,P-46907,46',second half,0,1
S-1188,WC-1986,M-1986-27,T-03,1,0,P-70033,46',second half,0,1
S-1189,WC-1986,M-1986-27,T-10,0,1,P-91932,52',second half,1,0
S-1190,WC-1986,M-1986-27,T-10,0,1,P-25143,52',second half,0,1
S-1191,WC-1986,M-1986-27,T-10,0,1,P-05061,71',second half,1,0
S-1192,WC-1986,M-1986-27,T-10,0,1,P-32447,71',second half,0,1
S-1193,WC-1986,M-1986-28,T-71,1,0,P-95664,46',second half,1,0
S-1194,WC-1986,M-1986-28,T-71,1,0,P-65387,46',second half,0,1
S-1195,WC-1986,M-1986-28,T-41,0,1,P-49669,67',second half,1,0
S-1196,WC-1986,M-1986-28,T-41,0,1,P-55733,67',second half,0,1
S-1197,WC-1986,M-1986-28,T-71,1,0,P-50938,70',second half,1,0
S-1198,WC-1986,M-1986-28,T-71,1,0,P-19309,70',second half,0,1
S-1199,WC-1986,M-1986-28,T-41,0,1,P-45432,88',second half,1,0
S-1200,WC-1986,M-1986-28,T-41,0,1,P-81402,88',second half,0,1
S-1201,WC-1986,M-1986-29,T-39,1,0,P-72587,60',second half,1,0
S-1202,WC-1986,M-1986-29,T-39,1,0,P-88871,60',second half,0,1
S-1203,WC-1986,M-1986-29,T-46,0,1,P-63828,62',second half,1,0
S-1204,WC-1986,M-1986-29,T-46,0,1,P-03454,62',second half,0,1
S-1205,WC-1986,M-1986-29,T-39,1,0,P-00685,70',second half,1,0
S-1206,WC-1986,M-1986-29,T-39,1,0,P-29742,70',second half,0,1
S-1207,WC-1986,M-1986-29,T-46,0,1,P-10537,79',second half,1,0
S-1208,WC-1986,M-1986-29,T-46,0,1,P-83744,79',second half,0,1
S-1209,WC-1986,M-1986-30,T-55,1,0,P-97522,68',second half,1,0
S-1210,WC-1986,M-1986-30,T-55,1,0,P-74570,68',second half,0,1
S-1211,WC-1986,M-1986-30,T-06,0,1,P-99499,89',second half,1,0
S-1212,WC-1986,M-1986-30,T-06,0,1,P-43888,89',second half,0,1
S-1213,WC-1986,M-1986-31,T-57,0,1,P-71979,22',first half,1,0
S-1214,WC-1986,M-1986-31,T-57,0,1,P-39326,22',first half,0,1
S-1215,WC-1986,M-1986-31,T-57,0,1,P-02493,46',second half,1,0
S-1216,WC-1986,M-1986-31,T-57,0,1,P-40684,46',second half,0,1
S-1217,WC-1986,M-1986-31,T-28,1,0,P-18335,75',second half,1,0
S-1218,WC-1986,M-1986-31,T-28,1,0,P-19351,75',second half,0,1
S-1219,WC-1986,M-1986-31,T-28,1,0,P-36651,86',second half,1,0
S-1220,WC-1986,M-1986-31,T-28,1,0,P-08967,86',second half,0,1
S-1221,WC-1986,M-1986-32,T-58,1,0,P-31048,55',second half,1,0
S-1222,WC-1986,M-1986-32,T-58,1,0,P-77856,55',second half,0,1
S-1223,WC-1986,M-1986-32,T-58,1,0,P-22344,69',second half,1,0
S-1224,WC-1986,M-1986-32,T-58,1,0,P-88661,69',second half,0,1
S-1225,WC-1986,M-1986-32,T-47,0,1,P-37917,71',second half,1,0
S-1226,WC-1986,M-1986-32,T-47,0,1,P-40996,71',second half,0,1
S-1227,WC-1986,M-1986-33,T-01,1,0,P-33690,20',first half,1,0
S-1228,WC-1986,M-1986-33,T-01,1,0,P-93051,20',first half,0,1
S-1229,WC-1986,M-1986-33,T-73,0,1,P-12940,46',second half,1,0
S-1230,WC-1986,M-1986-33,T-73,0,1,P-74307,46',second half,0,1
S-1231,WC-1986,M-1986-33,T-01,1,0,P-42885,58',second half,1,0
S-1232,WC-1986,M-1986-33,T-01,1,0,P-08861,58',second half,0,1
S-1233,WC-1986,M-1986-33,T-73,0,1,P-06498,63',second half,1,0
S-1234,WC-1986,M-1986-33,T-73,0,1,P-32414,63',second half,0,1
S-1235,WC-1986,M-1986-34,T-09,0,1,P-60969,27',first half,1,0
S-1236,WC-1986,M-1986-34,T-09,0,1,P-19190,27',first half,0,1
S-1237,WC-1986,M-1986-34,T-52,1,0,P-62599,67',second half,1,0
S-1238,WC-1986,M-1986-34,T-52,1,0,P-76882,67',second half,0,1
S-1239,WC-1986,M-1986-34,T-09,0,1,P-78605,68',second half,1,0
S-1240,WC-1986,M-1986-34,T-09,0,1,P-37483,68',second half,0,1
S-1241,WC-1986,M-1986-34,T-52,1,0,P-40633,71',second half,1,0
S-1242,WC-1986,M-1986-34,T-52,1,0,P-96985,71',second half,0,1
S-1243,WC-1986,M-1986-35,T-22,1,0,P-36502,46',second half,1,0
S-1244,WC-1986,M-1986-35,T-86,0,1,P-96946,46',second half,1,0
S-1245,WC-1986,M-1986-35,T-22,1,0,P-92292,46',second half,0,1
S-1246,WC-1986,M-1986-35,T-86,0,1,P-89975,46',second half,0,1
S-1247,WC-1986,M-1986-35,T-22,1,0,P-21213,71',second half,1,0
S-1248,WC-1986,M-1986-35,T-86,0,1,P-27251,71',second half,1,0
S-1249,WC-1986,M-1986-35,T-22,1,0,P-07140,71',second half,0,1
S-1250,WC-1986,M-1986-35,T-86,0,1,P-59574,71',second half,0,1
S-1251,WC-1986,M-1986-36,T-64,1,0,P-36038,70',second half,1,0
S-1252,WC-1986,M-1986-36,T-64,1,0,P-15973,70',second half,1,0
S-1253,WC-1986,M-1986-36,T-84,0,1,P-97584,70',second half,1,0
S-1254,WC-1986,M-1986-36,T-64,1,0,P-97239,70',second half,0,1
S-1255,WC-1986,M-1986-36,T-64,1,0,P-89287,70',second half,0,1
S-1256,WC-1986,M-1986-36,T-84,0,1,P-66014,70',second half,0,1
S-1257,WC-1986,M-1986-36,T-84,0,1,P-36582,84',second half,1,0
S-1258,WC-1986,M-1986-36,T-84,0,1,P-68463,84',second half,0,1
S-1259,WC-1986,M-1986-37,T-10,0,1,P-76141,59',second half,1,0
S-1260,WC-1986,M-1986-37,T-10,0,1,P-05061,59',second half,0,1
S-1261,WC-1986,M-1986-37,T-10,0,1,P-19526,70',second half,1,0
S-1262,WC-1986,M-1986-37,T-10,0,1,P-99064,70',second half,0,1
S-1263,WC-1986,M-1986-37,T-46,1,0,P-62984,79',second half,1,0
S-1264,WC-1986,M-1986-37,T-46,1,0,P-10537,79',second half,0,1
S-1265,WC-1986,M-1986-38,T-72,1,0,P-27906,72',second half,1,0
S-1266,WC-1986,M-1986-38,T-72,1,0,P-05562,72',second half,0,1
S-1267,WC-1986,M-1986-38,T-72,1,0,P-33328,79',second half,1,0
S-1268,WC-1986,M-1986-38,T-72,1,0,P-12978,79',second half,0,1
S-1269,WC-1986,M-1986-38,T-06,0,1,P-99499,99',"extra time, first half",1,0
S-1270,WC-1986,M-1986-38,T-06,0,1,P-05723,99',"extra time, first half",0,1
S-1271,WC-1986,M-1986-38,T-06,0,1,P-73390,112',"extra time, second half",1,0
S-1272,WC-1986,M-1986-38,T-06,0,1,P-43888,112',"extra time, second half",0,1
S-1273,WC-1986,M-1986-39,T-57,0,1,P-31117,59',second half,1,0
S-1274,WC-1986,M-1986-39,T-57,0,1,P-52039,59',second half,0,1
S-1275,WC-1986,M-1986-39,T-09,1,0,P-78605,69',second half,1,0
S-1276,WC-1986,M-1986-39,T-09,1,0,P-37483,69',second half,0,1
S-1277,WC-1986,M-1986-39,T-09,1,0,P-60969,73',second half,1,0
S-1278,WC-1986,M-1986-39,T-09,1,0,P-12049,73',second half,0,1
S-1279,WC-1986,M-1986-39,T-57,0,1,P-83573,83',second half,1,0
S-1280,WC-1986,M-1986-39,T-57,0,1,P-48883,83',second half,0,1
S-1281,WC-1986,M-1986-40,T-84,0,1,P-18562,46',second half,1,0
S-1282,WC-1986,M-1986-40,T-84,0,1,P-94995,46',second half,0,1
S-1283,WC-1986,M-1986-40,T-84,0,1,P-48167,61',second half,1,0
S-1284,WC-1986,M-1986-40,T-84,0,1,P-83805,61',second half,0,1
S-1285,WC-1986,M-1986-40,T-03,1,0,P-22408,85',second half,1,0
S-1286,WC-1986,M-1986-40,T-03,1,0,P-46907,85',second half,0,1
S-1287,WC-1986,M-1986-41,T-41,1,0,P-55733,46',second half,1,0
S-1288,WC-1986,M-1986-41,T-41,1,0,P-69913,46',second half,0,1
S-1289,WC-1986,M-1986-41,T-41,1,0,P-45432,58',second half,1,0
S-1290,WC-1986,M-1986-41,T-41,1,0,P-81402,58',second half,0,1
S-1291,WC-1986,M-1986-41,T-30,0,1,P-00643,73',second half,1,0
S-1292,WC-1986,M-1986-41,T-30,0,1,P-52595,73',second half,0,1
S-1293,WC-1986,M-1986-41,T-30,0,1,P-08939,85',second half,1,0
S-1294,WC-1986,M-1986-41,T-30,0,1,P-80821,85',second half,0,1
S-1295,WC-1986,M-1986-42,T-86,0,1,P-04572,46',second half,1,0
S-1296,WC-1986,M-1986-42,T-86,0,1,P-89975,46',second half,0,1
S-1297,WC-1986,M-1986-43,T-28,1,0,P-53735,58',second half,1,0
S-1298,WC-1986,M-1986-43,T-28,1,0,P-49130,58',second half,0,1
S-1299,WC-1986,M-1986-43,T-55,0,1,P-13699,64',second half,1,0
S-1300,WC-1986,M-1986-43,T-55,0,1,P-37560,64',second half,0,1
S-1301,WC-1986,M-1986-43,T-28,1,0,P-18335,80',second half,1,0
S-1302,WC-1986,M-1986-43,T-28,1,0,P-65174,80',second half,0,1
S-1303,WC-1986,M-1986-44,T-73,0,1,P-18314,46',second half,1,0
S-1304,WC-1986,M-1986-44,T-73,0,1,P-74307,46',second half,0,1
S-1305,WC-1986,M-1986-44,T-22,1,0,P-04488,60',second half,1,0
S-1306,WC-1986,M-1986-44,T-22,1,0,P-92292,60',second half,0,1
S-1307,WC-1986,M-1986-44,T-22,1,0,P-21213,71',second half,1,0
S-1308,WC-1986,M-1986-44,T-22,1,0,P-49069,71',second half,0,1
S-1309,WC-1986,M-1986-44,T-73,0,1,P-06498,83',second half,1,0
S-1310,WC-1986,M-1986-44,T-73,0,1,P-02901,83',second half,0,1
S-1311,WC-1986,M-1986-45,T-09,1,0,P-60969,71',second half,1,0
S-1312,WC-1986,M-1986-45,T-09,1,0,P-37483,71',second half,0,1
S-1313,WC-1986,M-1986-45,T-30,0,1,P-79617,84',second half,1,0
S-1314,WC-1986,M-1986-45,T-30,0,1,P-80821,84',second half,0,1
S-1315,WC-1986,M-1986-45,T-09,1,0,P-83096,91',"extra time, first half",1,0
S-1316,WC-1986,M-1986-45,T-09,1,0,P-12049,91',"extra time, first half",0,1
S-1317,WC-1986,M-1986-45,T-30,0,1,P-99991,99',"extra time, first half",1,0
S-1318,WC-1986,M-1986-45,T-30,0,1,P-12716,99',"extra time, first half",0,1
S-1319,WC-1986,M-1986-46,T-46,0,1,P-62984,32',first half,1,0
S-1320,WC-1986,M-1986-46,T-46,0,1,P-10537,32',first half,0,1
S-1321,WC-1986,M-1986-46,T-86,1,0,P-59574,59',second half,1,0
S-1322,WC-1986,M-1986-46,T-86,1,0,P-27194,59',second half,0,1
S-1323,WC-1986,M-1986-46,T-46,0,1,P-63828,69',second half,1,0
S-1324,WC-1986,M-1986-46,T-46,0,1,P-83744,69',second half,0,1
S-1325,WC-1986,M-1986-46,T-86,1,0,P-36201,116',"extra time, second half",1,0
S-1326,WC-1986,M-1986-46,T-86,1,0,P-89975,116',"extra time, second half",0,1
S-1327,WC-1986,M-1986-47,T-28,0,1,P-53735,69',second half,1,0
S-1328,WC-1986,M-1986-47,T-28,0,1,P-19351,69',second half,0,1
S-1329,WC-1986,M-1986-47,T-28,0,1,P-76340,74',second half,1,0
S-1330,WC-1986,M-1986-47,T-28,0,1,P-38921,74',second half,0,1
S-1331,WC-1986,M-1986-47,T-03,1,0,P-95267,75',second half,1,0
S-1332,WC-1986,M-1986-47,T-03,1,0,P-98697,75',second half,0,1
S-1333,WC-1986,M-1986-48,T-73,1,0,P-72141,46',second half,1,0
S-1334,WC-1986,M-1986-48,T-73,1,0,P-32414,46',second half,0,1
S-1335,WC-1986,M-1986-48,T-73,1,0,P-18314,63',second half,1,0
S-1336,WC-1986,M-1986-48,T-73,1,0,P-74307,63',second half,0,1
S-1337,WC-1986,M-1986-48,T-06,0,1,P-24703,82',second half,1,0
S-1338,WC-1986,M-1986-48,T-06,0,1,P-93848,82',second half,0,1
S-1339,WC-1986,M-1986-48,T-06,0,1,P-26401,106',"extra time, second half",1,0
S-1340,WC-1986,M-1986-48,T-06,0,1,P-43888,106',"extra time, second half",0,1
S-1341,WC-1986,M-1986-49,T-86,0,1,P-59574,57',second half,1,0
S-1342,WC-1986,M-1986-49,T-86,0,1,P-04572,57',second half,0,1
S-1343,WC-1986,M-1986-49,T-30,1,0,P-12716,66',second half,1,0
S-1344,WC-1986,M-1986-49,T-30,1,0,P-88945,66',second half,0,1
S-1345,WC-1986,M-1986-49,T-30,1,0,P-79617,72',second half,1,0
S-1346,WC-1986,M-1986-49,T-30,1,0,P-93959,72',second half,0,1
S-1347,WC-1986,M-1986-50,T-06,0,1,P-88903,54',second half,1,0
S-1348,WC-1986,M-1986-50,T-06,0,1,P-13042,54',second half,0,1
S-1349,WC-1986,M-1986-50,T-03,1,0,P-95267,85',second half,1,0
S-1350,WC-1986,M-1986-50,T-03,1,0,P-60363,85',second half,0,1
S-1351,WC-1986,M-1986-51,T-06,1,0,P-88903,46',second half,1,0
S-1352,WC-1986,M-1986-51,T-06,1,0,P-08623,46',second half,0,1
S-1353,WC-1986,M-1986-51,T-30,0,1,P-94723,56',second half,1,0
S-1354,WC-1986,M-1986-51,T-30,0,1,P-03719,56',second half,0,1
S-1355,WC-1986,M-1986-51,T-06,1,0,P-97414,64',second half,1,0
S-1356,WC-1986,M-1986-51,T-06,1,0,P-43888,64',second half,0,1
S-1357,WC-1986,M-1986-51,T-30,0,1,P-76592,84',second half,1,0
S-1358,WC-1986,M-1986-51,T-30,0,1,P-52595,84',second half,0,1
S-1359,WC-1986,M-1986-52,T-86,0,1,P-95392,46',second half,1,0
S-1360,WC-1986,M-1986-52,T-86,0,1,P-04572,46',second half,0,1
S-1361,WC-1986,M-1986-52,T-86,0,1,P-79344,62',second half,1,0
S-1362,WC-1986,M-1986-52,T-86,0,1,P-27194,62',second half,0,1
S-1363,WC-1986,M-1986-52,T-03,1,0,P-95267,90',second half,1,0
S-1364,WC-1986,M-1986-52,T-03,1,0,P-65092,90',second half,0,1
S-1365,WC-1990,M-1990-01,T-03,1,0,P-79080,46',second half,1,0
S-1366,WC-1990,M-1990-01,T-03,1,0,P-35873,46',second half,0,1
S-1367,WC-1990,M-1990-01,T-11,0,1,P-59402,66',second half,1,0
S-1368,WC-1990,M-1990-01,T-11,0,1,P-94752,66',second half,0,1
S-1369,WC-1990,M-1990-01,T-03,1,0,P-82949,69',second half,1,0
S-1370,WC-1990,M-1990-01,T-03,1,0,P-10969,69',second half,0,1
S-1371,WC-1990,M-1990-01,T-11,0,1,P-64478,81',second half,1,0
S-1372,WC-1990,M-1990-01,T-11,0,1,P-58080,81',second half,0,1
S-1373,WC-1990,M-1990-02,T-72,1,0,P-48718,66',second half,1,0
S-1374,WC-1990,M-1990-02,T-72,1,0,P-34497,66',second half,0,1
S-1375,WC-1990,M-1990-02,T-72,1,0,P-77250,71',second half,1,0
S-1376,WC-1990,M-1990-02,T-72,1,0,P-99207,71',second half,0,1
S-1377,WC-1990,M-1990-02,T-61,0,1,P-69340,80',second half,1,0
S-1378,WC-1990,M-1990-02,T-61,0,1,P-67274,80',second half,0,1
S-1379,WC-1990,M-1990-02,T-61,0,1,P-01137,87',second half,1,0
S-1380,WC-1990,M-1990-02,T-61,0,1,P-54322,87',second half,0,1
S-1381,WC-1990,M-1990-03,T-82,1,0,P-27017,57',second half,1,0
S-1382,WC-1990,M-1990-03,T-82,1,0,P-17799,57',second half,0,1
S-1383,WC-1990,M-1990-03,T-82,1,0,P-27206,74',second half,1,0
S-1384,WC-1990,M-1990-03,T-82,1,0,P-52938,74',second half,0,1
S-1385,WC-1990,M-1990-03,T-16,0,1,P-82012,75',second half,1,0
S-1386,WC-1990,M-1990-03,T-16,0,1,P-53398,75',second half,0,1
S-1387,WC-1990,M-1990-04,T-41,1,0,P-13638,46',second half,1,0
S-1388,WC-1990,M-1990-04,T-41,1,0,P-35719,46',second half,0,1
S-1389,WC-1990,M-1990-04,T-05,0,1,P-67942,61',second half,1,0
S-1390,WC-1990,M-1990-04,T-05,0,1,P-69681,61',second half,0,1
S-1391,WC-1990,M-1990-04,T-41,1,0,P-49269,75',second half,1,0
S-1392,WC-1990,M-1990-04,T-41,1,0,P-76544,75',second half,0,1
S-1393,WC-1990,M-1990-04,T-05,0,1,P-52446,77',second half,1,0
S-1394,WC-1990,M-1990-04,T-05,0,1,P-06378,77',second half,0,1
S-1395,WC-1990,M-1990-05,T-83,1,0,P-28894,64',second half,1,0
S-1396,WC-1990,M-1990-05,T-83,1,0,P-12470,64',second half,0,1
S-1397,WC-1990,M-1990-05,T-21,0,1,P-65434,77',second half,1,0
S-1398,WC-1990,M-1990-05,T-21,0,1,P-99987,77',second half,0,1
S-1399,WC-1990,M-1990-05,T-83,1,0,P-93627,79',second half,1,0
S-1400,WC-1990,M-1990-05,T-83,1,0,P-21609,79',second half,0,1
S-1401,WC-1990,M-1990-05,T-21,0,1,P-85306,83',second half,1,0
S-1402,WC-1990,M-1990-05,T-21,0,1,P-78227,83',second half,0,1
S-1403,WC-1990,M-1990-06,T-74,0,1,P-81063,46',second half,1,0
S-1404,WC-1990,M-1990-06,T-74,0,1,P-46228,46',second half,0,1
S-1405,WC-1990,M-1990-06,T-74,0,1,P-75066,70',second half,1,0
S-1406,WC-1990,M-1990-06,T-74,0,1,P-67329,70',second half,0,1
S-1407,WC-1990,M-1990-06,T-09,1,0,P-10596,82',second half,1,0
S-1408,WC-1990,M-1990-06,T-09,1,0,P-12049,82',second half,0,1
S-1409,WC-1990,M-1990-07,T-87,0,1,P-74361,55',second half,1,0
S-1410,WC-1990,M-1990-07,T-87,0,1,P-18303,55',second half,1,0
S-1411,WC-1990,M-1990-07,T-87,0,1,P-71107,55',second half,0,1
S-1412,WC-1990,M-1990-07,T-87,0,1,P-62861,55',second half,0,1
S-1413,WC-1990,M-1990-07,T-86,1,0,P-77552,74',second half,1,0
S-1414,WC-1990,M-1990-07,T-86,1,0,P-60022,74',second half,1,0
S-1415,WC-1990,M-1990-07,T-86,1,0,P-89975,74',second half,0,1
S-1416,WC-1990,M-1990-07,T-86,1,0,P-37963,74',second half,0,1
S-1417,WC-1990,M-1990-08,T-64,0,1,P-05434,46',second half,1,0
S-1418,WC-1990,M-1990-08,T-64,0,1,P-76645,46',second half,0,1
S-1419,WC-1990,M-1990-08,T-64,0,1,P-78666,74',second half,1,0
S-1420,WC-1990,M-1990-08,T-64,0,1,P-10580,74',second half,0,1
S-1421,WC-1990,M-1990-08,T-17,1,0,P-01259,85',second half,1,0
S-1422,WC-1990,M-1990-08,T-17,1,0,P-02273,85',second half,0,1
S-1423,WC-1990,M-1990-09,T-60,0,1,P-42603,64',second half,1,0
S-1424,WC-1990,M-1990-09,T-60,0,1,P-87036,64',second half,0,1
S-1425,WC-1990,M-1990-09,T-28,1,0,P-18335,69',second half,1,0
S-1426,WC-1990,M-1990-09,T-28,1,0,P-27404,69',second half,0,1
S-1427,WC-1990,M-1990-09,T-28,1,0,P-36651,83',second half,1,0
S-1428,WC-1990,M-1990-09,T-28,1,0,P-00081,83',second half,0,1
S-1429,WC-1990,M-1990-10,T-06,1,0,P-03300,46',second half,1,0
S-1430,WC-1990,M-1990-10,T-71,0,1,P-50333,46',second half,1,0
S-1431,WC-1990,M-1990-10,T-06,1,0,P-25456,46',second half,0,1
S-1432,WC-1990,M-1990-10,T-71,0,1,P-74032,46',second half,0,1
S-1433,WC-1990,M-1990-10,T-71,0,1,P-66410,62',second half,1,0
S-1434,WC-1990,M-1990-10,T-71,0,1,P-83876,62',second half,0,1
S-1435,WC-1990,M-1990-11,T-48,1,0,P-19670,46',second half,1,0
S-1436,WC-1990,M-1990-11,T-48,1,0,P-11241,46',second half,0,1
S-1437,WC-1990,M-1990-11,T-48,1,0,P-48431,69',second half,1,0
S-1438,WC-1990,M-1990-11,T-26,0,1,P-53055,69',second half,1,0
S-1439,WC-1990,M-1990-11,T-26,0,1,P-73679,69',second half,1,0
S-1440,WC-1990,M-1990-11,T-48,1,0,P-47334,69',second half,0,1
S-1441,WC-1990,M-1990-11,T-26,0,1,P-07223,69',second half,0,1
S-1442,WC-1990,M-1990-11,T-26,0,1,P-26446,69',second half,0,1
S-1443,WC-1990,M-1990-12,T-84,1,0,P-80877,64',second half,1,0
S-1444,WC-1990,M-1990-12,T-84,1,0,P-68463,64',second half,1,0
S-1445,WC-1990,M-1990-12,T-84,1,0,P-85271,64',second half,0,1
S-1446,WC-1990,M-1990-12,T-84,1,0,P-57189,64',second half,0,1
S-1447,WC-1990,M-1990-12,T-73,0,1,P-81270,79',second half,1,0
S-1448,WC-1990,M-1990-12,T-73,0,1,P-61411,79',second half,1,0
S-1449,WC-1990,M-1990-12,T-73,0,1,P-82189,79',second half,0,1
S-1450,WC-1990,M-1990-12,T-73,0,1,P-10514,79',second half,0,1
S-1451,WC-1990,M-1990-13,T-03,1,0,P-15637,11',first half,1,0
S-1452,WC-1990,M-1990-13,T-03,1,0,P-34056,11',first half,0,1
S-1453,WC-1990,M-1990-13,T-72,0,1,P-10906,75',second half,1,0
S-1454,WC-1990,M-1990-13,T-72,0,1,P-48718,75',second half,0,1
S-1455,WC-1990,M-1990-13,T-03,1,0,P-31161,79',second half,1,0
S-1456,WC-1990,M-1990-13,T-03,1,0,P-23349,79',second half,0,1
S-1457,WC-1990,M-1990-13,T-72,0,1,P-27906,80',second half,1,0
S-1458,WC-1990,M-1990-13,T-72,0,1,P-35793,80',second half,0,1
S-1459,WC-1990,M-1990-14,T-61,0,1,P-30739,55',second half,1,0
S-1460,WC-1990,M-1990-14,T-61,0,1,P-54322,55',second half,0,1
S-1461,WC-1990,M-1990-14,T-11,1,0,P-03377,58',second half,1,0
S-1462,WC-1990,M-1990-14,T-11,1,0,P-58080,58',second half,0,1
S-1463,WC-1990,M-1990-14,T-61,0,1,P-69340,63',second half,1,0
S-1464,WC-1990,M-1990-14,T-61,0,1,P-67274,63',second half,0,1
S-1465,WC-1990,M-1990-14,T-11,1,0,P-44016,68',second half,1,0
S-1466,WC-1990,M-1990-14,T-11,1,0,P-81131,68',second half,0,1
S-1467,WC-1990,M-1990-15,T-87,1,0,P-54317,46',second half,1,0
S-1468,WC-1990,M-1990-15,T-87,1,0,P-26414,46',second half,0,1
S-1469,WC-1990,M-1990-15,T-87,1,0,P-83693,53',second half,1,0
S-1470,WC-1990,M-1990-15,T-87,1,0,P-31892,53',second half,0,1
S-1471,WC-1990,M-1990-15,T-16,0,1,P-69504,68',second half,1,0
S-1472,WC-1990,M-1990-15,T-16,0,1,P-07687,68',second half,0,1
S-1473,WC-1990,M-1990-15,T-16,0,1,P-02405,78',second half,1,0
S-1474,WC-1990,M-1990-15,T-16,0,1,P-53398,78',second half,0,1
S-1475,WC-1990,M-1990-16,T-41,1,0,P-49269,51',second half,1,0
S-1476,WC-1990,M-1990-16,T-41,1,0,P-76544,51',second half,0,1
S-1477,WC-1990,M-1990-16,T-83,0,1,P-85296,80',second half,1,0
S-1478,WC-1990,M-1990-16,T-83,0,1,P-28894,80',second half,0,1
S-1479,WC-1990,M-1990-16,T-83,0,1,P-93627,82',second half,1,0
S-1480,WC-1990,M-1990-16,T-83,0,1,P-21609,82',second half,0,1
S-1481,WC-1990,M-1990-17,T-21,0,1,P-52500,31',first half,1,0
S-1482,WC-1990,M-1990-17,T-21,0,1,P-20237,31',first half,0,1
S-1483,WC-1990,M-1990-17,T-05,1,0,P-76884,46',second half,1,0
S-1484,WC-1990,M-1990-17,T-05,1,0,P-77198,46',second half,1,0
S-1485,WC-1990,M-1990-17,T-05,1,0,P-07284,46',second half,0,1
S-1486,WC-1990,M-1990-17,T-05,1,0,P-57682,46',second half,0,1
S-1487,WC-1990,M-1990-17,T-21,0,1,P-65434,81',second half,1,0
S-1488,WC-1990,M-1990-17,T-21,0,1,P-78227,81',second half,0,1
S-1489,WC-1990,M-1990-18,T-86,1,0,P-59388,46',second half,1,0
S-1490,WC-1990,M-1990-18,T-86,1,0,P-89975,46',second half,0,1
S-1491,WC-1990,M-1990-18,T-86,1,0,P-91373,71',second half,1,0
S-1492,WC-1990,M-1990-18,T-86,1,0,P-43380,71',second half,0,1
S-1493,WC-1990,M-1990-18,T-82,0,1,P-90097,82',second half,1,0
S-1494,WC-1990,M-1990-18,T-82,0,1,P-96771,82',second half,0,1
S-1495,WC-1990,M-1990-18,T-82,0,1,P-99834,87',second half,1,0
S-1496,WC-1990,M-1990-18,T-82,0,1,P-17103,87',second half,0,1
S-1497,WC-1990,M-1990-19,T-17,0,1,P-01259,71',second half,1,0
S-1498,WC-1990,M-1990-19,T-17,0,1,P-87653,71',second half,0,1
S-1499,WC-1990,M-1990-19,T-17,0,1,P-18941,78',second half,1,0
S-1500,WC-1990,M-1990-19,T-17,0,1,P-35501,78',second half,0,1
S-1501,WC-1990,M-1990-19,T-09,1,0,P-90635,83',second half,1,0
S-1502,WC-1990,M-1990-19,T-09,1,0,P-68671,83',second half,0,1
S-1503,WC-1990,M-1990-19,T-09,1,0,P-10596,86',second half,1,0
S-1504,WC-1990,M-1990-19,T-09,1,0,P-12049,86',second half,0,1
S-1505,WC-1990,M-1990-20,T-74,1,0,P-46228,62',second half,1,0
S-1506,WC-1990,M-1990-20,T-74,1,0,P-60456,62',second half,0,1
S-1507,WC-1990,M-1990-20,T-74,1,0,P-22289,75',second half,1,0
S-1508,WC-1990,M-1990-20,T-64,0,1,P-39265,75',second half,1,0
S-1509,WC-1990,M-1990-20,T-74,1,0,P-67329,75',second half,0,1
S-1510,WC-1990,M-1990-20,T-64,0,1,P-42726,75',second half,0,1
S-1511,WC-1990,M-1990-20,T-64,0,1,P-56270,84',second half,1,0
S-1512,WC-1990,M-1990-20,T-64,0,1,P-10580,84',second half,0,1
S-1513,WC-1990,M-1990-21,T-28,1,0,P-19351,58',second half,1,0
S-1514,WC-1990,M-1990-21,T-28,1,0,P-00081,58',second half,0,1
S-1515,WC-1990,M-1990-21,T-28,1,0,P-02675,64',second half,1,0
S-1516,WC-1990,M-1990-21,T-28,1,0,P-34450,64',second half,0,1
S-1517,WC-1990,M-1990-21,T-48,0,1,P-52936,74',second half,1,0
S-1518,WC-1990,M-1990-21,T-48,0,1,P-11241,74',second half,0,1
S-1519,WC-1990,M-1990-22,T-26,0,1,P-07223,60',second half,1,0
S-1520,WC-1990,M-1990-22,T-26,0,1,P-62807,60',second half,0,1
S-1521,WC-1990,M-1990-22,T-60,1,0,P-42603,64',second half,1,0
S-1522,WC-1990,M-1990-22,T-60,1,0,P-87036,64',second half,0,1
S-1523,WC-1990,M-1990-22,T-26,0,1,P-41648,76',second half,1,0
S-1524,WC-1990,M-1990-22,T-26,0,1,P-73679,76',second half,0,1
S-1525,WC-1990,M-1990-22,T-60,1,0,P-94106,84',second half,1,0
S-1526,WC-1990,M-1990-22,T-60,1,0,P-51629,84',second half,0,1
S-1527,WC-1990,M-1990-23,T-06,1,0,P-05723,46',second half,1,0
S-1528,WC-1990,M-1990-23,T-84,0,1,P-68463,46',second half,1,0
S-1529,WC-1990,M-1990-23,T-06,1,0,P-35636,46',second half,0,1
S-1530,WC-1990,M-1990-23,T-84,0,1,P-57189,46',second half,0,1
S-1531,WC-1990,M-1990-23,T-84,0,1,P-68471,56',second half,1,0
S-1532,WC-1990,M-1990-23,T-84,0,1,P-52902,56',second half,0,1
S-1533,WC-1990,M-1990-23,T-06,1,0,P-51650,75',second half,1,0
S-1534,WC-1990,M-1990-23,T-06,1,0,P-92384,75',second half,0,1
S-1535,WC-1990,M-1990-24,T-71,1,0,P-43076,52',second half,1,0
S-1536,WC-1990,M-1990-24,T-71,1,0,P-66410,52',second half,0,1
S-1537,WC-1990,M-1990-24,T-71,1,0,P-43950,68',second half,1,0
S-1538,WC-1990,M-1990-24,T-71,1,0,P-65387,68',second half,0,1
S-1539,WC-1990,M-1990-24,T-73,0,1,P-12940,76',second half,1,0
S-1540,WC-1990,M-1990-24,T-73,0,1,P-84197,76',second half,0,1
S-1541,WC-1990,M-1990-24,T-73,0,1,P-61508,81',second half,1,0
S-1542,WC-1990,M-1990-24,T-73,0,1,P-44411,81',second half,0,1
S-1543,WC-1990,M-1990-25,T-03,1,0,P-30977,53',second half,1,0
S-1544,WC-1990,M-1990-25,T-03,1,0,P-49676,53',second half,0,1
S-1545,WC-1990,M-1990-25,T-03,1,0,P-95267,60',second half,1,0
S-1546,WC-1990,M-1990-25,T-03,1,0,P-53936,60',second half,0,1
S-1547,WC-1990,M-1990-25,T-61,0,1,P-67274,72',second half,1,0
S-1548,WC-1990,M-1990-25,T-61,0,1,P-49988,72',second half,0,1
S-1549,WC-1990,M-1990-25,T-61,0,1,P-83453,82',second half,1,0
S-1550,WC-1990,M-1990-25,T-61,0,1,P-34184,82',second half,0,1
S-1551,WC-1990,M-1990-26,T-11,1,0,P-44016,34',first half,1,0
S-1552,WC-1990,M-1990-26,T-11,1,0,P-58080,34',first half,0,1
S-1553,WC-1990,M-1990-26,T-72,0,1,P-10165,46',second half,1,0
S-1554,WC-1990,M-1990-26,T-72,0,1,P-27906,46',second half,0,1
S-1555,WC-1990,M-1990-26,T-11,1,0,P-64478,56',second half,1,0
S-1556,WC-1990,M-1990-26,T-11,1,0,P-81131,56',second half,0,1
S-1557,WC-1990,M-1990-26,T-72,0,1,P-48718,72',second half,1,0
S-1558,WC-1990,M-1990-26,T-72,0,1,P-34497,72',second half,0,1
S-1559,WC-1990,M-1990-27,T-86,1,0,P-60022,46',second half,1,0
S-1560,WC-1990,M-1990-27,T-86,1,0,P-89975,46',second half,0,1
S-1561,WC-1990,M-1990-27,T-86,1,0,P-77552,88',second half,1,0
S-1562,WC-1990,M-1990-27,T-86,1,0,P-45408,88',second half,0,1
S-1563,WC-1990,M-1990-28,T-82,0,1,P-77154,35',first half,1,0
S-1564,WC-1990,M-1990-28,T-82,0,1,P-52938,35',first half,0,1
S-1565,WC-1990,M-1990-28,T-82,0,1,P-56780,46',second half,1,0
S-1566,WC-1990,M-1990-28,T-82,0,1,P-27017,46',second half,0,1
S-1567,WC-1990,M-1990-28,T-87,1,0,P-83693,64',second half,1,0
S-1568,WC-1990,M-1990-28,T-87,1,0,P-09094,64',second half,0,1
S-1569,WC-1990,M-1990-28,T-87,1,0,P-48922,78',second half,1,0
S-1570,WC-1990,M-1990-28,T-87,1,0,P-62861,78',second half,0,1
S-1571,WC-1990,M-1990-29,T-05,1,0,P-16938,46',second half,1,0
S-1572,WC-1990,M-1990-29,T-05,1,0,P-67426,46',second half,0,1
S-1573,WC-1990,M-1990-29,T-83,0,1,P-85296,55',second half,1,0
S-1574,WC-1990,M-1990-29,T-83,0,1,P-67232,55',second half,0,1
S-1575,WC-1990,M-1990-29,T-83,0,1,P-82723,70',second half,1,0
S-1576,WC-1990,M-1990-29,T-83,0,1,P-44443,70',second half,0,1
S-1577,WC-1990,M-1990-29,T-05,1,0,P-79953,86',second half,1,0
S-1578,WC-1990,M-1990-29,T-05,1,0,P-16277,86',second half,0,1
S-1579,WC-1990,M-1990-30,T-21,0,1,P-48690,46',second half,1,0
S-1580,WC-1990,M-1990-30,T-21,0,1,P-20237,46',second half,0,1
S-1581,WC-1990,M-1990-30,T-41,1,0,P-38434,51',second half,1,0
S-1582,WC-1990,M-1990-30,T-41,1,0,P-35719,51',second half,0,1
S-1583,WC-1990,M-1990-30,T-21,0,1,P-78227,58',second half,1,0
S-1584,WC-1990,M-1990-30,T-21,0,1,P-71732,58',second half,0,1
S-1585,WC-1990,M-1990-30,T-41,1,0,P-32608,65',second half,1,0
S-1586,WC-1990,M-1990-30,T-41,1,0,P-73911,65',second half,0,1
S-1587,WC-1990,M-1990-31,T-64,0,1,P-10435,39',first half,1,0
S-1588,WC-1990,M-1990-31,T-64,0,1,P-16627,39',first half,0,1
S-1589,WC-1990,M-1990-31,T-09,1,0,P-61251,65',second half,1,0
S-1590,WC-1990,M-1990-31,T-09,1,0,P-60969,65',second half,0,1
S-1591,WC-1990,M-1990-31,T-64,0,1,P-10580,79',second half,1,0
S-1592,WC-1990,M-1990-31,T-64,0,1,P-56270,79',second half,0,1
S-1593,WC-1990,M-1990-32,T-74,1,0,P-26281,34',first half,1,0
S-1594,WC-1990,M-1990-32,T-74,1,0,P-27804,34',first half,0,1
S-1595,WC-1990,M-1990-32,T-17,0,1,P-16382,60',second half,1,0
S-1596,WC-1990,M-1990-32,T-17,0,1,P-02273,60',second half,0,1
S-1597,WC-1990,M-1990-32,T-17,0,1,P-13444,73',second half,1,0
S-1598,WC-1990,M-1990-32,T-17,0,1,P-35501,73',second half,0,1
S-1599,WC-1990,M-1990-32,T-74,1,0,P-67329,81',second half,1,0
S-1600,WC-1990,M-1990-32,T-74,1,0,P-02017,81',second half,0,1
S-1601,WC-1990,M-1990-33,T-06,1,0,P-35636,31',first half,1,0
S-1602,WC-1990,M-1990-33,T-06,1,0,P-37431,31',first half,0,1
S-1603,WC-1990,M-1990-33,T-06,1,0,P-33618,78',second half,1,0
S-1604,WC-1990,M-1990-33,T-06,1,0,P-03300,78',second half,0,1
S-1605,WC-1990,M-1990-33,T-73,0,1,P-12940,82',second half,1,0
S-1606,WC-1990,M-1990-33,T-73,0,1,P-76590,82',second half,0,1
S-1607,WC-1990,M-1990-33,T-73,0,1,P-18314,88',second half,1,0
S-1608,WC-1990,M-1990-33,T-73,0,1,P-46166,88',second half,0,1
S-1609,WC-1990,M-1990-34,T-71,1,0,P-50938,43',first half,1,0
S-1610,WC-1990,M-1990-34,T-71,1,0,P-15222,43',first half,0,1
S-1611,WC-1990,M-1990-34,T-84,0,1,P-68471,46',second half,1,0
S-1612,WC-1990,M-1990-34,T-84,0,1,P-57189,46',second half,0,1
S-1613,WC-1990,M-1990-34,T-84,0,1,P-68611,62',second half,1,0
S-1614,WC-1990,M-1990-34,T-84,0,1,P-30100,62',second half,0,1
S-1615,WC-1990,M-1990-34,T-71,1,0,P-76411,79',second half,1,0
S-1616,WC-1990,M-1990-34,T-71,1,0,P-43076,79',second half,0,1
S-1617,WC-1990,M-1990-35,T-26,0,1,P-41648,77',second half,1,0
S-1618,WC-1990,M-1990-35,T-26,0,1,P-73679,77',second half,1,0
S-1619,WC-1990,M-1990-35,T-26,0,1,P-57839,77',second half,0,1
S-1620,WC-1990,M-1990-35,T-26,0,1,P-26446,77',second half,0,1
S-1621,WC-1990,M-1990-35,T-28,1,0,P-00081,84',second half,1,0
S-1622,WC-1990,M-1990-35,T-28,1,0,P-18335,84',second half,0,1
S-1623,WC-1990,M-1990-35,T-28,1,0,P-19351,86',second half,1,0
S-1624,WC-1990,M-1990-35,T-28,1,0,P-34450,86',second half,0,1
S-1625,WC-1990,M-1990-36,T-48,0,1,P-47334,58',second half,1,0
S-1626,WC-1990,M-1990-36,T-48,0,1,P-77764,58',second half,0,1
S-1627,WC-1990,M-1990-36,T-60,1,0,P-72379,62',second half,1,0
S-1628,WC-1990,M-1990-36,T-60,1,0,P-42603,62',second half,1,0
S-1629,WC-1990,M-1990-36,T-60,1,0,P-04391,62',second half,0,1
S-1630,WC-1990,M-1990-36,T-60,1,0,P-94106,62',second half,0,1
S-1631,WC-1990,M-1990-36,T-48,0,1,P-11241,78',second half,1,0
S-1632,WC-1990,M-1990-36,T-48,0,1,P-84043,78',second half,0,1
S-1633,WC-1990,M-1990-37,T-11,1,0,P-59402,54',second half,1,0
S-1634,WC-1990,M-1990-37,T-11,1,0,P-58080,54',second half,0,1
S-1635,WC-1990,M-1990-37,T-16,0,1,P-75417,63',second half,1,0
S-1636,WC-1990,M-1990-37,T-16,0,1,P-82012,63',second half,0,1
S-1637,WC-1990,M-1990-37,T-11,1,0,P-64478,69',second half,1,0
S-1638,WC-1990,M-1990-37,T-11,1,0,P-36769,69',second half,0,1
S-1639,WC-1990,M-1990-37,T-16,0,1,P-31825,79',second half,1,0
S-1640,WC-1990,M-1990-37,T-16,0,1,P-02405,79',second half,0,1
S-1641,WC-1990,M-1990-38,T-17,0,1,P-50080,46',second half,1,0
S-1642,WC-1990,M-1990-38,T-17,0,1,P-02273,46',second half,0,1
S-1643,WC-1990,M-1990-38,T-17,0,1,P-13444,65',second half,1,0
S-1644,WC-1990,M-1990-38,T-17,0,1,P-35501,65',second half,0,1
S-1645,WC-1990,M-1990-39,T-03,0,1,P-30977,61',second half,1,0
S-1646,WC-1990,M-1990-39,T-03,0,1,P-10969,61',second half,0,1
S-1647,WC-1990,M-1990-39,T-09,1,0,P-06573,84',second half,1,0
S-1648,WC-1990,M-1990-39,T-09,1,0,P-76896,84',second half,1,0
S-1649,WC-1990,M-1990-39,T-09,1,0,P-12049,84',second half,0,1
S-1650,WC-1990,M-1990-39,T-09,1,0,P-52379,84',second half,0,1
S-1651,WC-1990,M-1990-40,T-48,0,1,P-37630,66',second half,1,0
S-1652,WC-1990,M-1990-40,T-48,0,1,P-11241,66',second half,0,1
S-1653,WC-1990,M-1990-40,T-86,1,0,P-91373,77',second half,1,0
S-1654,WC-1990,M-1990-40,T-86,1,0,P-43380,77',second half,0,1
S-1655,WC-1990,M-1990-40,T-48,0,1,P-47334,78',second half,1,0
S-1656,WC-1990,M-1990-40,T-48,0,1,P-15631,78',second half,0,1
S-1657,WC-1990,M-1990-41,T-60,1,0,P-42603,22',first half,1,0
S-1658,WC-1990,M-1990-41,T-60,1,0,P-94106,22',first half,0,1
S-1659,WC-1990,M-1990-41,T-61,0,1,P-69340,74',second half,1,0
S-1660,WC-1990,M-1990-41,T-61,0,1,P-49988,74',second half,0,1
S-1661,WC-1990,M-1990-41,T-60,1,0,P-69817,94',"extra time, first half",1,0
S-1662,WC-1990,M-1990-41,T-60,1,0,P-64796,94',"extra time, first half",0,1
S-1663,WC-1990,M-1990-41,T-61,0,1,P-83453,98',"extra time, first half",1,0
S-1664,WC-1990,M-1990-41,T-61,0,1,P-40531,98',"extra time, first half",0,1
S-1665,WC-1990,M-1990-42,T-41,1,0,P-67585,52',second half,1,0
S-1666,WC-1990,M-1990-42,T-41,1,0,P-35253,52',second half,0,1
S-1667,WC-1990,M-1990-42,T-84,0,1,P-57189,55',second half,1,0
S-1668,WC-1990,M-1990-42,T-84,0,1,P-68611,55',second half,0,1
S-1669,WC-1990,M-1990-42,T-41,1,0,P-78756,79',second half,1,0
S-1670,WC-1990,M-1990-42,T-84,0,1,P-68471,79',second half,1,0
S-1671,WC-1990,M-1990-42,T-41,1,0,P-73911,79',second half,0,1
S-1672,WC-1990,M-1990-42,T-84,0,1,P-68463,79',second half,0,1
S-1673,WC-1990,M-1990-43,T-73,1,0,P-75527,49',second half,1,0
S-1674,WC-1990,M-1990-43,T-73,1,0,P-80363,49',second half,0,1
S-1675,WC-1990,M-1990-43,T-87,0,1,P-31892,55',second half,1,0
S-1676,WC-1990,M-1990-43,T-87,0,1,P-18303,55',second half,0,1
S-1677,WC-1990,M-1990-43,T-73,1,0,P-12940,79',second half,1,0
S-1678,WC-1990,M-1990-43,T-87,0,1,P-54317,79',second half,1,0
S-1679,WC-1990,M-1990-43,T-73,1,0,P-10514,79',second half,0,1
S-1680,WC-1990,M-1990-43,T-87,0,1,P-09094,79',second half,0,1
S-1681,WC-1990,M-1990-44,T-06,0,1,P-28230,64',second half,1,0
S-1682,WC-1990,M-1990-44,T-06,0,1,P-47038,64',second half,0,1
S-1683,WC-1990,M-1990-44,T-28,1,0,P-27404,71',second half,1,0
S-1684,WC-1990,M-1990-44,T-28,1,0,P-34450,71',second half,0,1
S-1685,WC-1990,M-1990-44,T-28,1,0,P-38921,74',second half,1,0
S-1686,WC-1990,M-1990-44,T-28,1,0,P-00081,74',second half,0,1
S-1687,WC-1990,M-1990-44,T-06,0,1,P-51650,107',"extra time, second half",1,0
S-1688,WC-1990,M-1990-44,T-06,0,1,P-92384,107',"extra time, second half",0,1
S-1689,WC-1990,M-1990-45,T-03,1,0,P-46907,51',second half,1,0
S-1690,WC-1990,M-1990-45,T-03,1,0,P-30977,51',second half,0,1
S-1691,WC-1990,M-1990-45,T-87,0,1,P-74361,61',second half,1,0
S-1692,WC-1990,M-1990-45,T-87,0,1,P-18303,61',second half,0,1
S-1693,WC-1990,M-1990-45,T-03,1,0,P-10969,87',second half,1,0
S-1694,WC-1990,M-1990-45,T-03,1,0,P-53936,87',second half,0,1
S-1695,WC-1990,M-1990-46,T-60,1,0,P-51629,53',second half,1,0
S-1696,WC-1990,M-1990-46,T-60,1,0,P-94106,53',second half,0,1
S-1697,WC-1990,M-1990-46,T-41,0,1,P-75545,62',second half,1,0
S-1698,WC-1990,M-1990-46,T-41,0,1,P-13638,62',second half,0,1
S-1699,WC-1990,M-1990-46,T-41,0,1,P-78756,70',second half,1,0
S-1700,WC-1990,M-1990-46,T-41,0,1,P-35253,70',second half,0,1
S-1701,WC-1990,M-1990-46,T-60,1,0,P-42603,78',second half,1,0
S-1702,WC-1990,M-1990-46,T-60,1,0,P-52963,78',second half,0,1
S-1703,WC-1990,M-1990-47,T-21,1,0,P-08239,67',second half,1,0
S-1704,WC-1990,M-1990-47,T-21,1,0,P-48690,67',second half,0,1
S-1705,WC-1990,M-1990-47,T-21,1,0,P-16313,79',second half,1,0
S-1706,WC-1990,M-1990-47,T-21,1,0,P-71732,79',second half,0,1
S-1707,WC-1990,M-1990-47,T-86,0,1,P-60022,82',second half,1,0
S-1708,WC-1990,M-1990-47,T-86,0,1,P-37963,82',second half,0,1
S-1709,WC-1990,M-1990-48,T-11,1,0,P-03377,46',second half,1,0
S-1710,WC-1990,M-1990-48,T-28,0,1,P-38921,46',second half,1,0
S-1711,WC-1990,M-1990-48,T-11,1,0,P-58080,46',second half,0,1
S-1712,WC-1990,M-1990-48,T-28,0,1,P-18335,46',second half,0,1
S-1713,WC-1990,M-1990-48,T-11,1,0,P-59402,62',second half,1,0
S-1714,WC-1990,M-1990-48,T-11,1,0,P-41084,62',second half,0,1
S-1715,WC-1990,M-1990-48,T-28,0,1,P-49962,73',second half,1,0
S-1716,WC-1990,M-1990-48,T-28,0,1,P-76340,73',second half,0,1
S-1717,WC-1990,M-1990-49,T-03,1,0,P-10969,46',second half,1,0
S-1718,WC-1990,M-1990-49,T-03,1,0,P-30977,46',second half,0,1
S-1719,WC-1990,M-1990-49,T-41,0,1,P-81402,70',second half,1,0
S-1720,WC-1990,M-1990-49,T-41,0,1,P-35253,70',second half,0,1
S-1721,WC-1990,M-1990-49,T-41,0,1,P-75545,73',second half,1,0
S-1722,WC-1990,M-1990-49,T-41,0,1,P-78756,73',second half,0,1
S-1723,WC-1990,M-1990-49,T-03,1,0,P-14841,99',"extra time, first half",1,0
S-1724,WC-1990,M-1990-49,T-03,1,0,P-22408,99',"extra time, first half",0,1
S-1725,WC-1990,M-1990-50,T-86,1,0,P-04572,38',first half,1,0
S-1726,WC-1990,M-1990-50,T-86,1,0,P-43380,38',first half,0,1
S-1727,WC-1990,M-1990-50,T-86,1,0,P-77552,66',second half,1,0
S-1728,WC-1990,M-1990-50,T-86,1,0,P-74629,66',second half,0,1
S-1729,WC-1990,M-1990-50,T-28,0,1,P-49962,70',second half,1,0
S-1730,WC-1990,M-1990-50,T-28,0,1,P-76340,70',second half,0,1
S-1731,WC-1990,M-1990-51,T-41,1,0,P-35719,67',second half,1,0
S-1732,WC-1990,M-1990-51,T-41,1,0,P-67585,67',second half,0,1
S-1733,WC-1990,M-1990-51,T-28,0,1,P-68510,71',second half,1,0
S-1734,WC-1990,M-1990-51,T-28,0,1,P-27404,71',second half,1,0
S-1735,WC-1990,M-1990-51,T-28,0,1,P-17303,71',second half,0,1
S-1736,WC-1990,M-1990-51,T-28,0,1,P-19351,71',second half,0,1
S-1737,WC-1990,M-1990-51,T-41,1,0,P-75545,90',second half,1,0
S-1738,WC-1990,M-1990-51,T-41,1,0,P-47366,90',second half,0,1
S-1739,WC-1990,M-1990-52,T-03,0,1,P-79080,46',second half,1,0
S-1740,WC-1990,M-1990-52,T-03,0,1,P-31161,46',second half,0,1
S-1741,WC-1990,M-1990-52,T-03,0,1,P-95267,53',second half,1,0
S-1742,WC-1990,M-1990-52,T-03,0,1,P-10969,53',second half,0,1
S-1743,WC-1990,M-1990-52,T-86,1,0,P-59388,73',second half,1,0
S-1744,WC-1990,M-1990-52,T-86,1,0,P-74629,73',second half,0,1
S-1745,WC-1991,M-1991-01,T-14,1,0,P-15966,47',second half,1,0
S-1746,WC-1991,M-1991-01,T-14,1,0,P-70203,47',second half,0,1
S-1747,WC-1991,M-1991-01,T-53,0,1,P-35393,59',second half,1,0
S-1748,WC-1991,M-1991-01,T-53,0,1,P-54099,59',second half,0,1
S-1749,WC-1991,M-1991-01,T-53,0,1,P-67204,62',second half,1,0
S-1750,WC-1991,M-1991-01,T-53,0,1,P-84789,62',second half,0,1
S-1751,WC-1991,M-1991-01,T-14,1,0,P-14903,70',second half,1,0
S-1752,WC-1991,M-1991-01,T-14,1,0,P-21302,70',second half,0,1
S-1753,WC-1991,M-1991-02,T-50,0,1,P-65225,34',first half,1,0
S-1754,WC-1991,M-1991-02,T-50,0,1,P-08232,34',first half,0,1
S-1755,WC-1991,M-1991-02,T-31,1,0,P-51730,35',first half,1,0
S-1756,WC-1991,M-1991-02,T-31,1,0,P-48884,35',first half,0,1
S-1757,WC-1991,M-1991-02,T-31,1,0,P-10757,36',first half,1,0
S-1758,WC-1991,M-1991-02,T-31,1,0,P-10018,36',first half,0,1
S-1759,WC-1991,M-1991-02,T-50,0,1,P-32241,41',first half,1,0
S-1760,WC-1991,M-1991-02,T-50,0,1,P-76883,41',first half,0,1
S-1761,WC-1991,M-1991-03,T-49,0,1,P-54269,41',first half,1,0
S-1762,WC-1991,M-1991-03,T-49,0,1,P-75601,41',first half,0,1
S-1763,WC-1991,M-1991-03,T-22,1,0,P-23712,54',second half,1,0
S-1764,WC-1991,M-1991-03,T-49,0,1,P-96912,54',second half,1,0
S-1765,WC-1991,M-1991-03,T-22,1,0,P-88749,54',second half,0,1
S-1766,WC-1991,M-1991-03,T-49,0,1,P-55801,54',second half,0,1
S-1767,WC-1991,M-1991-03,T-22,1,0,P-08319,64',second half,1,0
S-1768,WC-1991,M-1991-03,T-22,1,0,P-43998,64',second half,0,1
S-1769,WC-1991,M-1991-04,T-09,0,1,P-15996,15',first half,1,0
S-1770,WC-1991,M-1991-04,T-09,0,1,P-93081,15',first half,0,1
S-1771,WC-1991,M-1991-04,T-44,1,0,P-95229,52',second half,1,0
S-1772,WC-1991,M-1991-04,T-44,1,0,P-10451,52',second half,0,1
S-1773,WC-1991,M-1991-04,T-09,0,1,P-40825,70',second half,1,0
S-1774,WC-1991,M-1991-04,T-09,0,1,P-17405,70',second half,0,1
S-1775,WC-1991,M-1991-05,T-83,0,1,P-25850,33',first half,1,0
S-1776,WC-1991,M-1991-05,T-83,0,1,P-10856,33',first half,0,1
S-1777,WC-1991,M-1991-05,T-74,1,0,P-35861,54',second half,1,0
S-1778,WC-1991,M-1991-05,T-74,1,0,P-02652,54',second half,0,1
S-1779,WC-1991,M-1991-05,T-74,1,0,P-03801,64',second half,1,0
S-1780,WC-1991,M-1991-05,T-74,1,0,P-98080,64',second half,0,1
S-1781,WC-1991,M-1991-06,T-41,0,1,P-02315,48',second half,1,0
S-1782,WC-1991,M-1991-06,T-41,0,1,P-40727,48',second half,0,1
S-1783,WC-1991,M-1991-06,T-15,1,0,P-05432,49',second half,1,0
S-1784,WC-1991,M-1991-06,T-15,1,0,P-18257,49',second half,0,1
S-1785,WC-1991,M-1991-06,T-41,0,1,P-47660,59',second half,1,0
S-1786,WC-1991,M-1991-06,T-41,0,1,P-07005,59',second half,0,1
S-1787,WC-1991,M-1991-06,T-15,1,0,P-78731,62',second half,1,0
S-1788,WC-1991,M-1991-06,T-15,1,0,P-34495,62',second half,0,1
S-1789,WC-1991,M-1991-07,T-49,0,1,P-54269,28',first half,1,0
S-1790,WC-1991,M-1991-07,T-49,0,1,P-07169,28',first half,0,1
S-1791,WC-1991,M-1991-07,T-49,0,1,P-62147,45',first half,1,0
S-1792,WC-1991,M-1991-07,T-49,0,1,P-79951,45',first half,0,1
S-1793,WC-1991,M-1991-07,T-53,1,0,P-35393,59',second half,1,0
S-1794,WC-1991,M-1991-07,T-53,1,0,P-54099,59',second half,0,1
S-1795,WC-1991,M-1991-07,T-53,1,0,P-24254,76',second half,1,0
S-1796,WC-1991,M-1991-07,T-53,1,0,P-03648,76',second half,0,1
S-1797,WC-1991,M-1991-08,T-41,1,0,P-52430,36',first half,1,0
S-1798,WC-1991,M-1991-08,T-41,1,0,P-75268,36',first half,0,1
S-1799,WC-1991,M-1991-08,T-41,1,0,P-23151,63',second half,1,0
S-1800,WC-1991,M-1991-08,T-41,1,0,P-49968,63',second half,0,1
S-1801,WC-1991,M-1991-08,T-50,0,1,P-32241,73',second half,1,0
S-1802,WC-1991,M-1991-08,T-50,0,1,P-55437,73',second half,0,1
S-1803,WC-1991,M-1991-08,T-50,0,1,P-81179,78',second half,1,0
S-1804,WC-1991,M-1991-08,T-50,0,1,P-89903,78',second half,0,1
S-1805,WC-1991,M-1991-09,T-14,1,0,P-15966,59',second half,1,0
S-1806,WC-1991,M-1991-09,T-14,1,0,P-24949,59',second half,0,1
S-1807,WC-1991,M-1991-09,T-14,1,0,P-27968,71',second half,1,0
S-1808,WC-1991,M-1991-09,T-22,0,1,P-23712,71',second half,1,0
S-1809,WC-1991,M-1991-09,T-14,1,0,P-47025,71',second half,0,1
S-1810,WC-1991,M-1991-09,T-22,0,1,P-43998,71',second half,0,1
S-1811,WC-1991,M-1991-10,T-09,1,0,P-01608,39',first half,1,0
S-1812,WC-1991,M-1991-10,T-09,1,0,P-93081,39',first half,0,1
S-1813,WC-1991,M-1991-10,T-83,0,1,P-90564,41',first half,1,0
S-1814,WC-1991,M-1991-10,T-83,0,1,P-99201,41',first half,0,1
S-1815,WC-1991,M-1991-10,T-09,1,0,P-87338,46',second half,1,0
S-1816,WC-1991,M-1991-10,T-09,1,0,P-26383,46',second half,0,1
S-1817,WC-1991,M-1991-10,T-83,0,1,P-25850,67',second half,1,0
S-1818,WC-1991,M-1991-10,T-83,0,1,P-30282,67',second half,0,1
S-1819,WC-1991,M-1991-11,T-74,0,1,P-57215,35',first half,1,0
S-1820,WC-1991,M-1991-11,T-74,0,1,P-31691,35',first half,0,1
S-1821,WC-1991,M-1991-11,T-74,0,1,P-33270,41',first half,1,0
S-1822,WC-1991,M-1991-11,T-74,0,1,P-24936,41',first half,0,1
S-1823,WC-1991,M-1991-11,T-44,1,0,P-77882,67',second half,1,0
S-1824,WC-1991,M-1991-11,T-44,1,0,P-10451,67',second half,0,1
S-1825,WC-1991,M-1991-12,T-31,0,1,P-95856,41',first half,1,0
S-1826,WC-1991,M-1991-12,T-31,0,1,P-48884,41',first half,0,1
S-1827,WC-1991,M-1991-12,T-15,1,0,P-08129,46',second half,1,0
S-1828,WC-1991,M-1991-12,T-15,1,0,P-34495,46',second half,0,1
S-1829,WC-1991,M-1991-12,T-31,0,1,P-63276,61',second half,1,0
S-1830,WC-1991,M-1991-12,T-31,0,1,P-39883,61',second half,0,1
S-1831,WC-1991,M-1991-12,T-15,1,0,P-78731,66',second half,1,0
S-1832,WC-1991,M-1991-12,T-15,1,0,P-48100,66',second half,0,1
S-1833,WC-1991,M-1991-13,T-74,0,1,P-03801,41',first half,1,0
S-1834,WC-1991,M-1991-13,T-74,0,1,P-02652,41',first half,0,1
S-1835,WC-1991,M-1991-13,T-09,1,0,P-24769,60',second half,1,0
S-1836,WC-1991,M-1991-13,T-09,1,0,P-26383,60',second half,0,1
S-1837,WC-1991,M-1991-13,T-09,1,0,P-40825,62',second half,1,0
S-1838,WC-1991,M-1991-13,T-09,1,0,P-54299,62',second half,0,1
S-1839,WC-1991,M-1991-14,T-83,0,1,P-54794,41',first half,1,0
S-1840,WC-1991,M-1991-14,T-83,0,1,P-99328,41',first half,1,0
S-1841,WC-1991,M-1991-14,T-83,0,1,P-25850,41',first half,0,1
S-1842,WC-1991,M-1991-14,T-83,0,1,P-28901,41',first half,0,1
S-1843,WC-1991,M-1991-14,T-44,1,0,P-95229,60',second half,1,0
S-1844,WC-1991,M-1991-14,T-44,1,0,P-57072,60',second half,0,1
S-1845,WC-1991,M-1991-15,T-49,0,1,P-96912,26',first half,1,0
S-1846,WC-1991,M-1991-15,T-49,0,1,P-62147,26',first half,0,1
S-1847,WC-1991,M-1991-15,T-14,1,0,P-24862,28',first half,1,0
S-1848,WC-1991,M-1991-15,T-14,1,0,P-70203,28',first half,0,1
S-1849,WC-1991,M-1991-15,T-14,1,0,P-15966,63',second half,1,0
S-1850,WC-1991,M-1991-15,T-14,1,0,P-47025,63',second half,0,1
S-1851,WC-1991,M-1991-15,T-49,0,1,P-31253,65',second half,1,0
S-1852,WC-1991,M-1991-15,T-49,0,1,P-23793,65',second half,0,1
S-1853,WC-1991,M-1991-16,T-53,1,0,P-58483,29',first half,1,0
S-1854,WC-1991,M-1991-16,T-53,1,0,P-67204,29',first half,0,1
S-1855,WC-1991,M-1991-16,T-22,0,1,P-03790,41',first half,1,0
S-1856,WC-1991,M-1991-16,T-22,0,1,P-88749,41',first half,0,1
S-1857,WC-1991,M-1991-16,T-22,0,1,P-23712,50',second half,1,0
S-1858,WC-1991,M-1991-16,T-22,0,1,P-43393,50',second half,0,1
S-1859,WC-1991,M-1991-16,T-53,1,0,P-58688,62',second half,1,0
S-1860,WC-1991,M-1991-16,T-53,1,0,P-54099,62',second half,0,1
S-1861,WC-1991,M-1991-17,T-15,1,0,P-48100,6',first half,1,0
S-1862,WC-1991,M-1991-17,T-15,1,0,P-04945,6',first half,0,1
S-1863,WC-1991,M-1991-17,T-50,0,1,P-26950,41',first half,1,0
S-1864,WC-1991,M-1991-17,T-50,0,1,P-55437,41',first half,0,1
S-1865,WC-1991,M-1991-17,T-50,0,1,P-59238,60',second half,1,0
S-1866,WC-1991,M-1991-17,T-50,0,1,P-30411,60',second half,0,1
S-1867,WC-1991,M-1991-17,T-15,1,0,P-81582,78',second half,1,0
S-1868,WC-1991,M-1991-17,T-15,1,0,P-05432,78',second half,0,1
S-1869,WC-1991,M-1991-18,T-41,1,0,P-12901,34',first half,1,0
S-1870,WC-1991,M-1991-18,T-41,1,0,P-49968,34',first half,0,1
S-1871,WC-1991,M-1991-18,T-31,0,1,P-08619,41',first half,1,0
S-1872,WC-1991,M-1991-18,T-31,0,1,P-48884,41',first half,0,1
S-1873,WC-1991,M-1991-18,T-41,1,0,P-49968,64',second half,1,0
S-1874,WC-1991,M-1991-18,T-41,1,0,P-47660,64',second half,0,1
S-1875,WC-1991,M-1991-18,T-31,0,1,P-47441,68',second half,1,0
S-1876,WC-1991,M-1991-18,T-31,0,1,P-39883,68',second half,0,1
S-1877,WC-1991,M-1991-19,T-22,1,0,P-23712,47',second half,1,0
S-1878,WC-1991,M-1991-19,T-22,1,0,P-75034,47',second half,0,1
S-1879,WC-1991,M-1991-19,T-31,0,1,P-47441,51',second half,1,0
S-1880,WC-1991,M-1991-19,T-31,0,1,P-51730,51',second half,0,1
S-1881,WC-1991,M-1991-19,T-22,1,0,P-42117,73',second half,1,0
S-1882,WC-1991,M-1991-19,T-22,1,0,P-43998,73',second half,0,1
S-1883,WC-1991,M-1991-19,T-31,0,1,P-10018,89',second half,1,0
S-1884,WC-1991,M-1991-19,T-31,0,1,P-39883,89',second half,0,1
S-1885,WC-1991,M-1991-20,T-14,1,0,P-24949,45',first half,1,0
S-1886,WC-1991,M-1991-20,T-14,1,0,P-47025,45',first half,0,1
S-1887,WC-1991,M-1991-20,T-74,0,1,P-02652,65',second half,1,0
S-1888,WC-1991,M-1991-20,T-74,0,1,P-42701,65',second half,0,1
S-1889,WC-1991,M-1991-20,T-74,0,1,P-98080,67',second half,1,0
S-1890,WC-1991,M-1991-20,T-74,0,1,P-24936,67',second half,0,1
S-1891,WC-1991,M-1991-20,T-14,1,0,P-15966,75',second half,1,0
S-1892,WC-1991,M-1991-20,T-14,1,0,P-27968,75',second half,0,1
S-1893,WC-1991,M-1991-21,T-41,0,1,P-90918,36',first half,1,0
S-1894,WC-1991,M-1991-21,T-41,0,1,P-23151,36',first half,0,1
S-1895,WC-1991,M-1991-21,T-41,0,1,P-75268,68',second half,1,0
S-1896,WC-1991,M-1991-21,T-41,0,1,P-50912,68',second half,0,1
S-1897,WC-1991,M-1991-21,T-53,1,0,P-03648,79',second half,1,0
S-1898,WC-1991,M-1991-21,T-53,1,0,P-84789,79',second half,0,1
S-1899,WC-1991,M-1991-22,T-83,1,0,P-90564,41',first half,1,0
S-1900,WC-1991,M-1991-22,T-83,1,0,P-30282,41',first half,0,1
S-1901,WC-1991,M-1991-22,T-83,1,0,P-56906,57',second half,1,0
S-1902,WC-1991,M-1991-22,T-83,1,0,P-29594,57',second half,0,1
S-1903,WC-1991,M-1991-22,T-15,0,1,P-81582,74',second half,1,0
S-1904,WC-1991,M-1991-22,T-15,0,1,P-48100,74',second half,0,1
S-1905,WC-1991,M-1991-23,T-74,1,0,P-96118,51',second half,1,0
S-1906,WC-1991,M-1991-23,T-74,1,0,P-98080,51',second half,0,1
S-1907,WC-1991,M-1991-23,T-53,0,1,P-18995,61',second half,1,0
S-1908,WC-1991,M-1991-23,T-53,0,1,P-84789,61',second half,0,1
S-1909,WC-1991,M-1991-23,T-74,1,0,P-24936,63',second half,1,0
S-1910,WC-1991,M-1991-23,T-74,1,0,P-84182,63',second half,0,1
S-1911,WC-1991,M-1991-24,T-31,1,0,P-47441,50',second half,1,0
S-1912,WC-1991,M-1991-24,T-31,1,0,P-39883,50',second half,0,1
S-1913,WC-1991,M-1991-24,T-31,1,0,P-63276,60',second half,1,0
S-1914,WC-1991,M-1991-24,T-31,1,0,P-51730,60',second half,0,1
S-1915,WC-1991,M-1991-25,T-31,0,1,P-10018,38',first half,1,0
S-1916,WC-1991,M-1991-25,T-31,0,1,P-58592,38',first half,0,1
S-1917,WC-1991,M-1991-25,T-31,0,1,P-36095,60',second half,1,0
S-1918,WC-1991,M-1991-25,T-31,0,1,P-76215,60',second half,0,1
S-1919,WC-1991,M-1991-26,T-53,1,0,P-29059,79',second half,1,0
S-1920,WC-1991,M-1991-26,T-53,1,0,P-58483,79',second half,0,1
S-1921,WC-1994,M-1994-01,T-31,1,0,P-43380,60',second half,1,0
S-1922,WC-1994,M-1994-01,T-31,1,0,P-78222,60',second half,0,1
S-1923,WC-1994,M-1994-01,T-07,0,1,P-84079,66',second half,1,0
S-1924,WC-1994,M-1994-01,T-07,0,1,P-11058,66',second half,0,1
S-1925,WC-1994,M-1994-01,T-07,0,1,P-97920,79',second half,1,0
S-1926,WC-1994,M-1994-01,T-07,0,1,P-22812,79',second half,0,1
S-1927,WC-1994,M-1994-01,T-31,1,0,P-77552,83',second half,1,0
S-1928,WC-1994,M-1994-01,T-31,1,0,P-47227,83',second half,0,1
S-1929,WC-1994,M-1994-02,T-73,1,0,P-60964,47',second half,1,0
S-1930,WC-1994,M-1994-02,T-73,1,0,P-97666,47',second half,0,1
S-1931,WC-1994,M-1994-02,T-71,0,1,P-95664,59',second half,1,0
S-1932,WC-1994,M-1994-02,T-71,0,1,P-65525,59',second half,0,1
S-1933,WC-1994,M-1994-02,T-73,1,0,P-18314,63',second half,1,0
S-1934,WC-1994,M-1994-02,T-73,1,0,P-97482,63',second half,0,1
S-1935,WC-1994,M-1994-02,T-71,0,1,P-09742,73',second half,1,0
S-1936,WC-1994,M-1994-02,T-71,0,1,P-55350,73',second half,0,1
S-1937,WC-1994,M-1994-03,T-83,1,0,P-67232,58',second half,1,0
S-1938,WC-1994,M-1994-03,T-83,1,0,P-69356,58',second half,0,1
S-1939,WC-1994,M-1994-03,T-75,0,1,P-10499,72',second half,1,0
S-1940,WC-1994,M-1994-03,T-75,0,1,P-76790,72',second half,0,1
S-1941,WC-1994,M-1994-03,T-75,0,1,P-78318,77',second half,1,0
S-1942,WC-1994,M-1994-03,T-75,0,1,P-16251,77',second half,0,1
S-1943,WC-1994,M-1994-03,T-83,1,0,P-96178,81',second half,1,0
S-1944,WC-1994,M-1994-03,T-83,1,0,P-49258,81',second half,0,1
S-1945,WC-1994,M-1994-04,T-41,1,0,P-38178,45',first half,1,0
S-1946,WC-1994,M-1994-04,T-41,1,0,P-31072,45',first half,0,1
S-1947,WC-1994,M-1994-04,T-60,0,1,P-95491,68',second half,1,0
S-1948,WC-1994,M-1994-04,T-60,0,1,P-15705,68',second half,0,1
S-1949,WC-1994,M-1994-04,T-41,1,0,P-32071,84',second half,1,0
S-1950,WC-1994,M-1994-04,T-41,1,0,P-67585,84',second half,0,1
S-1951,WC-1994,M-1994-04,T-60,0,1,P-90357,90',second half,1,0
S-1952,WC-1994,M-1994-04,T-60,0,1,P-42603,90',second half,0,1
S-1953,WC-1994,M-1994-05,T-61,0,1,P-54322,68',second half,1,0
S-1954,WC-1994,M-1994-05,T-61,0,1,P-79864,68',second half,0,1
S-1955,WC-1994,M-1994-05,T-61,0,1,P-69340,90',second half,1,0
S-1956,WC-1994,M-1994-05,T-61,0,1,P-42028,90',second half,0,1
S-1957,WC-1994,M-1994-06,T-06,1,0,P-51869,54',second half,1,0
S-1958,WC-1994,M-1994-06,T-06,1,0,P-35636,54',second half,0,1
S-1959,WC-1994,M-1994-06,T-47,0,1,P-37917,69',second half,1,0
S-1960,WC-1994,M-1994-06,T-47,0,1,P-61219,69',second half,0,1
S-1961,WC-1994,M-1994-06,T-47,0,1,P-09278,82',second half,1,0
S-1962,WC-1994,M-1994-06,T-47,0,1,P-16451,82',second half,0,1
S-1963,WC-1994,M-1994-06,T-06,1,0,P-33197,85',second half,1,0
S-1964,WC-1994,M-1994-06,T-06,1,0,P-10129,85',second half,0,1
S-1965,WC-1994,M-1994-06,T-47,0,1,P-74924,89',second half,1,0
S-1966,WC-1994,M-1994-06,T-47,0,1,P-62567,89',second half,0,1
S-1967,WC-1994,M-1994-07,T-53,1,0,P-31031,46',second half,1,0
S-1968,WC-1994,M-1994-07,T-46,0,1,P-16030,46',second half,1,0
S-1969,WC-1994,M-1994-07,T-53,1,0,P-83152,46',second half,0,1
S-1970,WC-1994,M-1994-07,T-46,0,1,P-82483,46',second half,0,1
S-1971,WC-1994,M-1994-07,T-46,0,1,P-74788,71',second half,1,0
S-1972,WC-1994,M-1994-07,T-46,0,1,P-40627,71',second half,0,1
S-1973,WC-1994,M-1994-07,T-53,1,0,P-48934,78',second half,1,0
S-1974,WC-1994,M-1994-07,T-53,1,0,P-72296,78',second half,0,1
S-1975,WC-1994,M-1994-08,T-74,0,1,P-65081,61',second half,1,0
S-1976,WC-1994,M-1994-08,T-74,0,1,P-42895,61',second half,0,1
S-1977,WC-1994,M-1994-08,T-74,0,1,P-21234,76',second half,1,0
S-1978,WC-1994,M-1994-08,T-74,0,1,P-60371,76',second half,0,1
S-1979,WC-1994,M-1994-08,T-11,1,0,P-43560,81',second half,1,0
S-1980,WC-1994,M-1994-08,T-11,1,0,P-49445,81',second half,0,1
S-1981,WC-1994,M-1994-08,T-11,1,0,P-59402,88',second half,1,0
S-1982,WC-1994,M-1994-08,T-11,1,0,P-03377,88',second half,0,1
S-1983,WC-1994,M-1994-09,T-62,0,1,P-46493,55',second half,1,0
S-1984,WC-1994,M-1994-09,T-62,0,1,P-73354,55',second half,0,1
S-1985,WC-1994,M-1994-09,T-09,1,0,P-61247,75',second half,1,0
S-1986,WC-1994,M-1994-09,T-09,1,0,P-56505,75',second half,0,1
S-1987,WC-1994,M-1994-09,T-62,0,1,P-42532,77',second half,1,0
S-1988,WC-1994,M-1994-09,T-62,0,1,P-99207,77',second half,0,1
S-1989,WC-1994,M-1994-09,T-09,1,0,P-32466,85',second half,1,0
S-1990,WC-1994,M-1994-09,T-09,1,0,P-78793,85',second half,0,1
S-1991,WC-1994,M-1994-10,T-63,0,1,P-03048,45',first half,1,0
S-1992,WC-1994,M-1994-10,T-63,0,1,P-60814,45',first half,0,1
S-1993,WC-1994,M-1994-10,T-48,1,0,P-33834,58',second half,1,0
S-1994,WC-1994,M-1994-10,T-48,1,0,P-20827,58',second half,0,1
S-1995,WC-1994,M-1994-10,T-63,0,1,P-41428,69',second half,1,0
S-1996,WC-1994,M-1994-10,T-63,0,1,P-61224,69',second half,0,1
S-1997,WC-1994,M-1994-10,T-48,1,0,P-03942,81',second half,1,0
S-1998,WC-1994,M-1994-10,T-48,1,0,P-99166,81',second half,0,1
S-1999,WC-1994,M-1994-11,T-33,0,1,P-75239,45',first half,1,0
S-2000,WC-1994,M-1994-11,T-33,0,1,P-83956,45',first half,0,1
S-2001,WC-1994,M-1994-11,T-33,0,1,P-16110,59',second half,1,0
S-2002,WC-1994,M-1994-11,T-33,0,1,P-12695,59',second half,0,1
S-2003,WC-1994,M-1994-11,T-03,1,0,P-07031,80',second half,1,0
S-2004,WC-1994,M-1994-11,T-03,1,0,P-93732,80',second half,0,1
S-2005,WC-1994,M-1994-11,T-03,1,0,P-80404,83',second half,1,0
S-2006,WC-1994,M-1994-11,T-03,1,0,P-00065,83',second half,0,1
S-2007,WC-1994,M-1994-12,T-31,1,0,P-37963,62',second half,1,0
S-2008,WC-1994,M-1994-12,T-31,1,0,P-04572,62',second half,0,1
S-2009,WC-1994,M-1994-12,T-73,0,1,P-00619,64',second half,1,0
S-2010,WC-1994,M-1994-12,T-73,0,1,P-44411,64',second half,0,1
S-2011,WC-1994,M-1994-12,T-73,0,1,P-78385,77',second half,1,0
S-2012,WC-1994,M-1994-12,T-73,0,1,P-80697,77',second half,0,1
S-2013,WC-1994,M-1994-13,T-10,0,1,P-19567,59',second half,1,0
S-2014,WC-1994,M-1994-13,T-10,0,1,P-05061,59',second half,0,1
S-2015,WC-1994,M-1994-13,T-50,1,0,P-72487,69',second half,1,0
S-2016,WC-1994,M-1994-13,T-50,1,0,P-56969,69',second half,0,1
S-2017,WC-1994,M-1994-13,T-10,0,1,P-40793,73',second half,1,0
S-2018,WC-1994,M-1994-13,T-10,0,1,P-99271,73',second half,0,1
S-2019,WC-1994,M-1994-13,T-50,1,0,P-54287,77',second half,1,0
S-2020,WC-1994,M-1994-13,T-50,1,0,P-26103,77',second half,0,1
S-2021,WC-1994,M-1994-14,T-61,1,0,P-54322,70',second half,1,0
S-2022,WC-1994,M-1994-14,T-61,1,0,P-15773,70',second half,0,1
S-2023,WC-1994,M-1994-14,T-75,0,1,P-56818,71',second half,1,0
S-2024,WC-1994,M-1994-14,T-75,0,1,P-10499,71',second half,0,1
S-2025,WC-1994,M-1994-14,T-75,0,1,P-92672,83',second half,1,0
S-2026,WC-1994,M-1994-14,T-75,0,1,P-80695,83',second half,0,1
S-2027,WC-1994,M-1994-14,T-61,1,0,P-86528,85',second half,1,0
S-2028,WC-1994,M-1994-14,T-61,1,0,P-11979,85',second half,0,1
S-2029,WC-1994,M-1994-15,T-16,0,1,P-23692,45',first half,1,0
S-2030,WC-1994,M-1994-15,T-16,0,1,P-10444,45',first half,1,0
S-2031,WC-1994,M-1994-15,T-16,0,1,P-27157,45',first half,0,1
S-2032,WC-1994,M-1994-15,T-16,0,1,P-55994,45',first half,0,1
S-2033,WC-1994,M-1994-15,T-83,1,0,P-67232,61',second half,1,0
S-2034,WC-1994,M-1994-15,T-83,1,0,P-69356,61',second half,0,1
S-2035,WC-1994,M-1994-15,T-83,1,0,P-96178,66',second half,1,0
S-2036,WC-1994,M-1994-15,T-83,1,0,P-49258,66',second half,0,1
S-2037,WC-1994,M-1994-16,T-41,1,0,P-78756,22',first half,1,0
S-2038,WC-1994,M-1994-16,T-41,1,0,P-93900,22',first half,0,1
S-2039,WC-1994,M-1994-16,T-53,0,1,P-96984,45',first half,1,0
S-2040,WC-1994,M-1994-16,T-53,0,1,P-31031,45',first half,0,1
S-2041,WC-1994,M-1994-16,T-41,1,0,P-42920,49',second half,1,0
S-2042,WC-1994,M-1994-16,T-41,1,0,P-83615,49',second half,0,1
S-2043,WC-1994,M-1994-16,T-41,1,0,P-26730,69',second half,1,0
S-2044,WC-1994,M-1994-16,T-41,1,0,P-31072,69',second half,0,1
S-2045,WC-1994,M-1994-16,T-53,0,1,P-48934,81',second half,1,0
S-2046,WC-1994,M-1994-16,T-53,0,1,P-72296,81',second half,0,1
S-2047,WC-1994,M-1994-17,T-71,1,0,P-65525,65',second half,1,0
S-2048,WC-1994,M-1994-17,T-71,1,0,P-55350,65',second half,0,1
S-2049,WC-1994,M-1994-17,T-07,0,1,P-97920,67',second half,1,0
S-2050,WC-1994,M-1994-17,T-07,0,1,P-20960,67',second half,0,1
S-2051,WC-1994,M-1994-17,T-71,1,0,P-09742,71',second half,1,0
S-2052,WC-1994,M-1994-17,T-71,1,0,P-51868,71',second half,0,1
S-2053,WC-1994,M-1994-18,T-60,0,1,P-69817,66',second half,1,0
S-2054,WC-1994,M-1994-18,T-60,0,1,P-15705,66',second half,0,1
S-2055,WC-1994,M-1994-18,T-60,0,1,P-90357,67',second half,1,0
S-2056,WC-1994,M-1994-18,T-60,0,1,P-42603,67',second half,0,1
S-2057,WC-1994,M-1994-18,T-46,1,0,P-97610,80',second half,1,0
S-2058,WC-1994,M-1994-18,T-46,1,0,P-22941,80',second half,1,0
S-2059,WC-1994,M-1994-18,T-46,1,0,P-87112,80',second half,0,1
S-2060,WC-1994,M-1994-18,T-46,1,0,P-74788,80',second half,0,1
S-2061,WC-1994,M-1994-19,T-11,0,1,P-43560,64',second half,1,0
S-2062,WC-1994,M-1994-19,T-11,0,1,P-58080,64',second half,0,1
S-2063,WC-1994,M-1994-19,T-11,0,1,P-59402,71',second half,1,0
S-2064,WC-1994,M-1994-19,T-11,0,1,P-03377,71',second half,0,1
S-2065,WC-1994,M-1994-19,T-09,1,0,P-12418,75',second half,1,0
S-2066,WC-1994,M-1994-19,T-09,1,0,P-86509,75',second half,0,1
S-2067,WC-1994,M-1994-19,T-09,1,0,P-93386,81',second half,1,0
S-2068,WC-1994,M-1994-19,T-09,1,0,P-60969,81',second half,0,1
S-2069,WC-1994,M-1994-20,T-62,0,1,P-46886,41',first half,1,0
S-2070,WC-1994,M-1994-20,T-62,0,1,P-48249,41',first half,0,1
S-2071,WC-1994,M-1994-20,T-62,0,1,P-99207,51',second half,1,0
S-2072,WC-1994,M-1994-20,T-62,0,1,P-95639,51',second half,0,1
S-2073,WC-1994,M-1994-20,T-74,1,0,P-60371,84',second half,1,0
S-2074,WC-1994,M-1994-20,T-74,1,0,P-42895,84',second half,0,1
S-2075,WC-1994,M-1994-20,T-74,1,0,P-39860,89',second half,1,0
S-2076,WC-1994,M-1994-20,T-74,1,0,P-39634,89',second half,0,1
S-2077,WC-1994,M-1994-21,T-48,0,1,P-92804,46',second half,1,0
S-2078,WC-1994,M-1994-21,T-48,0,1,P-51357,46',second half,0,1
S-2079,WC-1994,M-1994-21,T-06,1,0,P-10129,61',second half,1,0
S-2080,WC-1994,M-1994-21,T-06,1,0,P-61846,61',second half,0,1
S-2081,WC-1994,M-1994-21,T-48,0,1,P-20827,64',second half,1,0
S-2082,WC-1994,M-1994-21,T-48,0,1,P-33834,64',second half,0,1
S-2083,WC-1994,M-1994-21,T-06,1,0,P-35636,78',second half,1,0
S-2084,WC-1994,M-1994-21,T-06,1,0,P-72736,78',second half,0,1
S-2085,WC-1994,M-1994-22,T-63,1,0,P-22789,30',first half,1,0
S-2086,WC-1994,M-1994-22,T-63,1,0,P-50171,30',first half,0,1
S-2087,WC-1994,M-1994-22,T-47,0,1,P-61342,57',second half,1,0
S-2088,WC-1994,M-1994-22,T-47,0,1,P-33746,57',second half,0,1
S-2089,WC-1994,M-1994-22,T-47,0,1,P-48036,73',second half,1,0
S-2090,WC-1994,M-1994-22,T-47,0,1,P-45896,73',second half,0,1
S-2091,WC-1994,M-1994-22,T-63,1,0,P-88041,80',second half,1,0
S-2092,WC-1994,M-1994-22,T-63,1,0,P-39267,80',second half,0,1
S-2093,WC-1994,M-1994-23,T-50,0,1,P-72487,57',second half,1,0
S-2094,WC-1994,M-1994-23,T-50,0,1,P-56969,57',second half,0,1
S-2095,WC-1994,M-1994-23,T-03,1,0,P-07031,72',second half,1,0
S-2096,WC-1994,M-1994-23,T-03,1,0,P-93732,72',second half,0,1
S-2097,WC-1994,M-1994-23,T-03,1,0,P-82949,88',second half,1,0
S-2098,WC-1994,M-1994-23,T-50,0,1,P-41790,88',second half,1,0
S-2099,WC-1994,M-1994-23,T-03,1,0,P-69852,88',second half,0,1
S-2100,WC-1994,M-1994-23,T-50,0,1,P-83122,88',second half,0,1
S-2101,WC-1994,M-1994-24,T-33,0,1,P-38731,46',second half,1,0
S-2102,WC-1994,M-1994-24,T-33,0,1,P-12695,46',second half,0,1
S-2103,WC-1994,M-1994-24,T-33,0,1,P-98623,58',second half,1,0
S-2104,WC-1994,M-1994-24,T-33,0,1,P-11986,58',second half,0,1
S-2105,WC-1994,M-1994-24,T-10,1,0,P-06964,77',second half,1,0
S-2106,WC-1994,M-1994-24,T-10,1,0,P-48990,77',second half,0,1
S-2107,WC-1994,M-1994-24,T-10,1,0,P-23633,82',second half,1,0
S-2108,WC-1994,M-1994-24,T-10,1,0,P-40793,82',second half,0,1
S-2109,WC-1994,M-1994-25,T-16,0,1,P-55994,64',second half,1,0
S-2110,WC-1994,M-1994-25,T-16,0,1,P-23692,64',second half,0,1
S-2111,WC-1994,M-1994-25,T-16,0,1,P-42991,79',second half,1,0
S-2112,WC-1994,M-1994-25,T-16,0,1,P-19743,79',second half,0,1
S-2113,WC-1994,M-1994-25,T-75,1,0,P-56818,82',second half,1,0
S-2114,WC-1994,M-1994-25,T-75,1,0,P-01678,82',second half,1,0
S-2115,WC-1994,M-1994-25,T-75,1,0,P-76790,82',second half,0,1
S-2116,WC-1994,M-1994-25,T-75,1,0,P-43247,82',second half,0,1
S-2117,WC-1994,M-1994-26,T-83,1,0,P-07720,64',second half,1,0
S-2118,WC-1994,M-1994-26,T-83,1,0,P-49258,64',second half,0,1
S-2119,WC-1994,M-1994-26,T-83,1,0,P-09412,75',second half,1,0
S-2120,WC-1994,M-1994-26,T-83,1,0,P-69356,75',second half,0,1
S-2121,WC-1994,M-1994-26,T-61,0,1,P-69340,84',second half,1,0
S-2122,WC-1994,M-1994-26,T-61,0,1,P-17898,84',second half,0,1
S-2123,WC-1994,M-1994-26,T-61,0,1,P-43639,89',second half,1,0
S-2124,WC-1994,M-1994-26,T-61,0,1,P-81047,89',second half,0,1
S-2125,WC-1994,M-1994-27,T-73,0,1,P-97482,45',first half,1,0
S-2126,WC-1994,M-1994-27,T-73,0,1,P-35246,45',first half,0,1
S-2127,WC-1994,M-1994-27,T-07,1,0,P-09423,47',second half,1,0
S-2128,WC-1994,M-1994-27,T-07,1,0,P-11058,47',second half,0,1
S-2129,WC-1994,M-1994-27,T-07,1,0,P-61814,62',second half,1,0
S-2130,WC-1994,M-1994-27,T-07,1,0,P-90575,62',second half,0,1
S-2131,WC-1994,M-1994-27,T-73,0,1,P-78385,68',second half,1,0
S-2132,WC-1994,M-1994-27,T-73,0,1,P-44411,68',second half,0,1
S-2133,WC-1994,M-1994-28,T-71,0,1,P-50333,40',first half,1,0
S-2134,WC-1994,M-1994-28,T-71,0,1,P-93017,40',first half,0,1
S-2135,WC-1994,M-1994-28,T-71,0,1,P-20285,45',first half,1,0
S-2136,WC-1994,M-1994-28,T-71,0,1,P-52179,45',first half,1,0
S-2137,WC-1994,M-1994-28,T-71,0,1,P-95122,45',first half,0,1
S-2138,WC-1994,M-1994-28,T-71,0,1,P-65525,45',first half,0,1
S-2139,WC-1994,M-1994-28,T-31,1,0,P-49502,64',second half,1,0
S-2140,WC-1994,M-1994-28,T-31,1,0,P-37963,64',second half,0,1
S-2141,WC-1994,M-1994-28,T-31,1,0,P-61872,75',second half,1,0
S-2142,WC-1994,M-1994-28,T-31,1,0,P-87830,75',second half,0,1
S-2143,WC-1994,M-1994-29,T-41,1,0,P-26730,45',first half,1,0
S-2144,WC-1994,M-1994-29,T-41,1,0,P-31072,45',first half,0,1
S-2145,WC-1994,M-1994-29,T-41,1,0,P-52474,65',second half,1,0
S-2146,WC-1994,M-1994-29,T-41,1,0,P-38434,65',second half,0,1
S-2147,WC-1994,M-1994-29,T-46,0,1,P-46904,81',second half,1,0
S-2148,WC-1994,M-1994-29,T-46,0,1,P-70776,81',second half,0,1
S-2149,WC-1994,M-1994-30,T-53,0,1,P-83152,34',first half,1,0
S-2150,WC-1994,M-1994-30,T-53,0,1,P-31031,34',first half,0,1
S-2151,WC-1994,M-1994-30,T-60,1,0,P-42603,65',second half,1,0
S-2152,WC-1994,M-1994-30,T-60,1,0,P-98535,65',second half,0,1
S-2153,WC-1994,M-1994-30,T-53,0,1,P-61579,68',second half,1,0
S-2154,WC-1994,M-1994-30,T-53,0,1,P-50065,68',second half,0,1
S-2155,WC-1994,M-1994-30,T-60,1,0,P-28854,75',second half,1,0
S-2156,WC-1994,M-1994-30,T-60,1,0,P-04391,75',second half,0,1
S-2157,WC-1994,M-1994-31,T-11,0,1,P-59402,45',first half,1,0
S-2158,WC-1994,M-1994-31,T-11,0,1,P-58080,45',first half,0,1
S-2159,WC-1994,M-1994-31,T-11,0,1,P-43560,47',second half,1,0
S-2160,WC-1994,M-1994-31,T-11,0,1,P-63012,47',second half,0,1
S-2161,WC-1994,M-1994-31,T-62,1,0,P-88486,65',second half,1,0
S-2162,WC-1994,M-1994-31,T-62,1,0,P-42532,65',second half,0,1
S-2163,WC-1994,M-1994-31,T-62,1,0,P-93191,78',second half,1,0
S-2164,WC-1994,M-1994-31,T-62,1,0,P-76498,78',second half,0,1
S-2165,WC-1994,M-1994-32,T-09,1,0,P-12551,45',first half,1,0
S-2166,WC-1994,M-1994-32,T-09,1,0,P-78793,45',first half,0,1
S-2167,WC-1994,M-1994-32,T-74,0,1,P-42895,65',second half,1,0
S-2168,WC-1994,M-1994-32,T-74,0,1,P-65081,65',second half,0,1
S-2169,WC-1994,M-1994-32,T-74,0,1,P-63692,75',second half,1,0
S-2170,WC-1994,M-1994-32,T-74,0,1,P-66178,75',second half,0,1
S-2171,WC-1994,M-1994-32,T-09,1,0,P-93386,83',second half,1,0
S-2172,WC-1994,M-1994-32,T-09,1,0,P-86509,83',second half,0,1
S-2173,WC-1994,M-1994-33,T-06,1,0,P-28230,24',first half,1,0
S-2174,WC-1994,M-1994-33,T-06,1,0,P-51869,24',first half,0,1
S-2175,WC-1994,M-1994-33,T-63,0,1,P-03048,46',second half,1,0
S-2176,WC-1994,M-1994-33,T-63,0,1,P-78753,46',second half,0,1
S-2177,WC-1994,M-1994-33,T-06,1,0,P-69659,54',second half,1,0
S-2178,WC-1994,M-1994-33,T-06,1,0,P-83199,54',second half,0,1
S-2179,WC-1994,M-1994-33,T-63,0,1,P-41428,62',second half,1,0
S-2180,WC-1994,M-1994-33,T-63,0,1,P-60332,62',second half,0,1
S-2181,WC-1994,M-1994-34,T-47,1,0,P-91608,47',second half,1,0
S-2182,WC-1994,M-1994-34,T-47,1,0,P-45896,47',second half,0,1
S-2183,WC-1994,M-1994-34,T-48,0,1,P-33834,56',second half,1,0
S-2184,WC-1994,M-1994-34,T-48,0,1,P-20827,56',second half,0,1
S-2185,WC-1994,M-1994-34,T-47,1,0,P-84885,61',second half,1,0
S-2186,WC-1994,M-1994-34,T-47,1,0,P-08730,61',second half,0,1
S-2187,WC-1994,M-1994-34,T-48,0,1,P-99166,67',second half,1,0
S-2188,WC-1994,M-1994-34,T-48,0,1,P-03942,67',second half,0,1
S-2189,WC-1994,M-1994-35,T-03,1,0,P-35873,26',first half,1,0
S-2190,WC-1994,M-1994-35,T-03,1,0,P-00065,26',first half,0,1
S-2191,WC-1994,M-1994-35,T-03,1,0,P-27629,67',second half,1,0
S-2192,WC-1994,M-1994-35,T-03,1,0,P-16961,67',second half,0,1
S-2193,WC-1994,M-1994-35,T-10,0,1,P-23633,74',second half,1,0
S-2194,WC-1994,M-1994-35,T-10,0,1,P-48990,74',second half,0,1
S-2195,WC-1994,M-1994-35,T-10,0,1,P-19567,76',second half,1,0
S-2196,WC-1994,M-1994-35,T-10,0,1,P-40793,76',second half,0,1
S-2197,WC-1994,M-1994-36,T-50,0,1,P-98228,69',second half,1,0
S-2198,WC-1994,M-1994-36,T-50,0,1,P-83122,69',second half,0,1
S-2199,WC-1994,M-1994-36,T-33,1,0,P-12695,72',second half,1,0
S-2200,WC-1994,M-1994-36,T-33,1,0,P-75239,72',second half,0,1
S-2201,WC-1994,M-1994-36,T-33,1,0,P-16110,80',second half,1,0
S-2202,WC-1994,M-1994-36,T-33,1,0,P-11986,80',second half,0,1
S-2203,WC-1994,M-1994-36,T-50,0,1,P-54287,84',second half,1,0
S-2204,WC-1994,M-1994-36,T-50,0,1,P-56969,84',second half,0,1
S-2205,WC-1994,M-1994-37,T-31,1,0,P-49502,45',first half,1,0
S-2206,WC-1994,M-1994-37,T-31,1,0,P-67713,45',first half,0,1
S-2207,WC-1994,M-1994-37,T-06,0,1,P-61846,66',second half,1,0
S-2208,WC-1994,M-1994-37,T-06,0,1,P-33197,66',second half,0,1
S-2209,WC-1994,M-1994-37,T-06,0,1,P-51869,78',second half,1,0
S-2210,WC-1994,M-1994-37,T-06,0,1,P-88070,78',second half,0,1
S-2211,WC-1994,M-1994-37,T-31,1,0,P-91373,86',second half,1,0
S-2212,WC-1994,M-1994-37,T-31,1,0,P-71595,86',second half,0,1
S-2213,WC-1994,M-1994-38,T-75,0,1,P-14226,58',second half,1,0
S-2214,WC-1994,M-1994-38,T-75,0,1,P-82747,58',second half,0,1
S-2215,WC-1994,M-1994-38,T-73,1,0,P-00619,61',second half,1,0
S-2216,WC-1994,M-1994-38,T-73,1,0,P-23403,61',second half,0,1
S-2217,WC-1994,M-1994-38,T-75,0,1,P-92672,73',second half,1,0
S-2218,WC-1994,M-1994-38,T-75,0,1,P-76790,73',second half,0,1
S-2219,WC-1994,M-1994-38,T-73,1,0,P-35246,76',second half,1,0
S-2220,WC-1994,M-1994-38,T-73,1,0,P-20256,76',second half,0,1
S-2221,WC-1994,M-1994-39,T-63,1,0,P-29132,55',second half,1,0
S-2222,WC-1994,M-1994-39,T-74,0,1,P-39860,55',second half,1,0
S-2223,WC-1994,M-1994-39,T-63,1,0,P-39267,55',second half,0,1
S-2224,WC-1994,M-1994-39,T-74,0,1,P-72332,55',second half,0,1
S-2225,WC-1994,M-1994-39,T-63,1,0,P-23379,63',second half,1,0
S-2226,WC-1994,M-1994-39,T-63,1,0,P-78753,63',second half,0,1
S-2227,WC-1994,M-1994-39,T-74,0,1,P-92339,70',second half,1,0
S-2228,WC-1994,M-1994-39,T-74,0,1,P-66178,70',second half,0,1
S-2229,WC-1994,M-1994-40,T-03,0,1,P-82949,63',second half,1,0
S-2230,WC-1994,M-1994-40,T-03,0,1,P-16961,63',second half,0,1
S-2231,WC-1994,M-1994-40,T-61,1,0,P-30739,86',second half,1,0
S-2232,WC-1994,M-1994-40,T-61,1,0,P-17898,86',second half,0,1
S-2233,WC-1994,M-1994-40,T-61,1,0,P-54322,89',second half,1,0
S-2234,WC-1994,M-1994-40,T-61,1,0,P-42028,89',second half,0,1
S-2235,WC-1994,M-1994-41,T-60,0,1,P-69817,63',second half,1,0
S-2236,WC-1994,M-1994-41,T-60,0,1,P-15705,63',second half,0,1
S-2237,WC-1994,M-1994-41,T-48,1,0,P-99166,70',second half,1,0
S-2238,WC-1994,M-1994-41,T-48,1,0,P-03942,70',second half,0,1
S-2239,WC-1994,M-1994-41,T-60,0,1,P-90357,74',second half,1,0
S-2240,WC-1994,M-1994-41,T-60,0,1,P-94106,74',second half,0,1
S-2241,WC-1994,M-1994-41,T-48,1,0,P-51357,79',second half,1,0
S-2242,WC-1994,M-1994-41,T-48,1,0,P-92458,79',second half,0,1
S-2243,WC-1994,M-1994-42,T-83,0,1,P-07720,45',first half,1,0
S-2244,WC-1994,M-1994-42,T-83,0,1,P-67232,45',first half,0,1
S-2245,WC-1994,M-1994-42,T-83,0,1,P-85613,66',second half,1,0
S-2246,WC-1994,M-1994-42,T-83,0,1,P-69356,66',second half,0,1
S-2247,WC-1994,M-1994-42,T-09,1,0,P-12418,69',second half,1,0
S-2248,WC-1994,M-1994-42,T-09,1,0,P-91718,69',second half,0,1
S-2249,WC-1994,M-1994-43,T-50,1,0,P-84893,35',first half,1,0
S-2250,WC-1994,M-1994-43,T-50,1,0,P-56969,35',first half,0,1
S-2251,WC-1994,M-1994-43,T-41,0,1,P-67585,45',first half,1,0
S-2252,WC-1994,M-1994-43,T-41,0,1,P-52474,45',first half,0,1
S-2253,WC-1994,M-1994-43,T-50,1,0,P-22820,57',second half,1,0
S-2254,WC-1994,M-1994-43,T-50,1,0,P-91871,57',second half,0,1
S-2255,WC-1994,M-1994-43,T-41,0,1,P-32071,65',second half,1,0
S-2256,WC-1994,M-1994-43,T-41,0,1,P-78280,65',second half,0,1
S-2257,WC-1994,M-1994-44,T-10,0,1,P-05061,104',"extra time, first half",1,0
S-2258,WC-1994,M-1994-44,T-10,0,1,P-67920,104',"extra time, first half",0,1
S-2259,WC-1994,M-1994-44,T-10,0,1,P-23633,119',"extra time, second half",1,0
S-2260,WC-1994,M-1994-44,T-10,0,1,P-24215,119',"extra time, second half",0,1
S-2261,WC-1994,M-1994-45,T-41,1,0,P-87231,45',first half,1,0
S-2262,WC-1994,M-1994-45,T-41,1,0,P-32071,45',first half,0,1
S-2263,WC-1994,M-1994-45,T-73,0,1,P-96053,60',second half,1,0
S-2264,WC-1994,M-1994-45,T-73,0,1,P-18314,60',second half,0,1
S-2265,WC-1994,M-1994-45,T-73,0,1,P-44411,65',second half,1,0
S-2266,WC-1994,M-1994-45,T-73,0,1,P-35246,65',second half,0,1
S-2267,WC-1994,M-1994-45,T-41,1,0,P-96535,66',second half,1,0
S-2268,WC-1994,M-1994-45,T-41,1,0,P-67585,66',second half,0,1
S-2269,WC-1994,M-1994-46,T-48,1,0,P-99166,54',second half,1,0
S-2270,WC-1994,M-1994-46,T-48,1,0,P-03942,54',second half,0,1
S-2271,WC-1994,M-1994-46,T-48,1,0,P-92391,65',second half,1,0
S-2272,WC-1994,M-1994-46,T-48,1,0,P-92804,65',second half,0,1
S-2273,WC-1994,M-1994-46,T-09,0,1,P-78793,81',second half,1,0
S-2274,WC-1994,M-1994-46,T-09,0,1,P-93386,81',second half,0,1
S-2275,WC-1994,M-1994-46,T-09,0,1,P-90842,90',second half,1,0
S-2276,WC-1994,M-1994-46,T-09,0,1,P-91718,90',second half,0,1
S-2277,WC-1994,M-1994-47,T-31,0,1,P-68490,59',second half,1,0
S-2278,WC-1994,M-1994-47,T-31,0,1,P-47227,59',second half,0,1
S-2279,WC-1994,M-1994-47,T-31,0,1,P-77552,83',second half,1,0
S-2280,WC-1994,M-1994-47,T-31,0,1,P-67713,83',second half,0,1
S-2281,WC-1994,M-1994-47,T-10,1,0,P-81648,85',second half,1,0
S-2282,WC-1994,M-1994-47,T-10,1,0,P-99271,85',second half,0,1
S-2283,WC-1994,M-1994-47,T-10,1,0,P-23633,90',second half,1,0
S-2284,WC-1994,M-1994-47,T-10,1,0,P-67920,90',second half,0,1
S-2285,WC-1994,M-1994-48,T-61,1,0,P-04888,84',second half,1,0
S-2286,WC-1994,M-1994-48,T-74,0,1,P-39860,84',second half,1,0
S-2287,WC-1994,M-1994-48,T-61,1,0,P-11979,84',second half,0,1
S-2288,WC-1994,M-1994-48,T-74,0,1,P-72332,84',second half,0,1
S-2289,WC-1994,M-1994-48,T-74,0,1,P-63429,107',"extra time, second half",1,0
S-2290,WC-1994,M-1994-48,T-74,0,1,P-42895,107',"extra time, second half",0,1
S-2291,WC-1994,M-1994-49,T-41,0,1,P-52474,56',second half,1,0
S-2292,WC-1994,M-1994-49,T-41,0,1,P-96535,56',second half,0,1
S-2293,WC-1994,M-1994-49,T-41,0,1,P-78756,71',second half,1,0
S-2294,WC-1994,M-1994-49,T-41,0,1,P-32071,71',second half,0,1
S-2295,WC-1994,M-1994-49,T-10,1,0,P-23633,72',second half,1,0
S-2296,WC-1994,M-1994-49,T-10,1,0,P-99271,72',second half,0,1
S-2297,WC-1994,M-1994-49,T-10,1,0,P-81648,79',second half,1,0
S-2298,WC-1994,M-1994-49,T-10,1,0,P-67920,79',second half,0,1
S-2299,WC-1994,M-1994-50,T-09,0,1,P-78793,45',first half,1,0
S-2300,WC-1994,M-1994-50,T-09,0,1,P-93386,45',first half,0,1
S-2301,WC-1994,M-1994-50,T-74,1,0,P-63429,68',second half,1,0
S-2302,WC-1994,M-1994-50,T-74,1,0,P-80132,68',second half,0,1
S-2303,WC-1994,M-1994-51,T-10,0,1,P-47670,42',first half,1,0
S-2304,WC-1994,M-1994-51,T-10,0,1,P-88510,42',first half,0,1
S-2305,WC-1994,M-1994-51,T-10,0,1,P-94024,46',second half,1,0
S-2306,WC-1994,M-1994-51,T-10,0,1,P-05061,46',second half,1,0
S-2307,WC-1994,M-1994-51,T-10,0,1,P-31099,46',second half,0,1
S-2308,WC-1994,M-1994-51,T-10,0,1,P-99271,46',second half,0,1
S-2309,WC-1994,M-1994-51,T-74,1,0,P-42895,79',second half,1,0
S-2310,WC-1994,M-1994-51,T-74,1,0,P-59805,79',second half,0,1
S-2311,WC-1994,M-1994-52,T-09,1,0,P-26340,21',first half,1,0
S-2312,WC-1994,M-1994-52,T-09,1,0,P-91718,21',first half,0,1
S-2313,WC-1994,M-1994-52,T-41,0,1,P-02430,35',first half,1,0
S-2314,WC-1994,M-1994-52,T-41,0,1,P-83615,35',first half,0,1
S-2315,WC-1994,M-1994-52,T-41,0,1,P-52474,95',"extra time, first half",1,0
S-2316,WC-1994,M-1994-52,T-41,0,1,P-38178,95',"extra time, first half",0,1
S-2317,WC-1994,M-1994-52,T-09,1,0,P-12418,106',"extra time, second half",1,0
S-2318,WC-1994,M-1994-52,T-09,1,0,P-81097,106',"extra time, second half",0,1
S-2319,WC-1995,M-1995-01,T-31,1,0,P-21423,65',second half,1,0
S-2320,WC-1995,M-1995-01,T-31,1,0,P-52478,65',second half,0,1
S-2321,WC-1995,M-1995-01,T-44,0,1,P-29094,73',second half,1,0
S-2322,WC-1995,M-1995-01,T-44,0,1,P-77882,73',second half,0,1
S-2323,WC-1995,M-1995-01,T-44,0,1,P-91514,80',second half,1,0
S-2324,WC-1995,M-1995-01,T-44,0,1,P-57072,80',second half,0,1
S-2325,WC-1995,M-1995-01,T-31,1,0,P-53623,82',second half,1,0
S-2326,WC-1995,M-1995-01,T-31,1,0,P-61679,82',second half,0,1
S-2327,WC-1995,M-1995-02,T-09,0,1,P-97167,16',first half,1,0
S-2328,WC-1995,M-1995-02,T-09,0,1,P-01608,16',first half,0,1
S-2329,WC-1995,M-1995-02,T-74,1,0,P-08153,43',first half,1,0
S-2330,WC-1995,M-1995-02,T-74,1,0,P-90709,43',first half,0,1
S-2331,WC-1995,M-1995-02,T-74,1,0,P-84497,61',second half,1,0
S-2332,WC-1995,M-1995-02,T-74,1,0,P-24936,61',second half,0,1
S-2333,WC-1995,M-1995-02,T-74,1,0,P-11793,83',second half,1,0
S-2334,WC-1995,M-1995-02,T-09,0,1,P-01608,83',second half,1,0
S-2335,WC-1995,M-1995-02,T-74,1,0,P-17354,83',second half,0,1
S-2336,WC-1995,M-1995-02,T-09,0,1,P-10543,83',second half,0,1
S-2337,WC-1995,M-1995-03,T-28,1,0,P-78636,70',second half,1,0
S-2338,WC-1995,M-1995-03,T-28,1,0,P-53455,70',second half,0,1
S-2339,WC-1995,M-1995-03,T-28,1,0,P-84117,75',second half,1,0
S-2340,WC-1995,M-1995-03,T-28,1,0,P-03911,75',second half,0,1
S-2341,WC-1995,M-1995-03,T-12,0,1,P-40501,78',second half,1,0
S-2342,WC-1995,M-1995-03,T-12,0,1,P-36143,78',second half,0,1
S-2343,WC-1995,M-1995-04,T-50,0,1,P-93242,46',second half,1,0
S-2344,WC-1995,M-1995-04,T-50,0,1,P-10791,46',second half,0,1
S-2345,WC-1995,M-1995-04,T-53,1,0,P-91065,55',second half,1,0
S-2346,WC-1995,M-1995-04,T-53,1,0,P-75121,55',second half,0,1
S-2347,WC-1995,M-1995-04,T-53,1,0,P-84389,69',second half,1,0
S-2348,WC-1995,M-1995-04,T-53,1,0,P-98852,69',second half,0,1
S-2349,WC-1995,M-1995-04,T-50,0,1,P-26950,71',second half,1,0
S-2350,WC-1995,M-1995-04,T-50,0,1,P-65870,71',second half,0,1
S-2351,WC-1995,M-1995-04,T-50,0,1,P-53349,73',second half,1,0
S-2352,WC-1995,M-1995-04,T-50,0,1,P-89903,73',second half,0,1
S-2353,WC-1995,M-1995-04,T-53,1,0,P-05714,77',second half,1,0
S-2354,WC-1995,M-1995-04,T-53,1,0,P-29154,77',second half,0,1
S-2355,WC-1995,M-1995-05,T-04,0,1,P-19145,57',second half,1,0
S-2356,WC-1995,M-1995-05,T-04,0,1,P-11465,57',second half,1,0
S-2357,WC-1995,M-1995-05,T-04,0,1,P-72800,57',second half,0,1
S-2358,WC-1995,M-1995-05,T-04,0,1,P-87217,57',second half,0,1
S-2359,WC-1995,M-1995-05,T-22,1,0,P-49236,63',second half,1,0
S-2360,WC-1995,M-1995-05,T-22,1,0,P-89851,63',second half,0,1
S-2361,WC-1995,M-1995-05,T-22,1,0,P-04853,65',second half,1,0
S-2362,WC-1995,M-1995-05,T-22,1,0,P-06433,65',second half,0,1
S-2363,WC-1995,M-1995-05,T-22,1,0,P-80373,78',second half,1,0
S-2364,WC-1995,M-1995-05,T-22,1,0,P-61320,78',second half,0,1
S-2365,WC-1995,M-1995-05,T-04,0,1,P-98447,79',second half,1,0
S-2366,WC-1995,M-1995-05,T-04,0,1,P-78673,79',second half,0,1
S-2367,WC-1995,M-1995-06,T-83,1,0,P-54794,18',first half,1,0
S-2368,WC-1995,M-1995-06,T-83,1,0,P-98699,18',first half,0,1
S-2369,WC-1995,M-1995-06,T-14,0,1,P-35093,35',first half,1,0
S-2370,WC-1995,M-1995-06,T-14,0,1,P-47025,35',first half,0,1
S-2371,WC-1995,M-1995-06,T-14,0,1,P-51755,47',second half,1,0
S-2372,WC-1995,M-1995-06,T-14,0,1,P-10128,47',second half,0,1
S-2373,WC-1995,M-1995-06,T-83,1,0,P-98699,76',second half,1,0
S-2374,WC-1995,M-1995-06,T-83,1,0,P-73318,76',second half,0,1
S-2375,WC-1995,M-1995-06,T-14,0,1,P-49949,84',second half,1,0
S-2376,WC-1995,M-1995-06,T-14,0,1,P-70203,84',second half,0,1
S-2377,WC-1995,M-1995-07,T-09,1,0,P-01608,72',second half,1,0
S-2378,WC-1995,M-1995-07,T-09,1,0,P-19610,72',second half,0,1
S-2379,WC-1995,M-1995-07,T-09,1,0,P-14897,83',second half,1,0
S-2380,WC-1995,M-1995-07,T-09,1,0,P-54299,83',second half,0,1
S-2381,WC-1995,M-1995-08,T-74,1,0,P-26509,35',first half,1,0
S-2382,WC-1995,M-1995-08,T-74,1,0,P-24285,35',first half,0,1
S-2383,WC-1995,M-1995-08,T-74,1,0,P-90709,51',second half,1,0
S-2384,WC-1995,M-1995-08,T-74,1,0,P-23090,51',second half,0,1
S-2385,WC-1995,M-1995-08,T-31,0,1,P-53623,57',second half,1,0
S-2386,WC-1995,M-1995-08,T-31,0,1,P-52478,57',second half,0,1
S-2387,WC-1995,M-1995-08,T-74,1,0,P-57532,84',second half,1,0
S-2388,WC-1995,M-1995-08,T-31,0,1,P-21423,84',second half,1,0
S-2389,WC-1995,M-1995-08,T-74,1,0,P-84497,84',second half,0,1
S-2390,WC-1995,M-1995-08,T-31,0,1,P-53205,84',second half,0,1
S-2391,WC-1995,M-1995-09,T-50,1,0,P-53349,41',first half,1,0
S-2392,WC-1995,M-1995-09,T-50,1,0,P-89903,41',first half,0,1
S-2393,WC-1995,M-1995-09,T-50,1,0,P-94567,60',second half,1,0
S-2394,WC-1995,M-1995-09,T-50,1,0,P-30411,60',second half,0,1
S-2395,WC-1995,M-1995-09,T-12,0,1,P-96858,61',second half,1,0
S-2396,WC-1995,M-1995-09,T-12,0,1,P-03186,61',second half,0,1
S-2397,WC-1995,M-1995-09,T-12,0,1,P-87029,77',second half,1,0
S-2398,WC-1995,M-1995-09,T-12,0,1,P-89408,77',second half,0,1
S-2399,WC-1995,M-1995-10,T-28,0,1,P-63458,36',first half,1,0
S-2400,WC-1995,M-1995-10,T-28,0,1,P-53455,36',first half,0,1
S-2401,WC-1995,M-1995-10,T-28,0,1,P-10209,65',second half,1,0
S-2402,WC-1995,M-1995-10,T-28,0,1,P-03911,65',second half,0,1
S-2403,WC-1995,M-1995-10,T-53,1,0,P-84049,66',second half,1,0
S-2404,WC-1995,M-1995-10,T-53,1,0,P-75121,66',second half,0,1
S-2405,WC-1995,M-1995-10,T-53,1,0,P-58688,73',second half,1,0
S-2406,WC-1995,M-1995-10,T-53,1,0,P-79792,73',second half,0,1
S-2407,WC-1995,M-1995-10,T-28,0,1,P-85614,82',second half,1,0
S-2408,WC-1995,M-1995-10,T-28,0,1,P-17606,82',second half,0,1
S-2409,WC-1995,M-1995-10,T-53,1,0,P-84389,85',second half,1,0
S-2410,WC-1995,M-1995-10,T-53,1,0,P-22200,85',second half,0,1
S-2411,WC-1995,M-1995-11,T-14,1,0,P-70203,27',first half,1,0
S-2412,WC-1995,M-1995-11,T-14,1,0,P-47025,27',first half,0,1
S-2413,WC-1995,M-1995-11,T-04,0,1,P-87217,62',second half,1,0
S-2414,WC-1995,M-1995-11,T-04,0,1,P-98447,62',second half,0,1
S-2415,WC-1995,M-1995-11,T-14,1,0,P-51755,69',second half,1,0
S-2416,WC-1995,M-1995-11,T-14,1,0,P-78729,69',second half,0,1
S-2417,WC-1995,M-1995-11,T-04,0,1,P-19145,77',second half,1,0
S-2418,WC-1995,M-1995-11,T-04,0,1,P-78673,77',second half,0,1
S-2419,WC-1995,M-1995-11,T-04,0,1,P-61821,81',second half,1,0
S-2420,WC-1995,M-1995-11,T-04,0,1,P-48797,81',second half,0,1
S-2421,WC-1995,M-1995-12,T-22,0,1,P-04853,46',second half,1,0
S-2422,WC-1995,M-1995-12,T-22,0,1,P-61320,46',second half,0,1
S-2423,WC-1995,M-1995-12,T-83,1,0,P-10856,53',second half,1,0
S-2424,WC-1995,M-1995-12,T-22,0,1,P-93175,53',second half,1,0
S-2425,WC-1995,M-1995-12,T-83,1,0,P-39237,53',second half,0,1
S-2426,WC-1995,M-1995-12,T-22,0,1,P-89851,53',second half,0,1
S-2427,WC-1995,M-1995-12,T-83,1,0,P-98699,61',second half,1,0
S-2428,WC-1995,M-1995-12,T-22,0,1,P-49236,61',second half,1,0
S-2429,WC-1995,M-1995-12,T-83,1,0,P-78370,61',second half,0,1
S-2430,WC-1995,M-1995-12,T-22,0,1,P-47392,61',second half,0,1
S-2431,WC-1995,M-1995-12,T-83,1,0,P-99328,85',second half,1,0
S-2432,WC-1995,M-1995-12,T-83,1,0,P-57583,85',second half,0,1
S-2433,WC-1995,M-1995-13,T-31,0,1,P-63276,46',second half,1,0
S-2434,WC-1995,M-1995-13,T-31,0,1,P-33252,46',second half,0,1
S-2435,WC-1995,M-1995-13,T-09,1,0,P-26383,66',second half,1,0
S-2436,WC-1995,M-1995-13,T-09,1,0,P-10543,66',second half,0,1
S-2437,WC-1995,M-1995-13,T-31,0,1,P-50598,74',second half,1,0
S-2438,WC-1995,M-1995-13,T-31,0,1,P-53623,74',second half,0,1
S-2439,WC-1995,M-1995-13,T-09,1,0,P-27861,80',second half,1,0
S-2440,WC-1995,M-1995-13,T-09,1,0,P-19610,80',second half,0,1
S-2441,WC-1995,M-1995-13,T-31,0,1,P-53366,83',second half,1,0
S-2442,WC-1995,M-1995-13,T-31,0,1,P-08789,83',second half,0,1
S-2443,WC-1995,M-1995-13,T-09,1,0,P-97167,90',second half,1,0
S-2444,WC-1995,M-1995-13,T-09,1,0,P-74741,90',second half,0,1
S-2445,WC-1995,M-1995-14,T-74,1,0,P-11793,46',second half,1,0
S-2446,WC-1995,M-1995-14,T-44,0,1,P-82283,46',second half,1,0
S-2447,WC-1995,M-1995-14,T-74,1,0,P-84497,46',second half,0,1
S-2448,WC-1995,M-1995-14,T-44,0,1,P-77882,46',second half,0,1
S-2449,WC-1995,M-1995-14,T-74,1,0,P-57532,58',second half,1,0
S-2450,WC-1995,M-1995-14,T-74,1,0,P-24285,58',second half,0,1
S-2451,WC-1995,M-1995-14,T-44,0,1,P-72113,76',second half,1,0
S-2452,WC-1995,M-1995-14,T-44,0,1,P-57072,76',second half,0,1
S-2453,WC-1995,M-1995-14,T-74,1,0,P-90709,90',second half,1,0
S-2454,WC-1995,M-1995-14,T-74,1,0,P-23090,90',second half,0,1
S-2455,WC-1995,M-1995-15,T-50,1,0,P-26950,44',first half,1,0
S-2456,WC-1995,M-1995-15,T-50,1,0,P-94567,44',first half,0,1
S-2457,WC-1995,M-1995-15,T-50,1,0,P-10791,47',second half,1,0
S-2458,WC-1995,M-1995-15,T-50,1,0,P-68759,47',second half,0,1
S-2459,WC-1995,M-1995-15,T-28,0,1,P-74331,58',second half,1,0
S-2460,WC-1995,M-1995-15,T-28,0,1,P-17606,58',second half,0,1
S-2461,WC-1995,M-1995-15,T-28,0,1,P-63458,70',second half,1,0
S-2462,WC-1995,M-1995-15,T-28,0,1,P-53455,70',second half,0,1
S-2463,WC-1995,M-1995-15,T-28,0,1,P-99203,81',second half,1,0
S-2464,WC-1995,M-1995-15,T-28,0,1,P-10209,81',second half,0,1
S-2465,WC-1995,M-1995-16,T-53,1,0,P-84389,46',second half,1,0
S-2466,WC-1995,M-1995-16,T-53,1,0,P-58688,46',second half,1,0
S-2467,WC-1995,M-1995-16,T-53,1,0,P-84049,46',second half,0,1
S-2468,WC-1995,M-1995-16,T-53,1,0,P-79792,46',second half,0,1
S-2469,WC-1995,M-1995-16,T-53,1,0,P-24254,69',second half,1,0
S-2470,WC-1995,M-1995-16,T-53,1,0,P-06023,69',second half,0,1
S-2471,WC-1995,M-1995-16,T-12,0,1,P-36143,85',second half,1,0
S-2472,WC-1995,M-1995-16,T-12,0,1,P-87255,85',second half,0,1
S-2473,WC-1995,M-1995-17,T-22,0,1,P-42117,26',first half,1,0
S-2474,WC-1995,M-1995-17,T-22,0,1,P-06433,26',first half,0,1
S-2475,WC-1995,M-1995-17,T-22,0,1,P-80373,43',first half,1,0
S-2476,WC-1995,M-1995-17,T-22,0,1,P-45540,43',first half,0,1
S-2477,WC-1995,M-1995-17,T-14,1,0,P-35093,73',second half,1,0
S-2478,WC-1995,M-1995-17,T-14,1,0,P-70203,73',second half,0,1
S-2479,WC-1995,M-1995-17,T-22,0,1,P-49236,79',second half,1,0
S-2480,WC-1995,M-1995-17,T-22,0,1,P-47392,79',second half,0,1
S-2481,WC-1995,M-1995-18,T-83,1,0,P-73318,46',second half,1,0
S-2482,WC-1995,M-1995-18,T-83,1,0,P-99328,46',second half,0,1
S-2483,WC-1995,M-1995-18,T-83,1,0,P-57965,61',second half,1,0
S-2484,WC-1995,M-1995-18,T-83,1,0,P-89416,61',second half,0,1
S-2485,WC-1995,M-1995-18,T-04,0,1,P-98447,67',second half,1,0
S-2486,WC-1995,M-1995-18,T-04,0,1,P-78673,67',second half,0,1
S-2487,WC-1995,M-1995-18,T-04,0,1,P-62503,75',second half,1,0
S-2488,WC-1995,M-1995-18,T-04,0,1,P-30671,75',second half,0,1
S-2489,WC-1995,M-1995-18,T-83,1,0,P-98699,78',second half,1,0
S-2490,WC-1995,M-1995-18,T-83,1,0,P-78370,78',second half,0,1
S-2491,WC-1995,M-1995-18,T-04,0,1,P-87217,82',second half,1,0
S-2492,WC-1995,M-1995-18,T-04,0,1,P-56286,82',second half,0,1
S-2493,WC-1995,M-1995-19,T-44,1,0,P-57072,46',second half,1,0
S-2494,WC-1995,M-1995-19,T-44,1,0,P-82283,46',second half,0,1
S-2495,WC-1995,M-1995-19,T-83,0,1,P-28901,61',second half,1,0
S-2496,WC-1995,M-1995-19,T-83,0,1,P-78370,61',second half,0,1
S-2497,WC-1995,M-1995-19,T-83,0,1,P-25850,68',second half,1,0
S-2498,WC-1995,M-1995-19,T-83,0,1,P-39237,68',second half,0,1
S-2499,WC-1995,M-1995-19,T-83,0,1,P-49668,80',second half,1,0
S-2500,WC-1995,M-1995-19,T-83,0,1,P-57965,80',second half,0,1
S-2501,WC-1995,M-1995-20,T-22,0,1,P-61320,46',second half,1,0
S-2502,WC-1995,M-1995-20,T-22,0,1,P-93175,46',second half,0,1
S-2503,WC-1995,M-1995-20,T-22,0,1,P-56909,63',second half,1,0
S-2504,WC-1995,M-1995-20,T-22,0,1,P-04853,63',second half,0,1
S-2505,WC-1995,M-1995-20,T-53,1,0,P-29915,76',second half,1,0
S-2506,WC-1995,M-1995-20,T-53,1,0,P-06023,76',second half,0,1
S-2507,WC-1995,M-1995-20,T-53,1,0,P-75121,84',second half,1,0
S-2508,WC-1995,M-1995-20,T-53,1,0,P-79792,84',second half,0,1
S-2509,WC-1995,M-1995-20,T-22,0,1,P-49236,86',second half,1,0
S-2510,WC-1995,M-1995-20,T-22,0,1,P-06433,86',second half,0,1
S-2511,WC-1995,M-1995-21,T-28,0,1,P-85614,46',second half,1,0
S-2512,WC-1995,M-1995-21,T-28,0,1,P-17606,46',second half,0,1
S-2513,WC-1995,M-1995-21,T-31,1,0,P-52478,67',second half,1,0
S-2514,WC-1995,M-1995-21,T-31,1,0,P-53623,67',second half,0,1
S-2515,WC-1995,M-1995-21,T-28,0,1,P-78636,79',second half,1,0
S-2516,WC-1995,M-1995-21,T-28,0,1,P-25880,79',second half,0,1
S-2517,WC-1995,M-1995-21,T-31,1,0,P-50598,85',second half,1,0
S-2518,WC-1995,M-1995-21,T-31,1,0,P-08789,85',second half,0,1
S-2519,WC-1995,M-1995-21,T-28,0,1,P-99203,87',second half,1,0
S-2520,WC-1995,M-1995-21,T-28,0,1,P-10209,87',second half,0,1
S-2521,WC-1995,M-1995-22,T-74,1,0,P-57532,46',second half,1,0
S-2522,WC-1995,M-1995-22,T-74,1,0,P-24285,46',second half,0,1
S-2523,WC-1995,M-1995-22,T-14,0,1,P-35093,51',second half,1,0
S-2524,WC-1995,M-1995-22,T-14,0,1,P-47025,51',second half,0,1
S-2525,WC-1995,M-1995-22,T-74,1,0,P-26509,65',second half,1,0
S-2526,WC-1995,M-1995-22,T-74,1,0,P-82426,65',second half,0,1
S-2527,WC-1995,M-1995-22,T-74,1,0,P-81571,71',second half,1,0
S-2528,WC-1995,M-1995-22,T-74,1,0,P-23090,71',second half,0,1
S-2529,WC-1995,M-1995-22,T-14,0,1,P-44067,103',"extra time, first half",1,0
S-2530,WC-1995,M-1995-22,T-14,0,1,P-70203,103',"extra time, first half",0,1
S-2531,WC-1995,M-1995-22,T-14,0,1,P-65910,119',"extra time, second half",1,0
S-2532,WC-1995,M-1995-22,T-14,0,1,P-51755,119',"extra time, second half",0,1
S-2533,WC-1995,M-1995-23,T-83,1,0,P-75727,53',second half,1,0
S-2534,WC-1995,M-1995-23,T-83,1,0,P-98699,53',second half,0,1
S-2535,WC-1995,M-1995-23,T-53,0,1,P-24254,69',second half,1,0
S-2536,WC-1995,M-1995-23,T-53,0,1,P-75121,69',second half,0,1
S-2537,WC-1995,M-1995-24,T-31,1,0,P-52478,83',second half,1,0
S-2538,WC-1995,M-1995-24,T-31,1,0,P-08789,83',second half,0,1
S-2539,WC-1995,M-1995-24,T-14,0,1,P-36217,86',second half,1,0
S-2540,WC-1995,M-1995-24,T-14,0,1,P-51755,86',second half,0,1
S-2541,WC-1995,M-1995-25,T-83,0,1,P-10856,54',second half,1,0
S-2542,WC-1995,M-1995-25,T-83,0,1,P-75727,54',second half,0,1
S-2543,WC-1995,M-1995-25,T-14,1,0,P-14903,59',second half,1,0
S-2544,WC-1995,M-1995-25,T-14,1,0,P-47025,59',second half,0,1
S-2545,WC-1995,M-1995-25,T-83,0,1,P-98699,68',second half,1,0
S-2546,WC-1995,M-1995-25,T-83,0,1,P-78370,68',second half,0,1
S-2547,WC-1995,M-1995-25,T-14,1,0,P-36217,72',second half,1,0
S-2548,WC-1995,M-1995-25,T-14,1,0,P-51755,72',second half,0,1
S-2549,WC-1995,M-1995-25,T-83,0,1,P-99328,80',second half,1,0
S-2550,WC-1995,M-1995-25,T-83,0,1,P-57583,80',second half,0,1
S-2551,WC-1995,M-1995-26,T-31,1,0,P-52478,42',first half,1,0
S-2552,WC-1995,M-1995-26,T-31,1,0,P-53623,42',first half,0,1
S-2553,WC-1995,M-1995-26,T-31,1,0,P-02008,75',second half,1,0
S-2554,WC-1995,M-1995-26,T-31,1,0,P-08789,75',second half,0,1
S-2555,WC-1995,M-1995-26,T-31,1,0,P-50598,86',second half,1,0
S-2556,WC-1995,M-1995-26,T-31,1,0,P-49074,86',second half,0,1
S-2557,WC-1998,M-1998-01,T-09,1,0,P-10812,46',second half,1,0
S-2558,WC-1998,M-1998-01,T-09,1,0,P-72471,46',second half,0,1
S-2559,WC-1998,M-1998-01,T-09,1,0,P-68671,72',second half,1,0
S-2560,WC-1998,M-1998-01,T-09,1,0,P-79146,72',second half,0,1
S-2561,WC-1998,M-1998-01,T-64,0,1,P-56227,78',second half,1,0
S-2562,WC-1998,M-1998-01,T-64,0,1,P-02421,78',second half,0,1
S-2563,WC-1998,M-1998-01,T-64,0,1,P-60841,84',second half,1,0
S-2564,WC-1998,M-1998-01,T-64,0,1,P-39255,84',second half,0,1
S-2565,WC-1998,M-1998-02,T-53,0,1,P-63924,46',second half,1,0
S-2566,WC-1998,M-1998-02,T-53,0,1,P-35373,46',second half,0,1
S-2567,WC-1998,M-1998-02,T-53,0,1,P-99732,72',second half,1,0
S-2568,WC-1998,M-1998-02,T-53,0,1,P-75062,72',second half,0,1
S-2569,WC-1998,M-1998-02,T-47,1,0,P-78077,78',second half,1,0
S-2570,WC-1998,M-1998-02,T-47,1,0,P-28649,78',second half,0,1
S-2571,WC-1998,M-1998-02,T-47,1,0,P-14349,86',second half,1,0
S-2572,WC-1998,M-1998-02,T-47,1,0,P-80057,86',second half,0,1
S-2573,WC-1998,M-1998-02,T-47,1,0,P-82124,90',second half,1,0
S-2574,WC-1998,M-1998-02,T-47,1,0,P-84885,90',second half,0,1
S-2575,WC-1998,M-1998-03,T-41,1,0,P-07951,57',second half,1,0
S-2576,WC-1998,M-1998-03,T-41,1,0,P-42659,57',second half,0,1
S-2577,WC-1998,M-1998-03,T-41,1,0,P-59777,61',second half,1,0
S-2578,WC-1998,M-1998-03,T-41,1,0,P-35079,61',second half,0,1
S-2579,WC-1998,M-1998-03,T-13,0,1,P-08453,63',second half,1,0
S-2580,WC-1998,M-1998-03,T-13,0,1,P-30572,63',second half,0,1
S-2581,WC-1998,M-1998-03,T-41,1,0,P-34670,71',second half,1,0
S-2582,WC-1998,M-1998-03,T-41,1,0,P-29172,71',second half,0,1
S-2583,WC-1998,M-1998-03,T-13,0,1,P-14852,81',second half,1,0
S-2584,WC-1998,M-1998-03,T-13,0,1,P-85178,81',second half,0,1
S-2585,WC-1998,M-1998-03,T-13,0,1,P-43934,82',second half,1,0
S-2586,WC-1998,M-1998-03,T-13,0,1,P-76038,82',second half,0,1
S-2587,WC-1998,M-1998-04,T-11,1,0,P-33623,65',second half,1,0
S-2588,WC-1998,M-1998-04,T-11,1,0,P-45873,65',second half,1,0
S-2589,WC-1998,M-1998-04,T-11,1,0,P-84152,65',second half,0,1
S-2590,WC-1998,M-1998-04,T-11,1,0,P-14458,65',second half,0,1
S-2591,WC-1998,M-1998-04,T-05,0,1,P-67358,82',second half,1,0
S-2592,WC-1998,M-1998-04,T-05,0,1,P-46897,82',second half,1,0
S-2593,WC-1998,M-1998-04,T-05,0,1,P-99116,82',second half,1,0
S-2594,WC-1998,M-1998-04,T-05,0,1,P-29966,82',second half,0,1
S-2595,WC-1998,M-1998-04,T-05,0,1,P-28521,82',second half,0,1
S-2596,WC-1998,M-1998-04,T-05,0,1,P-63420,82',second half,0,1
S-2597,WC-1998,M-1998-04,T-11,1,0,P-77989,84',second half,1,0
S-2598,WC-1998,M-1998-04,T-11,1,0,P-63012,84',second half,0,1
S-2599,WC-1998,M-1998-05,T-55,1,0,P-22146,43',first half,1,0
S-2600,WC-1998,M-1998-05,T-55,1,0,P-82458,43',first half,0,1
S-2601,WC-1998,M-1998-05,T-10,0,1,P-99418,68',second half,1,0
S-2602,WC-1998,M-1998-05,T-10,0,1,P-23633,68',second half,0,1
S-2603,WC-1998,M-1998-05,T-55,1,0,P-98051,70',second half,1,0
S-2604,WC-1998,M-1998-05,T-55,1,0,P-34676,70',second half,0,1
S-2605,WC-1998,M-1998-05,T-10,0,1,P-57696,77',second half,1,0
S-2606,WC-1998,M-1998-05,T-10,0,1,P-40793,77',second half,0,1
S-2607,WC-1998,M-1998-05,T-55,1,0,P-78557,78',second half,1,0
S-2608,WC-1998,M-1998-05,T-55,1,0,P-74664,78',second half,0,1
S-2609,WC-1998,M-1998-06,T-22,0,1,P-87412,65',second half,1,0
S-2610,WC-1998,M-1998-06,T-22,0,1,P-62564,65',second half,0,1
S-2611,WC-1998,M-1998-06,T-22,0,1,P-68055,73',second half,1,0
S-2612,WC-1998,M-1998-06,T-22,0,1,P-02695,73',second half,0,1
S-2613,WC-1998,M-1998-06,T-63,1,0,P-21550,78',second half,1,0
S-2614,WC-1998,M-1998-06,T-63,1,0,P-61224,78',second half,0,1
S-2615,WC-1998,M-1998-06,T-63,1,0,P-41428,79',second half,1,0
S-2616,WC-1998,M-1998-06,T-63,1,0,P-85019,79',second half,0,1
S-2617,WC-1998,M-1998-06,T-63,1,0,P-88041,84',second half,1,0
S-2618,WC-1998,M-1998-06,T-22,0,1,P-28133,84',second half,1,0
S-2619,WC-1998,M-1998-06,T-63,1,0,P-30161,84',second half,0,1
S-2620,WC-1998,M-1998-06,T-22,0,1,P-79273,84',second half,0,1
S-2621,WC-1998,M-1998-07,T-30,1,0,P-26820,26',first half,1,0
S-2622,WC-1998,M-1998-07,T-30,1,0,P-74065,26',first half,0,1
S-2623,WC-1998,M-1998-07,T-70,0,1,P-45250,56',second half,1,0
S-2624,WC-1998,M-1998-07,T-70,0,1,P-88704,56',second half,0,1
S-2625,WC-1998,M-1998-07,T-30,1,0,P-40400,73',second half,1,0
S-2626,WC-1998,M-1998-07,T-30,1,0,P-10738,73',second half,0,1
S-2627,WC-1998,M-1998-07,T-30,1,0,P-80680,84',second half,1,0
S-2628,WC-1998,M-1998-07,T-30,1,0,P-12167,84',second half,0,1
S-2629,WC-1998,M-1998-07,T-70,0,1,P-59298,89',second half,1,0
S-2630,WC-1998,M-1998-07,T-70,0,1,P-24299,89',second half,0,1
S-2631,WC-1998,M-1998-08,T-73,1,0,P-59647,45',first half,1,0
S-2632,WC-1998,M-1998-08,T-73,1,0,P-61706,45',first half,0,1
S-2633,WC-1998,M-1998-08,T-73,1,0,P-00034,58',second half,1,0
S-2634,WC-1998,M-1998-08,T-73,1,0,P-93745,58',second half,0,1
S-2635,WC-1998,M-1998-08,T-50,0,1,P-01364,70',second half,1,0
S-2636,WC-1998,M-1998-08,T-50,0,1,P-98228,70',second half,0,1
S-2637,WC-1998,M-1998-08,T-73,1,0,P-03307,77',second half,1,0
S-2638,WC-1998,M-1998-08,T-73,1,0,P-08262,77',second half,0,1
S-2639,WC-1998,M-1998-08,T-50,0,1,P-25715,83',second half,1,0
S-2640,WC-1998,M-1998-08,T-50,0,1,P-02360,83',second half,0,1
S-2641,WC-1998,M-1998-08,T-50,0,1,P-76542,90'+3',"second half, stoppage time",1,0
S-2642,WC-1998,M-1998-08,T-50,0,1,P-71220,90'+3',"second half, stoppage time",0,1
S-2643,WC-1998,M-1998-09,T-46,0,1,P-19578,45',first half,1,0
S-2644,WC-1998,M-1998-09,T-46,0,1,P-77010,45',first half,1,0
S-2645,WC-1998,M-1998-09,T-46,0,1,P-50252,45',first half,0,1
S-2646,WC-1998,M-1998-09,T-46,0,1,P-92547,45',first half,0,1
S-2647,WC-1998,M-1998-09,T-71,1,0,P-09742,55',second half,1,0
S-2648,WC-1998,M-1998-09,T-71,1,0,P-64908,55',second half,0,1
S-2649,WC-1998,M-1998-09,T-71,1,0,P-54653,60',second half,1,0
S-2650,WC-1998,M-1998-09,T-71,1,0,P-17666,60',second half,0,1
S-2651,WC-1998,M-1998-09,T-46,0,1,P-21495,71',second half,1,0
S-2652,WC-1998,M-1998-09,T-46,0,1,P-40627,71',second half,0,1
S-2653,WC-1998,M-1998-09,T-71,1,0,P-64624,75',second half,1,0
S-2654,WC-1998,M-1998-09,T-71,1,0,P-65525,75',second half,0,1
S-2655,WC-1998,M-1998-10,T-06,0,1,P-12959,22',first half,1,0
S-2656,WC-1998,M-1998-10,T-06,0,1,P-17071,22',first half,0,1
S-2657,WC-1998,M-1998-10,T-06,0,1,P-00109,60',second half,1,0
S-2658,WC-1998,M-1998-10,T-06,0,1,P-01706,60',second half,0,1
S-2659,WC-1998,M-1998-10,T-48,1,0,P-88946,65',second half,1,0
S-2660,WC-1998,M-1998-10,T-48,1,0,P-30015,65',second half,1,0
S-2661,WC-1998,M-1998-10,T-48,1,0,P-34767,65',second half,0,1
S-2662,WC-1998,M-1998-10,T-48,1,0,P-22409,65',second half,0,1
S-2663,WC-1998,M-1998-10,T-48,1,0,P-92804,80',second half,1,0
S-2664,WC-1998,M-1998-10,T-48,1,0,P-27957,80',second half,0,1
S-2665,WC-1998,M-1998-11,T-03,1,0,P-60203,61',second half,1,0
S-2666,WC-1998,M-1998-11,T-03,1,0,P-07031,61',second half,0,1
S-2667,WC-1998,M-1998-11,T-44,0,1,P-84762,65',second half,1,0
S-2668,WC-1998,M-1998-11,T-44,0,1,P-58318,65',second half,0,1
S-2669,WC-1998,M-1998-11,T-03,1,0,P-82949,72',second half,1,0
S-2670,WC-1998,M-1998-11,T-03,1,0,P-28816,72',second half,0,1
S-2671,WC-1998,M-1998-11,T-44,0,1,P-61672,84',second half,1,0
S-2672,WC-1998,M-1998-11,T-44,0,1,P-99803,84',second half,0,1
S-2673,WC-1998,M-1998-12,T-87,1,0,P-15547,50',second half,1,0
S-2674,WC-1998,M-1998-12,T-87,1,0,P-22793,50',second half,0,1
S-2675,WC-1998,M-1998-12,T-87,1,0,P-48250,58',second half,1,0
S-2676,WC-1998,M-1998-12,T-87,1,0,P-85140,58',second half,0,1
S-2677,WC-1998,M-1998-12,T-87,1,0,P-93318,68',second half,1,0
S-2678,WC-1998,M-1998-12,T-38,0,1,P-78085,68',second half,1,0
S-2679,WC-1998,M-1998-12,T-87,1,0,P-33080,68',second half,0,1
S-2680,WC-1998,M-1998-12,T-38,0,1,P-62874,68',second half,0,1
S-2681,WC-1998,M-1998-13,T-43,1,0,P-49195,69',second half,1,0
S-2682,WC-1998,M-1998-13,T-43,1,0,P-41974,69',second half,0,1
S-2683,WC-1998,M-1998-13,T-43,1,0,P-16421,74',second half,1,0
S-2684,WC-1998,M-1998-13,T-18,0,1,P-41724,74',second half,1,0
S-2685,WC-1998,M-1998-13,T-43,1,0,P-45682,74',second half,0,1
S-2686,WC-1998,M-1998-13,T-18,0,1,P-96110,74',second half,0,1
S-2687,WC-1998,M-1998-13,T-43,1,0,P-15931,81',second half,1,0
S-2688,WC-1998,M-1998-13,T-43,1,0,P-97544,81',second half,0,1
S-2689,WC-1998,M-1998-14,T-79,0,1,P-58711,46',second half,1,0
S-2690,WC-1998,M-1998-14,T-79,0,1,P-22242,46',second half,0,1
S-2691,WC-1998,M-1998-14,T-79,0,1,P-88921,65',second half,1,0
S-2692,WC-1998,M-1998-14,T-79,0,1,P-90120,65',second half,0,1
S-2693,WC-1998,M-1998-14,T-79,0,1,P-82870,79',second half,1,0
S-2694,WC-1998,M-1998-14,T-79,0,1,P-47506,79',second half,0,1
S-2695,WC-1998,M-1998-14,T-28,1,0,P-94825,85',second half,1,0
S-2696,WC-1998,M-1998-14,T-28,1,0,P-51130,85',second half,0,1
S-2697,WC-1998,M-1998-15,T-16,0,1,P-76247,46',second half,1,0
S-2698,WC-1998,M-1998-15,T-16,0,1,P-55994,46',second half,0,1
S-2699,WC-1998,M-1998-15,T-61,1,0,P-53546,68',second half,1,0
S-2700,WC-1998,M-1998-15,T-61,1,0,P-44448,68',second half,0,1
S-2701,WC-1998,M-1998-15,T-61,1,0,P-30739,76',second half,1,0
S-2702,WC-1998,M-1998-15,T-61,1,0,P-66588,76',second half,0,1
S-2703,WC-1998,M-1998-15,T-61,1,0,P-67833,84',second half,1,0
S-2704,WC-1998,M-1998-15,T-16,0,1,P-10444,84',second half,1,0
S-2705,WC-1998,M-1998-15,T-61,1,0,P-27750,84',second half,0,1
S-2706,WC-1998,M-1998-15,T-16,0,1,P-64415,84',second half,0,1
S-2707,WC-1998,M-1998-16,T-83,0,1,P-06020,46',second half,1,0
S-2708,WC-1998,M-1998-16,T-83,0,1,P-34695,46',second half,0,1
S-2709,WC-1998,M-1998-16,T-31,1,0,P-77552,50',second half,1,0
S-2710,WC-1998,M-1998-16,T-31,1,0,P-35902,50',second half,0,1
S-2711,WC-1998,M-1998-16,T-83,0,1,P-67232,65',second half,1,0
S-2712,WC-1998,M-1998-16,T-83,0,1,P-69356,65',second half,0,1
S-2713,WC-1998,M-1998-16,T-31,1,0,P-74629,70',second half,1,0
S-2714,WC-1998,M-1998-16,T-31,1,0,P-67544,70',second half,0,1
S-2715,WC-1998,M-1998-16,T-83,0,1,P-18539,72',second half,1,0
S-2716,WC-1998,M-1998-16,T-83,0,1,P-07720,72',second half,0,1
S-2717,WC-1998,M-1998-16,T-31,1,0,P-37963,89',second half,1,0
S-2718,WC-1998,M-1998-16,T-31,1,0,P-83522,89',second half,0,1
S-2719,WC-1998,M-1998-17,T-64,1,0,P-77029,59',second half,1,0
S-2720,WC-1998,M-1998-17,T-64,1,0,P-96166,59',second half,0,1
S-2721,WC-1998,M-1998-17,T-53,0,1,P-99732,60',second half,1,0
S-2722,WC-1998,M-1998-17,T-53,0,1,P-31031,60',second half,0,1
S-2723,WC-1998,M-1998-17,T-64,1,0,P-56227,61',second half,1,0
S-2724,WC-1998,M-1998-17,T-64,1,0,P-95707,61',second half,0,1
S-2725,WC-1998,M-1998-17,T-53,0,1,P-35373,71',second half,1,0
S-2726,WC-1998,M-1998-17,T-53,0,1,P-94822,71',second half,0,1
S-2727,WC-1998,M-1998-17,T-53,0,1,P-25644,81',second half,1,0
S-2728,WC-1998,M-1998-17,T-53,0,1,P-83152,81',second half,0,1
S-2729,WC-1998,M-1998-18,T-09,1,0,P-03658,68',second half,1,0
S-2730,WC-1998,M-1998-18,T-09,1,0,P-64142,68',second half,0,1
S-2731,WC-1998,M-1998-18,T-09,1,0,P-68671,72',second half,1,0
S-2732,WC-1998,M-1998-18,T-09,1,0,P-24526,72',second half,0,1
S-2733,WC-1998,M-1998-18,T-47,0,1,P-16954,76',second half,1,0
S-2734,WC-1998,M-1998-18,T-47,0,1,P-76158,76',second half,1,0
S-2735,WC-1998,M-1998-18,T-47,0,1,P-51300,76',second half,0,1
S-2736,WC-1998,M-1998-18,T-47,0,1,P-28649,76',second half,0,1
S-2737,WC-1998,M-1998-18,T-09,1,0,P-74261,87',second half,1,0
S-2738,WC-1998,M-1998-18,T-09,1,0,P-79146,87',second half,0,1
S-2739,WC-1998,M-1998-18,T-47,0,1,P-14349,88',second half,1,0
S-2740,WC-1998,M-1998-18,T-47,0,1,P-80057,88',second half,0,1
S-2741,WC-1998,M-1998-19,T-05,0,1,P-99116,45',first half,1,0
S-2742,WC-1998,M-1998-19,T-05,0,1,P-37008,45',first half,1,0
S-2743,WC-1998,M-1998-19,T-05,0,1,P-78149,45',first half,0,1
S-2744,WC-1998,M-1998-19,T-05,0,1,P-46897,45',first half,0,1
S-2745,WC-1998,M-1998-19,T-13,1,0,P-14852,56',second half,1,0
S-2746,WC-1998,M-1998-19,T-13,1,0,P-85178,56',second half,0,1
S-2747,WC-1998,M-1998-19,T-13,1,0,P-16244,69',second half,1,0
S-2748,WC-1998,M-1998-19,T-13,1,0,P-85132,69',second half,0,1
S-2749,WC-1998,M-1998-19,T-05,0,1,P-29966,73',second half,1,0
S-2750,WC-1998,M-1998-19,T-05,0,1,P-28521,73',second half,0,1
S-2751,WC-1998,M-1998-20,T-11,0,1,P-45873,45',first half,1,0
S-2752,WC-1998,M-1998-20,T-11,0,1,P-14458,45',first half,0,1
S-2753,WC-1998,M-1998-20,T-41,1,0,P-87231,62',second half,1,0
S-2754,WC-1998,M-1998-20,T-41,1,0,P-07951,62',second half,0,1
S-2755,WC-1998,M-1998-20,T-41,1,0,P-78756,65',second half,1,0
S-2756,WC-1998,M-1998-20,T-41,1,0,P-83836,65',second half,0,1
S-2757,WC-1998,M-1998-20,T-11,0,1,P-77989,66',second half,1,0
S-2758,WC-1998,M-1998-20,T-11,0,1,P-18804,66',second half,1,0
S-2759,WC-1998,M-1998-20,T-11,0,1,P-63012,66',second half,0,1
S-2760,WC-1998,M-1998-20,T-11,0,1,P-61703,66',second half,0,1
S-2761,WC-1998,M-1998-20,T-41,1,0,P-69680,83',second half,1,0
S-2762,WC-1998,M-1998-20,T-41,1,0,P-59777,83',second half,0,1
S-2763,WC-1998,M-1998-21,T-70,1,0,P-45250,46',second half,1,0
S-2764,WC-1998,M-1998-21,T-70,1,0,P-19030,46',second half,0,1
S-2765,WC-1998,M-1998-21,T-22,0,1,P-56788,58',second half,1,0
S-2766,WC-1998,M-1998-21,T-22,0,1,P-80289,58',second half,1,0
S-2767,WC-1998,M-1998-21,T-22,0,1,P-79273,58',second half,0,1
S-2768,WC-1998,M-1998-21,T-22,0,1,P-75330,58',second half,0,1
S-2769,WC-1998,M-1998-21,T-70,1,0,P-24299,77',second half,1,0
S-2770,WC-1998,M-1998-21,T-70,1,0,P-05915,77',second half,0,1
S-2771,WC-1998,M-1998-21,T-22,0,1,P-57898,82',second half,1,0
S-2772,WC-1998,M-1998-21,T-22,0,1,P-87412,82',second half,0,1
S-2773,WC-1998,M-1998-21,T-70,1,0,P-10490,88',second half,1,0
S-2774,WC-1998,M-1998-21,T-70,1,0,P-37844,88',second half,0,1
S-2775,WC-1998,M-1998-22,T-30,1,0,P-74065,30',first half,1,0
S-2776,WC-1998,M-1998-22,T-30,1,0,P-12167,30',first half,0,1
S-2777,WC-1998,M-1998-22,T-63,0,1,P-41428,33',first half,1,0
S-2778,WC-1998,M-1998-22,T-63,0,1,P-81321,33',first half,0,1
S-2779,WC-1998,M-1998-22,T-30,1,0,P-54985,58',second half,1,0
S-2780,WC-1998,M-1998-22,T-30,1,0,P-80680,58',second half,0,1
S-2781,WC-1998,M-1998-22,T-63,0,1,P-81321,65',second half,1,0
S-2782,WC-1998,M-1998-22,T-63,0,1,P-78753,65',second half,0,1
S-2783,WC-1998,M-1998-22,T-63,0,1,P-55518,76',second half,1,0
S-2784,WC-1998,M-1998-22,T-63,0,1,P-53448,76',second half,0,1
S-2785,WC-1998,M-1998-22,T-30,1,0,P-51395,79',second half,1,0
S-2786,WC-1998,M-1998-22,T-30,1,0,P-99420,79',second half,0,1
S-2787,WC-1998,M-1998-23,T-10,0,1,P-28549,45',first half,1,0
S-2788,WC-1998,M-1998-23,T-10,0,1,P-40793,45',first half,0,1
S-2789,WC-1998,M-1998-23,T-10,0,1,P-57696,66',second half,1,0
S-2790,WC-1998,M-1998-23,T-10,0,1,P-99418,66',second half,0,1
S-2791,WC-1998,M-1998-23,T-50,1,0,P-84893,67',second half,1,0
S-2792,WC-1998,M-1998-23,T-50,1,0,P-91516,67',second half,0,1
S-2793,WC-1998,M-1998-23,T-50,1,0,P-25715,75',second half,1,0
S-2794,WC-1998,M-1998-23,T-50,1,0,P-98228,75',second half,0,1
S-2795,WC-1998,M-1998-23,T-50,1,0,P-54287,84',second half,1,0
S-2796,WC-1998,M-1998-23,T-10,0,1,P-56496,84',second half,1,0
S-2797,WC-1998,M-1998-23,T-50,1,0,P-02360,84',second half,0,1
S-2798,WC-1998,M-1998-23,T-10,0,1,P-41316,84',second half,0,1
S-2799,WC-1998,M-1998-24,T-55,0,1,P-78557,45',first half,1,0
S-2800,WC-1998,M-1998-24,T-55,0,1,P-42797,45',first half,0,1
S-2801,WC-1998,M-1998-24,T-73,1,0,P-75598,52',second half,1,0
S-2802,WC-1998,M-1998-24,T-73,1,0,P-08514,52',second half,0,1
S-2803,WC-1998,M-1998-24,T-73,1,0,P-24945,56',second half,1,0
S-2804,WC-1998,M-1998-24,T-73,1,0,P-08262,56',second half,0,1
S-2805,WC-1998,M-1998-24,T-73,1,0,P-24556,65',second half,1,0
S-2806,WC-1998,M-1998-24,T-73,1,0,P-64962,65',second half,0,1
S-2807,WC-1998,M-1998-24,T-55,0,1,P-34957,73',second half,1,0
S-2808,WC-1998,M-1998-24,T-55,0,1,P-74664,73',second half,0,1
S-2809,WC-1998,M-1998-24,T-55,0,1,P-03217,83',second half,1,0
S-2810,WC-1998,M-1998-24,T-55,0,1,P-34676,83',second half,0,1
S-2811,WC-1998,M-1998-25,T-18,0,1,P-98512,46',second half,1,0
S-2812,WC-1998,M-1998-25,T-18,0,1,P-96110,46',second half,0,1
S-2813,WC-1998,M-1998-25,T-44,1,0,P-84762,61',second half,1,0
S-2814,WC-1998,M-1998-25,T-44,1,0,P-07585,61',second half,0,1
S-2815,WC-1998,M-1998-25,T-18,0,1,P-62861,67',second half,1,0
S-2816,WC-1998,M-1998-25,T-18,0,1,P-18926,67',second half,0,1
S-2817,WC-1998,M-1998-25,T-44,1,0,P-45752,79',second half,1,0
S-2818,WC-1998,M-1998-25,T-44,1,0,P-17348,79',second half,0,1
S-2819,WC-1998,M-1998-25,T-44,1,0,P-33594,84',second half,1,0
S-2820,WC-1998,M-1998-25,T-44,1,0,P-58318,84',second half,0,1
S-2821,WC-1998,M-1998-25,T-18,0,1,P-75377,88',second half,1,0
S-2822,WC-1998,M-1998-25,T-18,0,1,P-42144,88',second half,0,1
S-2823,WC-1998,M-1998-26,T-06,1,0,P-33197,17',first half,1,0
S-2824,WC-1998,M-1998-26,T-06,1,0,P-52358,17',first half,0,1
S-2825,WC-1998,M-1998-26,T-46,0,1,P-80183,45',first half,1,0
S-2826,WC-1998,M-1998-26,T-46,0,1,P-92547,45',first half,0,1
S-2827,WC-1998,M-1998-26,T-46,0,1,P-77010,57',second half,1,0
S-2828,WC-1998,M-1998-26,T-46,0,1,P-72763,57',second half,0,1
S-2829,WC-1998,M-1998-26,T-06,1,0,P-08623,67',second half,1,0
S-2830,WC-1998,M-1998-26,T-46,0,1,P-21495,67',second half,1,0
S-2831,WC-1998,M-1998-26,T-06,1,0,P-94736,67',second half,0,1
S-2832,WC-1998,M-1998-26,T-46,0,1,P-35791,67',second half,0,1
S-2833,WC-1998,M-1998-26,T-06,1,0,P-51869,77',second half,1,0
S-2834,WC-1998,M-1998-26,T-06,1,0,P-01706,77',second half,0,1
S-2835,WC-1998,M-1998-27,T-71,0,1,P-17666,53',second half,1,0
S-2836,WC-1998,M-1998-27,T-71,0,1,P-96267,53',second half,0,1
S-2837,WC-1998,M-1998-27,T-71,0,1,P-02853,69',second half,1,0
S-2838,WC-1998,M-1998-27,T-71,0,1,P-64624,69',second half,0,1
S-2839,WC-1998,M-1998-27,T-71,0,1,P-65525,77',second half,1,0
S-2840,WC-1998,M-1998-27,T-71,0,1,P-85453,77',second half,0,1
S-2841,WC-1998,M-1998-27,T-48,1,0,P-22409,78',second half,1,0
S-2842,WC-1998,M-1998-27,T-48,1,0,P-88340,78',second half,0,1
S-2843,WC-1998,M-1998-27,T-48,1,0,P-92458,80',second half,1,0
S-2844,WC-1998,M-1998-27,T-48,1,0,P-76156,80',second half,0,1
S-2845,WC-1998,M-1998-27,T-48,1,0,P-92804,84',second half,1,0
S-2846,WC-1998,M-1998-27,T-48,1,0,P-34767,84',second half,0,1
S-2847,WC-1998,M-1998-28,T-31,1,0,P-35902,46',second half,1,0
S-2848,WC-1998,M-1998-28,T-31,1,0,P-49502,46',second half,0,1
S-2849,WC-1998,M-1998-28,T-31,1,0,P-37963,57',second half,1,0
S-2850,WC-1998,M-1998-28,T-87,0,1,P-33080,57',second half,1,0
S-2851,WC-1998,M-1998-28,T-31,1,0,P-09705,57',second half,0,1
S-2852,WC-1998,M-1998-28,T-87,0,1,P-85140,57',second half,0,1
S-2853,WC-1998,M-1998-28,T-31,1,0,P-67544,66',second half,1,0
S-2854,WC-1998,M-1998-28,T-87,0,1,P-22793,66',second half,1,0
S-2855,WC-1998,M-1998-28,T-31,1,0,P-15678,66',second half,0,1
S-2856,WC-1998,M-1998-28,T-87,0,1,P-40701,66',second half,0,1
S-2857,WC-1998,M-1998-28,T-87,0,1,P-11960,74',second half,1,0
S-2858,WC-1998,M-1998-28,T-87,0,1,P-45323,74',second half,0,1
S-2859,WC-1998,M-1998-29,T-03,1,0,P-82949,25',first half,1,0
S-2860,WC-1998,M-1998-29,T-03,1,0,P-65019,25',first half,0,1
S-2861,WC-1998,M-1998-29,T-43,0,1,P-36985,46',second half,1,0
S-2862,WC-1998,M-1998-29,T-43,0,1,P-49195,46',second half,0,1
S-2863,WC-1998,M-1998-29,T-43,0,1,P-06565,62',second half,1,0
S-2864,WC-1998,M-1998-29,T-43,0,1,P-97544,62',second half,0,1
S-2865,WC-1998,M-1998-29,T-43,0,1,P-19136,73',second half,1,0
S-2866,WC-1998,M-1998-29,T-43,0,1,P-16421,73',second half,0,1
S-2867,WC-1998,M-1998-29,T-03,1,0,P-60203,75',second half,1,0
S-2868,WC-1998,M-1998-29,T-03,1,0,P-94002,75',second half,0,1
S-2869,WC-1998,M-1998-29,T-03,1,0,P-06370,80',second half,1,0
S-2870,WC-1998,M-1998-29,T-03,1,0,P-28597,80',second half,0,1
S-2871,WC-1998,M-1998-30,T-83,1,0,P-07720,57',second half,1,0
S-2872,WC-1998,M-1998-30,T-83,1,0,P-69356,57',second half,1,0
S-2873,WC-1998,M-1998-30,T-83,1,0,P-96178,57',second half,0,1
S-2874,WC-1998,M-1998-30,T-83,1,0,P-25779,57',second half,0,1
S-2875,WC-1998,M-1998-30,T-38,0,1,P-25470,74',second half,1,0
S-2876,WC-1998,M-1998-30,T-38,0,1,P-62874,74',second half,0,1
S-2877,WC-1998,M-1998-30,T-38,0,1,P-31741,75',second half,1,0
S-2878,WC-1998,M-1998-30,T-38,0,1,P-91754,75',second half,0,1
S-2879,WC-1998,M-1998-30,T-38,0,1,P-65077,77',second half,1,0
S-2880,WC-1998,M-1998-30,T-38,0,1,P-36676,77',second half,0,1
S-2881,WC-1998,M-1998-30,T-83,1,0,P-08863,82',second half,1,0
S-2882,WC-1998,M-1998-30,T-83,1,0,P-36074,82',second half,0,1
S-2883,WC-1998,M-1998-31,T-16,1,0,P-69504,56',second half,1,0
S-2884,WC-1998,M-1998-31,T-16,1,0,P-55994,56',second half,1,0
S-2885,WC-1998,M-1998-31,T-16,1,0,P-64415,56',second half,0,1
S-2886,WC-1998,M-1998-31,T-16,1,0,P-76247,56',second half,0,1
S-2887,WC-1998,M-1998-31,T-16,1,0,P-80178,62',second half,1,0
S-2888,WC-1998,M-1998-31,T-16,1,0,P-77800,62',second half,0,1
S-2889,WC-1998,M-1998-31,T-79,0,1,P-15025,68',second half,1,0
S-2890,WC-1998,M-1998-31,T-79,0,1,P-90120,68',second half,0,1
S-2891,WC-1998,M-1998-31,T-79,0,1,P-22242,73',second half,1,0
S-2892,WC-1998,M-1998-31,T-79,0,1,P-49604,73',second half,0,1
S-2893,WC-1998,M-1998-31,T-79,0,1,P-47506,76',second half,1,0
S-2894,WC-1998,M-1998-31,T-79,0,1,P-41620,76',second half,0,1
S-2895,WC-1998,M-1998-32,T-28,0,1,P-15550,32',first half,1,0
S-2896,WC-1998,M-1998-32,T-28,0,1,P-81049,32',first half,0,1
S-2897,WC-1998,M-1998-32,T-61,1,0,P-30739,72',second half,1,0
S-2898,WC-1998,M-1998-32,T-28,0,1,P-94825,72',second half,1,0
S-2899,WC-1998,M-1998-32,T-61,1,0,P-44448,72',second half,0,1
S-2900,WC-1998,M-1998-32,T-28,0,1,P-51130,72',second half,0,1
S-2901,WC-1998,M-1998-32,T-61,1,0,P-44448,81',second half,1,0
S-2902,WC-1998,M-1998-32,T-61,1,0,P-66588,81',second half,0,1
S-2903,WC-1998,M-1998-32,T-61,1,0,P-67833,86',second half,1,0
S-2904,WC-1998,M-1998-32,T-61,1,0,P-01137,86',second half,0,1
S-2905,WC-1998,M-1998-33,T-11,0,1,P-84152,68',second half,1,0
S-2906,WC-1998,M-1998-33,T-11,0,1,P-06511,68',second half,0,1
S-2907,WC-1998,M-1998-33,T-13,1,0,P-85178,70',second half,1,0
S-2908,WC-1998,M-1998-33,T-13,1,0,P-16244,70',second half,1,0
S-2909,WC-1998,M-1998-33,T-13,1,0,P-76038,70',second half,0,1
S-2910,WC-1998,M-1998-33,T-13,1,0,P-14852,70',second half,0,1
S-2911,WC-1998,M-1998-33,T-11,0,1,P-14458,72',second half,1,0
S-2912,WC-1998,M-1998-33,T-11,0,1,P-63012,72',second half,0,1
S-2913,WC-1998,M-1998-33,T-13,1,0,P-79494,77',second half,1,0
S-2914,WC-1998,M-1998-33,T-13,1,0,P-30572,77',second half,0,1
S-2915,WC-1998,M-1998-33,T-11,0,1,P-78387,82',second half,1,0
S-2916,WC-1998,M-1998-33,T-11,0,1,P-38724,82',second half,0,1
S-2917,WC-1998,M-1998-34,T-41,1,0,P-55511,4',first half,1,0
S-2918,WC-1998,M-1998-34,T-41,1,0,P-29143,4',first half,0,1
S-2919,WC-1998,M-1998-34,T-41,1,0,P-34670,60',second half,1,0
S-2920,WC-1998,M-1998-34,T-41,1,0,P-29172,60',second half,0,1
S-2921,WC-1998,M-1998-34,T-05,0,1,P-16938,62',second half,1,0
S-2922,WC-1998,M-1998-34,T-05,0,1,P-29966,62',second half,0,1
S-2923,WC-1998,M-1998-34,T-41,1,0,P-83836,72',second half,1,0
S-2924,WC-1998,M-1998-34,T-41,1,0,P-78756,72',second half,0,1
S-2925,WC-1998,M-1998-34,T-05,0,1,P-37008,74',second half,1,0
S-2926,WC-1998,M-1998-34,T-05,0,1,P-63420,74',second half,0,1
S-2927,WC-1998,M-1998-34,T-05,0,1,P-67358,80',second half,1,0
S-2928,WC-1998,M-1998-34,T-05,0,1,P-46897,80',second half,0,1
S-2929,WC-1998,M-1998-35,T-53,0,1,P-21663,46',second half,1,0
S-2930,WC-1998,M-1998-35,T-53,0,1,P-48934,46',second half,0,1
S-2931,WC-1998,M-1998-35,T-53,0,1,P-99732,68',second half,1,0
S-2932,WC-1998,M-1998-35,T-53,0,1,P-63924,68',second half,0,1
S-2933,WC-1998,M-1998-35,T-53,0,1,P-35373,79',second half,1,0
S-2934,WC-1998,M-1998-35,T-53,0,1,P-94465,79',second half,0,1
S-2935,WC-1998,M-1998-36,T-64,1,0,P-95707,54',second half,1,0
S-2936,WC-1998,M-1998-36,T-64,1,0,P-39255,54',second half,0,1
S-2937,WC-1998,M-1998-36,T-47,0,1,P-16954,72',second half,1,0
S-2938,WC-1998,M-1998-36,T-47,0,1,P-66082,72',second half,0,1
S-2939,WC-1998,M-1998-36,T-47,0,1,P-28649,76',second half,1,0
S-2940,WC-1998,M-1998-36,T-47,0,1,P-84885,76',second half,0,1
S-2941,WC-1998,M-1998-36,T-64,1,0,P-39265,83',second half,1,0
S-2942,WC-1998,M-1998-36,T-64,1,0,P-51888,83',second half,0,1
S-2943,WC-1998,M-1998-36,T-47,0,1,P-78077,87',second half,1,0
S-2944,WC-1998,M-1998-36,T-47,0,1,P-32237,87',second half,0,1
S-2945,WC-1998,M-1998-37,T-22,0,1,P-01514,46',second half,1,0
S-2946,WC-1998,M-1998-37,T-22,0,1,P-90473,46',second half,0,1
S-2947,WC-1998,M-1998-37,T-22,0,1,P-68055,54',second half,1,0
S-2948,WC-1998,M-1998-37,T-22,0,1,P-80289,54',second half,0,1
S-2949,WC-1998,M-1998-37,T-30,1,0,P-40400,64',second half,1,0
S-2950,WC-1998,M-1998-37,T-30,1,0,P-10738,64',second half,0,1
S-2951,WC-1998,M-1998-37,T-30,1,0,P-99420,71',second half,1,0
S-2952,WC-1998,M-1998-37,T-30,1,0,P-51395,71',second half,0,1
S-2953,WC-1998,M-1998-37,T-22,0,1,P-28133,75',second half,1,0
S-2954,WC-1998,M-1998-37,T-22,0,1,P-37132,75',second half,0,1
S-2955,WC-1998,M-1998-37,T-30,1,0,P-12167,85',second half,1,0
S-2956,WC-1998,M-1998-37,T-30,1,0,P-26820,85',second half,0,1
S-2957,WC-1998,M-1998-38,T-70,1,0,P-94478,46',second half,1,0
S-2958,WC-1998,M-1998-38,T-70,1,0,P-59298,46',second half,1,0
S-2959,WC-1998,M-1998-38,T-70,1,0,P-37844,46',second half,0,1
S-2960,WC-1998,M-1998-38,T-70,1,0,P-32294,46',second half,0,1
S-2961,WC-1998,M-1998-38,T-63,0,1,P-89920,64',second half,1,0
S-2962,WC-1998,M-1998-38,T-63,0,1,P-92151,64',second half,0,1
S-2963,WC-1998,M-1998-38,T-70,1,0,P-02423,67',second half,1,0
S-2964,WC-1998,M-1998-38,T-70,1,0,P-47572,67',second half,0,1
S-2965,WC-1998,M-1998-38,T-63,0,1,P-30161,81',second half,1,0
S-2966,WC-1998,M-1998-38,T-63,0,1,P-81321,81',second half,0,1
S-2967,WC-1998,M-1998-39,T-50,1,0,P-41790,45',first half,1,0
S-2968,WC-1998,M-1998-39,T-50,1,0,P-71220,45',first half,0,1
S-2969,WC-1998,M-1998-39,T-55,0,1,P-82458,55',second half,1,0
S-2970,WC-1998,M-1998-39,T-55,0,1,P-74664,55',second half,0,1
S-2971,WC-1998,M-1998-39,T-55,0,1,P-40108,67',second half,1,0
S-2972,WC-1998,M-1998-39,T-55,0,1,P-17884,67',second half,0,1
S-2973,WC-1998,M-1998-39,T-50,1,0,P-89782,68',second half,1,0
S-2974,WC-1998,M-1998-39,T-50,1,0,P-54287,68',second half,0,1
S-2975,WC-1998,M-1998-39,T-55,0,1,P-73933,77',second half,1,0
S-2976,WC-1998,M-1998-39,T-55,0,1,P-03217,77',second half,0,1
S-2977,WC-1998,M-1998-40,T-10,0,1,P-16713,28',first half,1,0
S-2978,WC-1998,M-1998-40,T-10,0,1,P-99418,28',first half,0,1
S-2979,WC-1998,M-1998-40,T-10,0,1,P-81648,45',first half,1,0
S-2980,WC-1998,M-1998-40,T-10,0,1,P-57696,45',first half,0,1
S-2981,WC-1998,M-1998-40,T-73,1,0,P-93745,50',second half,1,0
S-2982,WC-1998,M-1998-40,T-73,1,0,P-24556,50',second half,0,1
S-2983,WC-1998,M-1998-40,T-10,0,1,P-22562,61',second half,1,0
S-2984,WC-1998,M-1998-40,T-10,0,1,P-28549,61',second half,0,1
S-2985,WC-1998,M-1998-40,T-73,1,0,P-00034,65',second half,1,0
S-2986,WC-1998,M-1998-40,T-73,1,0,P-64962,65',second half,0,1
S-2987,WC-1998,M-1998-40,T-73,1,0,P-38878,69',second half,1,0
S-2988,WC-1998,M-1998-40,T-73,1,0,P-60964,69',second half,0,1
S-2989,WC-1998,M-1998-41,T-06,1,0,P-00109,45',first half,1,0
S-2990,WC-1998,M-1998-41,T-71,0,1,P-17666,45',first half,1,0
S-2991,WC-1998,M-1998-41,T-71,0,1,P-54653,45',first half,1,0
S-2992,WC-1998,M-1998-41,T-06,1,0,P-90633,45',first half,0,1
S-2993,WC-1998,M-1998-41,T-71,0,1,P-65241,45',first half,0,1
S-2994,WC-1998,M-1998-41,T-71,0,1,P-64624,45',first half,0,1
S-2995,WC-1998,M-1998-41,T-06,1,0,P-97414,65',second half,1,0
S-2996,WC-1998,M-1998-41,T-06,1,0,P-08623,65',second half,0,1
S-2997,WC-1998,M-1998-41,T-71,0,1,P-54130,66',second half,1,0
S-2998,WC-1998,M-1998-41,T-71,0,1,P-64908,66',second half,0,1
S-2999,WC-1998,M-1998-41,T-06,1,0,P-15154,74',second half,1,0
S-3000,WC-1998,M-1998-41,T-06,1,0,P-01706,74',second half,0,1
S-3001,WC-1998,M-1998-42,T-46,0,1,P-19578,45',first half,1,0
S-3002,WC-1998,M-1998-42,T-46,0,1,P-92547,45',first half,0,1
S-3003,WC-1998,M-1998-42,T-46,0,1,P-26108,55',second half,1,0
S-3004,WC-1998,M-1998-42,T-46,0,1,P-50252,55',second half,0,1
S-3005,WC-1998,M-1998-42,T-48,1,0,P-27957,70',second half,1,0
S-3006,WC-1998,M-1998-42,T-48,1,0,P-42249,70',second half,0,1
S-3007,WC-1998,M-1998-42,T-48,1,0,P-92458,71',second half,1,0
S-3008,WC-1998,M-1998-42,T-48,1,0,P-76156,71',second half,0,1
S-3009,WC-1998,M-1998-42,T-48,1,0,P-22409,78',second half,1,0
S-3010,WC-1998,M-1998-42,T-48,1,0,P-30015,78',second half,0,1
S-3011,WC-1998,M-1998-43,T-31,1,0,P-45408,46',second half,1,0
S-3012,WC-1998,M-1998-43,T-31,1,0,P-35902,46',second half,0,1
S-3013,WC-1998,M-1998-43,T-31,1,0,P-77552,69',second half,1,0
S-3014,WC-1998,M-1998-43,T-31,1,0,P-09705,69',second half,0,1
S-3015,WC-1998,M-1998-43,T-38,0,1,P-65077,70',second half,1,0
S-3016,WC-1998,M-1998-43,T-38,0,1,P-44661,70',second half,0,1
S-3017,WC-1998,M-1998-43,T-31,1,0,P-15678,76',second half,1,0
S-3018,WC-1998,M-1998-43,T-31,1,0,P-67544,76',second half,0,1
S-3019,WC-1998,M-1998-44,T-87,0,1,P-82329,30',first half,1,0
S-3020,WC-1998,M-1998-44,T-87,0,1,P-85140,30',first half,0,1
S-3021,WC-1998,M-1998-44,T-87,0,1,P-22793,54',second half,1,0
S-3022,WC-1998,M-1998-44,T-87,0,1,P-15547,54',second half,0,1
S-3023,WC-1998,M-1998-44,T-83,1,0,P-86464,58',second half,1,0
S-3024,WC-1998,M-1998-44,T-83,1,0,P-25779,58',second half,0,1
S-3025,WC-1998,M-1998-44,T-87,0,1,P-93318,62',second half,1,0
S-3026,WC-1998,M-1998-44,T-87,0,1,P-18303,62',second half,0,1
S-3027,WC-1998,M-1998-44,T-83,1,0,P-34695,64',second half,1,0
S-3028,WC-1998,M-1998-44,T-83,1,0,P-67232,64',second half,0,1
S-3029,WC-1998,M-1998-44,T-83,1,0,P-08863,81',second half,1,0
S-3030,WC-1998,M-1998-44,T-83,1,0,P-12470,81',second half,0,1
S-3031,WC-1998,M-1998-45,T-18,0,1,P-18926,46',second half,1,0
S-3032,WC-1998,M-1998-45,T-18,0,1,P-96110,46',second half,0,1
S-3033,WC-1998,M-1998-45,T-03,1,0,P-00065,52',second half,1,0
S-3034,WC-1998,M-1998-45,T-03,1,0,P-60203,52',second half,0,1
S-3035,WC-1998,M-1998-45,T-03,1,0,P-53716,67',second half,1,0
S-3036,WC-1998,M-1998-45,T-18,0,1,P-62861,67',second half,1,0
S-3037,WC-1998,M-1998-45,T-03,1,0,P-06370,67',second half,0,1
S-3038,WC-1998,M-1998-45,T-18,0,1,P-98512,67',second half,0,1
S-3039,WC-1998,M-1998-45,T-03,1,0,P-94002,80',second half,1,0
S-3040,WC-1998,M-1998-45,T-03,1,0,P-70099,80',second half,0,1
S-3041,WC-1998,M-1998-46,T-44,1,0,P-43163,58',second half,1,0
S-3042,WC-1998,M-1998-46,T-44,1,0,P-55311,58',second half,1,0
S-3043,WC-1998,M-1998-46,T-44,1,0,P-58318,58',second half,0,1
S-3044,WC-1998,M-1998-46,T-44,1,0,P-99803,58',second half,0,1
S-3045,WC-1998,M-1998-46,T-43,0,1,P-15931,72',second half,1,0
S-3046,WC-1998,M-1998-46,T-43,0,1,P-97544,72',second half,0,1
S-3047,WC-1998,M-1998-46,T-44,1,0,P-33594,78',second half,1,0
S-3048,WC-1998,M-1998-46,T-44,1,0,P-04785,78',second half,0,1
S-3049,WC-1998,M-1998-46,T-43,0,1,P-44917,80',second half,1,0
S-3050,WC-1998,M-1998-46,T-43,0,1,P-36985,80',second half,0,1
S-3051,WC-1998,M-1998-46,T-43,0,1,P-62344,89',second half,1,0
S-3052,WC-1998,M-1998-46,T-43,0,1,P-16421,89',second half,0,1
S-3053,WC-1998,M-1998-47,T-16,1,0,P-80178,46',second half,1,0
S-3054,WC-1998,M-1998-47,T-16,1,0,P-23692,46',second half,1,0
S-3055,WC-1998,M-1998-47,T-16,1,0,P-64415,46',second half,1,0
S-3056,WC-1998,M-1998-47,T-16,1,0,P-55994,46',second half,0,1
S-3057,WC-1998,M-1998-47,T-16,1,0,P-76247,46',second half,0,1
S-3058,WC-1998,M-1998-47,T-16,1,0,P-30514,46',second half,0,1
S-3059,WC-1998,M-1998-47,T-28,0,1,P-63916,73',second half,1,0
S-3060,WC-1998,M-1998-47,T-28,0,1,P-03532,73',second half,0,1
S-3061,WC-1998,M-1998-47,T-28,0,1,P-40570,79',second half,1,0
S-3062,WC-1998,M-1998-47,T-28,0,1,P-43959,79',second half,0,1
S-3063,WC-1998,M-1998-47,T-28,0,1,P-15550,83',second half,1,0
S-3064,WC-1998,M-1998-47,T-28,0,1,P-92367,83',second half,0,1
S-3065,WC-1998,M-1998-48,T-61,1,0,P-65453,32',first half,1,0
S-3066,WC-1998,M-1998-48,T-61,1,0,P-19537,32',first half,0,1
S-3067,WC-1998,M-1998-48,T-61,1,0,P-01137,46',second half,1,0
S-3068,WC-1998,M-1998-48,T-61,1,0,P-70680,46',second half,0,1
S-3069,WC-1998,M-1998-48,T-79,0,1,P-88921,60',second half,1,0
S-3070,WC-1998,M-1998-48,T-79,0,1,P-89922,60',second half,0,1
S-3071,WC-1998,M-1998-48,T-61,1,0,P-54322,68',second half,1,0
S-3072,WC-1998,M-1998-48,T-61,1,0,P-67833,68',second half,0,1
S-3073,WC-1998,M-1998-48,T-79,0,1,P-41620,85',second half,1,0
S-3074,WC-1998,M-1998-48,T-79,0,1,P-47506,85',second half,0,1
S-3075,WC-1998,M-1998-48,T-79,0,1,P-58711,90'+1',"second half, stoppage time",1,0
S-3076,WC-1998,M-1998-48,T-79,0,1,P-90120,90'+1',"second half, stoppage time",0,1
S-3077,WC-1998,M-1998-49,T-53,0,1,P-61579,13',first half,1,0
S-3078,WC-1998,M-1998-49,T-53,0,1,P-21663,13',first half,0,1
S-3079,WC-1998,M-1998-49,T-53,0,1,P-21663,39',first half,1,0
S-3080,WC-1998,M-1998-49,T-53,0,1,P-75062,39',first half,0,1
S-3081,WC-1998,M-1998-49,T-41,1,0,P-69680,63',second half,1,0
S-3082,WC-1998,M-1998-49,T-41,1,0,P-59777,63',second half,0,1
S-3083,WC-1998,M-1998-49,T-41,1,0,P-87231,72',second half,1,0
S-3084,WC-1998,M-1998-49,T-41,1,0,P-74039,72',second half,0,1
S-3085,WC-1998,M-1998-49,T-53,0,1,P-99732,73',second half,1,0
S-3086,WC-1998,M-1998-49,T-53,0,1,P-63924,73',second half,0,1
S-3087,WC-1998,M-1998-49,T-41,1,0,P-83836,77',second half,1,0
S-3088,WC-1998,M-1998-49,T-41,1,0,P-35079,77',second half,0,1
S-3089,WC-1998,M-1998-50,T-13,0,1,P-30572,46',second half,1,0
S-3090,WC-1998,M-1998-50,T-13,0,1,P-85178,46',second half,1,0
S-3091,WC-1998,M-1998-50,T-13,0,1,P-56057,46',second half,0,1
S-3092,WC-1998,M-1998-50,T-13,0,1,P-14852,46',second half,0,1
S-3093,WC-1998,M-1998-50,T-09,1,0,P-68671,65',second half,1,0
S-3094,WC-1998,M-1998-50,T-09,1,0,P-79146,65',second half,0,1
S-3095,WC-1998,M-1998-50,T-09,1,0,P-56505,78',second half,1,0
S-3096,WC-1998,M-1998-50,T-09,1,0,P-93839,78',second half,0,1
S-3097,WC-1998,M-1998-50,T-13,0,1,P-43934,80',second half,1,0
S-3098,WC-1998,M-1998-50,T-13,0,1,P-51514,80',second half,0,1
S-3099,WC-1998,M-1998-51,T-55,0,1,P-78557,55',second half,1,0
S-3100,WC-1998,M-1998-51,T-55,0,1,P-74664,55',second half,0,1
S-3101,WC-1998,M-1998-51,T-30,1,0,P-51395,64',second half,1,0
S-3102,WC-1998,M-1998-51,T-30,1,0,P-99420,64',second half,0,1
S-3103,WC-1998,M-1998-51,T-30,1,0,P-40400,69',second half,1,0
S-3104,WC-1998,M-1998-51,T-30,1,0,P-10738,69',second half,0,1
S-3105,WC-1998,M-1998-51,T-55,0,1,P-42797,75',second half,1,0
S-3106,WC-1998,M-1998-51,T-55,0,1,P-82458,75',second half,0,1
S-3107,WC-1998,M-1998-51,T-30,1,0,P-54985,76',second half,1,0
S-3108,WC-1998,M-1998-51,T-30,1,0,P-26820,76',second half,0,1
S-3109,WC-1998,M-1998-51,T-55,0,1,P-98051,91',"extra time, first half",1,0
S-3110,WC-1998,M-1998-51,T-55,0,1,P-03217,91',"extra time, first half",0,1
S-3111,WC-1998,M-1998-52,T-22,0,1,P-87668,58',second half,1,0
S-3112,WC-1998,M-1998-52,T-22,0,1,P-80289,58',second half,0,1
S-3113,WC-1998,M-1998-52,T-50,1,0,P-91516,65',second half,1,0
S-3114,WC-1998,M-1998-52,T-50,1,0,P-98228,65',second half,0,1
S-3115,WC-1998,M-1998-52,T-50,1,0,P-76542,73',second half,1,0
S-3116,WC-1998,M-1998-52,T-50,1,0,P-02360,73',second half,0,1
S-3117,WC-1998,M-1998-52,T-22,0,1,P-28133,78',second half,1,0
S-3118,WC-1998,M-1998-52,T-22,0,1,P-87412,78',second half,0,1
S-3119,WC-1998,M-1998-52,T-22,0,1,P-56788,84',second half,1,0
S-3120,WC-1998,M-1998-52,T-22,0,1,P-02695,84',second half,0,1
S-3121,WC-1998,M-1998-53,T-31,1,0,P-87830,37',first half,1,0
S-3122,WC-1998,M-1998-53,T-31,1,0,P-67544,37',first half,0,1
S-3123,WC-1998,M-1998-53,T-46,0,1,P-40627,46',second half,1,0
S-3124,WC-1998,M-1998-53,T-46,0,1,P-32594,46',second half,0,1
S-3125,WC-1998,M-1998-53,T-46,0,1,P-80183,53',second half,1,0
S-3126,WC-1998,M-1998-53,T-46,0,1,P-92547,53',second half,0,1
S-3127,WC-1998,M-1998-53,T-31,1,0,P-78998,57',second half,1,0
S-3128,WC-1998,M-1998-53,T-31,1,0,P-37963,57',second half,0,1
S-3129,WC-1998,M-1998-53,T-31,1,0,P-77552,73',second half,1,0
S-3130,WC-1998,M-1998-53,T-31,1,0,P-09705,73',second half,0,1
S-3131,WC-1998,M-1998-53,T-46,0,1,P-21495,86',second half,1,0
S-3132,WC-1998,M-1998-53,T-46,0,1,P-50252,86',second half,0,1
S-3133,WC-1998,M-1998-54,T-87,0,1,P-93318,57',second half,1,0
S-3134,WC-1998,M-1998-54,T-87,0,1,P-18303,57',second half,0,1
S-3135,WC-1998,M-1998-54,T-87,0,1,P-04188,78',second half,1,0
S-3136,WC-1998,M-1998-54,T-87,0,1,P-35544,78',second half,0,1
S-3137,WC-1998,M-1998-55,T-61,1,0,P-30739,56',second half,1,0
S-3138,WC-1998,M-1998-55,T-61,1,0,P-43055,56',second half,0,1
S-3139,WC-1998,M-1998-55,T-61,1,0,P-53546,61',second half,1,0
S-3140,WC-1998,M-1998-55,T-61,1,0,P-27750,61',second half,0,1
S-3141,WC-1998,M-1998-55,T-61,1,0,P-12625,76',second half,1,0
S-3142,WC-1998,M-1998-55,T-18,0,1,P-96110,76',second half,1,0
S-3143,WC-1998,M-1998-55,T-61,1,0,P-66588,76',second half,0,1
S-3144,WC-1998,M-1998-55,T-18,0,1,P-43142,76',second half,0,1
S-3145,WC-1998,M-1998-55,T-18,0,1,P-75377,83',second half,1,0
S-3146,WC-1998,M-1998-55,T-18,0,1,P-42144,83',second half,0,1
S-3147,WC-1998,M-1998-56,T-03,1,0,P-60203,68',second half,1,0
S-3148,WC-1998,M-1998-56,T-03,1,0,P-84542,68',second half,1,0
S-3149,WC-1998,M-1998-56,T-03,1,0,P-19888,68',second half,0,1
S-3150,WC-1998,M-1998-56,T-03,1,0,P-94002,68',second half,0,1
S-3151,WC-1998,M-1998-56,T-28,0,1,P-26320,71',second half,1,0
S-3152,WC-1998,M-1998-56,T-28,0,1,P-79943,71',second half,0,1
S-3153,WC-1998,M-1998-56,T-28,0,1,P-63916,78',second half,1,0
S-3154,WC-1998,M-1998-56,T-28,0,1,P-69168,78',second half,0,1
S-3155,WC-1998,M-1998-56,T-03,1,0,P-06370,91',"extra time, first half",1,0
S-3156,WC-1998,M-1998-56,T-03,1,0,P-70099,91',"extra time, first half",0,1
S-3157,WC-1998,M-1998-56,T-28,0,1,P-40570,97',"extra time, first half",1,0
S-3158,WC-1998,M-1998-56,T-28,0,1,P-92367,97',"extra time, first half",0,1
S-3159,WC-1998,M-1998-57,T-41,1,0,P-52474,52',second half,1,0
S-3160,WC-1998,M-1998-57,T-41,1,0,P-87231,52',second half,0,1
S-3161,WC-1998,M-1998-57,T-30,0,1,P-28482,65',second half,1,0
S-3162,WC-1998,M-1998-57,T-30,0,1,P-26820,65',second half,1,0
S-3163,WC-1998,M-1998-57,T-30,0,1,P-51395,65',second half,0,1
S-3164,WC-1998,M-1998-57,T-30,0,1,P-12167,65',second half,0,1
S-3165,WC-1998,M-1998-57,T-41,1,0,P-83836,67',second half,1,0
S-3166,WC-1998,M-1998-57,T-41,1,0,P-78756,67',second half,0,1
S-3167,WC-1998,M-1998-57,T-41,1,0,P-74039,90',second half,1,0
S-3168,WC-1998,M-1998-57,T-41,1,0,P-59777,90',second half,0,1
S-3169,WC-1998,M-1998-58,T-22,0,1,P-62564,46',second half,1,0
S-3170,WC-1998,M-1998-58,T-22,0,1,P-37132,46',second half,0,1
S-3171,WC-1998,M-1998-58,T-09,1,0,P-68671,64',second half,1,0
S-3172,WC-1998,M-1998-58,T-09,1,0,P-79146,64',second half,0,1
S-3173,WC-1998,M-1998-58,T-22,0,1,P-87668,66',second half,1,0
S-3174,WC-1998,M-1998-58,T-22,0,1,P-80289,66',second half,0,1
S-3175,WC-1998,M-1998-58,T-09,1,0,P-72471,71',second half,1,0
S-3176,WC-1998,M-1998-58,T-09,1,0,P-52008,71',second half,0,1
S-3177,WC-1998,M-1998-58,T-09,1,0,P-74261,87',second half,1,0
S-3178,WC-1998,M-1998-58,T-22,0,1,P-72404,87',second half,1,0
S-3179,WC-1998,M-1998-58,T-09,1,0,P-39545,87',second half,0,1
S-3180,WC-1998,M-1998-58,T-22,0,1,P-57898,87',second half,0,1
S-3181,WC-1998,M-1998-59,T-48,1,0,P-92804,64',second half,1,0
S-3182,WC-1998,M-1998-59,T-48,1,0,P-33834,64',second half,0,1
S-3183,WC-1998,M-1998-59,T-03,0,1,P-88203,68',second half,1,0
S-3184,WC-1998,M-1998-59,T-03,0,1,P-28597,68',second half,0,1
S-3185,WC-1998,M-1998-59,T-03,0,1,P-28816,89',second half,1,0
S-3186,WC-1998,M-1998-59,T-03,0,1,P-07031,89',second half,0,1
S-3187,WC-1998,M-1998-60,T-31,1,0,P-77552,69',second half,1,0
S-3188,WC-1998,M-1998-60,T-31,1,0,P-09705,69',second half,0,1
S-3189,WC-1998,M-1998-60,T-31,1,0,P-35902,79',second half,1,0
S-3190,WC-1998,M-1998-60,T-31,1,0,P-62028,79',second half,0,1
S-3191,WC-1998,M-1998-60,T-18,0,1,P-96110,83',second half,1,0
S-3192,WC-1998,M-1998-60,T-18,0,1,P-18926,83',second half,0,1
S-3193,WC-1998,M-1998-61,T-48,0,1,P-27926,56',second half,1,0
S-3194,WC-1998,M-1998-61,T-48,0,1,P-42249,56',second half,0,1
S-3195,WC-1998,M-1998-61,T-09,1,0,P-68671,70',second half,1,0
S-3196,WC-1998,M-1998-61,T-09,1,0,P-79146,70',second half,0,1
S-3197,WC-1998,M-1998-61,T-48,0,1,P-34767,75',second half,1,0
S-3198,WC-1998,M-1998-61,T-48,0,1,P-88340,75',second half,0,1
S-3199,WC-1998,M-1998-61,T-09,1,0,P-72471,85',second half,1,0
S-3200,WC-1998,M-1998-61,T-09,1,0,P-52008,85',second half,0,1
S-3201,WC-1998,M-1998-61,T-48,0,1,P-27957,111',"extra time, second half",1,0
S-3202,WC-1998,M-1998-61,T-48,0,1,P-88946,111',"extra time, second half",0,1
S-3203,WC-1998,M-1998-62,T-30,1,0,P-28482,31',first half,1,0
S-3204,WC-1998,M-1998-62,T-30,1,0,P-51395,31',first half,0,1
S-3205,WC-1998,M-1998-62,T-18,0,1,P-05779,65',second half,1,0
S-3206,WC-1998,M-1998-62,T-18,0,1,P-18926,65',second half,0,1
S-3207,WC-1998,M-1998-62,T-30,1,0,P-26820,68',second half,1,0
S-3208,WC-1998,M-1998-62,T-30,1,0,P-12167,68',second half,0,1
S-3209,WC-1998,M-1998-62,T-30,1,0,P-80680,77',second half,1,0
S-3210,WC-1998,M-1998-62,T-30,1,0,P-19907,77',second half,0,1
S-3211,WC-1998,M-1998-62,T-18,0,1,P-75377,89',second half,1,0
S-3212,WC-1998,M-1998-62,T-18,0,1,P-62861,89',second half,0,1
S-3213,WC-1998,M-1998-63,T-48,1,0,P-42224,46',second half,1,0
S-3214,WC-1998,M-1998-63,T-48,1,0,P-33834,46',second half,0,1
S-3215,WC-1998,M-1998-63,T-48,1,0,P-22409,58',second half,1,0
S-3216,WC-1998,M-1998-63,T-48,1,0,P-88340,58',second half,0,1
S-3217,WC-1998,M-1998-63,T-18,0,1,P-62861,79',second half,1,0
S-3218,WC-1998,M-1998-63,T-18,0,1,P-96110,79',second half,0,1
S-3219,WC-1998,M-1998-63,T-18,0,1,P-05779,86',second half,1,0
S-3220,WC-1998,M-1998-63,T-18,0,1,P-42144,86',second half,0,1
S-3221,WC-1998,M-1998-64,T-09,1,0,P-72471,46',second half,1,0
S-3222,WC-1998,M-1998-64,T-09,1,0,P-79146,46',second half,0,1
S-3223,WC-1998,M-1998-64,T-30,0,1,P-28482,57',second half,1,0
S-3224,WC-1998,M-1998-64,T-30,0,1,P-10738,57',second half,0,1
S-3225,WC-1998,M-1998-64,T-30,0,1,P-26820,66',second half,1,0
S-3226,WC-1998,M-1998-64,T-30,0,1,P-74065,66',second half,0,1
S-3227,WC-1998,M-1998-64,T-09,1,0,P-03658,73',second half,1,0
S-3228,WC-1998,M-1998-64,T-09,1,0,P-24526,73',second half,0,1
S-3229,WC-1998,M-1998-64,T-30,0,1,P-80680,74',second half,1,0
S-3230,WC-1998,M-1998-64,T-30,0,1,P-96540,74',second half,0,1
S-3231,WC-2002,M-2002-01,T-30,1,0,P-80680,60',second half,1,0
S-3232,WC-2002,M-2002-01,T-30,1,0,P-74065,60',second half,0,1
S-3233,WC-2002,M-2002-01,T-30,1,0,P-00916,81',second half,1,0
S-3234,WC-2002,M-2002-01,T-30,1,0,P-53533,81',second half,0,1
S-3235,WC-2002,M-2002-02,T-60,1,0,P-15705,46',second half,1,0
S-3236,WC-2002,M-2002-02,T-60,1,0,P-56778,46',second half,0,1
S-3237,WC-2002,M-2002-02,T-11,0,1,P-18804,69',second half,1,0
S-3238,WC-2002,M-2002-02,T-11,0,1,P-99681,69',second half,0,1
S-3239,WC-2002,M-2002-02,T-60,1,0,P-59412,77',second half,1,0
S-3240,WC-2002,M-2002-02,T-60,1,0,P-19727,77',second half,0,1
S-3241,WC-2002,M-2002-03,T-22,0,1,P-79273,58',second half,1,0
S-3242,WC-2002,M-2002-03,T-22,0,1,P-34389,58',second half,0,1
S-3243,WC-2002,M-2002-03,T-22,0,1,P-63778,70',second half,1,0
S-3244,WC-2002,M-2002-03,T-22,0,1,P-68055,70',second half,0,1
S-3245,WC-2002,M-2002-03,T-84,1,0,P-66684,80',second half,1,0
S-3246,WC-2002,M-2002-03,T-84,1,0,P-46554,80',second half,0,1
S-3247,WC-2002,M-2002-03,T-84,1,0,P-49428,87',second half,1,0
S-3248,WC-2002,M-2002-03,T-84,1,0,P-95938,87',second half,0,1
S-3249,WC-2002,M-2002-03,T-84,1,0,P-64372,88',second half,1,0
S-3250,WC-2002,M-2002-03,T-84,1,0,P-48761,88',second half,0,1
S-3251,WC-2002,M-2002-03,T-22,0,1,P-80289,89',second half,1,0
S-3252,WC-2002,M-2002-03,T-22,0,1,P-46718,89',second half,0,1
S-3253,WC-2002,M-2002-04,T-31,1,0,P-57588,46',second half,1,0
S-3254,WC-2002,M-2002-04,T-63,0,1,P-17941,46',second half,1,0
S-3255,WC-2002,M-2002-04,T-63,0,1,P-20886,46',second half,1,0
S-3256,WC-2002,M-2002-04,T-31,1,0,P-65108,46',second half,0,1
S-3257,WC-2002,M-2002-04,T-63,0,1,P-92151,46',second half,0,1
S-3258,WC-2002,M-2002-04,T-63,0,1,P-76946,46',second half,0,1
S-3259,WC-2002,M-2002-04,T-31,1,0,P-45490,67',second half,1,0
S-3260,WC-2002,M-2002-04,T-31,1,0,P-84534,67',second half,0,1
S-3261,WC-2002,M-2002-04,T-31,1,0,P-27787,76',second half,1,0
S-3262,WC-2002,M-2002-04,T-31,1,0,P-55504,76',second half,0,1
S-3263,WC-2002,M-2002-04,T-63,0,1,P-00683,77',second half,1,0
S-3264,WC-2002,M-2002-04,T-63,0,1,P-26868,77',second half,0,1
S-3265,WC-2002,M-2002-05,T-03,1,0,P-60203,46',second half,1,0
S-3266,WC-2002,M-2002-05,T-03,1,0,P-11130,46',second half,0,1
S-3267,WC-2002,M-2002-05,T-50,0,1,P-91516,48',second half,1,0
S-3268,WC-2002,M-2002-05,T-50,0,1,P-27347,48',second half,0,1
S-3269,WC-2002,M-2002-05,T-50,0,1,P-06935,73',second half,1,0
S-3270,WC-2002,M-2002-05,T-50,0,1,P-03331,73',second half,0,1
S-3271,WC-2002,M-2002-05,T-03,1,0,P-62209,78',second half,1,0
S-3272,WC-2002,M-2002-05,T-03,1,0,P-25906,78',second half,0,1
S-3273,WC-2002,M-2002-05,T-03,1,0,P-84542,81',second half,1,0
S-3274,WC-2002,M-2002-05,T-03,1,0,P-19888,81',second half,0,1
S-3275,WC-2002,M-2002-06,T-70,0,1,P-65806,27',first half,1,0
S-3276,WC-2002,M-2002-06,T-70,0,1,P-65059,27',first half,0,1
S-3277,WC-2002,M-2002-06,T-55,1,0,P-87796,66',second half,1,0
S-3278,WC-2002,M-2002-06,T-55,1,0,P-75108,66',second half,0,1
S-3279,WC-2002,M-2002-06,T-55,1,0,P-78557,73',second half,1,0
S-3280,WC-2002,M-2002-06,T-55,1,0,P-03401,73',second half,0,1
S-3281,WC-2002,M-2002-06,T-70,0,1,P-59298,78',second half,1,0
S-3282,WC-2002,M-2002-06,T-70,0,1,P-73319,78',second half,0,1
S-3283,WC-2002,M-2002-06,T-55,1,0,P-66123,86',second half,1,0
S-3284,WC-2002,M-2002-06,T-55,1,0,P-22263,86',second half,0,1
S-3285,WC-2002,M-2002-07,T-74,0,1,P-59548,56',second half,1,0
S-3286,WC-2002,M-2002-07,T-74,0,1,P-85432,56',second half,0,1
S-3287,WC-2002,M-2002-07,T-28,1,0,P-81049,63',second half,1,0
S-3288,WC-2002,M-2002-07,T-28,1,0,P-34406,63',second half,0,1
S-3289,WC-2002,M-2002-07,T-28,1,0,P-00447,74',second half,1,0
S-3290,WC-2002,M-2002-07,T-28,1,0,P-37933,74',second half,0,1
S-3291,WC-2002,M-2002-07,T-74,0,1,P-45212,80',second half,1,0
S-3292,WC-2002,M-2002-07,T-74,0,1,P-71531,80',second half,0,1
S-3293,WC-2002,M-2002-08,T-69,0,1,P-48910,57',second half,1,0
S-3294,WC-2002,M-2002-08,T-69,0,1,P-00649,57',second half,0,1
S-3295,WC-2002,M-2002-08,T-69,0,1,P-64619,63',second half,1,0
S-3296,WC-2002,M-2002-08,T-69,0,1,P-44943,63',second half,0,1
S-3297,WC-2002,M-2002-08,T-73,1,0,P-71130,67',second half,1,0
S-3298,WC-2002,M-2002-08,T-73,1,0,P-08514,67',second half,0,1
S-3299,WC-2002,M-2002-08,T-73,1,0,P-38878,74',second half,1,0
S-3300,WC-2002,M-2002-08,T-73,1,0,P-20643,74',second half,0,1
S-3301,WC-2002,M-2002-08,T-69,0,1,P-75494,77',second half,1,0
S-3302,WC-2002,M-2002-08,T-69,0,1,P-75095,77',second half,0,1
S-3303,WC-2002,M-2002-08,T-73,1,0,P-29082,82',second half,1,0
S-3304,WC-2002,M-2002-08,T-73,1,0,P-40852,82',second half,0,1
S-3305,WC-2002,M-2002-09,T-18,1,0,P-62861,46',second half,1,0
S-3306,WC-2002,M-2002-09,T-18,1,0,P-55293,46',second half,0,1
S-3307,WC-2002,M-2002-09,T-18,1,0,P-58374,64',second half,1,0
S-3308,WC-2002,M-2002-09,T-18,1,0,P-36689,64',second half,0,1
S-3309,WC-2002,M-2002-09,T-18,1,0,P-50470,67',second half,1,0
S-3310,WC-2002,M-2002-09,T-18,1,0,P-75377,67',second half,0,1
S-3311,WC-2002,M-2002-09,T-46,0,1,P-81643,68',second half,1,0
S-3312,WC-2002,M-2002-09,T-46,0,1,P-45941,68',second half,0,1
S-3313,WC-2002,M-2002-09,T-46,0,1,P-88428,79',second half,1,0
S-3314,WC-2002,M-2002-09,T-46,0,1,P-80183,79',second half,0,1
S-3315,WC-2002,M-2002-10,T-80,0,1,P-94559,66',second half,1,0
S-3316,WC-2002,M-2002-10,T-80,0,1,P-21108,66',second half,1,0
S-3317,WC-2002,M-2002-10,T-80,0,1,P-41133,66',second half,0,1
S-3318,WC-2002,M-2002-10,T-80,0,1,P-31566,66',second half,0,1
S-3319,WC-2002,M-2002-10,T-09,1,0,P-57361,67',second half,1,0
S-3320,WC-2002,M-2002-10,T-09,1,0,P-79146,67',second half,0,1
S-3321,WC-2002,M-2002-10,T-09,1,0,P-20389,72',second half,1,0
S-3322,WC-2002,M-2002-10,T-09,1,0,P-06280,72',second half,0,1
S-3323,WC-2002,M-2002-10,T-09,1,0,P-62722,73',second half,1,0
S-3324,WC-2002,M-2002-10,T-09,1,0,P-89804,73',second half,0,1
S-3325,WC-2002,M-2002-10,T-80,0,1,P-63089,88',second half,1,0
S-3326,WC-2002,M-2002-10,T-80,0,1,P-37782,88',second half,0,1
S-3327,WC-2002,M-2002-11,T-25,0,1,P-23101,46',second half,1,0
S-3328,WC-2002,M-2002-11,T-25,0,1,P-86943,46',second half,0,1
S-3329,WC-2002,M-2002-11,T-25,0,1,P-30306,59',second half,1,0
S-3330,WC-2002,M-2002-11,T-25,0,1,P-90857,59',second half,0,1
S-3331,WC-2002,M-2002-11,T-41,1,0,P-68818,64',second half,1,0
S-3332,WC-2002,M-2002-11,T-41,1,0,P-59777,64',second half,0,1
S-3333,WC-2002,M-2002-11,T-41,1,0,P-42659,69',second half,1,0
S-3334,WC-2002,M-2002-11,T-41,1,0,P-18164,69',second half,0,1
S-3335,WC-2002,M-2002-11,T-41,1,0,P-42038,74',second half,1,0
S-3336,WC-2002,M-2002-11,T-41,1,0,P-83836,74',second half,0,1
S-3337,WC-2002,M-2002-11,T-25,0,1,P-99914,85',second half,1,0
S-3338,WC-2002,M-2002-11,T-25,0,1,P-74323,85',second half,0,1
S-3339,WC-2002,M-2002-12,T-14,1,0,P-50519,26',first half,1,0
S-3340,WC-2002,M-2002-12,T-14,1,0,P-57338,26',first half,0,1
S-3341,WC-2002,M-2002-12,T-17,0,1,P-03776,57',second half,1,0
S-3342,WC-2002,M-2002-12,T-17,0,1,P-02273,57',second half,0,1
S-3343,WC-2002,M-2002-12,T-14,1,0,P-84550,66',second half,1,0
S-3344,WC-2002,M-2002-12,T-14,1,0,P-05845,66',second half,0,1
S-3345,WC-2002,M-2002-12,T-17,0,1,P-85975,70',second half,1,0
S-3346,WC-2002,M-2002-12,T-17,0,1,P-14189,70',second half,0,1
S-3347,WC-2002,M-2002-12,T-14,1,0,P-24535,74',second half,1,0
S-3348,WC-2002,M-2002-12,T-14,1,0,P-19411,74',second half,0,1
S-3349,WC-2002,M-2002-12,T-17,0,1,P-22046,80',second half,1,0
S-3350,WC-2002,M-2002-12,T-17,0,1,P-67575,80',second half,0,1
S-3351,WC-2002,M-2002-13,T-44,1,0,P-04785,64',second half,1,0
S-3352,WC-2002,M-2002-13,T-44,1,0,P-42311,64',second half,0,1
S-3353,WC-2002,M-2002-13,T-44,1,0,P-96566,68',second half,1,0
S-3354,WC-2002,M-2002-13,T-06,0,1,P-03447,68',second half,1,0
S-3355,WC-2002,M-2002-13,T-44,1,0,P-17348,68',second half,0,1
S-3356,WC-2002,M-2002-13,T-06,0,1,P-64922,68',second half,0,1
S-3357,WC-2002,M-2002-13,T-44,1,0,P-49610,71',second half,1,0
S-3358,WC-2002,M-2002-13,T-44,1,0,P-11915,71',second half,0,1
S-3359,WC-2002,M-2002-13,T-06,0,1,P-52358,83',second half,1,0
S-3360,WC-2002,M-2002-13,T-06,0,1,P-03038,83',second half,0,1
S-3361,WC-2002,M-2002-14,T-57,0,1,P-07088,46',second half,1,0
S-3362,WC-2002,M-2002-14,T-57,0,1,P-69995,46',second half,0,1
S-3363,WC-2002,M-2002-14,T-71,1,0,P-15222,50',second half,1,0
S-3364,WC-2002,M-2002-14,T-57,0,1,P-46873,50',second half,1,0
S-3365,WC-2002,M-2002-14,T-71,1,0,P-26616,50',second half,0,1
S-3366,WC-2002,M-2002-14,T-57,0,1,P-99558,50',second half,0,1
S-3367,WC-2002,M-2002-14,T-71,1,0,P-75255,61',second half,1,0
S-3368,WC-2002,M-2002-14,T-71,1,0,P-22338,61',second half,0,1
S-3369,WC-2002,M-2002-14,T-57,0,1,P-29986,64',second half,1,0
S-3370,WC-2002,M-2002-14,T-57,0,1,P-03927,64',second half,0,1
S-3371,WC-2002,M-2002-14,T-71,1,0,P-56626,89',second half,1,0
S-3372,WC-2002,M-2002-14,T-71,1,0,P-39884,89',second half,0,1
S-3373,WC-2002,M-2002-15,T-62,1,0,P-65105,46',second half,1,0
S-3374,WC-2002,M-2002-15,T-62,1,0,P-28437,46',second half,0,1
S-3375,WC-2002,M-2002-15,T-62,1,0,P-76498,55',second half,1,0
S-3376,WC-2002,M-2002-15,T-62,1,0,P-04731,55',second half,0,1
S-3377,WC-2002,M-2002-15,T-79,0,1,P-15858,67',second half,1,0
S-3378,WC-2002,M-2002-15,T-79,0,1,P-15025,67',second half,1,0
S-3379,WC-2002,M-2002-15,T-79,0,1,P-22242,67',second half,0,1
S-3380,WC-2002,M-2002-15,T-79,0,1,P-72780,67',second half,0,1
S-3381,WC-2002,M-2002-15,T-62,1,0,P-14715,78',second half,1,0
S-3382,WC-2002,M-2002-15,T-62,1,0,P-51792,78',second half,0,1
S-3383,WC-2002,M-2002-15,T-79,0,1,P-10094,84',second half,1,0
S-3384,WC-2002,M-2002-15,T-79,0,1,P-63935,84',second half,0,1
S-3385,WC-2002,M-2002-16,T-83,1,0,P-96178,46',second half,1,0
S-3386,WC-2002,M-2002-16,T-83,1,0,P-49258,46',second half,0,1
S-3387,WC-2002,M-2002-16,T-58,0,1,P-61068,69',second half,1,0
S-3388,WC-2002,M-2002-16,T-58,0,1,P-91925,69',second half,0,1
S-3389,WC-2002,M-2002-16,T-58,0,1,P-73722,74',second half,1,0
S-3390,WC-2002,M-2002-16,T-58,0,1,P-82191,74',second half,0,1
S-3391,WC-2002,M-2002-16,T-83,1,0,P-05728,75',second half,1,0
S-3392,WC-2002,M-2002-16,T-83,1,0,P-86464,75',second half,0,1
S-3393,WC-2002,M-2002-16,T-83,1,0,P-02842,80',second half,1,0
S-3394,WC-2002,M-2002-16,T-58,0,1,P-62808,80',second half,1,0
S-3395,WC-2002,M-2002-16,T-83,1,0,P-49219,80',second half,0,1
S-3396,WC-2002,M-2002-16,T-58,0,1,P-57631,80',second half,0,1
S-3397,WC-2002,M-2002-17,T-60,0,1,P-59412,73',second half,1,0
S-3398,WC-2002,M-2002-17,T-60,0,1,P-07683,73',second half,1,0
S-3399,WC-2002,M-2002-17,T-60,0,1,P-51629,73',second half,0,1
S-3400,WC-2002,M-2002-17,T-60,0,1,P-19727,73',second half,0,1
S-3401,WC-2002,M-2002-17,T-31,1,0,P-45490,75',second half,1,0
S-3402,WC-2002,M-2002-17,T-31,1,0,P-84534,75',second half,0,1
S-3403,WC-2002,M-2002-17,T-31,1,0,P-27787,85',second half,1,0
S-3404,WC-2002,M-2002-17,T-31,1,0,P-03026,85',second half,0,1
S-3405,WC-2002,M-2002-17,T-60,0,1,P-69817,87',second half,1,0
S-3406,WC-2002,M-2002-17,T-60,0,1,P-57630,87',second half,0,1
S-3407,WC-2002,M-2002-17,T-31,1,0,P-32136,89',second half,1,0
S-3408,WC-2002,M-2002-17,T-31,1,0,P-65108,89',second half,0,1
S-3409,WC-2002,M-2002-18,T-65,0,1,P-62939,46',second half,1,0
S-3410,WC-2002,M-2002-18,T-65,0,1,P-81968,46',second half,1,0
S-3411,WC-2002,M-2002-18,T-65,0,1,P-01462,46',second half,0,1
S-3412,WC-2002,M-2002-18,T-65,0,1,P-05029,46',second half,0,1
S-3413,WC-2002,M-2002-18,T-22,1,0,P-63778,50',second half,1,0
S-3414,WC-2002,M-2002-18,T-22,1,0,P-68055,50',second half,0,1
S-3415,WC-2002,M-2002-18,T-22,1,0,P-24031,62',second half,1,0
S-3416,WC-2002,M-2002-18,T-22,1,0,P-46718,62',second half,0,1
S-3417,WC-2002,M-2002-18,T-65,0,1,P-05029,83',second half,1,0
S-3418,WC-2002,M-2002-18,T-65,0,1,P-35489,83',second half,0,1
S-3419,WC-2002,M-2002-18,T-22,1,0,P-80170,89',second half,1,0
S-3420,WC-2002,M-2002-18,T-22,1,0,P-41271,89',second half,0,1
S-3421,WC-2002,M-2002-19,T-63,0,1,P-85019,35',first half,1,0
S-3422,WC-2002,M-2002-19,T-63,0,1,P-00683,35',first half,0,1
S-3423,WC-2002,M-2002-19,T-11,1,0,P-18536,46',second half,1,0
S-3424,WC-2002,M-2002-19,T-11,1,0,P-84152,46',second half,0,1
S-3425,WC-2002,M-2002-19,T-63,0,1,P-50171,72',second half,1,0
S-3426,WC-2002,M-2002-19,T-63,0,1,P-26868,72',second half,0,1
S-3427,WC-2002,M-2002-19,T-11,1,0,P-18804,74',second half,1,0
S-3428,WC-2002,M-2002-19,T-11,1,0,P-67466,74',second half,0,1
S-3429,WC-2002,M-2002-19,T-11,1,0,P-67168,84',second half,1,0
S-3430,WC-2002,M-2002-19,T-11,1,0,P-53197,84',second half,0,1
S-3431,WC-2002,M-2002-19,T-63,0,1,P-76946,86',second half,1,0
S-3432,WC-2002,M-2002-19,T-63,0,1,P-90435,86',second half,0,1
S-3433,WC-2002,M-2002-20,T-30,1,0,P-19907,16',first half,1,0
S-3434,WC-2002,M-2002-20,T-30,1,0,P-22876,16',first half,0,1
S-3435,WC-2002,M-2002-20,T-84,0,1,P-74863,60',second half,1,0
S-3436,WC-2002,M-2002-20,T-84,0,1,P-95938,60',second half,0,1
S-3437,WC-2002,M-2002-20,T-84,0,1,P-03231,71',second half,1,0
S-3438,WC-2002,M-2002-20,T-84,0,1,P-97963,71',second half,0,1
S-3439,WC-2002,M-2002-20,T-84,0,1,P-49428,73',second half,1,0
S-3440,WC-2002,M-2002-20,T-84,0,1,P-45056,73',second half,0,1
S-3441,WC-2002,M-2002-20,T-30,1,0,P-12167,81',second half,1,0
S-3442,WC-2002,M-2002-20,T-30,1,0,P-53533,81',second half,0,1
S-3443,WC-2002,M-2002-20,T-30,1,0,P-00916,90'+3',"second half, stoppage time",1,0
S-3444,WC-2002,M-2002-20,T-30,1,0,P-74065,90'+3',"second half, stoppage time",0,1
S-3445,WC-2002,M-2002-21,T-74,1,0,P-45212,64',second half,1,0
S-3446,WC-2002,M-2002-21,T-74,1,0,P-71531,64',second half,0,1
S-3447,WC-2002,M-2002-21,T-50,0,1,P-91148,65',second half,1,0
S-3448,WC-2002,M-2002-21,T-50,0,1,P-91516,65',second half,0,1
S-3449,WC-2002,M-2002-21,T-50,0,1,P-48550,70',second half,1,0
S-3450,WC-2002,M-2002-21,T-50,0,1,P-27347,70',second half,0,1
S-3451,WC-2002,M-2002-21,T-74,1,0,P-85432,83',second half,1,0
S-3452,WC-2002,M-2002-21,T-74,1,0,P-59548,83',second half,0,1
S-3453,WC-2002,M-2002-22,T-73,1,0,P-38878,46',second half,1,0
S-3454,WC-2002,M-2002-22,T-73,1,0,P-71130,46',second half,1,0
S-3455,WC-2002,M-2002-22,T-73,1,0,P-20643,46',second half,0,1
S-3456,WC-2002,M-2002-22,T-73,1,0,P-08514,46',second half,0,1
S-3457,WC-2002,M-2002-22,T-55,0,1,P-98051,63',second half,1,0
S-3458,WC-2002,M-2002-22,T-55,0,1,P-78557,63',second half,0,1
S-3459,WC-2002,M-2002-22,T-55,0,1,P-82458,78',second half,1,0
S-3460,WC-2002,M-2002-22,T-55,0,1,P-66123,78',second half,0,1
S-3461,WC-2002,M-2002-22,T-73,1,0,P-76612,85',second half,1,0
S-3462,WC-2002,M-2002-22,T-73,1,0,P-29415,85',second half,0,1
S-3463,WC-2002,M-2002-23,T-28,0,1,P-61216,19',first half,1,0
S-3464,WC-2002,M-2002-23,T-28,0,1,P-53590,19',first half,0,1
S-3465,WC-2002,M-2002-23,T-03,1,0,P-62209,46',second half,1,0
S-3466,WC-2002,M-2002-23,T-03,1,0,P-25906,46',second half,0,1
S-3467,WC-2002,M-2002-23,T-28,0,1,P-08307,54',second half,1,0
S-3468,WC-2002,M-2002-23,T-28,0,1,P-94825,54',second half,0,1
S-3469,WC-2002,M-2002-23,T-03,1,0,P-84542,60',second half,1,0
S-3470,WC-2002,M-2002-23,T-03,1,0,P-19888,60',second half,0,1
S-3471,WC-2002,M-2002-23,T-03,1,0,P-11130,64',second half,1,0
S-3472,WC-2002,M-2002-23,T-03,1,0,P-60203,64',second half,0,1
S-3473,WC-2002,M-2002-23,T-28,0,1,P-51130,80',second half,1,0
S-3474,WC-2002,M-2002-23,T-28,0,1,P-91486,80',second half,0,1
S-3475,WC-2002,M-2002-24,T-69,0,1,P-00649,41',first half,1,0
S-3476,WC-2002,M-2002-24,T-69,0,1,P-48910,41',first half,0,1
S-3477,WC-2002,M-2002-24,T-69,0,1,P-04672,60',second half,1,0
S-3478,WC-2002,M-2002-24,T-69,0,1,P-44943,60',second half,1,0
S-3479,WC-2002,M-2002-24,T-69,0,1,P-74981,60',second half,0,1
S-3480,WC-2002,M-2002-24,T-69,0,1,P-54102,60',second half,0,1
S-3481,WC-2002,M-2002-24,T-70,1,0,P-22393,71',second half,1,0
S-3482,WC-2002,M-2002-24,T-70,1,0,P-37844,71',second half,0,1
S-3483,WC-2002,M-2002-24,T-70,1,0,P-59298,80',second half,1,0
S-3484,WC-2002,M-2002-24,T-70,1,0,P-73319,80',second half,0,1
S-3485,WC-2002,M-2002-24,T-70,1,0,P-02423,84',second half,1,0
S-3486,WC-2002,M-2002-24,T-70,1,0,P-27802,84',second half,0,1
S-3487,WC-2002,M-2002-25,T-41,1,0,P-55511,24',first half,1,0
S-3488,WC-2002,M-2002-25,T-41,1,0,P-37126,24',first half,0,1
S-3489,WC-2002,M-2002-25,T-18,0,1,P-10638,57',second half,1,0
S-3490,WC-2002,M-2002-25,T-18,0,1,P-13265,57',second half,0,1
S-3491,WC-2002,M-2002-25,T-18,0,1,P-37461,62',second half,1,0
S-3492,WC-2002,M-2002-25,T-18,0,1,P-91190,62',second half,0,1
S-3493,WC-2002,M-2002-25,T-41,1,0,P-68818,79',second half,1,0
S-3494,WC-2002,M-2002-25,T-18,0,1,P-55293,79',second half,1,0
S-3495,WC-2002,M-2002-25,T-41,1,0,P-29172,79',second half,0,1
S-3496,WC-2002,M-2002-25,T-18,0,1,P-41724,79',second half,0,1
S-3497,WC-2002,M-2002-26,T-09,1,0,P-57361,46',second half,1,0
S-3498,WC-2002,M-2002-26,T-09,1,0,P-79146,46',second half,0,1
S-3499,WC-2002,M-2002-26,T-14,0,1,P-05235,62',second half,1,0
S-3500,WC-2002,M-2002-26,T-14,0,1,P-83943,62',second half,0,1
S-3501,WC-2002,M-2002-26,T-14,0,1,P-68056,66',second half,1,0
S-3502,WC-2002,M-2002-26,T-14,0,1,P-37402,66',second half,0,1
S-3503,WC-2002,M-2002-26,T-09,1,0,P-20389,70',second half,1,0
S-3504,WC-2002,M-2002-26,T-09,1,0,P-57975,70',second half,0,1
S-3505,WC-2002,M-2002-26,T-09,1,0,P-62722,72',second half,1,0
S-3506,WC-2002,M-2002-26,T-09,1,0,P-26695,72',second half,0,1
S-3507,WC-2002,M-2002-26,T-14,0,1,P-27445,75',second half,1,0
S-3508,WC-2002,M-2002-26,T-14,0,1,P-57338,75',second half,0,1
S-3509,WC-2002,M-2002-27,T-25,0,1,P-30306,35',first half,1,0
S-3510,WC-2002,M-2002-27,T-25,0,1,P-90857,35',first half,0,1
S-3511,WC-2002,M-2002-27,T-25,0,1,P-03128,53',second half,1,0
S-3512,WC-2002,M-2002-27,T-25,0,1,P-86943,53',second half,0,1
S-3513,WC-2002,M-2002-27,T-25,0,1,P-37753,58',second half,1,0
S-3514,WC-2002,M-2002-27,T-25,0,1,P-23101,58',second half,0,1
S-3515,WC-2002,M-2002-27,T-46,1,0,P-81643,77',second half,1,0
S-3516,WC-2002,M-2002-27,T-46,1,0,P-45941,77',second half,0,1
S-3517,WC-2002,M-2002-27,T-46,1,0,P-57272,87',second half,1,0
S-3518,WC-2002,M-2002-27,T-46,1,0,P-76755,87',second half,0,1
S-3519,WC-2002,M-2002-27,T-46,1,0,P-88428,90'+3',"second half, stoppage time",1,0
S-3520,WC-2002,M-2002-27,T-46,1,0,P-87229,90'+3',"second half, stoppage time",0,1
S-3521,WC-2002,M-2002-28,T-17,1,0,P-68890,66',second half,1,0
S-3522,WC-2002,M-2002-28,T-17,1,0,P-02273,66',second half,0,1
S-3523,WC-2002,M-2002-28,T-80,0,1,P-58212,75',second half,1,0
S-3524,WC-2002,M-2002-28,T-80,0,1,P-41133,75',second half,0,1
S-3525,WC-2002,M-2002-28,T-17,1,0,P-85975,77',second half,1,0
S-3526,WC-2002,M-2002-28,T-17,1,0,P-67575,77',second half,1,0
S-3527,WC-2002,M-2002-28,T-17,1,0,P-20880,77',second half,0,1
S-3528,WC-2002,M-2002-28,T-17,1,0,P-14189,77',second half,0,1
S-3529,WC-2002,M-2002-28,T-80,0,1,P-21108,79',second half,1,0
S-3530,WC-2002,M-2002-28,T-80,0,1,P-98680,79',second half,0,1
S-3531,WC-2002,M-2002-28,T-80,0,1,P-63089,88',second half,1,0
S-3532,WC-2002,M-2002-28,T-80,0,1,P-37782,88',second half,0,1
S-3533,WC-2002,M-2002-29,T-62,0,1,P-76375,46',second half,1,0
S-3534,WC-2002,M-2002-29,T-62,0,1,P-04731,46',second half,0,1
S-3535,WC-2002,M-2002-29,T-62,0,1,P-14715,52',second half,1,0
S-3536,WC-2002,M-2002-29,T-62,0,1,P-28437,52',second half,0,1
S-3537,WC-2002,M-2002-29,T-62,0,1,P-79578,57',second half,1,0
S-3538,WC-2002,M-2002-29,T-62,0,1,P-76498,57',second half,0,1
S-3539,WC-2002,M-2002-29,T-44,1,0,P-96566,72',second half,1,0
S-3540,WC-2002,M-2002-29,T-44,1,0,P-84762,72',second half,0,1
S-3541,WC-2002,M-2002-29,T-44,1,0,P-04785,75',second half,1,0
S-3542,WC-2002,M-2002-29,T-44,1,0,P-64961,75',second half,0,1
S-3543,WC-2002,M-2002-29,T-44,1,0,P-46807,85',second half,1,0
S-3544,WC-2002,M-2002-29,T-44,1,0,P-89292,85',second half,0,1
S-3545,WC-2002,M-2002-30,T-71,1,0,P-25724,38',first half,1,0
S-3546,WC-2002,M-2002-30,T-71,1,0,P-22338,38',first half,0,1
S-3547,WC-2002,M-2002-30,T-71,1,0,P-15222,56',second half,1,0
S-3548,WC-2002,M-2002-30,T-71,1,0,P-26616,56',second half,0,1
S-3549,WC-2002,M-2002-30,T-71,1,0,P-75255,69',second half,1,0
S-3550,WC-2002,M-2002-30,T-71,1,0,P-72495,69',second half,0,1
S-3551,WC-2002,M-2002-30,T-83,0,1,P-91976,75',second half,1,0
S-3552,WC-2002,M-2002-30,T-83,0,1,P-97784,75',second half,0,1
S-3553,WC-2002,M-2002-30,T-83,0,1,P-38074,82',second half,1,0
S-3554,WC-2002,M-2002-30,T-83,0,1,P-78068,82',second half,0,1
S-3555,WC-2002,M-2002-31,T-06,0,1,P-52358,46',second half,1,0
S-3556,WC-2002,M-2002-31,T-06,0,1,P-03038,46',second half,1,0
S-3557,WC-2002,M-2002-31,T-06,0,1,P-64922,46',second half,0,1
S-3558,WC-2002,M-2002-31,T-06,0,1,P-91831,46',second half,0,1
S-3559,WC-2002,M-2002-31,T-79,1,0,P-15858,67',second half,1,0
S-3560,WC-2002,M-2002-31,T-79,1,0,P-15025,67',second half,0,1
S-3561,WC-2002,M-2002-31,T-06,0,1,P-80262,74',second half,1,0
S-3562,WC-2002,M-2002-31,T-06,0,1,P-90633,74',second half,0,1
S-3563,WC-2002,M-2002-31,T-79,1,0,P-00640,77',second half,1,0
S-3564,WC-2002,M-2002-31,T-79,1,0,P-63935,77',second half,0,1
S-3565,WC-2002,M-2002-31,T-79,1,0,P-00668,88',second half,1,0
S-3566,WC-2002,M-2002-31,T-79,1,0,P-22242,88',second half,0,1
S-3567,WC-2002,M-2002-32,T-57,0,1,P-29986,16',first half,1,0
S-3568,WC-2002,M-2002-32,T-57,0,1,P-90321,16',first half,0,1
S-3569,WC-2002,M-2002-32,T-57,0,1,P-07088,56',second half,1,0
S-3570,WC-2002,M-2002-32,T-57,0,1,P-03927,56',second half,0,1
S-3571,WC-2002,M-2002-32,T-58,1,0,P-70698,60',second half,1,0
S-3572,WC-2002,M-2002-32,T-58,1,0,P-62808,60',second half,0,1
S-3573,WC-2002,M-2002-32,T-58,1,0,P-11424,63',second half,1,0
S-3574,WC-2002,M-2002-32,T-58,1,0,P-37140,63',second half,0,1
S-3575,WC-2002,M-2002-32,T-58,1,0,P-88800,69',second half,1,0
S-3576,WC-2002,M-2002-32,T-58,1,0,P-07559,69',second half,0,1
S-3577,WC-2002,M-2002-32,T-57,0,1,P-15578,71',second half,1,0
S-3578,WC-2002,M-2002-32,T-57,0,1,P-20085,71',second half,0,1
S-3579,WC-2002,M-2002-33,T-22,1,0,P-68055,46',second half,1,0
S-3580,WC-2002,M-2002-33,T-22,1,0,P-63778,46',second half,0,1
S-3581,WC-2002,M-2002-33,T-30,0,1,P-74065,54',second half,1,0
S-3582,WC-2002,M-2002-33,T-30,0,1,P-53533,54',second half,0,1
S-3583,WC-2002,M-2002-33,T-30,0,1,P-96540,71',second half,1,0
S-3584,WC-2002,M-2002-33,T-30,0,1,P-57906,71',second half,0,1
S-3585,WC-2002,M-2002-33,T-22,1,0,P-46718,76',second half,1,0
S-3586,WC-2002,M-2002-33,T-22,1,0,P-05337,76',second half,0,1
S-3587,WC-2002,M-2002-33,T-22,1,0,P-37132,79',second half,1,0
S-3588,WC-2002,M-2002-33,T-22,1,0,P-04393,79',second half,0,1
S-3589,WC-2002,M-2002-33,T-30,0,1,P-00916,83',second half,1,0
S-3590,WC-2002,M-2002-33,T-30,0,1,P-80680,83',second half,0,1
S-3591,WC-2002,M-2002-34,T-84,0,1,P-03960,32',first half,1,0
S-3592,WC-2002,M-2002-34,T-84,0,1,P-46554,32',first half,0,1
S-3593,WC-2002,M-2002-34,T-84,0,1,P-03231,46',second half,1,0
S-3594,WC-2002,M-2002-34,T-84,0,1,P-64372,46',second half,1,0
S-3595,WC-2002,M-2002-34,T-84,0,1,P-48761,46',second half,0,1
S-3596,WC-2002,M-2002-34,T-84,0,1,P-86087,46',second half,0,1
S-3597,WC-2002,M-2002-34,T-65,1,0,P-37924,63',second half,1,0
S-3598,WC-2002,M-2002-34,T-65,1,0,P-35489,63',second half,0,1
S-3599,WC-2002,M-2002-34,T-65,1,0,P-01462,67',second half,1,0
S-3600,WC-2002,M-2002-34,T-65,1,0,P-62939,67',second half,0,1
S-3601,WC-2002,M-2002-34,T-65,1,0,P-82601,76',second half,1,0
S-3602,WC-2002,M-2002-34,T-65,1,0,P-42976,76',second half,0,1
S-3603,WC-2002,M-2002-35,T-31,0,1,P-45490,46',second half,1,0
S-3604,WC-2002,M-2002-35,T-31,0,1,P-03026,46',second half,0,1
S-3605,WC-2002,M-2002-35,T-11,1,0,P-60766,53',second half,1,0
S-3606,WC-2002,M-2002-35,T-11,1,0,P-99681,53',second half,0,1
S-3607,WC-2002,M-2002-35,T-11,1,0,P-84152,64',second half,1,0
S-3608,WC-2002,M-2002-35,T-11,1,0,P-18536,64',second half,0,1
S-3609,WC-2002,M-2002-35,T-11,1,0,P-18804,80',second half,1,0
S-3610,WC-2002,M-2002-35,T-31,0,1,P-32136,80',second half,1,0
S-3611,WC-2002,M-2002-35,T-11,1,0,P-14458,80',second half,0,1
S-3612,WC-2002,M-2002-35,T-31,0,1,P-65108,80',second half,0,1
S-3613,WC-2002,M-2002-35,T-31,0,1,P-27787,84',second half,1,0
S-3614,WC-2002,M-2002-35,T-31,0,1,P-55504,84',second half,0,1
S-3615,WC-2002,M-2002-36,T-60,0,1,P-59412,46',second half,1,0
S-3616,WC-2002,M-2002-36,T-60,0,1,P-51629,46',second half,0,1
S-3617,WC-2002,M-2002-36,T-63,1,0,P-76946,67',second half,1,0
S-3618,WC-2002,M-2002-36,T-63,1,0,P-11262,67',second half,0,1
S-3619,WC-2002,M-2002-36,T-63,1,0,P-50171,68',second half,1,0
S-3620,WC-2002,M-2002-36,T-63,1,0,P-26868,68',second half,0,1
S-3621,WC-2002,M-2002-36,T-63,1,0,P-55518,79',second half,1,0
S-3622,WC-2002,M-2002-36,T-63,1,0,P-53448,79',second half,0,1
S-3623,WC-2002,M-2002-36,T-60,0,1,P-07683,80',second half,1,0
S-3624,WC-2002,M-2002-36,T-60,0,1,P-15705,80',second half,0,1
S-3625,WC-2002,M-2002-36,T-60,0,1,P-34285,89',second half,1,0
S-3626,WC-2002,M-2002-36,T-60,0,1,P-57284,89',second half,0,1
S-3627,WC-2002,M-2002-37,T-28,0,1,P-08307,69',second half,1,0
S-3628,WC-2002,M-2002-37,T-28,0,1,P-94825,69',second half,0,1
S-3629,WC-2002,M-2002-37,T-28,0,1,P-51130,77',second half,1,0
S-3630,WC-2002,M-2002-37,T-28,0,1,P-00447,77',second half,0,1
S-3631,WC-2002,M-2002-37,T-28,0,1,P-16557,85',second half,1,0
S-3632,WC-2002,M-2002-37,T-28,0,1,P-91486,85',second half,0,1
S-3633,WC-2002,M-2002-37,T-50,1,0,P-52099,86',second half,1,0
S-3634,WC-2002,M-2002-37,T-50,1,0,P-27347,86',second half,0,1
S-3635,WC-2002,M-2002-38,T-74,1,0,P-45212,46',second half,1,0
S-3636,WC-2002,M-2002-38,T-74,1,0,P-71531,46',second half,0,1
S-3637,WC-2002,M-2002-38,T-03,0,1,P-84542,58',second half,1,0
S-3638,WC-2002,M-2002-38,T-03,0,1,P-19888,58',second half,0,1
S-3639,WC-2002,M-2002-38,T-03,0,1,P-88203,63',second half,1,0
S-3640,WC-2002,M-2002-38,T-03,0,1,P-60914,63',second half,1,0
S-3641,WC-2002,M-2002-38,T-03,0,1,P-62209,63',second half,0,1
S-3642,WC-2002,M-2002-38,T-03,0,1,P-11130,63',second half,0,1
S-3643,WC-2002,M-2002-38,T-74,1,0,P-85432,68',second half,1,0
S-3644,WC-2002,M-2002-38,T-74,1,0,P-20557,68',second half,0,1
S-3645,WC-2002,M-2002-38,T-74,1,0,P-42895,88',second half,1,0
S-3646,WC-2002,M-2002-38,T-74,1,0,P-80105,88',second half,0,1
S-3647,WC-2002,M-2002-39,T-69,1,0,P-06135,40',first half,1,0
S-3648,WC-2002,M-2002-39,T-69,1,0,P-30524,40',first half,0,1
S-3649,WC-2002,M-2002-39,T-55,0,1,P-87796,53',second half,1,0
S-3650,WC-2002,M-2002-39,T-55,0,1,P-78557,53',second half,0,1
S-3651,WC-2002,M-2002-39,T-55,0,1,P-98051,61',second half,1,0
S-3652,WC-2002,M-2002-39,T-55,0,1,P-88899,61',second half,0,1
S-3653,WC-2002,M-2002-39,T-69,1,0,P-44943,62',second half,1,0
S-3654,WC-2002,M-2002-39,T-69,1,0,P-74981,62',second half,0,1
S-3655,WC-2002,M-2002-39,T-69,1,0,P-48910,77',second half,1,0
S-3656,WC-2002,M-2002-39,T-69,1,0,P-12511,77',second half,0,1
S-3657,WC-2002,M-2002-39,T-55,0,1,P-88899,90'+2',"second half, stoppage time",1,0
S-3658,WC-2002,M-2002-39,T-55,0,1,P-22263,90'+2',"second half, stoppage time",0,1
S-3659,WC-2002,M-2002-40,T-73,0,1,P-21683,53',second half,1,0
S-3660,WC-2002,M-2002-40,T-73,0,1,P-14456,53',second half,0,1
S-3661,WC-2002,M-2002-40,T-70,1,0,P-22393,74',second half,1,0
S-3662,WC-2002,M-2002-40,T-70,1,0,P-73319,74',second half,0,1
S-3663,WC-2002,M-2002-40,T-73,0,1,P-08514,77',second half,1,0
S-3664,WC-2002,M-2002-40,T-73,0,1,P-23336,77',second half,0,1
S-3665,WC-2002,M-2002-40,T-70,1,0,P-56543,80',second half,1,0
S-3666,WC-2002,M-2002-40,T-70,1,0,P-68024,80',second half,0,1
S-3667,WC-2002,M-2002-40,T-73,0,1,P-24556,82',second half,1,0
S-3668,WC-2002,M-2002-40,T-73,0,1,P-38878,82',second half,0,1
S-3669,WC-2002,M-2002-40,T-70,1,0,P-02423,83',second half,1,0
S-3670,WC-2002,M-2002-40,T-70,1,0,P-10439,83',second half,0,1
S-3671,WC-2002,M-2002-41,T-17,1,0,P-85975,46',second half,1,0
S-3672,WC-2002,M-2002-41,T-17,1,0,P-14189,46',second half,0,1
S-3673,WC-2002,M-2002-41,T-09,0,1,P-26695,57',second half,1,0
S-3674,WC-2002,M-2002-41,T-09,0,1,P-79283,57',second half,0,1
S-3675,WC-2002,M-2002-41,T-09,0,1,P-20389,61',second half,1,0
S-3676,WC-2002,M-2002-41,T-09,0,1,P-57975,61',second half,0,1
S-3677,WC-2002,M-2002-41,T-17,1,0,P-26474,65',second half,1,0
S-3678,WC-2002,M-2002-41,T-17,1,0,P-03776,65',second half,0,1
S-3679,WC-2002,M-2002-41,T-09,0,1,P-74261,72',second half,1,0
S-3680,WC-2002,M-2002-41,T-09,0,1,P-58388,72',second half,0,1
S-3681,WC-2002,M-2002-41,T-17,1,0,P-32696,74',second half,1,0
S-3682,WC-2002,M-2002-41,T-17,1,0,P-20880,74',second half,0,1
S-3683,WC-2002,M-2002-42,T-80,1,0,P-61478,35',first half,1,0
S-3684,WC-2002,M-2002-42,T-80,1,0,P-49485,35',first half,0,1
S-3685,WC-2002,M-2002-42,T-14,0,1,P-29611,46',second half,1,0
S-3686,WC-2002,M-2002-42,T-14,0,1,P-37402,46',second half,0,1
S-3687,WC-2002,M-2002-42,T-80,1,0,P-21108,70',second half,1,0
S-3688,WC-2002,M-2002-42,T-80,1,0,P-41133,70',second half,0,1
S-3689,WC-2002,M-2002-42,T-14,0,1,P-27445,73',second half,1,0
S-3690,WC-2002,M-2002-42,T-14,0,1,P-84550,73',second half,1,0
S-3691,WC-2002,M-2002-42,T-14,0,1,P-19411,73',second half,0,1
S-3692,WC-2002,M-2002-42,T-14,0,1,P-57338,73',second half,0,1
S-3693,WC-2002,M-2002-42,T-80,1,0,P-63089,84',second half,1,0
S-3694,WC-2002,M-2002-42,T-80,1,0,P-16859,84',second half,0,1
S-3695,WC-2002,M-2002-43,T-25,1,0,P-37753,40',first half,1,0
S-3696,WC-2002,M-2002-43,T-25,1,0,P-23101,40',first half,0,1
S-3697,WC-2002,M-2002-43,T-18,0,1,P-41724,52',second half,1,0
S-3698,WC-2002,M-2002-43,T-18,0,1,P-10638,52',second half,0,1
S-3699,WC-2002,M-2002-43,T-18,0,1,P-84378,59',second half,1,0
S-3700,WC-2002,M-2002-43,T-18,0,1,P-91190,59',second half,0,1
S-3701,WC-2002,M-2002-43,T-18,0,1,P-36689,68',second half,1,0
S-3702,WC-2002,M-2002-43,T-18,0,1,P-75377,68',second half,0,1
S-3703,WC-2002,M-2002-43,T-25,1,0,P-86943,76',second half,1,0
S-3704,WC-2002,M-2002-43,T-25,1,0,P-03128,76',second half,0,1
S-3705,WC-2002,M-2002-44,T-41,0,1,P-29172,55',second half,1,0
S-3706,WC-2002,M-2002-44,T-41,0,1,P-01311,55',second half,0,1
S-3707,WC-2002,M-2002-44,T-41,0,1,P-45258,63',second half,1,0
S-3708,WC-2002,M-2002-44,T-41,0,1,P-15450,63',second half,0,1
S-3709,WC-2002,M-2002-44,T-46,1,0,P-57272,76',second half,1,0
S-3710,WC-2002,M-2002-44,T-46,1,0,P-98036,76',second half,1,0
S-3711,WC-2002,M-2002-44,T-46,1,0,P-87592,76',second half,0,1
S-3712,WC-2002,M-2002-44,T-46,1,0,P-76755,76',second half,0,1
S-3713,WC-2002,M-2002-44,T-41,0,1,P-42038,78',second half,1,0
S-3714,WC-2002,M-2002-44,T-41,0,1,P-83836,78',second half,0,1
S-3715,WC-2002,M-2002-44,T-46,1,0,P-81643,80',second half,1,0
S-3716,WC-2002,M-2002-44,T-46,1,0,P-80183,80',second half,0,1
S-3717,WC-2002,M-2002-45,T-62,0,1,P-79578,34',first half,1,0
S-3718,WC-2002,M-2002-45,T-62,0,1,P-04731,34',first half,0,1
S-3719,WC-2002,M-2002-45,T-62,0,1,P-70700,43',first half,1,0
S-3720,WC-2002,M-2002-45,T-62,0,1,P-53680,43',first half,0,1
S-3721,WC-2002,M-2002-45,T-06,1,0,P-90633,70',second half,1,0
S-3722,WC-2002,M-2002-45,T-06,1,0,P-64922,70',second half,0,1
S-3723,WC-2002,M-2002-45,T-06,1,0,P-52358,78',second half,1,0
S-3724,WC-2002,M-2002-45,T-06,1,0,P-80262,78',second half,0,1
S-3725,WC-2002,M-2002-45,T-62,0,1,P-48249,82',second half,1,0
S-3726,WC-2002,M-2002-45,T-62,0,1,P-89971,82',second half,0,1
S-3727,WC-2002,M-2002-45,T-06,1,0,P-94736,90'+2',"second half, stoppage time",1,0
S-3728,WC-2002,M-2002-45,T-06,1,0,P-71601,90'+2',"second half, stoppage time",0,1
S-3729,WC-2002,M-2002-46,T-79,1,0,P-00668,46',second half,1,0
S-3730,WC-2002,M-2002-46,T-44,0,1,P-46807,46',second half,1,0
S-3731,WC-2002,M-2002-46,T-44,0,1,P-35882,46',second half,1,0
S-3732,WC-2002,M-2002-46,T-79,1,0,P-22242,46',second half,0,1
S-3733,WC-2002,M-2002-46,T-44,0,1,P-17348,46',second half,0,1
S-3734,WC-2002,M-2002-46,T-44,0,1,P-48525,46',second half,0,1
S-3735,WC-2002,M-2002-46,T-79,1,0,P-44011,61',second half,1,0
S-3736,WC-2002,M-2002-46,T-79,1,0,P-72780,61',second half,0,1
S-3737,WC-2002,M-2002-46,T-79,1,0,P-87702,78',second half,1,0
S-3738,WC-2002,M-2002-46,T-79,1,0,P-63935,78',second half,0,1
S-3739,WC-2002,M-2002-46,T-44,0,1,P-09349,84',second half,1,0
S-3740,WC-2002,M-2002-46,T-44,0,1,P-12376,84',second half,0,1
S-3741,WC-2002,M-2002-47,T-83,0,1,P-72797,36',first half,1,0
S-3742,WC-2002,M-2002-47,T-83,0,1,P-91976,36',first half,0,1
S-3743,WC-2002,M-2002-47,T-83,0,1,P-60597,58',second half,1,0
S-3744,WC-2002,M-2002-47,T-83,0,1,P-86464,58',second half,0,1
S-3745,WC-2002,M-2002-47,T-57,1,0,P-93812,65',second half,1,0
S-3746,WC-2002,M-2002-47,T-57,1,0,P-03927,65',second half,0,1
S-3747,WC-2002,M-2002-47,T-83,0,1,P-96178,68',second half,1,0
S-3748,WC-2002,M-2002-47,T-83,0,1,P-49258,68',second half,0,1
S-3749,WC-2002,M-2002-47,T-57,1,0,P-75230,87',second half,1,0
S-3750,WC-2002,M-2002-47,T-57,1,0,P-09579,87',second half,0,1
S-3751,WC-2002,M-2002-47,T-57,1,0,P-99558,89',second half,1,0
S-3752,WC-2002,M-2002-47,T-57,1,0,P-68907,89',second half,0,1
S-3753,WC-2002,M-2002-48,T-58,1,0,P-57982,69',second half,1,0
S-3754,WC-2002,M-2002-48,T-58,1,0,P-82191,69',second half,0,1
S-3755,WC-2002,M-2002-48,T-58,1,0,P-61068,73',second half,1,0
S-3756,WC-2002,M-2002-48,T-58,1,0,P-39199,73',second half,0,1
S-3757,WC-2002,M-2002-48,T-58,1,0,P-92307,77',second half,1,0
S-3758,WC-2002,M-2002-48,T-58,1,0,P-57631,77',second half,0,1
S-3759,WC-2002,M-2002-48,T-71,0,1,P-26616,90'+3',"second half, stoppage time",1,0
S-3760,WC-2002,M-2002-48,T-71,0,1,P-22338,90'+3',"second half, stoppage time",0,1
S-3761,WC-2002,M-2002-49,T-55,0,1,P-34530,29',first half,1,0
S-3762,WC-2002,M-2002-49,T-55,0,1,P-78557,29',first half,0,1
S-3763,WC-2002,M-2002-49,T-31,1,0,P-71726,46',second half,1,0
S-3764,WC-2002,M-2002-49,T-31,1,0,P-51287,46',second half,0,1
S-3765,WC-2002,M-2002-49,T-31,1,0,P-04065,60',second half,1,0
S-3766,WC-2002,M-2002-49,T-31,1,0,P-73157,60',second half,0,1
S-3767,WC-2002,M-2002-49,T-55,0,1,P-22302,84',second half,1,0
S-3768,WC-2002,M-2002-49,T-55,0,1,P-75108,84',second half,0,1
S-3769,WC-2002,M-2002-49,T-55,0,1,P-66123,90'+1',"second half, stoppage time",1,0
S-3770,WC-2002,M-2002-49,T-55,0,1,P-88899,90'+1',"second half, stoppage time",0,1
S-3771,WC-2002,M-2002-49,T-31,1,0,P-55504,90'+2',"second half, stoppage time",1,0
S-3772,WC-2002,M-2002-49,T-31,1,0,P-25543,90'+2',"second half, stoppage time",0,1
S-3773,WC-2002,M-2002-50,T-22,1,0,P-72404,7',first half,1,0
S-3774,WC-2002,M-2002-50,T-22,1,0,P-05337,7',first half,0,1
S-3775,WC-2002,M-2002-50,T-28,0,1,P-51130,46',second half,1,0
S-3776,WC-2002,M-2002-50,T-28,0,1,P-10663,46',second half,0,1
S-3777,WC-2002,M-2002-50,T-28,0,1,P-63916,49',second half,1,0
S-3778,WC-2002,M-2002-50,T-28,0,1,P-34406,49',second half,0,1
S-3779,WC-2002,M-2002-50,T-22,1,0,P-37132,58',second half,1,0
S-3780,WC-2002,M-2002-50,T-22,1,0,P-26759,58',second half,0,1
S-3781,WC-2002,M-2002-50,T-28,0,1,P-08307,69',second half,1,0
S-3782,WC-2002,M-2002-50,T-28,0,1,P-94825,69',second half,0,1
S-3783,WC-2002,M-2002-51,T-74,1,0,P-45212,65',second half,1,0
S-3784,WC-2002,M-2002-51,T-74,1,0,P-71531,65',second half,0,1
S-3785,WC-2002,M-2002-51,T-65,0,1,P-50303,66',second half,1,0
S-3786,WC-2002,M-2002-51,T-65,0,1,P-35489,66',second half,0,1
S-3787,WC-2002,M-2002-51,T-74,1,0,P-42808,76',second half,1,0
S-3788,WC-2002,M-2002-51,T-74,1,0,P-80105,76',second half,0,1
S-3789,WC-2002,M-2002-51,T-74,1,0,P-59548,99',"extra time, first half",1,0
S-3790,WC-2002,M-2002-51,T-74,1,0,P-20557,99',"extra time, first half",0,1
S-3791,WC-2002,M-2002-52,T-60,0,1,P-69817,50',second half,1,0
S-3792,WC-2002,M-2002-52,T-60,0,1,P-57630,50',second half,0,1
S-3793,WC-2002,M-2002-52,T-60,0,1,P-07683,55',second half,1,0
S-3794,WC-2002,M-2002-52,T-60,0,1,P-51629,55',second half,0,1
S-3795,WC-2002,M-2002-52,T-73,1,0,P-24963,66',second half,1,0
S-3796,WC-2002,M-2002-52,T-73,1,0,P-37161,66',second half,0,1
S-3797,WC-2002,M-2002-52,T-73,1,0,P-08514,72',second half,1,0
S-3798,WC-2002,M-2002-52,T-73,1,0,P-21683,72',second half,0,1
S-3799,WC-2002,M-2002-52,T-73,1,0,P-24556,80',second half,1,0
S-3800,WC-2002,M-2002-52,T-73,1,0,P-23336,80',second half,0,1
S-3801,WC-2002,M-2002-52,T-60,0,1,P-59412,82',second half,1,0
S-3802,WC-2002,M-2002-52,T-60,0,1,P-20792,82',second half,0,1
S-3803,WC-2002,M-2002-53,T-46,1,0,P-98036,28',first half,1,0
S-3804,WC-2002,M-2002-53,T-46,1,0,P-45941,28',first half,0,1
S-3805,WC-2002,M-2002-53,T-46,1,0,P-13917,46',second half,1,0
S-3806,WC-2002,M-2002-53,T-46,1,0,P-87229,46',second half,0,1
S-3807,WC-2002,M-2002-53,T-83,0,1,P-78068,59',second half,1,0
S-3808,WC-2002,M-2002-53,T-83,0,1,P-96178,59',second half,0,1
S-3809,WC-2002,M-2002-53,T-46,1,0,P-89297,78',second half,1,0
S-3810,WC-2002,M-2002-53,T-46,1,0,P-21495,78',second half,0,1
S-3811,WC-2002,M-2002-53,T-83,0,1,P-60597,79',second half,1,0
S-3812,WC-2002,M-2002-53,T-83,0,1,P-49258,79',second half,0,1
S-3813,WC-2002,M-2002-53,T-83,0,1,P-58649,90',second half,1,0
S-3814,WC-2002,M-2002-53,T-83,0,1,P-49219,90',second half,0,1
S-3815,WC-2002,M-2002-54,T-09,1,0,P-20389,57',second half,1,0
S-3816,WC-2002,M-2002-54,T-09,1,0,P-79146,57',second half,0,1
S-3817,WC-2002,M-2002-54,T-06,0,1,P-12842,72',second half,1,0
S-3818,WC-2002,M-2002-54,T-06,0,1,P-64922,72',second half,0,1
S-3819,WC-2002,M-2002-54,T-09,1,0,P-57361,81',second half,1,0
S-3820,WC-2002,M-2002-54,T-09,1,0,P-79283,81',second half,0,1
S-3821,WC-2002,M-2002-54,T-09,1,0,P-74261,90',second half,1,0
S-3822,WC-2002,M-2002-54,T-09,1,0,P-57975,90',second half,0,1
S-3823,WC-2002,M-2002-55,T-44,1,0,P-46807,46',second half,1,0
S-3824,WC-2002,M-2002-55,T-44,1,0,P-42311,46',second half,1,0
S-3825,WC-2002,M-2002-55,T-44,1,0,P-96566,46',second half,0,1
S-3826,WC-2002,M-2002-55,T-44,1,0,P-48525,46',second half,0,1
S-3827,WC-2002,M-2002-55,T-80,0,1,P-31566,74',second half,1,0
S-3828,WC-2002,M-2002-55,T-80,0,1,P-98680,74',second half,0,1
S-3829,WC-2002,M-2002-55,T-80,0,1,P-23883,85',second half,1,0
S-3830,WC-2002,M-2002-55,T-80,0,1,P-16859,85',second half,0,1
S-3831,WC-2002,M-2002-55,T-44,1,0,P-48525,86',second half,1,0
S-3832,WC-2002,M-2002-55,T-44,1,0,P-17348,86',second half,0,1
S-3833,WC-2002,M-2002-55,T-80,0,1,P-21108,90',second half,1,0
S-3834,WC-2002,M-2002-55,T-80,0,1,P-41133,90',second half,0,1
S-3835,WC-2002,M-2002-56,T-41,0,1,P-83836,61',second half,1,0
S-3836,WC-2002,M-2002-56,T-41,0,1,P-18164,61',second half,0,1
S-3837,WC-2002,M-2002-56,T-71,1,0,P-96267,63',second half,1,0
S-3838,WC-2002,M-2002-56,T-71,1,0,P-15222,63',second half,0,1
S-3839,WC-2002,M-2002-56,T-71,1,0,P-51785,68',second half,1,0
S-3840,WC-2002,M-2002-56,T-71,1,0,P-22338,68',second half,0,1
S-3841,WC-2002,M-2002-56,T-41,0,1,P-42227,72',second half,1,0
S-3842,WC-2002,M-2002-56,T-41,0,1,P-59777,72',second half,0,1
S-3843,WC-2002,M-2002-56,T-71,1,0,P-55097,83',second half,1,0
S-3844,WC-2002,M-2002-56,T-71,1,0,P-39884,83',second half,0,1
S-3845,WC-2002,M-2002-57,T-28,1,0,P-53590,56',second half,1,0
S-3846,WC-2002,M-2002-57,T-28,1,0,P-34406,56',second half,0,1
S-3847,WC-2002,M-2002-57,T-09,0,1,P-62722,70',second half,1,0
S-3848,WC-2002,M-2002-57,T-09,0,1,P-26695,70',second half,0,1
S-3849,WC-2002,M-2002-57,T-28,1,0,P-51130,79',second half,1,0
S-3850,WC-2002,M-2002-57,T-28,1,0,P-00447,79',second half,0,1
S-3851,WC-2002,M-2002-57,T-28,1,0,P-16557,80',second half,1,0
S-3852,WC-2002,M-2002-57,T-28,1,0,P-94825,80',second half,0,1
S-3853,WC-2002,M-2002-58,T-83,0,1,P-60597,58',second half,1,0
S-3854,WC-2002,M-2002-58,T-83,0,1,P-38074,58',second half,0,1
S-3855,WC-2002,M-2002-58,T-31,1,0,P-32136,60',second half,1,0
S-3856,WC-2002,M-2002-58,T-31,1,0,P-65108,60',second half,0,1
S-3857,WC-2002,M-2002-58,T-83,0,1,P-34695,65',second half,1,0
S-3858,WC-2002,M-2002-58,T-83,0,1,P-49258,65',second half,0,1
S-3859,WC-2002,M-2002-58,T-31,1,0,P-55504,80',second half,1,0
S-3860,WC-2002,M-2002-58,T-83,0,1,P-58649,80',second half,1,0
S-3861,WC-2002,M-2002-58,T-31,1,0,P-03026,80',second half,0,1
S-3862,WC-2002,M-2002-58,T-83,0,1,P-96178,80',second half,0,1
S-3863,WC-2002,M-2002-58,T-31,1,0,P-27787,88',second half,1,0
S-3864,WC-2002,M-2002-58,T-31,1,0,P-84534,88',second half,0,1
S-3865,WC-2002,M-2002-59,T-71,0,1,P-51785,32',first half,1,0
S-3866,WC-2002,M-2002-59,T-71,0,1,P-60562,32',first half,0,1
S-3867,WC-2002,M-2002-59,T-71,0,1,P-75255,60',second half,1,0
S-3868,WC-2002,M-2002-59,T-71,0,1,P-22338,60',second half,0,1
S-3869,WC-2002,M-2002-59,T-73,1,0,P-24963,70',second half,1,0
S-3870,WC-2002,M-2002-59,T-73,1,0,P-37161,70',second half,0,1
S-3871,WC-2002,M-2002-59,T-73,1,0,P-76612,80',second half,1,0
S-3872,WC-2002,M-2002-59,T-73,1,0,P-38878,80',second half,0,1
S-3873,WC-2002,M-2002-59,T-71,0,1,P-96267,90',second half,1,0
S-3874,WC-2002,M-2002-59,T-71,0,1,P-15222,90',second half,0,1
S-3875,WC-2002,M-2002-59,T-73,1,0,P-20643,93',"extra time, first half",1,0
S-3876,WC-2002,M-2002-59,T-73,1,0,P-29415,93',"extra time, first half",0,1
S-3877,WC-2002,M-2002-60,T-80,0,1,P-58212,67',second half,1,0
S-3878,WC-2002,M-2002-60,T-80,0,1,P-41133,67',second half,0,1
S-3879,WC-2002,M-2002-60,T-80,0,1,P-46497,91',"extra time, first half",1,0
S-3880,WC-2002,M-2002-60,T-80,0,1,P-37782,91',"extra time, first half",0,1
S-3881,WC-2002,M-2002-61,T-71,0,1,P-15222,54',second half,1,0
S-3882,WC-2002,M-2002-61,T-71,0,1,P-26616,54',second half,0,1
S-3883,WC-2002,M-2002-61,T-71,0,1,P-07865,56',second half,1,0
S-3884,WC-2002,M-2002-61,T-71,0,1,P-66219,56',second half,0,1
S-3885,WC-2002,M-2002-61,T-31,1,0,P-27787,70',second half,1,0
S-3886,WC-2002,M-2002-61,T-31,1,0,P-84534,70',second half,0,1
S-3887,WC-2002,M-2002-61,T-71,0,1,P-55097,80',second half,1,0
S-3888,WC-2002,M-2002-61,T-71,0,1,P-56626,80',second half,0,1
S-3889,WC-2002,M-2002-61,T-31,1,0,P-32136,85',second half,1,0
S-3890,WC-2002,M-2002-61,T-31,1,0,P-65108,85',second half,0,1
S-3891,WC-2002,M-2002-61,T-31,1,0,P-55504,88',second half,1,0
S-3892,WC-2002,M-2002-61,T-31,1,0,P-25543,88',second half,0,1
S-3893,WC-2002,M-2002-62,T-80,0,1,P-46497,62',second half,1,0
S-3894,WC-2002,M-2002-62,T-80,0,1,P-41133,62',second half,0,1
S-3895,WC-2002,M-2002-62,T-09,1,0,P-62722,68',second half,1,0
S-3896,WC-2002,M-2002-62,T-09,1,0,P-89804,68',second half,0,1
S-3897,WC-2002,M-2002-62,T-80,0,1,P-31566,74',second half,1,0
S-3898,WC-2002,M-2002-62,T-80,0,1,P-59617,74',second half,0,1
S-3899,WC-2002,M-2002-62,T-09,1,0,P-26695,75',second half,1,0
S-3900,WC-2002,M-2002-62,T-09,1,0,P-79146,75',second half,0,1
S-3901,WC-2002,M-2002-62,T-09,1,0,P-79283,85',second half,1,0
S-3902,WC-2002,M-2002-62,T-09,1,0,P-93236,85',second half,0,1
S-3903,WC-2002,M-2002-62,T-80,0,1,P-21108,88',second half,1,0
S-3904,WC-2002,M-2002-62,T-80,0,1,P-37782,88',second half,0,1
S-3905,WC-2002,M-2002-63,T-80,0,1,P-46497,41',first half,1,0
S-3906,WC-2002,M-2002-63,T-80,0,1,P-78533,41',first half,0,1
S-3907,WC-2002,M-2002-63,T-71,1,0,P-55097,46',second half,1,0
S-3908,WC-2002,M-2002-63,T-71,1,0,P-96267,46',second half,0,1
S-3909,WC-2002,M-2002-63,T-71,1,0,P-60562,65',second half,1,0
S-3910,WC-2002,M-2002-63,T-71,1,0,P-39884,65',second half,0,1
S-3911,WC-2002,M-2002-63,T-80,0,1,P-31566,76',second half,1,0
S-3912,WC-2002,M-2002-63,T-80,0,1,P-31907,76',second half,0,1
S-3913,WC-2002,M-2002-63,T-71,1,0,P-56626,79',second half,1,0
S-3914,WC-2002,M-2002-63,T-71,1,0,P-37114,79',second half,0,1
S-3915,WC-2002,M-2002-63,T-80,0,1,P-21108,86',second half,1,0
S-3916,WC-2002,M-2002-63,T-80,0,1,P-16859,86',second half,0,1
S-3917,WC-2002,M-2002-64,T-31,1,0,P-27787,74',second half,1,0
S-3918,WC-2002,M-2002-64,T-31,1,0,P-84534,74',second half,0,1
S-3919,WC-2002,M-2002-64,T-31,1,0,P-65108,77',second half,1,0
S-3920,WC-2002,M-2002-64,T-31,1,0,P-25543,77',second half,0,1
S-3921,WC-2002,M-2002-64,T-31,1,0,P-03026,84',second half,1,0
S-3922,WC-2002,M-2002-64,T-31,1,0,P-67544,84',second half,0,1
S-3923,WC-2002,M-2002-64,T-09,0,1,P-57361,85',second half,1,0
S-3924,WC-2002,M-2002-64,T-09,0,1,P-20389,85',second half,0,1
S-3925,WC-2002,M-2002-64,T-09,0,1,P-62722,90',second half,1,0
S-3926,WC-2002,M-2002-64,T-09,0,1,P-79146,90',second half,0,1
S-3927,WC-2003,M-2003-01,T-30,0,1,P-34391,72',second half,1,0
S-3928,WC-2003,M-2003-01,T-30,0,1,P-62829,72',second half,0,1
S-3929,WC-2003,M-2003-01,T-53,1,0,P-70069,80',second half,1,0
S-3930,WC-2003,M-2003-01,T-53,1,0,P-29694,80',second half,0,1
S-3931,WC-2003,M-2003-01,T-30,0,1,P-20811,82',second half,1,0
S-3932,WC-2003,M-2003-01,T-30,0,1,P-90667,82',second half,0,1
S-3933,WC-2003,M-2003-01,T-53,1,0,P-72974,89',second half,1,0
S-3934,WC-2003,M-2003-01,T-53,1,0,P-84389,89',second half,0,1
S-3935,WC-2003,M-2003-01,T-53,1,0,P-75121,90'+1',"second half, stoppage time",1,0
S-3936,WC-2003,M-2003-01,T-53,1,0,P-65709,90'+1',"second half, stoppage time",0,1
S-3937,WC-2003,M-2003-02,T-50,1,0,P-59238,44',first half,1,0
S-3938,WC-2003,M-2003-02,T-50,1,0,P-94567,44',first half,0,1
S-3939,WC-2003,M-2003-02,T-50,1,0,P-05883,46',second half,1,0
S-3940,WC-2003,M-2003-02,T-50,1,0,P-10791,46',second half,0,1
S-3941,WC-2003,M-2003-02,T-51,0,1,P-83602,57',second half,1,0
S-3942,WC-2003,M-2003-02,T-51,0,1,P-69790,57',second half,0,1
S-3943,WC-2003,M-2003-02,T-51,0,1,P-59010,81',second half,1,0
S-3944,WC-2003,M-2003-02,T-51,0,1,P-65322,81',second half,0,1
S-3945,WC-2003,M-2003-02,T-50,1,0,P-38422,85',second half,1,0
S-3946,WC-2003,M-2003-02,T-50,1,0,P-21975,85',second half,0,1
S-3947,WC-2003,M-2003-03,T-12,0,1,P-20854,46',second half,1,0
S-3948,WC-2003,M-2003-03,T-12,0,1,P-35069,46',second half,0,1
S-3949,WC-2003,M-2003-03,T-31,1,0,P-78246,65',second half,1,0
S-3950,WC-2003,M-2003-03,T-31,1,0,P-41816,65',second half,0,1
S-3951,WC-2003,M-2003-03,T-31,1,0,P-42444,73',second half,1,0
S-3952,WC-2003,M-2003-03,T-31,1,0,P-08780,73',second half,0,1
S-3953,WC-2003,M-2003-04,T-03,0,1,P-23308,46',second half,1,0
S-3954,WC-2003,M-2003-04,T-03,0,1,P-80199,46',second half,1,0
S-3955,WC-2003,M-2003-04,T-03,0,1,P-95150,46',second half,0,1
S-3956,WC-2003,M-2003-04,T-03,0,1,P-20634,46',second half,0,1
S-3957,WC-2003,M-2003-04,T-44,1,0,P-69292,57',second half,1,0
S-3958,WC-2003,M-2003-04,T-44,1,0,P-24437,57',second half,0,1
S-3959,WC-2003,M-2003-04,T-44,1,0,P-24220,73',second half,1,0
S-3960,WC-2003,M-2003-04,T-44,1,0,P-51492,73',second half,0,1
S-3961,WC-2003,M-2003-04,T-03,0,1,P-66491,76',second half,1,0
S-3962,WC-2003,M-2003-04,T-03,0,1,P-00386,76',second half,0,1
S-3963,WC-2003,M-2003-04,T-44,1,0,P-72113,80',second half,1,0
S-3964,WC-2003,M-2003-04,T-44,1,0,P-30837,80',second half,0,1
S-3965,WC-2003,M-2003-05,T-83,1,0,P-99201,46',second half,1,0
S-3966,WC-2003,M-2003-05,T-74,0,1,P-95194,46',second half,1,0
S-3967,WC-2003,M-2003-05,T-83,1,0,P-27814,46',second half,0,1
S-3968,WC-2003,M-2003-05,T-74,0,1,P-82102,46',second half,0,1
S-3969,WC-2003,M-2003-05,T-83,1,0,P-89236,56',second half,1,0
S-3970,WC-2003,M-2003-05,T-83,1,0,P-98699,56',second half,0,1
S-3971,WC-2003,M-2003-05,T-83,1,0,P-18634,70',second half,1,0
S-3972,WC-2003,M-2003-05,T-83,1,0,P-96012,70',second half,0,1
S-3973,WC-2003,M-2003-05,T-74,0,1,P-97773,77',second half,1,0
S-3974,WC-2003,M-2003-05,T-74,0,1,P-56708,77',second half,0,1
S-3975,WC-2003,M-2003-05,T-74,0,1,P-31388,83',second half,1,0
S-3976,WC-2003,M-2003-05,T-74,0,1,P-29677,83',second half,0,1
S-3977,WC-2003,M-2003-06,T-71,0,1,P-76840,46',second half,1,0
S-3978,WC-2003,M-2003-06,T-71,0,1,P-76130,46',second half,0,1
S-3979,WC-2003,M-2003-06,T-71,0,1,P-32577,49',second half,1,0
S-3980,WC-2003,M-2003-06,T-71,0,1,P-16803,49',second half,0,1
S-3981,WC-2003,M-2003-06,T-71,0,1,P-25247,65',second half,1,0
S-3982,WC-2003,M-2003-06,T-71,0,1,P-94525,65',second half,0,1
S-3983,WC-2003,M-2003-06,T-09,1,0,P-67574,78',second half,1,0
S-3984,WC-2003,M-2003-06,T-09,1,0,P-93057,78',second half,0,1
S-3985,WC-2003,M-2003-06,T-09,1,0,P-19610,89',second half,1,0
S-3986,WC-2003,M-2003-06,T-09,1,0,P-58199,89',second half,0,1
S-3987,WC-2003,M-2003-07,T-04,1,0,P-30671,46',second half,1,0
S-3988,WC-2003,M-2003-07,T-04,1,0,P-01374,46',second half,0,1
S-3989,WC-2003,M-2003-07,T-62,0,1,P-45845,67',second half,1,0
S-3990,WC-2003,M-2003-07,T-62,0,1,P-64409,67',second half,0,1
S-3991,WC-2003,M-2003-07,T-62,0,1,P-55158,68',second half,1,0
S-3992,WC-2003,M-2003-07,T-62,0,1,P-18197,68',second half,0,1
S-3993,WC-2003,M-2003-07,T-04,1,0,P-66483,90'+1',"second half, stoppage time",1,0
S-3994,WC-2003,M-2003-07,T-04,1,0,P-69209,90'+1',"second half, stoppage time",0,1
S-3995,WC-2003,M-2003-08,T-14,1,0,P-71089,36',first half,1,0
S-3996,WC-2003,M-2003-08,T-14,1,0,P-66877,36',first half,0,1
S-3997,WC-2003,M-2003-08,T-32,0,1,P-84693,58',second half,1,0
S-3998,WC-2003,M-2003-08,T-32,0,1,P-08624,58',second half,0,1
S-3999,WC-2003,M-2003-08,T-14,1,0,P-73561,59',second half,1,0
S-4000,WC-2003,M-2003-08,T-14,1,0,P-95180,59',second half,0,1
S-4001,WC-2003,M-2003-08,T-32,0,1,P-99818,83',second half,1,0
S-4002,WC-2003,M-2003-08,T-32,0,1,P-68909,83',second half,0,1
S-4003,WC-2003,M-2003-08,T-14,1,0,P-65910,88',second half,1,0
S-4004,WC-2003,M-2003-08,T-14,1,0,P-88622,88',second half,0,1
S-4005,WC-2003,M-2003-08,T-32,0,1,P-14240,90'+2',"second half, stoppage time",1,0
S-4006,WC-2003,M-2003-08,T-32,0,1,P-03320,90'+2',"second half, stoppage time",0,1
S-4007,WC-2003,M-2003-09,T-53,1,0,P-00556,46',second half,1,0
S-4008,WC-2003,M-2003-09,T-53,1,0,P-65709,46',second half,0,1
S-4009,WC-2003,M-2003-09,T-53,1,0,P-72974,74',second half,1,0
S-4010,WC-2003,M-2003-09,T-53,1,0,P-70069,74',second half,1,0
S-4011,WC-2003,M-2003-09,T-53,1,0,P-84389,74',second half,0,1
S-4012,WC-2003,M-2003-09,T-53,1,0,P-60731,74',second half,0,1
S-4013,WC-2003,M-2003-09,T-09,0,1,P-67574,80',second half,1,0
S-4014,WC-2003,M-2003-09,T-09,0,1,P-93057,80',second half,0,1
S-4015,WC-2003,M-2003-09,T-09,0,1,P-19610,88',second half,1,0
S-4016,WC-2003,M-2003-09,T-09,0,1,P-54956,88',second half,0,1
S-4017,WC-2003,M-2003-09,T-09,0,1,P-46780,90',second half,1,0
S-4018,WC-2003,M-2003-09,T-09,0,1,P-58199,90',second half,0,1
S-4019,WC-2003,M-2003-10,T-44,0,1,P-46224,56',second half,1,0
S-4020,WC-2003,M-2003-10,T-44,0,1,P-69292,56',second half,1,0
S-4021,WC-2003,M-2003-10,T-44,0,1,P-24437,56',second half,0,1
S-4022,WC-2003,M-2003-10,T-44,0,1,P-24967,56',second half,0,1
S-4023,WC-2003,M-2003-10,T-44,0,1,P-78180,60',second half,1,0
S-4024,WC-2003,M-2003-10,T-44,0,1,P-51492,60',second half,0,1
S-4025,WC-2003,M-2003-10,T-31,1,0,P-06382,64',second half,1,0
S-4026,WC-2003,M-2003-10,T-31,1,0,P-49074,64',second half,0,1
S-4027,WC-2003,M-2003-10,T-31,1,0,P-78246,72',second half,1,0
S-4028,WC-2003,M-2003-10,T-31,1,0,P-15303,72',second half,0,1
S-4029,WC-2003,M-2003-10,T-31,1,0,P-53366,78',second half,1,0
S-4030,WC-2003,M-2003-10,T-31,1,0,P-41816,78',second half,0,1
S-4031,WC-2003,M-2003-11,T-30,1,0,P-20811,68',second half,1,0
S-4032,WC-2003,M-2003-11,T-30,1,0,P-62829,68',second half,0,1
S-4033,WC-2003,M-2003-11,T-71,0,1,P-25247,75',second half,1,0
S-4034,WC-2003,M-2003-11,T-71,0,1,P-37119,75',second half,0,1
S-4035,WC-2003,M-2003-11,T-30,1,0,P-67223,81',second half,1,0
S-4036,WC-2003,M-2003-11,T-30,1,0,P-60897,81',second half,0,1
S-4037,WC-2003,M-2003-11,T-71,0,1,P-65913,83',second half,1,0
S-4038,WC-2003,M-2003-11,T-71,0,1,P-76130,83',second half,0,1
S-4039,WC-2003,M-2003-11,T-71,0,1,P-30579,85',second half,1,0
S-4040,WC-2003,M-2003-11,T-71,0,1,P-86212,85',second half,0,1
S-4041,WC-2003,M-2003-11,T-30,1,0,P-63727,89',second half,1,0
S-4042,WC-2003,M-2003-11,T-30,1,0,P-50881,89',second half,0,1
S-4043,WC-2003,M-2003-12,T-12,1,0,P-35069,75',second half,1,0
S-4044,WC-2003,M-2003-12,T-03,0,1,P-80199,75',second half,1,0
S-4045,WC-2003,M-2003-12,T-12,1,0,P-08594,75',second half,0,1
S-4046,WC-2003,M-2003-12,T-03,0,1,P-20634,75',second half,0,1
S-4047,WC-2003,M-2003-12,T-03,0,1,P-66491,78',second half,1,0
S-4048,WC-2003,M-2003-12,T-03,0,1,P-00386,78',second half,0,1
S-4049,WC-2003,M-2003-12,T-12,1,0,P-74702,83',second half,1,0
S-4050,WC-2003,M-2003-12,T-12,1,0,P-15381,83',second half,0,1
S-4051,WC-2003,M-2003-12,T-03,0,1,P-17521,84',second half,1,0
S-4052,WC-2003,M-2003-12,T-03,0,1,P-70312,84',second half,0,1
S-4053,WC-2003,M-2003-13,T-62,0,1,P-69440,46',second half,1,0
S-4054,WC-2003,M-2003-13,T-62,0,1,P-23016,46',second half,0,1
S-4055,WC-2003,M-2003-13,T-32,1,0,P-68909,52',second half,1,0
S-4056,WC-2003,M-2003-13,T-32,1,0,P-03320,52',second half,0,1
S-4057,WC-2003,M-2003-13,T-32,1,0,P-84693,58',second half,1,0
S-4058,WC-2003,M-2003-13,T-32,1,0,P-99818,58',second half,0,1
S-4059,WC-2003,M-2003-13,T-62,0,1,P-55158,59',second half,1,0
S-4060,WC-2003,M-2003-13,T-62,0,1,P-18197,59',second half,0,1
S-4061,WC-2003,M-2003-13,T-62,0,1,P-24480,74',second half,1,0
S-4062,WC-2003,M-2003-13,T-62,0,1,P-45845,74',second half,0,1
S-4063,WC-2003,M-2003-13,T-32,1,0,P-90753,78',second half,1,0
S-4064,WC-2003,M-2003-13,T-32,1,0,P-08624,78',second half,0,1
S-4065,WC-2003,M-2003-14,T-51,0,1,P-83602,36',first half,1,0
S-4066,WC-2003,M-2003-14,T-51,0,1,P-65322,36',first half,0,1
S-4067,WC-2003,M-2003-14,T-51,0,1,P-02141,55',second half,1,0
S-4068,WC-2003,M-2003-14,T-51,0,1,P-78097,55',second half,0,1
S-4069,WC-2003,M-2003-14,T-74,1,0,P-23207,56',second half,1,0
S-4070,WC-2003,M-2003-14,T-74,1,0,P-56708,56',second half,0,1
S-4071,WC-2003,M-2003-14,T-51,0,1,P-77201,62',second half,1,0
S-4072,WC-2003,M-2003-14,T-51,0,1,P-63421,62',second half,0,1
S-4073,WC-2003,M-2003-14,T-74,1,0,P-97773,65',second half,1,0
S-4074,WC-2003,M-2003-14,T-74,1,0,P-26509,65',second half,0,1
S-4075,WC-2003,M-2003-14,T-74,1,0,P-31388,86',second half,1,0
S-4076,WC-2003,M-2003-14,T-74,1,0,P-29677,86',second half,0,1
S-4077,WC-2003,M-2003-15,T-14,1,0,P-70314,74',second half,1,0
S-4078,WC-2003,M-2003-15,T-14,1,0,P-88622,74',second half,0,1
S-4079,WC-2003,M-2003-15,T-04,0,1,P-12322,76',second half,1,0
S-4080,WC-2003,M-2003-15,T-04,0,1,P-01374,76',second half,0,1
S-4081,WC-2003,M-2003-15,T-14,1,0,P-65910,85',second half,1,0
S-4082,WC-2003,M-2003-15,T-14,1,0,P-14537,85',second half,0,1
S-4083,WC-2003,M-2003-15,T-14,1,0,P-16075,90',second half,1,0
S-4084,WC-2003,M-2003-15,T-14,1,0,P-66877,90',second half,0,1
S-4085,WC-2003,M-2003-16,T-83,1,0,P-96012,46',second half,1,0
S-4086,WC-2003,M-2003-16,T-83,1,0,P-89236,46',second half,0,1
S-4087,WC-2003,M-2003-16,T-83,1,0,P-18634,57',second half,1,0
S-4088,WC-2003,M-2003-16,T-83,1,0,P-98699,57',second half,0,1
S-4089,WC-2003,M-2003-16,T-83,1,0,P-92403,71',second half,1,0
S-4090,WC-2003,M-2003-16,T-83,1,0,P-75727,71',second half,0,1
S-4091,WC-2003,M-2003-17,T-30,1,0,P-20811,46',second half,1,0
S-4092,WC-2003,M-2003-17,T-09,0,1,P-58199,46',second half,1,0
S-4093,WC-2003,M-2003-17,T-30,1,0,P-62829,46',second half,0,1
S-4094,WC-2003,M-2003-17,T-09,0,1,P-93057,46',second half,0,1
S-4095,WC-2003,M-2003-17,T-30,1,0,P-63727,73',second half,1,0
S-4096,WC-2003,M-2003-17,T-30,1,0,P-18018,73',second half,0,1
S-4097,WC-2003,M-2003-17,T-30,1,0,P-90240,85',second half,1,0
S-4098,WC-2003,M-2003-17,T-30,1,0,P-34391,85',second half,0,1
S-4099,WC-2003,M-2003-17,T-09,0,1,P-10543,88',second half,1,0
S-4100,WC-2003,M-2003-17,T-09,0,1,P-22757,88',second half,0,1
S-4101,WC-2003,M-2003-18,T-71,1,0,P-82107,30',first half,1,0
S-4102,WC-2003,M-2003-18,T-71,1,0,P-07222,30',first half,0,1
S-4103,WC-2003,M-2003-18,T-71,1,0,P-23583,55',second half,1,0
S-4104,WC-2003,M-2003-18,T-71,1,0,P-76130,55',second half,0,1
S-4105,WC-2003,M-2003-18,T-71,1,0,P-40778,59',second half,1,0
S-4106,WC-2003,M-2003-18,T-71,1,0,P-98861,59',second half,0,1
S-4107,WC-2003,M-2003-18,T-53,0,1,P-29694,69',second half,1,0
S-4108,WC-2003,M-2003-18,T-53,0,1,P-65709,69',second half,0,1
S-4109,WC-2003,M-2003-18,T-53,0,1,P-70069,73',second half,1,0
S-4110,WC-2003,M-2003-18,T-53,0,1,P-45895,73',second half,0,1
S-4111,WC-2003,M-2003-18,T-53,0,1,P-60731,81',second half,1,0
S-4112,WC-2003,M-2003-18,T-53,0,1,P-84389,81',second half,0,1
S-4113,WC-2003,M-2003-19,T-31,0,1,P-06382,46',second half,1,0
S-4114,WC-2003,M-2003-19,T-31,0,1,P-08780,46',second half,1,0
S-4115,WC-2003,M-2003-19,T-31,0,1,P-09674,46',second half,0,1
S-4116,WC-2003,M-2003-19,T-31,0,1,P-80012,46',second half,0,1
S-4117,WC-2003,M-2003-19,T-03,1,0,P-00386,56',second half,1,0
S-4118,WC-2003,M-2003-19,T-03,1,0,P-70312,56',second half,0,1
S-4119,WC-2003,M-2003-19,T-31,0,1,P-70251,62',second half,1,0
S-4120,WC-2003,M-2003-19,T-31,0,1,P-50305,62',second half,0,1
S-4121,WC-2003,M-2003-19,T-03,1,0,P-80199,85',second half,1,0
S-4122,WC-2003,M-2003-19,T-03,1,0,P-20634,85',second half,0,1
S-4123,WC-2003,M-2003-20,T-44,0,1,P-69292,54',second half,1,0
S-4124,WC-2003,M-2003-20,T-44,0,1,P-24437,54',second half,0,1
S-4125,WC-2003,M-2003-20,T-12,1,0,P-74702,60',second half,1,0
S-4126,WC-2003,M-2003-20,T-12,1,0,P-08594,60',second half,0,1
S-4127,WC-2003,M-2003-20,T-44,0,1,P-46224,62',second half,1,0
S-4128,WC-2003,M-2003-20,T-44,0,1,P-24967,62',second half,0,1
S-4129,WC-2003,M-2003-20,T-12,1,0,P-87255,77',second half,1,0
S-4130,WC-2003,M-2003-20,T-12,1,0,P-85437,77',second half,0,1
S-4131,WC-2003,M-2003-20,T-12,1,0,P-35069,85',second half,0,1
S-4132,WC-2003,M-2003-20,T-12,1,0,P-20854,86',second half,1,0
S-4133,WC-2003,M-2003-20,T-44,0,1,P-37697,89',second half,1,0
S-4134,WC-2003,M-2003-20,T-44,0,1,P-04310,89',second half,0,1
S-4135,WC-2003,M-2003-21,T-74,1,0,P-26509,46',second half,1,0
S-4136,WC-2003,M-2003-21,T-74,1,0,P-56708,46',second half,0,1
S-4137,WC-2003,M-2003-21,T-50,0,1,P-16023,63',second half,0,1
S-4138,WC-2003,M-2003-21,T-50,0,1,P-68759,65',second half,1,0
S-4139,WC-2003,M-2003-21,T-74,1,0,P-97773,66',second half,1,0
S-4140,WC-2003,M-2003-21,T-74,1,0,P-95194,66',second half,0,1
S-4141,WC-2003,M-2003-21,T-50,0,1,P-75280,83',second half,1,0
S-4142,WC-2003,M-2003-21,T-50,0,1,P-21975,83',second half,0,1
S-4143,WC-2003,M-2003-21,T-74,1,0,P-36470,85',second half,1,0
S-4144,WC-2003,M-2003-21,T-74,1,0,P-29677,85',second half,0,1
S-4145,WC-2003,M-2003-21,T-50,0,1,P-10791,89',second half,1,0
S-4146,WC-2003,M-2003-21,T-50,0,1,P-23079,89',second half,0,1
S-4147,WC-2003,M-2003-22,T-51,1,0,P-02141,26',first half,1,0
S-4148,WC-2003,M-2003-22,T-51,1,0,P-49268,26',first half,0,1
S-4149,WC-2003,M-2003-22,T-83,0,1,P-25850,46',second half,1,0
S-4150,WC-2003,M-2003-22,T-83,0,1,P-89416,46',second half,0,1
S-4151,WC-2003,M-2003-22,T-51,1,0,P-98467,53',second half,1,0
S-4152,WC-2003,M-2003-22,T-51,1,0,P-63421,53',second half,0,1
S-4153,WC-2003,M-2003-22,T-83,0,1,P-89236,56',second half,1,0
S-4154,WC-2003,M-2003-22,T-83,0,1,P-14832,56',second half,0,1
S-4155,WC-2003,M-2003-22,T-83,0,1,P-58480,73',second half,1,0
S-4156,WC-2003,M-2003-22,T-83,0,1,P-17219,73',second half,0,1
S-4157,WC-2003,M-2003-22,T-51,1,0,P-83602,74',second half,1,0
S-4158,WC-2003,M-2003-22,T-51,1,0,P-69790,74',second half,0,1
S-4159,WC-2003,M-2003-23,T-04,0,1,P-66483,33',first half,1,0
S-4160,WC-2003,M-2003-23,T-04,0,1,P-01374,33',first half,0,1
S-4161,WC-2003,M-2003-23,T-04,0,1,P-29106,43',first half,1,0
S-4162,WC-2003,M-2003-23,T-04,0,1,P-69209,43',first half,0,1
S-4163,WC-2003,M-2003-23,T-32,1,0,P-23665,67',second half,1,0
S-4164,WC-2003,M-2003-23,T-32,1,0,P-68909,67',second half,0,1
S-4165,WC-2003,M-2003-23,T-32,1,0,P-03333,75',second half,1,0
S-4166,WC-2003,M-2003-23,T-32,1,0,P-84693,75',second half,0,1
S-4167,WC-2003,M-2003-23,T-04,0,1,P-16853,90',second half,1,0
S-4168,WC-2003,M-2003-23,T-04,0,1,P-36789,90',second half,0,1
S-4169,WC-2003,M-2003-23,T-32,1,0,P-68909,90'+1',"second half, stoppage time",1,0
S-4170,WC-2003,M-2003-23,T-32,1,0,P-03320,90'+1',"second half, stoppage time",0,1
S-4171,WC-2003,M-2003-24,T-14,1,0,P-44137,55',second half,1,0
S-4172,WC-2003,M-2003-24,T-14,1,0,P-66877,55',second half,0,1
S-4173,WC-2003,M-2003-24,T-14,1,0,P-65910,62',second half,1,0
S-4174,WC-2003,M-2003-24,T-14,1,0,P-88622,62',second half,0,1
S-4175,WC-2003,M-2003-24,T-62,0,1,P-42830,66',second half,1,0
S-4176,WC-2003,M-2003-24,T-62,0,1,P-18197,66',second half,0,1
S-4177,WC-2003,M-2003-25,T-09,1,0,P-64954,58',second half,1,0
S-4178,WC-2003,M-2003-25,T-09,1,0,P-93057,58',second half,0,1
S-4179,WC-2003,M-2003-25,T-74,0,1,P-97773,72',second half,1,0
S-4180,WC-2003,M-2003-25,T-74,0,1,P-95194,72',second half,0,1
S-4181,WC-2003,M-2003-25,T-09,1,0,P-19610,81',second half,1,0
S-4182,WC-2003,M-2003-25,T-09,1,0,P-78447,81',second half,0,1
S-4183,WC-2003,M-2003-25,T-74,0,1,P-32488,90',second half,1,0
S-4184,WC-2003,M-2003-25,T-74,0,1,P-28523,90',second half,0,1
S-4185,WC-2003,M-2003-26,T-53,0,1,P-29694,24',first half,1,0
S-4186,WC-2003,M-2003-26,T-53,0,1,P-00556,24',first half,0,1
S-4187,WC-2003,M-2003-26,T-83,1,0,P-18634,72',second half,1,0
S-4188,WC-2003,M-2003-26,T-83,1,0,P-98699,72',second half,0,1
S-4189,WC-2003,M-2003-26,T-53,0,1,P-05014,77',second half,1,0
S-4190,WC-2003,M-2003-26,T-53,0,1,P-65709,77',second half,0,1
S-4191,WC-2003,M-2003-26,T-83,1,0,P-89416,81',second half,1,0
S-4192,WC-2003,M-2003-26,T-83,1,0,P-80622,81',second half,0,1
S-4193,WC-2003,M-2003-26,T-53,0,1,P-72974,84',second half,1,0
S-4194,WC-2003,M-2003-26,T-53,0,1,P-84389,84',second half,0,1
S-4195,WC-2003,M-2003-27,T-62,0,1,P-23016,34',first half,1,0
S-4196,WC-2003,M-2003-27,T-62,0,1,P-69440,34',first half,0,1
S-4197,WC-2003,M-2003-27,T-62,0,1,P-42830,46',second half,1,0
S-4198,WC-2003,M-2003-27,T-62,0,1,P-17206,46',second half,0,1
S-4199,WC-2003,M-2003-27,T-31,1,0,P-80012,57',second half,1,0
S-4200,WC-2003,M-2003-27,T-31,1,0,P-08789,57',second half,0,1
S-4201,WC-2003,M-2003-27,T-31,1,0,P-53366,66',second half,1,0
S-4202,WC-2003,M-2003-27,T-31,1,0,P-41816,66',second half,0,1
S-4203,WC-2003,M-2003-27,T-62,0,1,P-55158,75',second half,1,0
S-4204,WC-2003,M-2003-27,T-62,0,1,P-71664,75',second half,0,1
S-4205,WC-2003,M-2003-27,T-31,1,0,P-42444,82',second half,1,0
S-4206,WC-2003,M-2003-27,T-31,1,0,P-85840,82',second half,0,1
S-4207,WC-2003,M-2003-28,T-12,0,1,P-39878,12',first half,1,0
S-4208,WC-2003,M-2003-28,T-12,0,1,P-08594,12',first half,0,1
S-4209,WC-2003,M-2003-28,T-14,1,0,P-65910,58',second half,1,0
S-4210,WC-2003,M-2003-28,T-14,1,0,P-88622,58',second half,0,1
S-4211,WC-2003,M-2003-28,T-14,1,0,P-48897,65',second half,1,0
S-4212,WC-2003,M-2003-28,T-14,1,0,P-70314,65',second half,0,1
S-4213,WC-2003,M-2003-28,T-12,0,1,P-74702,73',second half,1,0
S-4214,WC-2003,M-2003-28,T-12,0,1,P-35069,73',second half,0,1
S-4215,WC-2003,M-2003-28,T-14,1,0,P-95180,82',second half,1,0
S-4216,WC-2003,M-2003-28,T-14,1,0,P-14537,82',second half,0,1
S-4217,WC-2003,M-2003-28,T-12,0,1,P-20854,90',second half,1,0
S-4218,WC-2003,M-2003-28,T-12,0,1,P-85437,90',second half,0,1
S-4219,WC-2003,M-2003-29,T-83,1,0,P-18634,52',second half,1,0
S-4220,WC-2003,M-2003-29,T-83,1,0,P-96012,52',second half,0,1
S-4221,WC-2003,M-2003-29,T-83,1,0,P-80622,70',second half,1,0
S-4222,WC-2003,M-2003-29,T-83,1,0,P-98699,70',second half,0,1
S-4223,WC-2003,M-2003-30,T-12,0,1,P-08594,55',second half,1,0
S-4224,WC-2003,M-2003-30,T-12,0,1,P-85437,55',second half,0,1
S-4225,WC-2003,M-2003-30,T-74,1,0,P-97773,70',second half,1,0
S-4226,WC-2003,M-2003-30,T-74,1,0,P-56708,70',second half,1,0
S-4227,WC-2003,M-2003-30,T-74,1,0,P-29677,70',second half,0,1
S-4228,WC-2003,M-2003-30,T-74,1,0,P-95194,70',second half,0,1
S-4229,WC-2003,M-2003-30,T-12,0,1,P-74702,74',second half,1,0
S-4230,WC-2003,M-2003-30,T-12,0,1,P-35069,74',second half,0,1
S-4231,WC-2003,M-2003-30,T-74,1,0,P-26509,75',second half,1,0
S-4232,WC-2003,M-2003-30,T-74,1,0,P-91907,75',second half,0,1
S-4233,WC-2003,M-2003-31,T-83,1,0,P-18634,43',first half,1,0
S-4234,WC-2003,M-2003-31,T-83,1,0,P-98699,43',first half,0,1
S-4235,WC-2003,M-2003-31,T-83,1,0,P-89416,78',second half,1,0
S-4236,WC-2003,M-2003-31,T-83,1,0,P-80622,78',second half,0,1
S-4237,WC-2003,M-2003-31,T-83,1,0,P-58480,84',second half,1,0
S-4238,WC-2003,M-2003-31,T-12,0,1,P-15381,84',second half,1,0
S-4239,WC-2003,M-2003-31,T-83,1,0,P-14832,84',second half,0,1
S-4240,WC-2003,M-2003-31,T-12,0,1,P-39878,84',second half,0,1
S-4241,WC-2003,M-2003-31,T-12,0,1,P-20854,89',second half,1,0
S-4242,WC-2003,M-2003-31,T-12,0,1,P-35069,89',second half,0,1
S-4243,WC-2003,M-2003-31,T-12,0,1,P-87255,90',second half,1,0
S-4244,WC-2003,M-2003-31,T-12,0,1,P-80374,90',second half,0,1
S-4245,WC-2003,M-2003-32,T-74,0,1,P-32488,53',second half,1,0
S-4246,WC-2003,M-2003-32,T-74,0,1,P-56708,53',second half,1,0
S-4247,WC-2003,M-2003-32,T-74,0,1,P-95194,53',second half,0,1
S-4248,WC-2003,M-2003-32,T-74,0,1,P-23207,53',second half,0,1
S-4249,WC-2003,M-2003-32,T-74,0,1,P-97773,70',second half,1,0
S-4250,WC-2003,M-2003-32,T-74,0,1,P-26509,70',second half,0,1
S-4251,WC-2003,M-2003-32,T-31,1,0,P-08780,76',second half,1,0
S-4252,WC-2003,M-2003-32,T-31,1,0,P-80012,76',second half,0,1
S-4253,WC-2003,M-2003-32,T-31,1,0,P-08789,88',second half,1,0
S-4254,WC-2003,M-2003-32,T-31,1,0,P-41816,88',second half,0,1
S-4255,WC-2006,M-2006-01,T-17,0,1,P-32696,66',second half,1,0
S-4256,WC-2006,M-2006-01,T-17,0,1,P-56632,66',second half,0,1
S-4257,WC-2006,M-2006-01,T-31,1,0,P-08154,72',second half,1,0
S-4258,WC-2006,M-2006-01,T-31,1,0,P-51287,72',second half,0,1
S-4259,WC-2006,M-2006-01,T-17,0,1,P-26474,78',second half,1,0
S-4260,WC-2006,M-2006-01,T-17,0,1,P-57722,78',second half,0,1
S-4261,WC-2006,M-2006-01,T-31,1,0,P-27787,79',second half,1,0
S-4262,WC-2006,M-2006-01,T-31,1,0,P-55504,79',second half,0,1
S-4263,WC-2006,M-2006-01,T-31,1,0,P-32136,90'+1',"second half, stoppage time",1,0
S-4264,WC-2006,M-2006-01,T-17,0,1,P-55170,90'+1',"second half, stoppage time",1,0
S-4265,WC-2006,M-2006-01,T-31,1,0,P-24324,90'+1',"second half, stoppage time",0,1
S-4266,WC-2006,M-2006-01,T-17,0,1,P-07614,90'+1',"second half, stoppage time",0,1
S-4267,WC-2006,M-2006-02,T-25,0,1,P-86943,65',second half,1,0
S-4268,WC-2006,M-2006-02,T-25,0,1,P-03128,65',second half,0,1
S-4269,WC-2006,M-2006-02,T-57,1,0,P-05425,67',second half,1,0
S-4270,WC-2006,M-2006-02,T-57,1,0,P-13524,67',second half,0,1
S-4271,WC-2006,M-2006-02,T-25,0,1,P-98031,69',second half,1,0
S-4272,WC-2006,M-2006-02,T-25,0,1,P-72804,69',second half,0,1
S-4273,WC-2006,M-2006-02,T-57,1,0,P-49007,78',second half,1,0
S-4274,WC-2006,M-2006-02,T-57,1,0,P-24493,78',second half,0,1
S-4275,WC-2006,M-2006-02,T-57,1,0,P-07088,83',second half,1,0
S-4276,WC-2006,M-2006-02,T-25,0,1,P-19156,83',second half,1,0
S-4277,WC-2006,M-2006-02,T-57,1,0,P-67164,83',second half,0,1
S-4278,WC-2006,M-2006-02,T-25,0,1,P-54675,83',second half,0,1
S-4279,WC-2006,M-2006-03,T-55,0,1,P-94060,8',first half,1,0
S-4280,WC-2006,M-2006-03,T-55,0,1,P-26126,8',first half,0,1
S-4281,WC-2006,M-2006-03,T-28,1,0,P-51130,56',second half,1,0
S-4282,WC-2006,M-2006-03,T-28,1,0,P-86227,56',second half,0,1
S-4283,WC-2006,M-2006-03,T-55,0,1,P-22302,68',second half,1,0
S-4284,WC-2006,M-2006-03,T-55,0,1,P-88899,68',second half,0,1
S-4285,WC-2006,M-2006-03,T-55,0,1,P-42228,82',second half,1,0
S-4286,WC-2006,M-2006-03,T-55,0,1,P-00429,82',second half,0,1
S-4287,WC-2006,M-2006-03,T-28,1,0,P-37933,83',second half,1,0
S-4288,WC-2006,M-2006-03,T-28,1,0,P-61216,83',second half,0,1
S-4289,WC-2006,M-2006-04,T-78,1,0,P-56282,52',second half,1,0
S-4290,WC-2006,M-2006-04,T-78,1,0,P-78050,52',second half,0,1
S-4291,WC-2006,M-2006-04,T-74,0,1,P-85432,62',second half,1,0
S-4292,WC-2006,M-2006-04,T-74,0,1,P-45212,62',second half,0,1
S-4293,WC-2006,M-2006-04,T-78,1,0,P-22492,66',second half,1,0
S-4294,WC-2006,M-2006-04,T-78,1,0,P-77687,66',second half,0,1
S-4295,WC-2006,M-2006-04,T-74,0,1,P-65907,78',second half,1,0
S-4296,WC-2006,M-2006-04,T-74,0,1,P-05583,78',second half,1,0
S-4297,WC-2006,M-2006-04,T-74,0,1,P-20557,78',second half,0,1
S-4298,WC-2006,M-2006-04,T-74,0,1,P-73608,78',second half,0,1
S-4299,WC-2006,M-2006-05,T-42,0,1,P-67250,55',second half,1,0
S-4300,WC-2006,M-2006-05,T-42,0,1,P-93241,55',second half,0,1
S-4301,WC-2006,M-2006-05,T-42,0,1,P-48722,62',second half,1,0
S-4302,WC-2006,M-2006-05,T-42,0,1,P-64184,62',second half,0,1
S-4303,WC-2006,M-2006-05,T-03,1,0,P-19888,64',second half,1,0
S-4304,WC-2006,M-2006-05,T-03,1,0,P-27419,64',second half,0,1
S-4305,WC-2006,M-2006-05,T-03,1,0,P-38901,75',second half,1,0
S-4306,WC-2006,M-2006-05,T-03,1,0,P-48161,75',second half,0,1
S-4307,WC-2006,M-2006-05,T-42,0,1,P-98071,77',second half,1,0
S-4308,WC-2006,M-2006-05,T-42,0,1,P-14175,77',second half,0,1
S-4309,WC-2006,M-2006-05,T-03,1,0,P-85199,90'+3',"second half, stoppage time",1,0
S-4310,WC-2006,M-2006-05,T-03,1,0,P-25906,90'+3',"second half, stoppage time",0,1
S-4311,WC-2006,M-2006-06,T-67,1,0,P-64659,43',first half,1,0
S-4312,WC-2006,M-2006-06,T-67,1,0,P-50012,43',first half,0,1
S-4313,WC-2006,M-2006-06,T-67,1,0,P-48250,46',second half,1,0
S-4314,WC-2006,M-2006-06,T-67,1,0,P-18094,46',second half,0,1
S-4315,WC-2006,M-2006-06,T-48,0,1,P-69700,60',second half,1,0
S-4316,WC-2006,M-2006-06,T-48,0,1,P-18113,60',second half,0,1
S-4317,WC-2006,M-2006-06,T-67,1,0,P-37893,67',second half,1,0
S-4318,WC-2006,M-2006-06,T-67,1,0,P-87039,67',second half,0,1
S-4319,WC-2006,M-2006-06,T-48,0,1,P-03013,69',second half,1,0
S-4320,WC-2006,M-2006-06,T-48,0,1,P-33312,69',second half,0,1
S-4321,WC-2006,M-2006-06,T-48,0,1,P-40197,86',second half,1,0
S-4322,WC-2006,M-2006-06,T-48,0,1,P-46895,86',second half,0,1
S-4323,WC-2006,M-2006-07,T-46,1,0,P-89297,46',second half,1,0
S-4324,WC-2006,M-2006-07,T-46,1,0,P-73255,46',second half,1,0
S-4325,WC-2006,M-2006-07,T-46,1,0,P-30651,46',second half,0,1
S-4326,WC-2006,M-2006-07,T-46,1,0,P-17445,46',second half,0,1
S-4327,WC-2006,M-2006-07,T-46,1,0,P-81643,52',second half,1,0
S-4328,WC-2006,M-2006-07,T-46,1,0,P-89438,52',second half,0,1
S-4329,WC-2006,M-2006-07,T-38,0,1,P-16416,62',second half,1,0
S-4330,WC-2006,M-2006-07,T-38,0,1,P-16154,62',second half,0,1
S-4331,WC-2006,M-2006-07,T-38,0,1,P-56844,81',second half,1,0
S-4332,WC-2006,M-2006-07,T-38,0,1,P-13809,81',second half,0,1
S-4333,WC-2006,M-2006-08,T-02,1,0,P-07482,60',second half,1,0
S-4334,WC-2006,M-2006-08,T-58,0,1,P-70442,60',second half,1,0
S-4335,WC-2006,M-2006-08,T-02,1,0,P-86226,60',second half,0,1
S-4336,WC-2006,M-2006-08,T-58,0,1,P-80908,60',second half,0,1
S-4337,WC-2006,M-2006-08,T-02,1,0,P-95366,70',second half,1,0
S-4338,WC-2006,M-2006-08,T-02,1,0,P-13744,70',second half,0,1
S-4339,WC-2006,M-2006-08,T-58,0,1,P-92307,72',second half,1,0
S-4340,WC-2006,M-2006-08,T-58,0,1,P-17581,72',second half,0,1
S-4341,WC-2006,M-2006-08,T-02,1,0,P-14307,80',second half,1,0
S-4342,WC-2006,M-2006-08,T-02,1,0,P-45235,80',second half,0,1
S-4343,WC-2006,M-2006-08,T-58,0,1,P-21434,83',second half,1,0
S-4344,WC-2006,M-2006-08,T-58,0,1,P-83823,83',second half,0,1
S-4345,WC-2006,M-2006-09,T-04,1,0,P-84486,53',second half,1,0
S-4346,WC-2006,M-2006-09,T-04,1,0,P-44926,53',second half,0,1
S-4347,WC-2006,M-2006-09,T-44,0,1,P-99888,56',second half,1,0
S-4348,WC-2006,M-2006-09,T-44,0,1,P-65411,56',second half,0,1
S-4349,WC-2006,M-2006-09,T-04,1,0,P-66908,61',second half,1,0
S-4350,WC-2006,M-2006-09,T-04,1,0,P-06754,61',second half,0,1
S-4351,WC-2006,M-2006-09,T-04,1,0,P-14862,75',second half,1,0
S-4352,WC-2006,M-2006-09,T-04,1,0,P-59039,75',second half,0,1
S-4353,WC-2006,M-2006-09,T-44,0,1,P-35882,79',second half,1,0
S-4354,WC-2006,M-2006-09,T-44,0,1,P-04785,79',second half,0,1
S-4355,WC-2006,M-2006-09,T-44,0,1,P-65411,90'+1',"second half, stoppage time",1,0
S-4356,WC-2006,M-2006-09,T-44,0,1,P-10636,90'+1',"second half, stoppage time",0,1
S-4357,WC-2006,M-2006-10,T-20,0,1,P-81477,45',first half,1,0
S-4358,WC-2006,M-2006-10,T-20,0,1,P-36056,45',first half,0,1
S-4359,WC-2006,M-2006-10,T-83,1,0,P-77238,46',second half,1,0
S-4360,WC-2006,M-2006-10,T-83,1,0,P-58649,46',second half,1,0
S-4361,WC-2006,M-2006-10,T-83,1,0,P-80859,46',second half,0,1
S-4362,WC-2006,M-2006-10,T-83,1,0,P-88043,46',second half,0,1
S-4363,WC-2006,M-2006-10,T-83,1,0,P-60597,77',second half,1,0
S-4364,WC-2006,M-2006-10,T-83,1,0,P-78068,77',second half,0,1
S-4365,WC-2006,M-2006-10,T-20,0,1,P-56023,82',second half,1,0
S-4366,WC-2006,M-2006-10,T-20,0,1,P-30878,82',second half,0,1
S-4367,WC-2006,M-2006-10,T-20,0,1,P-29090,86',second half,1,0
S-4368,WC-2006,M-2006-10,T-20,0,1,P-65749,86',second half,0,1
S-4369,WC-2006,M-2006-11,T-32,0,1,P-03949,46',second half,1,0
S-4370,WC-2006,M-2006-11,T-32,0,1,P-52437,46',second half,0,1
S-4371,WC-2006,M-2006-11,T-41,1,0,P-42038,56',second half,1,0
S-4372,WC-2006,M-2006-11,T-41,1,0,P-22378,56',second half,0,1
S-4373,WC-2006,M-2006-11,T-41,1,0,P-48645,64',second half,1,0
S-4374,WC-2006,M-2006-11,T-41,1,0,P-38599,64',second half,0,1
S-4375,WC-2006,M-2006-11,T-32,0,1,P-79316,68',second half,1,0
S-4376,WC-2006,M-2006-11,T-32,0,1,P-70474,68',second half,0,1
S-4377,WC-2006,M-2006-11,T-41,1,0,P-96512,82',second half,1,0
S-4378,WC-2006,M-2006-11,T-41,1,0,P-83836,82',second half,0,1
S-4379,WC-2006,M-2006-11,T-32,0,1,P-38556,89',second half,1,0
S-4380,WC-2006,M-2006-11,T-32,0,1,P-98986,89',second half,0,1
S-4381,WC-2006,M-2006-12,T-71,1,0,P-76780,46',second half,1,0
S-4382,WC-2006,M-2006-12,T-71,1,0,P-26616,46',second half,0,1
S-4383,WC-2006,M-2006-12,T-77,0,1,P-22298,55',second half,1,0
S-4384,WC-2006,M-2006-12,T-77,0,1,P-98500,55',second half,0,1
S-4385,WC-2006,M-2006-12,T-77,0,1,P-00077,62',second half,1,0
S-4386,WC-2006,M-2006-12,T-77,0,1,P-58731,62',second half,0,1
S-4387,WC-2006,M-2006-12,T-71,1,0,P-60562,68',second half,1,0
S-4388,WC-2006,M-2006-12,T-71,1,0,P-51785,68',second half,0,1
S-4389,WC-2006,M-2006-12,T-71,1,0,P-20248,83',second half,1,0
S-4390,WC-2006,M-2006-12,T-71,1,0,P-56299,83',second half,0,1
S-4391,WC-2006,M-2006-12,T-77,0,1,P-57309,86',second half,1,0
S-4392,WC-2006,M-2006-12,T-77,0,1,P-43931,86',second half,0,1
S-4393,WC-2006,M-2006-13,T-75,0,1,P-87221,57',second half,1,0
S-4394,WC-2006,M-2006-13,T-75,0,1,P-35674,57',second half,0,1
S-4395,WC-2006,M-2006-13,T-30,1,0,P-55659,70',second half,1,0
S-4396,WC-2006,M-2006-13,T-30,1,0,P-48944,70',second half,0,1
S-4397,WC-2006,M-2006-13,T-75,0,1,P-37656,75',second half,1,0
S-4398,WC-2006,M-2006-13,T-75,0,1,P-25758,75',second half,0,1
S-4399,WC-2006,M-2006-13,T-75,0,1,P-56006,82',second half,1,0
S-4400,WC-2006,M-2006-13,T-75,0,1,P-63929,82',second half,0,1
S-4401,WC-2006,M-2006-13,T-30,1,0,P-00916,84',second half,1,0
S-4402,WC-2006,M-2006-13,T-30,1,0,P-51388,84',second half,0,1
S-4403,WC-2006,M-2006-14,T-18,0,1,P-84378,41',first half,1,0
S-4404,WC-2006,M-2006-14,T-18,0,1,P-92627,41',first half,0,1
S-4405,WC-2006,M-2006-14,T-18,0,1,P-38099,56',second half,1,0
S-4406,WC-2006,M-2006-14,T-18,0,1,P-13265,56',second half,0,1
S-4407,WC-2006,M-2006-14,T-09,1,0,P-62722,70',second half,1,0
S-4408,WC-2006,M-2006-14,T-09,1,0,P-13354,70',second half,0,1
S-4409,WC-2006,M-2006-15,T-81,0,1,P-82307,46',second half,1,0
S-4410,WC-2006,M-2006-15,T-81,0,1,P-47335,46',second half,1,0
S-4411,WC-2006,M-2006-15,T-81,0,1,P-56584,46',second half,0,1
S-4412,WC-2006,M-2006-15,T-81,0,1,P-58919,46',second half,0,1
S-4413,WC-2006,M-2006-15,T-73,1,0,P-73924,55',second half,1,0
S-4414,WC-2006,M-2006-15,T-73,1,0,P-49097,55',second half,1,0
S-4415,WC-2006,M-2006-15,T-73,1,0,P-21683,55',second half,0,1
S-4416,WC-2006,M-2006-15,T-73,1,0,P-24556,55',second half,0,1
S-4417,WC-2006,M-2006-15,T-81,0,1,P-67256,63',second half,1,0
S-4418,WC-2006,M-2006-15,T-81,0,1,P-56553,63',second half,0,1
S-4419,WC-2006,M-2006-15,T-73,1,0,P-25905,77',second half,1,0
S-4420,WC-2006,M-2006-15,T-73,1,0,P-81297,77',second half,0,1
S-4421,WC-2006,M-2006-16,T-79,1,0,P-89154,55',second half,1,0
S-4422,WC-2006,M-2006-16,T-79,1,0,P-69034,55',second half,0,1
S-4423,WC-2006,M-2006-16,T-63,0,1,P-20886,67',second half,1,0
S-4424,WC-2006,M-2006-16,T-63,0,1,P-69611,67',second half,0,1
S-4425,WC-2006,M-2006-16,T-79,1,0,P-63068,69',second half,1,0
S-4426,WC-2006,M-2006-16,T-79,1,0,P-41620,69',second half,0,1
S-4427,WC-2006,M-2006-16,T-63,0,1,P-90435,74',second half,1,0
S-4428,WC-2006,M-2006-16,T-63,0,1,P-21753,74',second half,0,1
S-4429,WC-2006,M-2006-16,T-79,1,0,P-27618,82',second half,1,0
S-4430,WC-2006,M-2006-16,T-63,0,1,P-87114,82',second half,1,0
S-4431,WC-2006,M-2006-16,T-79,1,0,P-31347,82',second half,0,1
S-4432,WC-2006,M-2006-16,T-63,0,1,P-88041,82',second half,0,1
S-4433,WC-2006,M-2006-17,T-31,1,0,P-43481,64',second half,1,0
S-4434,WC-2006,M-2006-17,T-31,1,0,P-24324,64',second half,0,1
S-4435,WC-2006,M-2006-17,T-31,1,0,P-36287,71',second half,1,0
S-4436,WC-2006,M-2006-17,T-31,1,0,P-55504,71',second half,0,1
S-4437,WC-2006,M-2006-17,T-31,1,0,P-43400,77',second half,1,0
S-4438,WC-2006,M-2006-17,T-57,0,1,P-49007,77',second half,1,0
S-4439,WC-2006,M-2006-17,T-31,1,0,P-08154,77',second half,0,1
S-4440,WC-2006,M-2006-17,T-57,0,1,P-97704,77',second half,0,1
S-4441,WC-2006,M-2006-17,T-57,0,1,P-15578,83',second half,1,0
S-4442,WC-2006,M-2006-17,T-57,0,1,P-02210,83',second half,0,1
S-4443,WC-2006,M-2006-17,T-57,0,1,P-13524,90'+1',"second half, stoppage time",1,0
S-4444,WC-2006,M-2006-17,T-57,0,1,P-67164,90'+1',"second half, stoppage time",0,1
S-4445,WC-2006,M-2006-18,T-17,0,1,P-30163,29',first half,1,0
S-4446,WC-2006,M-2006-18,T-17,0,1,P-55781,29',first half,0,1
S-4447,WC-2006,M-2006-18,T-25,1,0,P-86943,46',second half,1,0
S-4448,WC-2006,M-2006-18,T-25,1,0,P-03128,46',second half,0,1
S-4449,WC-2006,M-2006-18,T-17,0,1,P-12856,56',second half,1,0
S-4450,WC-2006,M-2006-18,T-17,0,1,P-13659,56',second half,0,1
S-4451,WC-2006,M-2006-18,T-25,1,0,P-06468,69',second half,1,0
S-4452,WC-2006,M-2006-18,T-25,1,0,P-72804,69',second half,0,1
S-4453,WC-2006,M-2006-18,T-25,1,0,P-49265,73',second half,1,0
S-4454,WC-2006,M-2006-18,T-25,1,0,P-54675,73',second half,0,1
S-4455,WC-2006,M-2006-18,T-17,0,1,P-68890,84',second half,1,0
S-4456,WC-2006,M-2006-18,T-17,0,1,P-01674,84',second half,0,1
S-4457,WC-2006,M-2006-19,T-28,1,0,P-50944,58',second half,1,0
S-4458,WC-2006,M-2006-19,T-28,1,0,P-51130,58',second half,1,0
S-4459,WC-2006,M-2006-19,T-28,1,0,P-99967,58',second half,0,1
S-4460,WC-2006,M-2006-19,T-28,1,0,P-64864,58',second half,0,1
S-4461,WC-2006,M-2006-19,T-78,0,1,P-33665,70',second half,1,0
S-4462,WC-2006,M-2006-19,T-78,0,1,P-78050,70',second half,0,1
S-4463,WC-2006,M-2006-19,T-28,1,0,P-37933,74',second half,1,0
S-4464,WC-2006,M-2006-19,T-28,1,0,P-86227,74',second half,0,1
S-4465,WC-2006,M-2006-19,T-78,0,1,P-22492,85',second half,1,0
S-4466,WC-2006,M-2006-19,T-78,0,1,P-03524,85',second half,0,1
S-4467,WC-2006,M-2006-20,T-74,1,0,P-80105,46',second half,1,0
S-4468,WC-2006,M-2006-20,T-74,1,0,P-45212,46',second half,0,1
S-4469,WC-2006,M-2006-20,T-55,0,1,P-78654,62',second half,1,0
S-4470,WC-2006,M-2006-20,T-55,0,1,P-35595,62',second half,0,1
S-4471,WC-2006,M-2006-20,T-55,0,1,P-34530,63',second half,1,0
S-4472,WC-2006,M-2006-20,T-55,0,1,P-99403,63',second half,0,1
S-4473,WC-2006,M-2006-20,T-74,1,0,P-65907,68',second half,1,0
S-4474,WC-2006,M-2006-20,T-74,1,0,P-20557,68',second half,0,1
S-4475,WC-2006,M-2006-20,T-55,0,1,P-22302,81',second half,1,0
S-4476,WC-2006,M-2006-20,T-55,0,1,P-44396,81',second half,0,1
S-4477,WC-2006,M-2006-20,T-74,1,0,P-73608,86',second half,1,0
S-4478,WC-2006,M-2006-20,T-74,1,0,P-79017,86',second half,0,1
S-4479,WC-2006,M-2006-21,T-03,1,0,P-48161,17',first half,1,0
S-4480,WC-2006,M-2006-21,T-03,1,0,P-66229,17',first half,0,1
S-4481,WC-2006,M-2006-21,T-67,0,1,P-85128,46',second half,1,0
S-4482,WC-2006,M-2006-21,T-67,0,1,P-41907,46',second half,0,1
S-4483,WC-2006,M-2006-21,T-67,0,1,P-50012,50',second half,1,0
S-4484,WC-2006,M-2006-21,T-67,0,1,P-87039,50',second half,0,1
S-4485,WC-2006,M-2006-21,T-03,1,0,P-38901,59',second half,1,0
S-4486,WC-2006,M-2006-21,T-03,1,0,P-29080,59',second half,0,1
S-4487,WC-2006,M-2006-21,T-67,0,1,P-48250,70',second half,1,0
S-4488,WC-2006,M-2006-21,T-67,0,1,P-25611,70',second half,0,1
S-4489,WC-2006,M-2006-21,T-03,1,0,P-33570,75',second half,1,0
S-4490,WC-2006,M-2006-21,T-03,1,0,P-14758,75',second half,0,1
S-4491,WC-2006,M-2006-22,T-48,1,0,P-28832,46',second half,1,0
S-4492,WC-2006,M-2006-22,T-48,1,0,P-46895,46',second half,0,1
S-4493,WC-2006,M-2006-22,T-48,1,0,P-51336,50',second half,1,0
S-4494,WC-2006,M-2006-22,T-48,1,0,P-68125,50',second half,0,1
S-4495,WC-2006,M-2006-22,T-42,0,1,P-55581,62',second half,1,0
S-4496,WC-2006,M-2006-22,T-42,0,1,P-64184,62',second half,1,0
S-4497,WC-2006,M-2006-22,T-42,0,1,P-58634,62',second half,0,1
S-4498,WC-2006,M-2006-22,T-42,0,1,P-93241,62',second half,0,1
S-4499,WC-2006,M-2006-22,T-48,1,0,P-03013,73',second half,1,0
S-4500,WC-2006,M-2006-22,T-42,0,1,P-14175,73',second half,1,0
S-4501,WC-2006,M-2006-22,T-48,1,0,P-18113,73',second half,0,1
S-4502,WC-2006,M-2006-22,T-42,0,1,P-48722,73',second half,0,1
S-4503,WC-2006,M-2006-23,T-46,1,0,P-30651,52',second half,1,0
S-4504,WC-2006,M-2006-23,T-46,1,0,P-92547,52',second half,0,1
S-4505,WC-2006,M-2006-23,T-02,0,1,P-22865,68',second half,1,0
S-4506,WC-2006,M-2006-23,T-02,0,1,P-86226,68',second half,0,1
S-4507,WC-2006,M-2006-23,T-02,0,1,P-14307,73',second half,1,0
S-4508,WC-2006,M-2006-23,T-02,0,1,P-40794,73',second half,0,1
S-4509,WC-2006,M-2006-23,T-46,1,0,P-73255,74',second half,1,0
S-4510,WC-2006,M-2006-23,T-46,1,0,P-89438,74',second half,0,1
S-4511,WC-2006,M-2006-23,T-46,1,0,P-10860,78',second half,1,0
S-4512,WC-2006,M-2006-23,T-46,1,0,P-98036,78',second half,0,1
S-4513,WC-2006,M-2006-23,T-02,0,1,P-95366,83',second half,1,0
S-4514,WC-2006,M-2006-23,T-02,0,1,P-45235,83',second half,0,1
S-4515,WC-2006,M-2006-24,T-38,0,1,P-16416,65',second half,1,0
S-4516,WC-2006,M-2006-24,T-38,0,1,P-34386,65',second half,0,1
S-4517,WC-2006,M-2006-24,T-58,1,0,P-17581,66',second half,1,0
S-4518,WC-2006,M-2006-24,T-38,0,1,P-16154,66',second half,1,0
S-4519,WC-2006,M-2006-24,T-58,1,0,P-92307,66',second half,0,1
S-4520,WC-2006,M-2006-24,T-38,0,1,P-56998,66',second half,0,1
S-4521,WC-2006,M-2006-24,T-58,1,0,P-96343,80',second half,1,0
S-4522,WC-2006,M-2006-24,T-58,1,0,P-21434,80',second half,0,1
S-4523,WC-2006,M-2006-24,T-58,1,0,P-57496,88',second half,1,0
S-4524,WC-2006,M-2006-24,T-38,0,1,P-20762,88',second half,1,0
S-4525,WC-2006,M-2006-24,T-58,1,0,P-32279,88',second half,0,1
S-4526,WC-2006,M-2006-24,T-38,0,1,P-02909,88',second half,0,1
S-4527,WC-2006,M-2006-25,T-20,1,0,P-69743,46',second half,1,0
S-4528,WC-2006,M-2006-25,T-32,0,1,P-23846,46',second half,1,0
S-4529,WC-2006,M-2006-25,T-20,1,0,P-30878,46',second half,0,1
S-4530,WC-2006,M-2006-25,T-32,0,1,P-49882,46',second half,0,1
S-4531,WC-2006,M-2006-25,T-20,1,0,P-56023,56',second half,1,0
S-4532,WC-2006,M-2006-25,T-20,1,0,P-65749,56',second half,0,1
S-4533,WC-2006,M-2006-25,T-20,1,0,P-65590,68',second half,1,0
S-4534,WC-2006,M-2006-25,T-20,1,0,P-40666,68',second half,0,1
S-4535,WC-2006,M-2006-25,T-32,0,1,P-79316,80',second half,1,0
S-4536,WC-2006,M-2006-25,T-32,0,1,P-77757,80',second half,0,1
S-4537,WC-2006,M-2006-25,T-32,0,1,P-38556,85',second half,1,0
S-4538,WC-2006,M-2006-25,T-32,0,1,P-70474,85',second half,0,1
S-4539,WC-2006,M-2006-26,T-41,1,0,P-42038,35',first half,1,0
S-4540,WC-2006,M-2006-26,T-41,1,0,P-18164,35',first half,0,1
S-4541,WC-2006,M-2006-26,T-83,0,1,P-42535,52',second half,1,0
S-4542,WC-2006,M-2006-26,T-83,0,1,P-83190,52',second half,0,1
S-4543,WC-2006,M-2006-26,T-41,1,0,P-14267,54',second half,1,0
S-4544,WC-2006,M-2006-26,T-41,1,0,P-83836,54',second half,0,1
S-4545,WC-2006,M-2006-26,T-41,1,0,P-96512,61',second half,1,0
S-4546,WC-2006,M-2006-26,T-41,1,0,P-38599,61',second half,0,1
S-4547,WC-2006,M-2006-26,T-83,0,1,P-18672,62',second half,1,0
S-4548,WC-2006,M-2006-26,T-83,0,1,P-91976,62',second half,0,1
S-4549,WC-2006,M-2006-27,T-44,1,0,P-89292,46',second half,1,0
S-4550,WC-2006,M-2006-27,T-44,1,0,P-46807,46',second half,0,1
S-4551,WC-2006,M-2006-27,T-44,1,0,P-35882,61',second half,1,0
S-4552,WC-2006,M-2006-27,T-44,1,0,P-15134,61',second half,0,1
S-4553,WC-2006,M-2006-27,T-18,0,1,P-42144,70',second half,1,0
S-4554,WC-2006,M-2006-27,T-18,0,1,P-13265,70',second half,0,1
S-4555,WC-2006,M-2006-27,T-18,0,1,P-76289,78',second half,1,0
S-4556,WC-2006,M-2006-27,T-18,0,1,P-29491,78',second half,0,1
S-4557,WC-2006,M-2006-27,T-44,1,0,P-56897,85',second half,1,0
S-4558,WC-2006,M-2006-27,T-44,1,0,P-10636,85',second half,0,1
S-4559,WC-2006,M-2006-27,T-18,0,1,P-97008,87',second half,1,0
S-4560,WC-2006,M-2006-27,T-18,0,1,P-15428,87',second half,0,1
S-4561,WC-2006,M-2006-28,T-04,0,1,P-24935,41',first half,1,0
S-4562,WC-2006,M-2006-28,T-04,0,1,P-84486,41',first half,0,1
S-4563,WC-2006,M-2006-28,T-04,0,1,P-44926,56',second half,1,0
S-4564,WC-2006,M-2006-28,T-04,0,1,P-14290,56',second half,0,1
S-4565,WC-2006,M-2006-28,T-04,0,1,P-66908,69',second half,1,0
S-4566,WC-2006,M-2006-28,T-04,0,1,P-59039,69',second half,0,1
S-4567,WC-2006,M-2006-28,T-09,1,0,P-52008,72',second half,1,0
S-4568,WC-2006,M-2006-28,T-09,1,0,P-62722,72',second half,1,0
S-4569,WC-2006,M-2006-28,T-09,1,0,P-45956,72',second half,0,1
S-4570,WC-2006,M-2006-28,T-09,1,0,P-13354,72',second half,0,1
S-4571,WC-2006,M-2006-28,T-09,1,0,P-20372,88',second half,1,0
S-4572,WC-2006,M-2006-28,T-09,1,0,P-54042,88',second half,0,1
S-4573,WC-2006,M-2006-29,T-71,0,1,P-60562,46',second half,1,0
S-4574,WC-2006,M-2006-29,T-71,0,1,P-56626,46',second half,0,1
S-4575,WC-2006,M-2006-29,T-30,1,0,P-00916,60',second half,1,0
S-4576,WC-2006,M-2006-29,T-30,1,0,P-55659,60',second half,0,1
S-4577,WC-2006,M-2006-29,T-71,0,1,P-92775,69',second half,1,0
S-4578,WC-2006,M-2006-29,T-71,0,1,P-56299,69',second half,0,1
S-4579,WC-2006,M-2006-29,T-71,0,1,P-22338,72',second half,1,0
S-4580,WC-2006,M-2006-29,T-71,0,1,P-26616,72',second half,0,1
S-4581,WC-2006,M-2006-29,T-30,1,0,P-18830,88',second half,1,0
S-4582,WC-2006,M-2006-29,T-30,1,0,P-51388,88',second half,0,1
S-4583,WC-2006,M-2006-29,T-30,1,0,P-56430,90'+1',"second half, stoppage time",1,0
S-4584,WC-2006,M-2006-29,T-30,1,0,P-12167,90'+1',"second half, stoppage time",0,1
S-4585,WC-2006,M-2006-30,T-77,1,0,P-08310,25',first half,1,0
S-4586,WC-2006,M-2006-30,T-77,1,0,P-57309,25',first half,0,1
S-4587,WC-2006,M-2006-30,T-75,0,1,P-35674,46',second half,1,0
S-4588,WC-2006,M-2006-30,T-75,0,1,P-59636,46',second half,0,1
S-4589,WC-2006,M-2006-30,T-77,1,0,P-12652,69',second half,1,0
S-4590,WC-2006,M-2006-30,T-77,1,0,P-22298,69',second half,0,1
S-4591,WC-2006,M-2006-30,T-75,0,1,P-11817,77',second half,1,0
S-4592,WC-2006,M-2006-30,T-75,0,1,P-87221,77',second half,0,1
S-4593,WC-2006,M-2006-30,T-77,1,0,P-64772,87',second half,1,0
S-4594,WC-2006,M-2006-30,T-75,0,1,P-61684,87',second half,1,0
S-4595,WC-2006,M-2006-30,T-77,1,0,P-21511,87',second half,0,1
S-4596,WC-2006,M-2006-30,T-75,0,1,P-46417,87',second half,0,1
S-4597,WC-2006,M-2006-31,T-63,1,0,P-53448,55',second half,1,0
S-4598,WC-2006,M-2006-31,T-63,1,0,P-21753,55',second half,1,0
S-4599,WC-2006,M-2006-31,T-63,1,0,P-69611,55',second half,0,1
S-4600,WC-2006,M-2006-31,T-63,1,0,P-76946,55',second half,0,1
S-4601,WC-2006,M-2006-31,T-81,0,1,P-56553,71',second half,1,0
S-4602,WC-2006,M-2006-31,T-81,0,1,P-67256,71',second half,0,1
S-4603,WC-2006,M-2006-31,T-63,1,0,P-90435,77',second half,1,0
S-4604,WC-2006,M-2006-31,T-63,1,0,P-88041,77',second half,0,1
S-4605,WC-2006,M-2006-31,T-81,0,1,P-99083,79',second half,1,0
S-4606,WC-2006,M-2006-31,T-81,0,1,P-47335,79',second half,0,1
S-4607,WC-2006,M-2006-31,T-81,0,1,P-86650,86',second half,1,0
S-4608,WC-2006,M-2006-31,T-81,0,1,P-69073,86',second half,0,1
S-4609,WC-2006,M-2006-32,T-73,1,0,P-82549,46',second half,1,0
S-4610,WC-2006,M-2006-32,T-73,1,0,P-25905,46',second half,1,0
S-4611,WC-2006,M-2006-32,T-73,1,0,P-24556,46',second half,0,1
S-4612,WC-2006,M-2006-32,T-73,1,0,P-81297,46',second half,0,1
S-4613,WC-2006,M-2006-32,T-73,1,0,P-49097,57',second half,1,0
S-4614,WC-2006,M-2006-32,T-79,0,1,P-40581,57',second half,1,0
S-4615,WC-2006,M-2006-32,T-79,0,1,P-89154,57',second half,1,0
S-4616,WC-2006,M-2006-32,T-73,1,0,P-70144,57',second half,0,1
S-4617,WC-2006,M-2006-32,T-79,0,1,P-96363,57',second half,0,1
S-4618,WC-2006,M-2006-32,T-79,0,1,P-41620,57',second half,0,1
S-4619,WC-2006,M-2006-32,T-79,0,1,P-63068,80',second half,1,0
S-4620,WC-2006,M-2006-32,T-79,0,1,P-33293,80',second half,0,1
S-4621,WC-2006,M-2006-33,T-57,0,1,P-07088,46',second half,1,0
S-4622,WC-2006,M-2006-33,T-57,0,1,P-67164,46',second half,0,1
S-4623,WC-2006,M-2006-33,T-57,0,1,P-52481,64',second half,1,0
S-4624,WC-2006,M-2006-33,T-57,0,1,P-97704,64',second half,0,1
S-4625,WC-2006,M-2006-33,T-17,1,0,P-56632,70',second half,1,0
S-4626,WC-2006,M-2006-33,T-17,1,0,P-85975,70',second half,0,1
S-4627,WC-2006,M-2006-33,T-17,1,0,P-57722,78',second half,1,0
S-4628,WC-2006,M-2006-33,T-17,1,0,P-55781,78',second half,0,1
S-4629,WC-2006,M-2006-33,T-17,1,0,P-55170,82',second half,1,0
S-4630,WC-2006,M-2006-33,T-17,1,0,P-13659,82',second half,0,1
S-4631,WC-2006,M-2006-33,T-57,0,1,P-95900,85',second half,1,0
S-4632,WC-2006,M-2006-33,T-57,0,1,P-21451,85',second half,0,1
S-4633,WC-2006,M-2006-34,T-25,1,0,P-51733,46',second half,1,0
S-4634,WC-2006,M-2006-34,T-25,1,0,P-63618,46',second half,0,1
S-4635,WC-2006,M-2006-34,T-25,1,0,P-49265,63',second half,1,0
S-4636,WC-2006,M-2006-34,T-25,1,0,P-17733,63',second half,0,1
S-4637,WC-2006,M-2006-34,T-31,0,1,P-35264,66',second half,1,0
S-4638,WC-2006,M-2006-34,T-31,0,1,P-27787,66',second half,1,0
S-4639,WC-2006,M-2006-34,T-31,0,1,P-55504,66',second half,0,1
S-4640,WC-2006,M-2006-34,T-31,0,1,P-08154,66',second half,0,1
S-4641,WC-2006,M-2006-34,T-25,1,0,P-90857,68',second half,1,0
S-4642,WC-2006,M-2006-34,T-25,1,0,P-54675,68',second half,0,1
S-4643,WC-2006,M-2006-34,T-31,0,1,P-32136,73',second half,1,0
S-4644,WC-2006,M-2006-34,T-31,0,1,P-25543,73',second half,0,1
S-4645,WC-2006,M-2006-35,T-78,0,1,P-86728,31',first half,1,0
S-4646,WC-2006,M-2006-35,T-78,0,1,P-33665,31',first half,0,1
S-4647,WC-2006,M-2006-35,T-78,0,1,P-78050,41',first half,1,0
S-4648,WC-2006,M-2006-35,T-78,0,1,P-03524,41',first half,0,1
S-4649,WC-2006,M-2006-35,T-55,1,0,P-71995,66',second half,1,0
S-4650,WC-2006,M-2006-35,T-55,1,0,P-88899,66',second half,0,1
S-4651,WC-2006,M-2006-35,T-78,0,1,P-77687,67',second half,1,0
S-4652,WC-2006,M-2006-35,T-78,0,1,P-61974,67',second half,0,1
S-4653,WC-2006,M-2006-35,T-55,1,0,P-50109,77',second half,1,0
S-4654,WC-2006,M-2006-35,T-55,1,0,P-22470,77',second half,0,1
S-4655,WC-2006,M-2006-35,T-55,1,0,P-82458,89',second half,1,0
S-4656,WC-2006,M-2006-35,T-55,1,0,P-30891,89',second half,0,1
S-4657,WC-2006,M-2006-36,T-28,0,1,P-51130,4',first half,1,0
S-4658,WC-2006,M-2006-36,T-28,0,1,P-77532,4',first half,0,1
S-4659,WC-2006,M-2006-36,T-74,1,0,P-20557,54',second half,1,0
S-4660,WC-2006,M-2006-36,T-74,1,0,P-65907,54',second half,0,1
S-4661,WC-2006,M-2006-36,T-28,0,1,P-01249,56',second half,1,0
S-4662,WC-2006,M-2006-36,T-28,0,1,P-97840,56',second half,0,1
S-4663,WC-2006,M-2006-36,T-28,0,1,P-99967,69',second half,1,0
S-4664,WC-2006,M-2006-36,T-28,0,1,P-62157,69',second half,0,1
S-4665,WC-2006,M-2006-36,T-74,1,0,P-45212,75',second half,1,0
S-4666,WC-2006,M-2006-36,T-74,1,0,P-79017,75',second half,0,1
S-4667,WC-2006,M-2006-36,T-74,1,0,P-05583,90'+1',"second half, stoppage time",1,0
S-4668,WC-2006,M-2006-36,T-74,1,0,P-62207,90'+1',"second half, stoppage time",0,1
S-4669,WC-2006,M-2006-37,T-38,1,0,P-56844,13',first half,1,0
S-4670,WC-2006,M-2006-37,T-38,1,0,P-00111,13',first half,0,1
S-4671,WC-2006,M-2006-37,T-02,0,1,P-22865,23',first half,1,0
S-4672,WC-2006,M-2006-37,T-02,0,1,P-30892,23',first half,0,1
S-4673,WC-2006,M-2006-37,T-38,1,0,P-47539,39',first half,1,0
S-4674,WC-2006,M-2006-37,T-38,1,0,P-56998,39',first half,0,1
S-4675,WC-2006,M-2006-37,T-02,0,1,P-07482,51',second half,1,0
S-4676,WC-2006,M-2006-37,T-02,0,1,P-78483,51',second half,0,1
S-4677,WC-2006,M-2006-37,T-38,1,0,P-55405,67',second half,1,0
S-4678,WC-2006,M-2006-37,T-38,1,0,P-13809,67',second half,0,1
S-4679,WC-2006,M-2006-37,T-02,0,1,P-14307,73',second half,1,0
S-4680,WC-2006,M-2006-37,T-02,0,1,P-40794,73',second half,0,1
S-4681,WC-2006,M-2006-38,T-46,0,1,P-11191,46',second half,1,0
S-4682,WC-2006,M-2006-38,T-46,0,1,P-30651,46',second half,0,1
S-4683,WC-2006,M-2006-38,T-58,1,0,P-28497,61',second half,1,0
S-4684,WC-2006,M-2006-38,T-58,1,0,P-16378,61',second half,0,1
S-4685,WC-2006,M-2006-38,T-58,1,0,P-83900,69',second half,1,0
S-4686,WC-2006,M-2006-38,T-46,0,1,P-10860,69',second half,1,0
S-4687,WC-2006,M-2006-38,T-58,1,0,P-57631,69',second half,0,1
S-4688,WC-2006,M-2006-38,T-46,0,1,P-86098,69',second half,0,1
S-4689,WC-2006,M-2006-38,T-58,1,0,P-57496,80',second half,1,0
S-4690,WC-2006,M-2006-38,T-46,0,1,P-77467,80',second half,1,0
S-4691,WC-2006,M-2006-38,T-58,1,0,P-68375,80',second half,0,1
S-4692,WC-2006,M-2006-38,T-46,0,1,P-73255,80',second half,0,1
S-4693,WC-2006,M-2006-39,T-67,0,1,P-55456,16',first half,1,0
S-4694,WC-2006,M-2006-39,T-67,0,1,P-85128,16',first half,0,1
S-4695,WC-2006,M-2006-39,T-42,1,0,P-48722,60',second half,1,0
S-4696,WC-2006,M-2006-39,T-42,1,0,P-64184,60',second half,0,1
S-4697,WC-2006,M-2006-39,T-67,0,1,P-18094,67',second half,1,0
S-4698,WC-2006,M-2006-39,T-67,0,1,P-48250,67',second half,0,1
S-4699,WC-2006,M-2006-39,T-42,1,0,P-98071,73',second half,1,0
S-4700,WC-2006,M-2006-39,T-42,1,0,P-67250,73',second half,0,1
S-4701,WC-2006,M-2006-40,T-03,0,1,P-56532,24',first half,1,0
S-4702,WC-2006,M-2006-40,T-03,0,1,P-78133,24',first half,0,1
S-4703,WC-2006,M-2006-40,T-48,1,0,P-03013,56',second half,1,0
S-4704,WC-2006,M-2006-40,T-48,1,0,P-17967,56',second half,0,1
S-4705,WC-2006,M-2006-40,T-48,1,0,P-99934,67',second half,1,0
S-4706,WC-2006,M-2006-40,T-48,1,0,P-18113,67',second half,0,1
S-4707,WC-2006,M-2006-40,T-03,0,1,P-14758,70',second half,1,0
S-4708,WC-2006,M-2006-40,T-03,0,1,P-38198,70',second half,0,1
S-4709,WC-2006,M-2006-40,T-03,0,1,P-85199,80',second half,1,0
S-4710,WC-2006,M-2006-40,T-03,0,1,P-25906,80',second half,0,1
S-4711,WC-2006,M-2006-40,T-48,1,0,P-51336,86',second half,1,0
S-4712,WC-2006,M-2006-40,T-48,1,0,P-66598,86',second half,0,1
S-4713,WC-2006,M-2006-41,T-41,0,1,P-55511,17',first half,1,0
S-4714,WC-2006,M-2006-41,T-41,0,1,P-37126,17',first half,0,1
S-4715,WC-2006,M-2006-41,T-20,1,0,P-56023,46',second half,1,0
S-4716,WC-2006,M-2006-41,T-20,1,0,P-65749,46',second half,0,1
S-4717,WC-2006,M-2006-41,T-41,0,1,P-48645,60',second half,1,0
S-4718,WC-2006,M-2006-41,T-41,0,1,P-29172,60',second half,0,1
S-4719,WC-2006,M-2006-41,T-20,1,0,P-14907,64',second half,1,0
S-4720,WC-2006,M-2006-41,T-20,1,0,P-04349,64',second half,0,1
S-4721,WC-2006,M-2006-41,T-41,0,1,P-22378,74',second half,1,0
S-4722,WC-2006,M-2006-41,T-41,0,1,P-97154,74',second half,0,1
S-4723,WC-2006,M-2006-41,T-20,1,0,P-23972,78',second half,1,0
S-4724,WC-2006,M-2006-41,T-20,1,0,P-21701,78',second half,0,1
S-4725,WC-2006,M-2006-42,T-83,0,1,P-97459,40',first half,1,0
S-4726,WC-2006,M-2006-42,T-83,0,1,P-60945,40',first half,0,1
S-4727,WC-2006,M-2006-42,T-32,1,0,P-49882,46',second half,1,0
S-4728,WC-2006,M-2006-42,T-32,1,0,P-23846,46',second half,0,1
S-4729,WC-2006,M-2006-42,T-32,1,0,P-79316,59',second half,1,0
S-4730,WC-2006,M-2006-42,T-32,1,0,P-77757,59',second half,0,1
S-4731,WC-2006,M-2006-42,T-83,0,1,P-77238,61',second half,1,0
S-4732,WC-2006,M-2006-42,T-83,0,1,P-80859,61',second half,0,1
S-4733,WC-2006,M-2006-42,T-83,0,1,P-97784,74',second half,1,0
S-4734,WC-2006,M-2006-42,T-83,0,1,P-42535,74',second half,0,1
S-4735,WC-2006,M-2006-42,T-32,1,0,P-51458,80',second half,1,0
S-4736,WC-2006,M-2006-42,T-32,1,0,P-98986,80',second half,0,1
S-4737,WC-2006,M-2006-43,T-04,0,1,P-63129,63',second half,1,0
S-4738,WC-2006,M-2006-43,T-04,0,1,P-59039,63',second half,0,1
S-4739,WC-2006,M-2006-43,T-18,1,0,P-76289,65',second half,1,0
S-4740,WC-2006,M-2006-43,T-18,1,0,P-92627,65',second half,0,1
S-4741,WC-2006,M-2006-43,T-04,0,1,P-90087,71',second half,1,0
S-4742,WC-2006,M-2006-43,T-04,0,1,P-84486,71',second half,0,1
S-4743,WC-2006,M-2006-43,T-18,1,0,P-13265,74',second half,1,0
S-4744,WC-2006,M-2006-43,T-18,1,0,P-29491,74',second half,0,1
S-4745,WC-2006,M-2006-43,T-04,0,1,P-60008,75',second half,1,0
S-4746,WC-2006,M-2006-43,T-04,0,1,P-06754,75',second half,0,1
S-4747,WC-2006,M-2006-43,T-18,1,0,P-87187,83',second half,1,0
S-4748,WC-2006,M-2006-43,T-18,1,0,P-38099,83',second half,0,1
S-4749,WC-2006,M-2006-44,T-44,1,0,P-12376,56',second half,1,0
S-4750,WC-2006,M-2006-44,T-44,1,0,P-95259,56',second half,0,1
S-4751,WC-2006,M-2006-44,T-44,1,0,P-17506,60',second half,1,0
S-4752,WC-2006,M-2006-44,T-44,1,0,P-56897,60',second half,0,1
S-4753,WC-2006,M-2006-44,T-44,1,0,P-56897,66',second half,1,0
S-4754,WC-2006,M-2006-44,T-44,1,0,P-10636,66',second half,0,1
S-4755,WC-2006,M-2006-44,T-09,0,1,P-58388,71',second half,1,0
S-4756,WC-2006,M-2006-44,T-09,0,1,P-57361,71',second half,1,0
S-4757,WC-2006,M-2006-44,T-09,0,1,P-39545,71',second half,0,1
S-4758,WC-2006,M-2006-44,T-09,0,1,P-57975,71',second half,0,1
S-4759,WC-2006,M-2006-44,T-09,0,1,P-02795,82',second half,1,0
S-4760,WC-2006,M-2006-44,T-09,0,1,P-01939,82',second half,0,1
S-4761,WC-2006,M-2006-45,T-63,1,0,P-66016,13',first half,1,0
S-4762,WC-2006,M-2006-45,T-63,1,0,P-20886,13',first half,0,1
S-4763,WC-2006,M-2006-45,T-73,0,1,P-24556,46',second half,1,0
S-4764,WC-2006,M-2006-45,T-73,0,1,P-49097,46',second half,0,1
S-4765,WC-2006,M-2006-45,T-73,0,1,P-81297,66',second half,1,0
S-4766,WC-2006,M-2006-45,T-73,0,1,P-29415,66',second half,0,1
S-4767,WC-2006,M-2006-45,T-63,1,0,P-88041,68',second half,1,0
S-4768,WC-2006,M-2006-45,T-63,1,0,P-69611,68',second half,0,1
S-4769,WC-2006,M-2006-45,T-73,0,1,P-83711,70',second half,1,0
S-4770,WC-2006,M-2006-45,T-73,0,1,P-71661,70',second half,0,1
S-4771,WC-2006,M-2006-45,T-63,1,0,P-77199,81',second half,1,0
S-4772,WC-2006,M-2006-45,T-63,1,0,P-33367,81',second half,0,1
S-4773,WC-2006,M-2006-46,T-81,1,0,P-56553,55',second half,1,0
S-4774,WC-2006,M-2006-46,T-81,1,0,P-58919,55',second half,0,1
S-4775,WC-2006,M-2006-46,T-81,1,0,P-98387,75',second half,1,0
S-4776,WC-2006,M-2006-46,T-81,1,0,P-47335,75',second half,0,1
S-4777,WC-2006,M-2006-46,T-79,0,1,P-89154,79',second half,1,0
S-4778,WC-2006,M-2006-46,T-79,0,1,P-63068,79',second half,1,0
S-4779,WC-2006,M-2006-46,T-79,0,1,P-09041,79',second half,0,1
S-4780,WC-2006,M-2006-46,T-79,0,1,P-54768,79',second half,0,1
S-4781,WC-2006,M-2006-46,T-81,1,0,P-86650,88',second half,1,0
S-4782,WC-2006,M-2006-46,T-81,1,0,P-69073,88',second half,0,1
S-4783,WC-2006,M-2006-46,T-79,0,1,P-69034,90'+1',"second half, stoppage time",1,0
S-4784,WC-2006,M-2006-46,T-79,0,1,P-41620,90'+1',"second half, stoppage time",0,1
S-4785,WC-2006,M-2006-47,T-75,1,0,P-94161,53',second half,1,0
S-4786,WC-2006,M-2006-47,T-75,1,0,P-25758,53',second half,0,1
S-4787,WC-2006,M-2006-47,T-71,0,1,P-46519,63',second half,1,0
S-4788,WC-2006,M-2006-47,T-71,0,1,P-26616,63',second half,0,1
S-4789,WC-2006,M-2006-47,T-71,0,1,P-06608,66',second half,1,0
S-4790,WC-2006,M-2006-47,T-71,0,1,P-56626,66',second half,0,1
S-4791,WC-2006,M-2006-47,T-75,1,0,P-59636,71',second half,1,0
S-4792,WC-2006,M-2006-47,T-75,1,0,P-63929,71',second half,0,1
S-4793,WC-2006,M-2006-47,T-75,1,0,P-56006,88',second half,1,0
S-4794,WC-2006,M-2006-47,T-75,1,0,P-54713,88',second half,0,1
S-4795,WC-2006,M-2006-48,T-77,1,0,P-64772,59',second half,1,0
S-4796,WC-2006,M-2006-48,T-77,1,0,P-44097,59',second half,0,1
S-4797,WC-2006,M-2006-48,T-30,0,1,P-18830,74',second half,1,0
S-4798,WC-2006,M-2006-48,T-30,0,1,P-00916,74',second half,0,1
S-4799,WC-2006,M-2006-48,T-77,1,0,P-48772,75',second half,1,0
S-4800,WC-2006,M-2006-48,T-77,1,0,P-12652,75',second half,0,1
S-4801,WC-2006,M-2006-48,T-30,0,1,P-55659,77',second half,1,0
S-4802,WC-2006,M-2006-48,T-30,0,1,P-31668,77',second half,0,1
S-4803,WC-2006,M-2006-48,T-30,0,1,P-96540,81',second half,1,0
S-4804,WC-2006,M-2006-48,T-30,0,1,P-58415,81',second half,0,1
S-4805,WC-2006,M-2006-49,T-74,0,1,P-73608,39',first half,1,0
S-4806,WC-2006,M-2006-49,T-74,0,1,P-20273,39',first half,0,1
S-4807,WC-2006,M-2006-49,T-74,0,1,P-20557,52',second half,1,0
S-4808,WC-2006,M-2006-49,T-74,0,1,P-65907,52',second half,0,1
S-4809,WC-2006,M-2006-49,T-31,1,0,P-43400,72',second half,1,0
S-4810,WC-2006,M-2006-49,T-74,0,1,P-80105,72',second half,1,0
S-4811,WC-2006,M-2006-49,T-31,1,0,P-08154,72',second half,0,1
S-4812,WC-2006,M-2006-49,T-74,0,1,P-45212,72',second half,0,1
S-4813,WC-2006,M-2006-49,T-31,1,0,P-36287,74',second half,1,0
S-4814,WC-2006,M-2006-49,T-31,1,0,P-55504,74',second half,0,1
S-4815,WC-2006,M-2006-49,T-31,1,0,P-35264,85',second half,1,0
S-4816,WC-2006,M-2006-49,T-31,1,0,P-51287,85',second half,0,1
S-4817,WC-2006,M-2006-50,T-46,0,1,P-34636,38',first half,1,0
S-4818,WC-2006,M-2006-50,T-46,0,1,P-89297,38',first half,0,1
S-4819,WC-2006,M-2006-50,T-46,0,1,P-40312,66',second half,1,0
S-4820,WC-2006,M-2006-50,T-46,0,1,P-10860,66',second half,0,1
S-4821,WC-2006,M-2006-50,T-46,0,1,P-98036,74',second half,1,0
S-4822,WC-2006,M-2006-50,T-46,0,1,P-30651,74',second half,0,1
S-4823,WC-2006,M-2006-50,T-03,1,0,P-19888,75',second half,1,0
S-4824,WC-2006,M-2006-50,T-03,1,0,P-29080,75',second half,0,1
S-4825,WC-2006,M-2006-50,T-03,1,0,P-66229,76',second half,1,0
S-4826,WC-2006,M-2006-50,T-03,1,0,P-25906,76',second half,0,1
S-4827,WC-2006,M-2006-50,T-03,1,0,P-38901,84',second half,1,0
S-4828,WC-2006,M-2006-50,T-03,1,0,P-14758,84',second half,0,1
S-4829,WC-2006,M-2006-51,T-25,0,1,P-30306,69',second half,1,0
S-4830,WC-2006,M-2006-51,T-25,0,1,P-17733,69',second half,0,1
S-4831,WC-2006,M-2006-51,T-25,0,1,P-86943,72',second half,1,0
S-4832,WC-2006,M-2006-51,T-25,0,1,P-03128,72',second half,0,1
S-4833,WC-2006,M-2006-51,T-28,1,0,P-37933,77',second half,1,0
S-4834,WC-2006,M-2006-51,T-28,1,0,P-50944,77',second half,0,1
S-4835,WC-2006,M-2006-51,T-28,1,0,P-81049,87',second half,1,0
S-4836,WC-2006,M-2006-51,T-28,1,0,P-64864,87',second half,0,1
S-4837,WC-2006,M-2006-51,T-28,1,0,P-62157,90'+2',"second half, stoppage time",1,0
S-4838,WC-2006,M-2006-51,T-28,1,0,P-86227,90'+2',"second half, stoppage time",0,1
S-4839,WC-2006,M-2006-52,T-58,1,0,P-70442,34',first half,1,0
S-4840,WC-2006,M-2006-52,T-58,1,0,P-32279,34',first half,0,1
S-4841,WC-2006,M-2006-52,T-58,1,0,P-57982,46',second half,1,0
S-4842,WC-2006,M-2006-52,T-58,1,0,P-92307,46',second half,0,1
S-4843,WC-2006,M-2006-52,T-48,0,1,P-40197,56',second half,1,0
S-4844,WC-2006,M-2006-52,T-48,0,1,P-68125,56',second half,0,1
S-4845,WC-2006,M-2006-52,T-48,0,1,P-69700,67',second half,1,0
S-4846,WC-2006,M-2006-52,T-48,0,1,P-28832,67',second half,0,1
S-4847,WC-2006,M-2006-52,T-58,1,0,P-57496,84',second half,1,0
S-4848,WC-2006,M-2006-52,T-48,0,1,P-42224,84',second half,1,0
S-4849,WC-2006,M-2006-52,T-58,1,0,P-21434,84',second half,0,1
S-4850,WC-2006,M-2006-52,T-48,0,1,P-63856,84',second half,0,1
S-4851,WC-2006,M-2006-53,T-41,1,0,P-48645,46',second half,1,0
S-4852,WC-2006,M-2006-53,T-41,1,0,P-38599,46',second half,0,1
S-4853,WC-2006,M-2006-53,T-41,1,0,P-96512,56',second half,1,0
S-4854,WC-2006,M-2006-53,T-41,1,0,P-26539,56',second half,0,1
S-4855,WC-2006,M-2006-53,T-41,1,0,P-83836,75',second half,1,0
S-4856,WC-2006,M-2006-53,T-41,1,0,P-42038,75',second half,0,1
S-4857,WC-2006,M-2006-53,T-04,0,1,P-90087,81',second half,1,0
S-4858,WC-2006,M-2006-53,T-04,0,1,P-59039,81',second half,0,1
S-4859,WC-2006,M-2006-54,T-75,1,0,P-25758,34',first half,1,0
S-4860,WC-2006,M-2006-54,T-75,1,0,P-49127,34',first half,0,1
S-4861,WC-2006,M-2006-54,T-75,1,0,P-59636,64',second half,1,0
S-4862,WC-2006,M-2006-54,T-75,1,0,P-87221,64',second half,0,1
S-4863,WC-2006,M-2006-54,T-81,0,1,P-98387,75',second half,1,0
S-4864,WC-2006,M-2006-54,T-81,0,1,P-67256,75',second half,0,1
S-4865,WC-2006,M-2006-54,T-81,0,1,P-58919,94',"extra time, first half",1,0
S-4866,WC-2006,M-2006-54,T-81,0,1,P-56553,94',"extra time, first half",0,1
S-4867,WC-2006,M-2006-54,T-81,0,1,P-99083,111',"extra time, second half",1,0
S-4868,WC-2006,M-2006-54,T-81,0,1,P-69073,111',"extra time, second half",0,1
S-4869,WC-2006,M-2006-54,T-75,1,0,P-61684,117',"extra time, second half",1,0
S-4870,WC-2006,M-2006-54,T-75,1,0,P-46417,117',"extra time, second half",0,1
S-4871,WC-2006,M-2006-55,T-09,1,0,P-52008,46',second half,1,0
S-4872,WC-2006,M-2006-55,T-09,1,0,P-45956,46',second half,0,1
S-4873,WC-2006,M-2006-55,T-32,0,1,P-77757,60',second half,1,0
S-4874,WC-2006,M-2006-55,T-32,0,1,P-49882,60',second half,0,1
S-4875,WC-2006,M-2006-55,T-09,1,0,P-20372,61',second half,1,0
S-4876,WC-2006,M-2006-55,T-09,1,0,P-37735,61',second half,0,1
S-4877,WC-2006,M-2006-55,T-32,0,1,P-79316,70',second half,1,0
S-4878,WC-2006,M-2006-55,T-32,0,1,P-98986,70',second half,0,1
S-4879,WC-2006,M-2006-55,T-09,1,0,P-58388,83',second half,1,0
S-4880,WC-2006,M-2006-55,T-09,1,0,P-57975,83',second half,0,1
S-4881,WC-2006,M-2006-56,T-73,1,0,P-49097,54',second half,1,0
S-4882,WC-2006,M-2006-56,T-73,1,0,P-24556,54',second half,1,0
S-4883,WC-2006,M-2006-56,T-73,1,0,P-25905,54',second half,0,1
S-4884,WC-2006,M-2006-56,T-73,1,0,P-70144,54',second half,0,1
S-4885,WC-2006,M-2006-56,T-73,1,0,P-29415,72',second half,1,0
S-4886,WC-2006,M-2006-56,T-73,1,0,P-82549,72',second half,0,1
S-4887,WC-2006,M-2006-56,T-30,0,1,P-18830,74',second half,1,0
S-4888,WC-2006,M-2006-56,T-30,0,1,P-31668,74',second half,0,1
S-4889,WC-2006,M-2006-56,T-30,0,1,P-51395,88',second half,1,0
S-4890,WC-2006,M-2006-56,T-30,0,1,P-00916,88',second half,0,1
S-4891,WC-2006,M-2006-57,T-31,1,0,P-32136,62',second half,1,0
S-4892,WC-2006,M-2006-57,T-31,1,0,P-24324,62',second half,0,1
S-4893,WC-2006,M-2006-57,T-03,0,1,P-86290,71',second half,1,0
S-4894,WC-2006,M-2006-57,T-03,0,1,P-27047,71',second half,0,1
S-4895,WC-2006,M-2006-57,T-03,0,1,P-85199,72',second half,1,0
S-4896,WC-2006,M-2006-57,T-03,0,1,P-66229,72',second half,0,1
S-4897,WC-2006,M-2006-57,T-31,1,0,P-43400,74',second half,1,0
S-4898,WC-2006,M-2006-57,T-31,1,0,P-08154,74',second half,0,1
S-4899,WC-2006,M-2006-57,T-03,0,1,P-19888,79',second half,1,0
S-4900,WC-2006,M-2006-57,T-03,0,1,P-38198,79',second half,0,1
S-4901,WC-2006,M-2006-57,T-31,1,0,P-27787,86',second half,1,0
S-4902,WC-2006,M-2006-57,T-31,1,0,P-55504,86',second half,0,1
S-4903,WC-2006,M-2006-58,T-81,0,1,P-18200,20',first half,1,0
S-4904,WC-2006,M-2006-58,T-81,0,1,P-58919,20',first half,0,1
S-4905,WC-2006,M-2006-58,T-81,0,1,P-07368,45'+2',"first half, stoppage time",1,0
S-4906,WC-2006,M-2006-58,T-81,0,1,P-27508,45'+2',"first half, stoppage time",0,1
S-4907,WC-2006,M-2006-58,T-41,1,0,P-22378,68',second half,1,0
S-4908,WC-2006,M-2006-58,T-41,1,0,P-99537,68',second half,1,0
S-4909,WC-2006,M-2006-58,T-41,1,0,P-97154,68',second half,0,1
S-4910,WC-2006,M-2006-58,T-41,1,0,P-70140,68',second half,0,1
S-4911,WC-2006,M-2006-58,T-81,0,1,P-69073,72',second half,1,0
S-4912,WC-2006,M-2006-58,T-81,0,1,P-55388,72',second half,0,1
S-4913,WC-2006,M-2006-58,T-41,1,0,P-18164,77',second half,1,0
S-4914,WC-2006,M-2006-58,T-41,1,0,P-14267,77',second half,0,1
S-4915,WC-2006,M-2006-59,T-28,1,0,P-81049,52',second half,1,0
S-4916,WC-2006,M-2006-59,T-28,1,0,P-64864,52',second half,0,1
S-4917,WC-2006,M-2006-59,T-58,0,1,P-57982,63',second half,1,0
S-4918,WC-2006,M-2006-59,T-58,0,1,P-32279,63',second half,0,1
S-4919,WC-2006,M-2006-59,T-28,1,0,P-37933,65',second half,1,0
S-4920,WC-2006,M-2006-59,T-28,1,0,P-77532,65',second half,0,1
S-4921,WC-2006,M-2006-59,T-58,0,1,P-21434,74',second half,1,0
S-4922,WC-2006,M-2006-59,T-58,0,1,P-83823,74',second half,0,1
S-4923,WC-2006,M-2006-59,T-58,0,1,P-57496,86',second half,1,0
S-4924,WC-2006,M-2006-59,T-58,0,1,P-83900,86',second half,0,1
S-4925,WC-2006,M-2006-59,T-28,1,0,P-64864,119',"extra time, second half",1,0
S-4926,WC-2006,M-2006-59,T-28,1,0,P-50944,119',"extra time, second half",0,1
S-4927,WC-2006,M-2006-60,T-09,1,0,P-37735,63',second half,1,0
S-4928,WC-2006,M-2006-60,T-09,1,0,P-20372,63',second half,0,1
S-4929,WC-2006,M-2006-60,T-09,1,0,P-91718,76',second half,1,0
S-4930,WC-2006,M-2006-60,T-09,1,0,P-47627,76',second half,0,1
S-4931,WC-2006,M-2006-60,T-30,0,1,P-55659,77',second half,1,0
S-4932,WC-2006,M-2006-60,T-30,0,1,P-31668,77',second half,0,1
S-4933,WC-2006,M-2006-60,T-09,1,0,P-58388,79',second half,1,0
S-4934,WC-2006,M-2006-60,T-09,1,0,P-13354,79',second half,0,1
S-4935,WC-2006,M-2006-60,T-30,0,1,P-18830,81',second half,1,0
S-4936,WC-2006,M-2006-60,T-30,0,1,P-00916,81',second half,0,1
S-4937,WC-2006,M-2006-60,T-30,0,1,P-51395,86',second half,1,0
S-4938,WC-2006,M-2006-60,T-30,0,1,P-48944,86',second half,0,1
S-4939,WC-2006,M-2006-61,T-31,1,0,P-08154,73',second half,1,0
S-4940,WC-2006,M-2006-61,T-31,1,0,P-43400,73',second half,0,1
S-4941,WC-2006,M-2006-61,T-41,0,1,P-96512,74',second half,1,0
S-4942,WC-2006,M-2006-61,T-41,0,1,P-48645,74',second half,0,1
S-4943,WC-2006,M-2006-61,T-31,1,0,P-32136,83',second half,1,0
S-4944,WC-2006,M-2006-61,T-31,1,0,P-24324,83',second half,0,1
S-4945,WC-2006,M-2006-61,T-41,0,1,P-22378,91',"extra time, first half",1,0
S-4946,WC-2006,M-2006-61,T-41,0,1,P-38599,91',"extra time, first half",0,1
S-4947,WC-2006,M-2006-61,T-41,0,1,P-57529,104',"extra time, first half",1,0
S-4948,WC-2006,M-2006-61,T-41,0,1,P-83836,104',"extra time, first half",0,1
S-4949,WC-2006,M-2006-61,T-31,1,0,P-27787,111',"extra time, second half",1,0
S-4950,WC-2006,M-2006-61,T-31,1,0,P-55504,111',"extra time, second half",0,1
S-4951,WC-2006,M-2006-62,T-58,1,0,P-28497,62',second half,1,0
S-4952,WC-2006,M-2006-62,T-58,1,0,P-16378,62',second half,0,1
S-4953,WC-2006,M-2006-62,T-58,1,0,P-57982,68',second half,1,0
S-4954,WC-2006,M-2006-62,T-58,1,0,P-32279,68',second half,0,1
S-4955,WC-2006,M-2006-62,T-30,0,1,P-18830,69',second half,1,0
S-4956,WC-2006,M-2006-62,T-30,0,1,P-00916,69',second half,0,1
S-4957,WC-2006,M-2006-62,T-30,0,1,P-55659,72',second half,1,0
S-4958,WC-2006,M-2006-62,T-30,0,1,P-31668,72',second half,0,1
S-4959,WC-2006,M-2006-62,T-58,1,0,P-80908,75',second half,1,0
S-4960,WC-2006,M-2006-62,T-58,1,0,P-83900,75',second half,0,1
S-4961,WC-2006,M-2006-62,T-30,0,1,P-51395,85',second half,1,0
S-4962,WC-2006,M-2006-62,T-30,0,1,P-48944,85',second half,0,1
S-4963,WC-2006,M-2006-63,T-58,0,1,P-80908,46',second half,1,0
S-4964,WC-2006,M-2006-63,T-58,0,1,P-92307,46',second half,0,1
S-4965,WC-2006,M-2006-63,T-31,1,0,P-27787,65',second half,1,0
S-4966,WC-2006,M-2006-63,T-31,1,0,P-55504,65',second half,0,1
S-4967,WC-2006,M-2006-63,T-58,0,1,P-62437,69',second half,1,0
S-4968,WC-2006,M-2006-63,T-58,0,1,P-57631,69',second half,0,1
S-4969,WC-2006,M-2006-63,T-31,1,0,P-36287,71',second half,1,0
S-4970,WC-2006,M-2006-63,T-31,1,0,P-27261,71',second half,0,1
S-4971,WC-2006,M-2006-63,T-58,0,1,P-57982,77',second half,1,0
S-4972,WC-2006,M-2006-63,T-58,0,1,P-57496,77',second half,0,1
S-4973,WC-2006,M-2006-63,T-31,1,0,P-43400,79',second half,1,0
S-4974,WC-2006,M-2006-63,T-31,1,0,P-73973,79',second half,0,1
S-4975,WC-2006,M-2006-64,T-30,0,1,P-96540,56',second half,1,0
S-4976,WC-2006,M-2006-64,T-30,0,1,P-58415,56',second half,0,1
S-4977,WC-2006,M-2006-64,T-41,1,0,P-57529,61',second half,1,0
S-4978,WC-2006,M-2006-64,T-41,1,0,P-42038,61',second half,1,0
S-4979,WC-2006,M-2006-64,T-41,1,0,P-65802,61',second half,0,1
S-4980,WC-2006,M-2006-64,T-41,1,0,P-38599,61',second half,0,1
S-4981,WC-2006,M-2006-64,T-41,1,0,P-22378,86',second half,1,0
S-4982,WC-2006,M-2006-64,T-41,1,0,P-83836,86',second half,0,1
S-4983,WC-2006,M-2006-64,T-30,0,1,P-55659,100',"extra time, first half",1,0
S-4984,WC-2006,M-2006-64,T-30,0,1,P-12167,100',"extra time, first half",0,1
S-4985,WC-2006,M-2006-64,T-30,0,1,P-51395,107',"extra time, second half",1,0
S-4986,WC-2006,M-2006-64,T-30,0,1,P-00916,107',"extra time, second half",0,1
S-4987,WC-2007,M-2007-01,T-03,0,1,P-82027,53',second half,1,0
S-4988,WC-2007,M-2007-01,T-03,0,1,P-66590,53',second half,0,1
S-4989,WC-2007,M-2007-01,T-03,0,1,P-23308,66',second half,1,0
S-4990,WC-2007,M-2007-01,T-03,0,1,P-92491,66',second half,0,1
S-4991,WC-2007,M-2007-01,T-31,1,0,P-39260,68',second half,1,0
S-4992,WC-2007,M-2007-01,T-31,1,0,P-50575,68',second half,0,1
S-4993,WC-2007,M-2007-01,T-31,1,0,P-47092,74',second half,1,0
S-4994,WC-2007,M-2007-01,T-03,0,1,P-71461,74',second half,1,0
S-4995,WC-2007,M-2007-01,T-31,1,0,P-96080,74',second half,0,1
S-4996,WC-2007,M-2007-01,T-03,0,1,P-80712,74',second half,0,1
S-4997,WC-2007,M-2007-01,T-31,1,0,P-08780,84',second half,1,0
S-4998,WC-2007,M-2007-01,T-31,1,0,P-30564,84',second half,0,1
S-4999,WC-2007,M-2007-02,T-51,0,1,P-65322,22',first half,1,0
S-5000,WC-2007,M-2007-02,T-51,0,1,P-83515,22',first half,0,1
S-5001,WC-2007,M-2007-02,T-51,0,1,P-83515,90',second half,1,0
S-5002,WC-2007,M-2007-02,T-51,0,1,P-92164,90',second half,0,1
S-5003,WC-2007,M-2007-02,T-83,1,0,P-54396,90'+2',"second half, stoppage time",1,0
S-5004,WC-2007,M-2007-02,T-83,1,0,P-49030,90'+2',"second half, stoppage time",0,1
S-5005,WC-2007,M-2007-03,T-44,1,0,P-49475,46',second half,1,0
S-5006,WC-2007,M-2007-03,T-44,1,0,P-33014,46',second half,0,1
S-5007,WC-2007,M-2007-03,T-44,1,0,P-32368,71',second half,1,0
S-5008,WC-2007,M-2007-03,T-44,1,0,P-74200,71',second half,0,1
S-5009,WC-2007,M-2007-03,T-28,0,1,P-38733,72',second half,1,0
S-5010,WC-2007,M-2007-03,T-28,0,1,P-41187,72',second half,0,1
S-5011,WC-2007,M-2007-03,T-44,1,0,P-51492,86',second half,1,0
S-5012,WC-2007,M-2007-03,T-44,1,0,P-20246,86',second half,0,1
S-5013,WC-2007,M-2007-03,T-28,0,1,P-22178,89',second half,1,0
S-5014,WC-2007,M-2007-03,T-28,0,1,P-79856,89',second half,0,1
S-5015,WC-2007,M-2007-04,T-50,1,0,P-29682,35',first half,1,0
S-5016,WC-2007,M-2007-04,T-50,1,0,P-19498,35',first half,0,1
S-5017,WC-2007,M-2007-04,T-50,1,0,P-94567,59',second half,1,0
S-5018,WC-2007,M-2007-04,T-50,1,0,P-16023,59',second half,0,1
S-5019,WC-2007,M-2007-04,T-74,0,1,P-31388,69',second half,1,0
S-5020,WC-2007,M-2007-04,T-74,0,1,P-91907,69',second half,0,1
S-5021,WC-2007,M-2007-04,T-74,0,1,P-96721,83',second half,1,0
S-5022,WC-2007,M-2007-04,T-74,0,1,P-05293,83',second half,0,1
S-5023,WC-2007,M-2007-05,T-04,0,1,P-42226,46',second half,1,0
S-5024,WC-2007,M-2007-05,T-04,0,1,P-83079,46',second half,0,1
S-5025,WC-2007,M-2007-05,T-04,0,1,P-04506,62',second half,1,0
S-5026,WC-2007,M-2007-05,T-04,0,1,P-56574,62',second half,0,1
S-5027,WC-2007,M-2007-05,T-32,1,0,P-84693,67',second half,1,0
S-5028,WC-2007,M-2007-05,T-32,1,0,P-68145,67',second half,1,0
S-5029,WC-2007,M-2007-05,T-32,1,0,P-05170,67',second half,0,1
S-5030,WC-2007,M-2007-05,T-32,1,0,P-08624,67',second half,0,1
S-5031,WC-2007,M-2007-05,T-04,0,1,P-35812,83',second half,1,0
S-5032,WC-2007,M-2007-05,T-04,0,1,P-15139,83',second half,0,1
S-5033,WC-2007,M-2007-06,T-49,1,0,P-16994,46',second half,1,0
S-5034,WC-2007,M-2007-06,T-49,1,0,P-22277,46',second half,0,1
S-5035,WC-2007,M-2007-06,T-49,1,0,P-82898,66',second half,1,0
S-5036,WC-2007,M-2007-06,T-49,1,0,P-38007,66',second half,0,1
S-5037,WC-2007,M-2007-06,T-49,1,0,P-80600,72',second half,1,0
S-5038,WC-2007,M-2007-06,T-49,1,0,P-13547,72',second half,0,1
S-5039,WC-2007,M-2007-06,T-09,0,1,P-67574,78',second half,1,0
S-5040,WC-2007,M-2007-06,T-09,0,1,P-85281,78',second half,0,1
S-5041,WC-2007,M-2007-06,T-09,0,1,P-93057,84',second half,1,0
S-5042,WC-2007,M-2007-06,T-09,0,1,P-26383,84',second half,0,1
S-5043,WC-2007,M-2007-07,T-53,1,0,P-51925,46',second half,1,0
S-5044,WC-2007,M-2007-07,T-12,0,1,P-27120,46',second half,1,0
S-5045,WC-2007,M-2007-07,T-53,1,0,P-38523,46',second half,0,1
S-5046,WC-2007,M-2007-07,T-12,0,1,P-35069,46',second half,0,1
S-5047,WC-2007,M-2007-07,T-53,1,0,P-30339,66',second half,1,0
S-5048,WC-2007,M-2007-07,T-53,1,0,P-95127,66',second half,0,1
S-5049,WC-2007,M-2007-07,T-12,0,1,P-19025,73',second half,1,0
S-5050,WC-2007,M-2007-07,T-12,0,1,P-70567,73',second half,0,1
S-5051,WC-2007,M-2007-07,T-53,1,0,P-25739,76',second half,1,0
S-5052,WC-2007,M-2007-07,T-53,1,0,P-08869,76',second half,0,1
S-5053,WC-2007,M-2007-07,T-12,0,1,P-20854,83',second half,1,0
S-5054,WC-2007,M-2007-07,T-12,0,1,P-44161,83',second half,0,1
S-5055,WC-2007,M-2007-08,T-14,1,0,P-66877,58',second half,1,0
S-5056,WC-2007,M-2007-08,T-14,1,0,P-48604,58',second half,0,1
S-5057,WC-2007,M-2007-08,T-14,1,0,P-26568,68',second half,1,0
S-5058,WC-2007,M-2007-08,T-14,1,0,P-23604,68',second half,0,1
S-5059,WC-2007,M-2007-08,T-22,0,1,P-60168,75',second half,1,0
S-5060,WC-2007,M-2007-08,T-22,0,1,P-20868,75',second half,1,0
S-5061,WC-2007,M-2007-08,T-22,0,1,P-57369,75',second half,0,1
S-5062,WC-2007,M-2007-08,T-22,0,1,P-30396,75',second half,0,1
S-5063,WC-2007,M-2007-08,T-14,1,0,P-83032,90'+3',"second half, stoppage time",1,0
S-5064,WC-2007,M-2007-08,T-14,1,0,P-95180,90'+3',"second half, stoppage time",0,1
S-5065,WC-2007,M-2007-09,T-44,0,1,P-78180,50',second half,1,0
S-5066,WC-2007,M-2007-09,T-44,0,1,P-84771,50',second half,0,1
S-5067,WC-2007,M-2007-09,T-03,1,0,P-71461,53',second half,1,0
S-5068,WC-2007,M-2007-09,T-03,1,0,P-04287,53',second half,0,1
S-5069,WC-2007,M-2007-09,T-44,0,1,P-86882,57',second half,1,0
S-5070,WC-2007,M-2007-09,T-44,0,1,P-24437,57',second half,0,1
S-5071,WC-2007,M-2007-09,T-03,1,0,P-08904,61',second half,1,0
S-5072,WC-2007,M-2007-09,T-03,1,0,P-24460,61',second half,0,1
S-5073,WC-2007,M-2007-09,T-44,0,1,P-49475,71',second half,0,1
S-5074,WC-2007,M-2007-09,T-03,1,0,P-05215,77',second half,1,0
S-5075,WC-2007,M-2007-09,T-03,1,0,P-66590,77',second half,0,1
S-5076,WC-2007,M-2007-09,T-44,0,1,P-33014,79',second half,1,0
S-5077,WC-2007,M-2007-10,T-83,0,1,P-62104,46',second half,1,0
S-5078,WC-2007,M-2007-10,T-83,0,1,P-92403,46',second half,0,1
S-5079,WC-2007,M-2007-10,T-74,1,0,P-95194,65',second half,1,0
S-5080,WC-2007,M-2007-10,T-74,1,0,P-52228,65',second half,0,1
S-5081,WC-2007,M-2007-10,T-83,0,1,P-49030,67',second half,1,0
S-5082,WC-2007,M-2007-10,T-83,0,1,P-54396,67',second half,0,1
S-5083,WC-2007,M-2007-10,T-74,1,0,P-48787,81',second half,1,0
S-5084,WC-2007,M-2007-10,T-74,1,0,P-31442,81',second half,0,1
S-5085,WC-2007,M-2007-11,T-28,1,0,P-34666,57',second half,1,0
S-5086,WC-2007,M-2007-11,T-28,1,0,P-38142,57',second half,0,1
S-5087,WC-2007,M-2007-11,T-31,0,1,P-39260,63',second half,1,0
S-5088,WC-2007,M-2007-11,T-31,0,1,P-54473,63',second half,0,1
S-5089,WC-2007,M-2007-12,T-50,0,1,P-21975,30',first half,1,0
S-5090,WC-2007,M-2007-12,T-50,0,1,P-94784,30',first half,0,1
S-5091,WC-2007,M-2007-12,T-50,0,1,P-19149,61',second half,1,0
S-5092,WC-2007,M-2007-12,T-50,0,1,P-94567,61',second half,0,1
S-5093,WC-2007,M-2007-12,T-51,1,0,P-93587,77',second half,1,0
S-5094,WC-2007,M-2007-12,T-51,1,0,P-92164,77',second half,0,1
S-5095,WC-2007,M-2007-12,T-50,0,1,P-38422,80',second half,1,0
S-5096,WC-2007,M-2007-12,T-50,0,1,P-29682,80',second half,0,1
S-5097,WC-2007,M-2007-13,T-32,0,1,P-84693,35',first half,1,0
S-5098,WC-2007,M-2007-13,T-32,0,1,P-05170,35',first half,0,1
S-5099,WC-2007,M-2007-13,T-12,1,0,P-33304,45',first half,1,0
S-5100,WC-2007,M-2007-13,T-12,1,0,P-44161,45',first half,0,1
S-5101,WC-2007,M-2007-13,T-12,1,0,P-20854,63',second half,1,0
S-5102,WC-2007,M-2007-13,T-12,1,0,P-35069,63',second half,0,1
S-5103,WC-2007,M-2007-13,T-32,0,1,P-47674,71',second half,1,0
S-5104,WC-2007,M-2007-13,T-32,0,1,P-93979,71',second half,0,1
S-5105,WC-2007,M-2007-13,T-32,0,1,P-77841,77',second half,1,0
S-5106,WC-2007,M-2007-13,T-32,0,1,P-12997,77',second half,0,1
S-5107,WC-2007,M-2007-13,T-12,1,0,P-28528,84',second half,1,0
S-5108,WC-2007,M-2007-13,T-12,1,0,P-87255,84',second half,0,1
S-5109,WC-2007,M-2007-14,T-22,1,0,P-60168,46',second half,1,0
S-5110,WC-2007,M-2007-14,T-22,1,0,P-05784,46',second half,0,1
S-5111,WC-2007,M-2007-14,T-49,0,1,P-16994,64',second half,1,0
S-5112,WC-2007,M-2007-14,T-49,0,1,P-22277,64',second half,0,1
S-5113,WC-2007,M-2007-14,T-49,0,1,P-61084,70',second half,1,0
S-5114,WC-2007,M-2007-14,T-49,0,1,P-80600,70',second half,0,1
S-5115,WC-2007,M-2007-14,T-22,1,0,P-20868,72',second half,1,0
S-5116,WC-2007,M-2007-14,T-22,1,0,P-74183,72',second half,0,1
S-5117,WC-2007,M-2007-14,T-22,1,0,P-11819,86',second half,1,0
S-5118,WC-2007,M-2007-14,T-22,1,0,P-23254,86',second half,0,1
S-5119,WC-2007,M-2007-14,T-49,0,1,P-11940,87',second half,1,0
S-5120,WC-2007,M-2007-14,T-49,0,1,P-80895,87',second half,0,1
S-5121,WC-2007,M-2007-15,T-04,1,0,P-12322,46',second half,1,0
S-5122,WC-2007,M-2007-15,T-53,0,1,P-30339,46',second half,1,0
S-5123,WC-2007,M-2007-15,T-04,1,0,P-83079,46',second half,0,1
S-5124,WC-2007,M-2007-15,T-53,0,1,P-95127,46',second half,0,1
S-5125,WC-2007,M-2007-15,T-04,1,0,P-91505,61',second half,1,0
S-5126,WC-2007,M-2007-15,T-04,1,0,P-26286,61',second half,0,1
S-5127,WC-2007,M-2007-15,T-53,0,1,P-97621,74',second half,1,0
S-5128,WC-2007,M-2007-15,T-53,0,1,P-42222,74',second half,0,1
S-5129,WC-2007,M-2007-15,T-04,1,0,P-82607,76',second half,1,0
S-5130,WC-2007,M-2007-15,T-04,1,0,P-42226,76',second half,0,1
S-5131,WC-2007,M-2007-15,T-53,0,1,P-70069,86',second half,1,0
S-5132,WC-2007,M-2007-15,T-53,0,1,P-25739,86',second half,0,1
S-5133,WC-2007,M-2007-16,T-14,0,1,P-71089,52',second half,1,0
S-5134,WC-2007,M-2007-16,T-14,0,1,P-72394,52',second half,0,1
S-5135,WC-2007,M-2007-16,T-14,0,1,P-95180,57',second half,1,0
S-5136,WC-2007,M-2007-16,T-14,0,1,P-26568,57',second half,0,1
S-5137,WC-2007,M-2007-16,T-14,0,1,P-57621,67',second half,1,0
S-5138,WC-2007,M-2007-16,T-14,0,1,P-85561,67',second half,0,1
S-5139,WC-2007,M-2007-16,T-09,1,0,P-46780,79',second half,1,0
S-5140,WC-2007,M-2007-16,T-09,1,0,P-85281,79',second half,0,1
S-5141,WC-2007,M-2007-16,T-09,1,0,P-93057,85',second half,1,0
S-5142,WC-2007,M-2007-16,T-09,1,0,P-90420,85',second half,0,1
S-5143,WC-2007,M-2007-16,T-09,1,0,P-19610,89',second half,1,0
S-5144,WC-2007,M-2007-16,T-09,1,0,P-64954,89',second half,0,1
S-5145,WC-2007,M-2007-17,T-03,0,1,P-71461,52',second half,1,0
S-5146,WC-2007,M-2007-17,T-03,0,1,P-95150,52',second half,0,1
S-5147,WC-2007,M-2007-17,T-03,0,1,P-82027,62',second half,1,0
S-5148,WC-2007,M-2007-17,T-03,0,1,P-84467,62',second half,0,1
S-5149,WC-2007,M-2007-17,T-28,1,0,P-22178,68',second half,1,0
S-5150,WC-2007,M-2007-17,T-28,1,0,P-38142,68',second half,0,1
S-5151,WC-2007,M-2007-17,T-03,0,1,P-08904,76',second half,1,0
S-5152,WC-2007,M-2007-17,T-03,0,1,P-24460,76',second half,0,1
S-5153,WC-2007,M-2007-17,T-28,1,0,P-38733,80',second half,1,0
S-5154,WC-2007,M-2007-17,T-28,1,0,P-12357,80',second half,1,0
S-5155,WC-2007,M-2007-17,T-28,1,0,P-81958,80',second half,0,1
S-5156,WC-2007,M-2007-17,T-28,1,0,P-88697,80',second half,0,1
S-5157,WC-2007,M-2007-18,T-44,0,1,P-04310,46',second half,1,0
S-5158,WC-2007,M-2007-18,T-44,0,1,P-24437,46',second half,0,1
S-5159,WC-2007,M-2007-18,T-31,1,0,P-39260,57',second half,1,0
S-5160,WC-2007,M-2007-18,T-31,1,0,P-54473,57',second half,0,1
S-5161,WC-2007,M-2007-18,T-44,0,1,P-24437,63',second half,1,0
S-5162,WC-2007,M-2007-18,T-44,0,1,P-86882,63',second half,0,1
S-5163,WC-2007,M-2007-18,T-44,0,1,P-20246,76',second half,1,0
S-5164,WC-2007,M-2007-18,T-44,0,1,P-32368,76',second half,0,1
S-5165,WC-2007,M-2007-18,T-31,1,0,P-49074,78',second half,1,0
S-5166,WC-2007,M-2007-18,T-31,1,0,P-80012,78',second half,0,1
S-5167,WC-2007,M-2007-19,T-50,1,0,P-29682,22',first half,1,0
S-5168,WC-2007,M-2007-19,T-50,1,0,P-38422,22',first half,0,1
S-5169,WC-2007,M-2007-19,T-83,0,1,P-62104,64',second half,1,0
S-5170,WC-2007,M-2007-19,T-83,0,1,P-17276,64',second half,0,1
S-5171,WC-2007,M-2007-19,T-83,0,1,P-00471,77',second half,1,0
S-5172,WC-2007,M-2007-19,T-83,0,1,P-25717,77',second half,0,1
S-5173,WC-2007,M-2007-19,T-50,1,0,P-16613,83',second half,1,0
S-5174,WC-2007,M-2007-19,T-50,1,0,P-01517,83',second half,0,1
S-5175,WC-2007,M-2007-19,T-83,0,1,P-25850,84',second half,1,0
S-5176,WC-2007,M-2007-19,T-83,0,1,P-49030,84',second half,0,1
S-5177,WC-2007,M-2007-20,T-74,0,1,P-31388,40',first half,1,0
S-5178,WC-2007,M-2007-20,T-74,0,1,P-66882,40',first half,0,1
S-5179,WC-2007,M-2007-20,T-51,1,0,P-93587,56',second half,1,0
S-5180,WC-2007,M-2007-20,T-51,1,0,P-33928,56',second half,0,1
S-5181,WC-2007,M-2007-20,T-51,1,0,P-83515,60',second half,1,0
S-5182,WC-2007,M-2007-20,T-51,1,0,P-92164,60',second half,0,1
S-5183,WC-2007,M-2007-20,T-74,0,1,P-85545,69',second half,1,0
S-5184,WC-2007,M-2007-20,T-74,0,1,P-91907,69',second half,0,1
S-5185,WC-2007,M-2007-20,T-51,1,0,P-96884,85',second half,1,0
S-5186,WC-2007,M-2007-20,T-51,1,0,P-83860,85',second half,0,1
S-5187,WC-2007,M-2007-20,T-74,0,1,P-66882,89',second half,1,0
S-5188,WC-2007,M-2007-20,T-74,0,1,P-31442,89',second half,0,1
S-5189,WC-2007,M-2007-21,T-04,1,0,P-83079,46',second half,0,1
S-5190,WC-2007,M-2007-21,T-04,1,0,P-42226,62',second half,1,0
S-5191,WC-2007,M-2007-21,T-04,1,0,P-21039,62',second half,0,1
S-5192,WC-2007,M-2007-21,T-12,0,1,P-27120,68',second half,1,0
S-5193,WC-2007,M-2007-21,T-12,0,1,P-44161,68',second half,0,1
S-5194,WC-2007,M-2007-21,T-04,1,0,P-04506,76',second half,1,0
S-5195,WC-2007,M-2007-21,T-04,1,0,P-56574,76',second half,0,1
S-5196,WC-2007,M-2007-21,T-12,0,1,P-33982,79',second half,1,0
S-5197,WC-2007,M-2007-21,T-12,0,1,P-76027,79',second half,0,1
S-5198,WC-2007,M-2007-21,T-04,1,0,P-82607,83',second half,1,0
S-5199,WC-2007,M-2007-21,T-12,0,1,P-20854,90'+2',"second half, stoppage time",1,0
S-5200,WC-2007,M-2007-21,T-12,0,1,P-36636,90'+2',"second half, stoppage time",0,1
S-5201,WC-2007,M-2007-22,T-53,1,0,P-70069,46',second half,1,0
S-5202,WC-2007,M-2007-22,T-53,1,0,P-95127,46',second half,1,0
S-5203,WC-2007,M-2007-22,T-32,0,1,P-68145,46',second half,1,0
S-5204,WC-2007,M-2007-22,T-53,1,0,P-09212,46',second half,0,1
S-5205,WC-2007,M-2007-22,T-53,1,0,P-15475,46',second half,0,1
S-5206,WC-2007,M-2007-22,T-32,0,1,P-54127,46',second half,0,1
S-5207,WC-2007,M-2007-22,T-32,0,1,P-56710,58',second half,1,0
S-5208,WC-2007,M-2007-22,T-32,0,1,P-77841,58',second half,0,1
S-5209,WC-2007,M-2007-22,T-53,1,0,P-97621,61',second half,1,0
S-5210,WC-2007,M-2007-22,T-53,1,0,P-60731,61',second half,0,1
S-5211,WC-2007,M-2007-22,T-32,0,1,P-75315,64',second half,1,0
S-5212,WC-2007,M-2007-22,T-32,0,1,P-42042,64',second half,0,1
S-5213,WC-2007,M-2007-23,T-09,1,0,P-93057,61',second half,1,0
S-5214,WC-2007,M-2007-23,T-09,1,0,P-26383,61',second half,0,1
S-5215,WC-2007,M-2007-23,T-22,0,1,P-74183,65',second half,1,0
S-5216,WC-2007,M-2007-23,T-22,0,1,P-24775,65',second half,1,0
S-5217,WC-2007,M-2007-23,T-22,0,1,P-20868,65',second half,0,1
S-5218,WC-2007,M-2007-23,T-22,0,1,P-30396,65',second half,0,1
S-5219,WC-2007,M-2007-23,T-22,0,1,P-60168,79',second half,1,0
S-5220,WC-2007,M-2007-23,T-22,0,1,P-57369,79',second half,0,1
S-5221,WC-2007,M-2007-23,T-09,1,0,P-46780,88',second half,1,0
S-5222,WC-2007,M-2007-23,T-09,1,0,P-85281,88',second half,0,1
S-5223,WC-2007,M-2007-24,T-14,1,0,P-71089,60',second half,1,0
S-5224,WC-2007,M-2007-24,T-14,1,0,P-72394,60',second half,0,1
S-5225,WC-2007,M-2007-24,T-49,0,1,P-16994,62',second half,1,0
S-5226,WC-2007,M-2007-24,T-49,0,1,P-13547,62',second half,0,1
S-5227,WC-2007,M-2007-24,T-14,1,0,P-26568,65',second half,1,0
S-5228,WC-2007,M-2007-24,T-14,1,0,P-95180,65',second half,0,1
S-5229,WC-2007,M-2007-24,T-49,0,1,P-61084,73',second half,1,0
S-5230,WC-2007,M-2007-24,T-49,0,1,P-38007,73',second half,0,1
S-5231,WC-2007,M-2007-24,T-49,0,1,P-52525,82',second half,1,0
S-5232,WC-2007,M-2007-24,T-49,0,1,P-73751,82',second half,0,1
S-5233,WC-2007,M-2007-24,T-14,1,0,P-70314,88',second half,1,0
S-5234,WC-2007,M-2007-24,T-14,1,0,P-85561,88',second half,0,1
S-5235,WC-2007,M-2007-25,T-51,0,1,P-83515,50',second half,1,0
S-5236,WC-2007,M-2007-25,T-51,0,1,P-93587,50',second half,0,1
S-5237,WC-2007,M-2007-25,T-31,1,0,P-49074,74',second half,1,0
S-5238,WC-2007,M-2007-25,T-51,0,1,P-33928,74',second half,1,0
S-5239,WC-2007,M-2007-25,T-31,1,0,P-80012,74',second half,0,1
S-5240,WC-2007,M-2007-25,T-51,0,1,P-92164,74',second half,0,1
S-5241,WC-2007,M-2007-25,T-31,1,0,P-15303,77',second half,1,0
S-5242,WC-2007,M-2007-25,T-31,1,0,P-53205,77',second half,0,1
S-5243,WC-2007,M-2007-26,T-28,0,1,P-38733,46',second half,1,0
S-5244,WC-2007,M-2007-26,T-28,0,1,P-38142,46',second half,0,1
S-5245,WC-2007,M-2007-26,T-28,0,1,P-98782,80',second half,1,0
S-5246,WC-2007,M-2007-26,T-28,0,1,P-98538,80',second half,0,1
S-5247,WC-2007,M-2007-26,T-83,1,0,P-92403,82',second half,1,0
S-5248,WC-2007,M-2007-26,T-83,1,0,P-62104,82',second half,0,1
S-5249,WC-2007,M-2007-26,T-83,1,0,P-89236,86',second half,1,0
S-5250,WC-2007,M-2007-26,T-83,1,0,P-49030,86',second half,0,1
S-5251,WC-2007,M-2007-27,T-53,1,0,P-97621,64',second half,1,0
S-5252,WC-2007,M-2007-27,T-53,1,0,P-60731,64',second half,0,1
S-5253,WC-2007,M-2007-27,T-14,0,1,P-57621,71',second half,1,0
S-5254,WC-2007,M-2007-27,T-14,0,1,P-70314,71',second half,0,1
S-5255,WC-2007,M-2007-27,T-53,1,0,P-70069,75',second half,1,0
S-5256,WC-2007,M-2007-27,T-14,0,1,P-72394,75',second half,1,0
S-5257,WC-2007,M-2007-27,T-53,1,0,P-25739,75',second half,0,1
S-5258,WC-2007,M-2007-27,T-14,0,1,P-85561,75',second half,0,1
S-5259,WC-2007,M-2007-27,T-53,1,0,P-09212,90'+3',"second half, stoppage time",1,0
S-5260,WC-2007,M-2007-27,T-53,1,0,P-05014,90'+3',"second half, stoppage time",0,1
S-5261,WC-2007,M-2007-28,T-04,0,1,P-19145,20',first half,1,0
S-5262,WC-2007,M-2007-28,T-04,0,1,P-14085,20',first half,0,1
S-5263,WC-2007,M-2007-28,T-04,0,1,P-74624,78',second half,1,0
S-5264,WC-2007,M-2007-28,T-04,0,1,P-42226,78',second half,0,1
S-5265,WC-2007,M-2007-28,T-04,0,1,P-04506,81',second half,1,0
S-5266,WC-2007,M-2007-28,T-04,0,1,P-21039,81',second half,0,1
S-5267,WC-2007,M-2007-28,T-09,1,0,P-19610,90'+2',"second half, stoppage time",1,0
S-5268,WC-2007,M-2007-28,T-09,1,0,P-64954,90'+2',"second half, stoppage time",0,1
S-5269,WC-2007,M-2007-29,T-31,1,0,P-39260,40',first half,1,0
S-5270,WC-2007,M-2007-29,T-31,1,0,P-54473,40',first half,0,1
S-5271,WC-2007,M-2007-29,T-53,0,1,P-09212,46',second half,1,0
S-5272,WC-2007,M-2007-29,T-53,0,1,P-60731,46',second half,0,1
S-5273,WC-2007,M-2007-29,T-53,0,1,P-36571,48',second half,1,0
S-5274,WC-2007,M-2007-29,T-53,0,1,P-51925,48',second half,0,1
S-5275,WC-2007,M-2007-29,T-53,0,1,P-70069,56',second half,1,0
S-5276,WC-2007,M-2007-29,T-53,0,1,P-25739,56',second half,0,1
S-5277,WC-2007,M-2007-29,T-31,1,0,P-49074,65',second half,1,0
S-5278,WC-2007,M-2007-29,T-31,1,0,P-80012,65',second half,0,1
S-5279,WC-2007,M-2007-29,T-31,1,0,P-15303,81',second half,1,0
S-5280,WC-2007,M-2007-29,T-31,1,0,P-53205,81',second half,0,1
S-5281,WC-2007,M-2007-30,T-83,1,0,P-24266,46',second half,1,0
S-5282,WC-2007,M-2007-30,T-83,1,0,P-62104,46',second half,0,1
S-5283,WC-2007,M-2007-30,T-83,1,0,P-54396,60',second half,1,0
S-5284,WC-2007,M-2007-30,T-83,1,0,P-25717,60',second half,0,1
S-5285,WC-2007,M-2007-30,T-83,1,0,P-58480,74',second half,1,0
S-5286,WC-2007,M-2007-30,T-83,1,0,P-95448,74',second half,0,1
S-5287,WC-2007,M-2007-31,T-83,0,1,P-00471,46',second half,1,0
S-5288,WC-2007,M-2007-31,T-83,0,1,P-25717,46',second half,0,1
S-5289,WC-2007,M-2007-31,T-53,1,0,P-36571,57',second half,1,0
S-5290,WC-2007,M-2007-31,T-53,1,0,P-15475,57',second half,0,1
S-5291,WC-2007,M-2007-31,T-83,0,1,P-96012,59',second half,1,0
S-5292,WC-2007,M-2007-31,T-83,0,1,P-40936,59',second half,0,1
S-5293,WC-2007,M-2007-31,T-53,1,0,P-25739,61',second half,1,0
S-5294,WC-2007,M-2007-31,T-53,1,0,P-42222,61',second half,0,1
S-5295,WC-2007,M-2007-31,T-53,1,0,P-30339,78',second half,1,0
S-5296,WC-2007,M-2007-31,T-53,1,0,P-09212,78',second half,0,1
S-5297,WC-2007,M-2007-31,T-83,0,1,P-25850,89',second half,1,0
S-5298,WC-2007,M-2007-31,T-83,0,1,P-49030,89',second half,0,1
S-5299,WC-2007,M-2007-32,T-09,0,1,P-58459,63',second half,1,0
S-5300,WC-2007,M-2007-32,T-09,0,1,P-85281,63',second half,0,1
S-5301,WC-2007,M-2007-32,T-31,1,0,P-39260,74',second half,1,0
S-5302,WC-2007,M-2007-32,T-31,1,0,P-80012,74',second half,0,1
S-5303,WC-2007,M-2007-32,T-31,1,0,P-49074,80',second half,1,0
S-5304,WC-2007,M-2007-32,T-31,1,0,P-54473,80',second half,0,1
S-5305,WC-2007,M-2007-32,T-09,0,1,P-10543,81',second half,1,0
S-5306,WC-2007,M-2007-32,T-09,0,1,P-26383,81',second half,0,1
S-5307,WC-2007,M-2007-32,T-09,0,1,P-84724,88',second half,1,0
S-5308,WC-2007,M-2007-32,T-09,0,1,P-90420,88',second half,0,1
S-5309,WC-2010,M-2010-01,T-70,1,0,P-44682,46',second half,1,0
S-5310,WC-2010,M-2010-01,T-70,1,0,P-37930,46',second half,0,1
S-5311,WC-2010,M-2010-01,T-46,0,1,P-01835,55',second half,1,0
S-5312,WC-2010,M-2010-01,T-46,0,1,P-40312,55',second half,0,1
S-5313,WC-2010,M-2010-01,T-46,0,1,P-68042,69',second half,1,0
S-5314,WC-2010,M-2010-01,T-46,0,1,P-88428,69',second half,0,1
S-5315,WC-2010,M-2010-01,T-46,0,1,P-73255,73',second half,1,0
S-5316,WC-2010,M-2010-01,T-46,0,1,P-36515,73',second half,0,1
S-5317,WC-2010,M-2010-01,T-70,1,0,P-38095,83',second half,1,0
S-5318,WC-2010,M-2010-01,T-70,1,0,P-36316,83',second half,0,1
S-5319,WC-2010,M-2010-02,T-84,1,0,P-46031,63',second half,1,0
S-5320,WC-2010,M-2010-02,T-84,1,0,P-36662,63',second half,0,1
S-5321,WC-2010,M-2010-02,T-30,0,1,P-57240,72',second half,1,0
S-5322,WC-2010,M-2010-02,T-30,0,1,P-51395,72',second half,0,1
S-5323,WC-2010,M-2010-02,T-84,1,0,P-30486,74',second half,1,0
S-5324,WC-2010,M-2010-02,T-84,1,0,P-64372,74',second half,0,1
S-5325,WC-2010,M-2010-02,T-30,0,1,P-72795,75',second half,1,0
S-5326,WC-2010,M-2010-02,T-30,0,1,P-18830,75',second half,0,1
S-5327,WC-2010,M-2010-02,T-30,0,1,P-31668,85',second half,1,0
S-5328,WC-2010,M-2010-02,T-30,0,1,P-42706,85',second half,0,1
S-5329,WC-2010,M-2010-02,T-84,1,0,P-53254,87',second half,1,0
S-5330,WC-2010,M-2010-02,T-84,1,0,P-50741,87',second half,0,1
S-5331,WC-2010,M-2010-03,T-33,0,1,P-17698,46',second half,1,0
S-5332,WC-2010,M-2010-03,T-33,0,1,P-70421,46',second half,0,1
S-5333,WC-2010,M-2010-03,T-33,0,1,P-58348,59',second half,1,0
S-5334,WC-2010,M-2010-03,T-33,0,1,P-75292,59',second half,0,1
S-5335,WC-2010,M-2010-03,T-33,0,1,P-32124,61',second half,1,0
S-5336,WC-2010,M-2010-03,T-33,0,1,P-59270,61',second half,0,1
S-5337,WC-2010,M-2010-03,T-71,1,0,P-48433,74',second half,1,0
S-5338,WC-2010,M-2010-03,T-71,1,0,P-51785,74',second half,0,1
S-5339,WC-2010,M-2010-03,T-71,1,0,P-06608,87',second half,1,0
S-5340,WC-2010,M-2010-03,T-71,1,0,P-47809,87',second half,0,1
S-5341,WC-2010,M-2010-03,T-71,1,0,P-40927,90'+1',"second half, stoppage time",1,0
S-5342,WC-2010,M-2010-03,T-71,1,0,P-30708,90'+1',"second half, stoppage time",0,1
S-5343,WC-2010,M-2010-04,T-50,0,1,P-04567,52',second half,1,0
S-5344,WC-2010,M-2010-04,T-50,0,1,P-52510,52',second half,0,1
S-5345,WC-2010,M-2010-04,T-50,0,1,P-62448,60',second half,1,0
S-5346,WC-2010,M-2010-04,T-50,0,1,P-70006,60',second half,0,1
S-5347,WC-2010,M-2010-04,T-03,1,0,P-62209,74',second half,1,0
S-5348,WC-2010,M-2010-04,T-03,1,0,P-33570,74',second half,0,1
S-5349,WC-2010,M-2010-04,T-50,0,1,P-51705,75',second half,1,0
S-5350,WC-2010,M-2010-04,T-50,0,1,P-98626,75',second half,0,1
S-5351,WC-2010,M-2010-04,T-03,1,0,P-29398,79',second half,1,0
S-5352,WC-2010,M-2010-04,T-03,1,0,P-28014,79',second half,0,1
S-5353,WC-2010,M-2010-04,T-03,1,0,P-42113,85',second half,1,0
S-5354,WC-2010,M-2010-04,T-03,1,0,P-56532,85',second half,0,1
S-5355,WC-2010,M-2010-05,T-28,1,0,P-95616,31',first half,1,0
S-5356,WC-2010,M-2010-05,T-28,1,0,P-48335,31',first half,0,1
S-5357,WC-2010,M-2010-05,T-28,1,0,P-16073,46',second half,1,0
S-5358,WC-2010,M-2010-05,T-28,1,0,P-50944,46',second half,0,1
S-5359,WC-2010,M-2010-05,T-83,0,1,P-36179,77',second half,1,0
S-5360,WC-2010,M-2010-05,T-83,0,1,P-15091,77',second half,0,1
S-5361,WC-2010,M-2010-05,T-28,1,0,P-08307,79',second half,1,0
S-5362,WC-2010,M-2010-05,T-28,1,0,P-77532,79',second half,0,1
S-5363,WC-2010,M-2010-05,T-83,0,1,P-07475,86',second half,1,0
S-5364,WC-2010,M-2010-05,T-83,0,1,P-88370,86',second half,0,1
S-5365,WC-2010,M-2010-06,T-69,0,1,P-21784,53',second half,1,0
S-5366,WC-2010,M-2010-06,T-69,0,1,P-01012,53',second half,0,1
S-5367,WC-2010,M-2010-06,T-01,1,0,P-10693,58',second half,1,0
S-5368,WC-2010,M-2010-06,T-01,1,0,P-22008,58',second half,0,1
S-5369,WC-2010,M-2010-06,T-01,1,0,P-63647,81',second half,1,0
S-5370,WC-2010,M-2010-06,T-01,1,0,P-44112,81',second half,0,1
S-5371,WC-2010,M-2010-06,T-01,1,0,P-46257,82',second half,1,0
S-5372,WC-2010,M-2010-06,T-01,1,0,P-37702,82',second half,0,1
S-5373,WC-2010,M-2010-06,T-69,0,1,P-20008,84',second half,1,0
S-5374,WC-2010,M-2010-06,T-69,0,1,P-14953,84',second half,0,1
S-5375,WC-2010,M-2010-06,T-69,0,1,P-06159,87',second half,1,0
S-5376,WC-2010,M-2010-06,T-69,0,1,P-75452,87',second half,0,1
S-5377,WC-2010,M-2010-07,T-66,1,0,P-39459,62',second half,1,0
S-5378,WC-2010,M-2010-07,T-66,1,0,P-88851,62',second half,0,1
S-5379,WC-2010,M-2010-07,T-66,1,0,P-18094,69',second half,1,0
S-5380,WC-2010,M-2010-07,T-66,1,0,P-40791,69',second half,0,1
S-5381,WC-2010,M-2010-07,T-32,0,1,P-39956,73',second half,1,0
S-5382,WC-2010,M-2010-07,T-32,0,1,P-09728,73',second half,0,1
S-5383,WC-2010,M-2010-07,T-66,1,0,P-56515,76',second half,1,0
S-5384,WC-2010,M-2010-07,T-66,1,0,P-47415,76',second half,0,1
S-5385,WC-2010,M-2010-07,T-32,0,1,P-66316,90'+1',"second half, stoppage time",1,0
S-5386,WC-2010,M-2010-07,T-32,0,1,P-56284,90'+1',"second half, stoppage time",0,1
S-5387,WC-2010,M-2010-07,T-32,0,1,P-38556,90'+3',"second half, stoppage time",1,0
S-5388,WC-2010,M-2010-07,T-32,0,1,P-06223,90'+3',"second half, stoppage time",0,1
S-5389,WC-2010,M-2010-08,T-04,0,1,P-63129,46',second half,1,0
S-5390,WC-2010,M-2010-08,T-04,0,1,P-96211,46',second half,0,1
S-5391,WC-2010,M-2010-08,T-04,0,1,P-64711,64',second half,1,0
S-5392,WC-2010,M-2010-08,T-04,0,1,P-31145,64',second half,0,1
S-5393,WC-2010,M-2010-08,T-31,1,0,P-27787,68',second half,1,0
S-5394,WC-2010,M-2010-08,T-31,1,0,P-10713,68',second half,0,1
S-5395,WC-2010,M-2010-08,T-31,1,0,P-12818,74',second half,1,0
S-5396,WC-2010,M-2010-08,T-04,0,1,P-83566,74',second half,1,0
S-5397,WC-2010,M-2010-08,T-31,1,0,P-78594,74',second half,0,1
S-5398,WC-2010,M-2010-08,T-04,0,1,P-37275,74',second half,0,1
S-5399,WC-2010,M-2010-08,T-31,1,0,P-36287,81',second half,1,0
S-5400,WC-2010,M-2010-08,T-31,1,0,P-97093,81',second half,0,1
S-5401,WC-2010,M-2010-09,T-22,0,1,P-41303,56',second half,1,0
S-5402,WC-2010,M-2010-09,T-22,0,1,P-63778,56',second half,0,1
S-5403,WC-2010,M-2010-09,T-22,0,1,P-38862,62',second half,1,0
S-5404,WC-2010,M-2010-09,T-22,0,1,P-45005,62',second half,0,1
S-5405,WC-2010,M-2010-09,T-48,1,0,P-68125,67',second half,1,0
S-5406,WC-2010,M-2010-09,T-48,1,0,P-12995,67',second half,0,1
S-5407,WC-2010,M-2010-09,T-22,0,1,P-47232,73',second half,1,0
S-5408,WC-2010,M-2010-09,T-22,0,1,P-50104,73',second half,0,1
S-5409,WC-2010,M-2010-09,T-48,1,0,P-99934,77',second half,1,0
S-5410,WC-2010,M-2010-09,T-48,1,0,P-81141,77',second half,0,1
S-5411,WC-2010,M-2010-09,T-48,1,0,P-53668,88',second half,1,0
S-5412,WC-2010,M-2010-09,T-48,1,0,P-93449,88',second half,0,1
S-5413,WC-2010,M-2010-10,T-11,0,1,P-47974,63',second half,1,0
S-5414,WC-2010,M-2010-10,T-11,0,1,P-96890,63',second half,0,1
S-5415,WC-2010,M-2010-10,T-44,1,0,P-03497,69',second half,1,0
S-5416,WC-2010,M-2010-10,T-44,1,0,P-84807,69',second half,0,1
S-5417,WC-2010,M-2010-10,T-11,0,1,P-67012,75',second half,1,0
S-5418,WC-2010,M-2010-10,T-11,0,1,P-06117,75',second half,1,0
S-5419,WC-2010,M-2010-10,T-11,0,1,P-86465,75',second half,0,1
S-5420,WC-2010,M-2010-10,T-11,0,1,P-53593,75',second half,0,1
S-5421,WC-2010,M-2010-10,T-44,1,0,P-90491,82',second half,1,0
S-5422,WC-2010,M-2010-10,T-44,1,0,P-89840,82',second half,0,1
S-5423,WC-2010,M-2010-10,T-44,1,0,P-91793,88',second half,1,0
S-5424,WC-2010,M-2010-10,T-44,1,0,P-46807,88',second half,0,1
S-5425,WC-2010,M-2010-11,T-41,1,0,P-11392,46',second half,1,0
S-5426,WC-2010,M-2010-11,T-41,1,0,P-30116,46',second half,0,1
S-5427,WC-2010,M-2010-11,T-41,1,0,P-37848,59',second half,1,0
S-5428,WC-2010,M-2010-11,T-41,1,0,P-22378,59',second half,0,1
S-5429,WC-2010,M-2010-11,T-55,0,1,P-06285,60',second half,1,0
S-5430,WC-2010,M-2010-11,T-55,0,1,P-33360,60',second half,0,1
S-5431,WC-2010,M-2010-11,T-55,0,1,P-50699,68',second half,1,0
S-5432,WC-2010,M-2010-11,T-55,0,1,P-34530,68',second half,0,1
S-5433,WC-2010,M-2010-11,T-41,1,0,P-48645,72',second half,1,0
S-5434,WC-2010,M-2010-11,T-41,1,0,P-75306,72',second half,0,1
S-5435,WC-2010,M-2010-11,T-55,0,1,P-41357,76',second half,1,0
S-5436,WC-2010,M-2010-11,T-55,0,1,P-30381,76',second half,0,1
S-5437,WC-2010,M-2010-12,T-49,1,0,P-90951,72',second half,1,0
S-5438,WC-2010,M-2010-12,T-49,1,0,P-17136,72',second half,0,1
S-5439,WC-2010,M-2010-12,T-49,1,0,P-95458,78',second half,1,0
S-5440,WC-2010,M-2010-12,T-49,1,0,P-26059,78',second half,0,1
S-5441,WC-2010,M-2010-12,T-68,0,1,P-26852,81',second half,1,0
S-5442,WC-2010,M-2010-12,T-68,0,1,P-18604,81',second half,0,1
S-5443,WC-2010,M-2010-12,T-68,0,1,P-14764,84',second half,1,0
S-5444,WC-2010,M-2010-12,T-68,0,1,P-78836,84',second half,0,1
S-5445,WC-2010,M-2010-12,T-68,0,1,P-57948,90'+1',"second half, stoppage time",1,0
S-5446,WC-2010,M-2010-12,T-68,0,1,P-18379,90'+1',"second half, stoppage time",0,1
S-5447,WC-2010,M-2010-13,T-58,0,1,P-95172,55',second half,1,0
S-5448,WC-2010,M-2010-13,T-58,0,1,P-32279,55',second half,0,1
S-5449,WC-2010,M-2010-13,T-58,0,1,P-96343,62',second half,1,0
S-5450,WC-2010,M-2010-13,T-58,0,1,P-21434,62',second half,0,1
S-5451,WC-2010,M-2010-13,T-42,1,0,P-31976,66',second half,1,0
S-5452,WC-2010,M-2010-13,T-42,1,0,P-99466,66',second half,0,1
S-5453,WC-2010,M-2010-13,T-42,1,0,P-33586,82',second half,1,0
S-5454,WC-2010,M-2010-13,T-42,1,0,P-98071,82',second half,0,1
S-5455,WC-2010,M-2010-13,T-58,0,1,P-88101,85',second half,1,0
S-5456,WC-2010,M-2010-13,T-58,0,1,P-11629,85',second half,0,1
S-5457,WC-2010,M-2010-13,T-42,1,0,P-92316,89',second half,1,0
S-5458,WC-2010,M-2010-13,T-42,1,0,P-55581,89',second half,0,1
S-5459,WC-2010,M-2010-14,T-09,1,0,P-78264,73',second half,1,0
S-5460,WC-2010,M-2010-14,T-09,1,0,P-09441,73',second half,0,1
S-5461,WC-2010,M-2010-14,T-09,1,0,P-58388,78',second half,1,0
S-5462,WC-2010,M-2010-14,T-09,1,0,P-25449,78',second half,0,1
S-5463,WC-2010,M-2010-14,T-51,0,1,P-91408,80',second half,1,0
S-5464,WC-2010,M-2010-14,T-51,0,1,P-08049,80',second half,0,1
S-5465,WC-2010,M-2010-14,T-09,1,0,P-58840,84',second half,1,0
S-5466,WC-2010,M-2010-14,T-09,1,0,P-86499,84',second half,0,1
S-5467,WC-2010,M-2010-15,T-13,0,1,P-39840,52',second half,1,0
S-5468,WC-2010,M-2010-15,T-13,0,1,P-21890,52',second half,0,1
S-5469,WC-2010,M-2010-15,T-35,1,0,P-59301,60',second half,1,0
S-5470,WC-2010,M-2010-15,T-35,1,0,P-91430,60',second half,0,1
S-5471,WC-2010,M-2010-15,T-35,1,0,P-04726,66',second half,1,0
S-5472,WC-2010,M-2010-15,T-35,1,0,P-45221,66',second half,0,1
S-5473,WC-2010,M-2010-15,T-35,1,0,P-50967,78',second half,1,0
S-5474,WC-2010,M-2010-15,T-35,1,0,P-88160,78',second half,0,1
S-5475,WC-2010,M-2010-15,T-13,0,1,P-41001,81',second half,1,0
S-5476,WC-2010,M-2010-15,T-13,0,1,P-29404,81',second half,0,1
S-5477,WC-2010,M-2010-15,T-13,0,1,P-65631,87',second half,1,0
S-5478,WC-2010,M-2010-15,T-13,0,1,P-35574,87',second half,0,1
S-5479,WC-2010,M-2010-16,T-75,0,1,P-94161,36',first half,1,0
S-5480,WC-2010,M-2010-16,T-75,0,1,P-62393,36',first half,0,1
S-5481,WC-2010,M-2010-16,T-73,1,0,P-28010,61',second half,1,0
S-5482,WC-2010,M-2010-16,T-73,1,0,P-71661,61',second half,0,1
S-5483,WC-2010,M-2010-16,T-73,1,0,P-64102,62',second half,1,0
S-5484,WC-2010,M-2010-16,T-73,1,0,P-69284,62',second half,0,1
S-5485,WC-2010,M-2010-16,T-73,1,0,P-56330,77',second half,1,0
S-5486,WC-2010,M-2010-16,T-73,1,0,P-78418,77',second half,0,1
S-5487,WC-2010,M-2010-16,T-75,0,1,P-84535,79',second half,1,0
S-5488,WC-2010,M-2010-16,T-75,0,1,P-59636,79',second half,0,1
S-5489,WC-2010,M-2010-16,T-75,0,1,P-97143,90'+2',"second half, stoppage time",1,0
S-5490,WC-2010,M-2010-16,T-75,0,1,P-31548,90'+2',"second half, stoppage time",0,1
S-5491,WC-2010,M-2010-17,T-70,1,0,P-37166,57',second half,1,0
S-5492,WC-2010,M-2010-17,T-70,1,0,P-22568,57',second half,0,1
S-5493,WC-2010,M-2010-17,T-84,0,1,P-95196,71',second half,1,0
S-5494,WC-2010,M-2010-17,T-84,0,1,P-99965,71',second half,0,1
S-5495,WC-2010,M-2010-17,T-70,1,0,P-38095,79',second half,1,0
S-5496,WC-2010,M-2010-17,T-70,1,0,P-73468,79',second half,0,1
S-5497,WC-2010,M-2010-17,T-84,0,1,P-59138,89',second half,1,0
S-5498,WC-2010,M-2010-17,T-84,0,1,P-88751,89',second half,0,1
S-5499,WC-2010,M-2010-17,T-84,0,1,P-53254,90',second half,1,0
S-5500,WC-2010,M-2010-17,T-84,0,1,P-78735,90',second half,0,1
S-5501,WC-2010,M-2010-18,T-03,1,0,P-76131,23',first half,1,0
S-5502,WC-2010,M-2010-18,T-03,1,0,P-56532,23',first half,0,1
S-5503,WC-2010,M-2010-18,T-71,0,1,P-48433,46',second half,1,0
S-5504,WC-2010,M-2010-18,T-71,0,1,P-51785,46',second half,0,1
S-5505,WC-2010,M-2010-18,T-03,1,0,P-29080,75',second half,1,0
S-5506,WC-2010,M-2010-18,T-03,1,0,P-36870,75',second half,0,1
S-5507,WC-2010,M-2010-18,T-71,0,1,P-06608,81',second half,1,0
S-5508,WC-2010,M-2010-18,T-71,0,1,P-85453,81',second half,0,1
S-5509,WC-2010,M-2010-18,T-03,1,0,P-29398,82',second half,1,0
S-5510,WC-2010,M-2010-18,T-03,1,0,P-06108,82',second half,0,1
S-5511,WC-2010,M-2010-19,T-33,1,0,P-11436,37',first half,1,0
S-5512,WC-2010,M-2010-19,T-33,1,0,P-58348,37',first half,0,1
S-5513,WC-2010,M-2010-19,T-50,0,1,P-70006,46',second half,1,0
S-5514,WC-2010,M-2010-19,T-50,0,1,P-62448,46',second half,0,1
S-5515,WC-2010,M-2010-19,T-50,0,1,P-51705,55',second half,1,0
S-5516,WC-2010,M-2010-19,T-50,0,1,P-45065,55',second half,0,1
S-5517,WC-2010,M-2010-19,T-50,0,1,P-45065,77',second half,1,0
S-5518,WC-2010,M-2010-19,T-50,0,1,P-55727,77',second half,0,1
S-5519,WC-2010,M-2010-19,T-33,1,0,P-56893,79',second half,1,0
S-5520,WC-2010,M-2010-19,T-33,1,0,P-45647,79',second half,0,1
S-5521,WC-2010,M-2010-20,T-46,0,1,P-68042,31',first half,1,0
S-5522,WC-2010,M-2010-20,T-46,0,1,P-80043,31',first half,0,1
S-5523,WC-2010,M-2010-20,T-30,1,0,P-57240,46',second half,1,0
S-5524,WC-2010,M-2010-20,T-30,1,0,P-42706,46',second half,0,1
S-5525,WC-2010,M-2010-20,T-46,0,1,P-85916,55',second half,1,0
S-5526,WC-2010,M-2010-20,T-46,0,1,P-36515,55',second half,0,1
S-5527,WC-2010,M-2010-20,T-46,0,1,P-73255,62',second half,1,0
S-5528,WC-2010,M-2010-20,T-46,0,1,P-88428,62',second half,0,1
S-5529,WC-2010,M-2010-20,T-30,1,0,P-31668,69',second half,1,0
S-5530,WC-2010,M-2010-20,T-30,1,0,P-84312,69',second half,0,1
S-5531,WC-2010,M-2010-21,T-31,1,0,P-28154,70',second half,1,0
S-5532,WC-2010,M-2010-21,T-31,1,0,P-12818,70',second half,1,0
S-5533,WC-2010,M-2010-21,T-66,0,1,P-71962,70',second half,1,0
S-5534,WC-2010,M-2010-21,T-31,1,0,P-10713,70',second half,0,1
S-5535,WC-2010,M-2010-21,T-31,1,0,P-97093,70',second half,0,1
S-5536,WC-2010,M-2010-21,T-66,0,1,P-85465,70',second half,0,1
S-5537,WC-2010,M-2010-21,T-66,0,1,P-88851,75',second half,1,0
S-5538,WC-2010,M-2010-21,T-66,0,1,P-30803,75',second half,0,1
S-5539,WC-2010,M-2010-21,T-31,1,0,P-47255,77',second half,1,0
S-5540,WC-2010,M-2010-21,T-31,1,0,P-78594,77',second half,0,1
S-5541,WC-2010,M-2010-21,T-66,0,1,P-56515,79',second half,1,0
S-5542,WC-2010,M-2010-21,T-66,0,1,P-40791,79',second half,0,1
S-5543,WC-2010,M-2010-22,T-83,0,1,P-55538,46',second half,1,0
S-5544,WC-2010,M-2010-22,T-83,0,1,P-36179,46',second half,1,0
S-5545,WC-2010,M-2010-22,T-83,0,1,P-09461,46',second half,0,1
S-5546,WC-2010,M-2010-22,T-83,0,1,P-48341,46',second half,0,1
S-5547,WC-2010,M-2010-22,T-69,1,0,P-01012,74',second half,1,0
S-5548,WC-2010,M-2010-22,T-69,1,0,P-14953,74',second half,0,1
S-5549,WC-2010,M-2010-22,T-83,0,1,P-87765,80',second half,1,0
S-5550,WC-2010,M-2010-22,T-83,0,1,P-72039,80',second half,0,1
S-5551,WC-2010,M-2010-22,T-69,1,0,P-20008,87',second half,1,0
S-5552,WC-2010,M-2010-22,T-69,1,0,P-21784,87',second half,0,1
S-5553,WC-2010,M-2010-22,T-69,1,0,P-14953,90'+4',"second half, stoppage time",1,0
S-5554,WC-2010,M-2010-22,T-69,1,0,P-75452,90'+4',"second half, stoppage time",0,1
S-5555,WC-2010,M-2010-23,T-28,1,0,P-64864,63',second half,1,0
S-5556,WC-2010,M-2010-23,T-28,1,0,P-48335,63',second half,0,1
S-5557,WC-2010,M-2010-23,T-28,1,0,P-08307,74',second half,1,0
S-5558,WC-2010,M-2010-23,T-01,0,1,P-70903,74',second half,1,0
S-5559,WC-2010,M-2010-23,T-28,1,0,P-42890,74',second half,0,1
S-5560,WC-2010,M-2010-23,T-01,0,1,P-94880,74',second half,0,1
S-5561,WC-2010,M-2010-23,T-01,0,1,P-42107,81',second half,1,0
S-5562,WC-2010,M-2010-23,T-01,0,1,P-37702,81',second half,0,1
S-5563,WC-2010,M-2010-23,T-28,1,0,P-69235,84',second half,1,0
S-5564,WC-2010,M-2010-23,T-28,1,0,P-77532,84',second half,0,1
S-5565,WC-2010,M-2010-23,T-01,0,1,P-70560,88',second half,1,0
S-5566,WC-2010,M-2010-23,T-01,0,1,P-09059,88',second half,0,1
S-5567,WC-2010,M-2010-24,T-44,0,1,P-03497,64',second half,1,0
S-5568,WC-2010,M-2010-24,T-44,0,1,P-77277,64',second half,0,1
S-5569,WC-2010,M-2010-24,T-48,1,0,P-68125,72',second half,1,0
S-5570,WC-2010,M-2010-24,T-48,1,0,P-12995,72',second half,0,1
S-5571,WC-2010,M-2010-24,T-44,0,1,P-91793,77',second half,1,0
S-5572,WC-2010,M-2010-24,T-44,0,1,P-90491,77',second half,1,0
S-5573,WC-2010,M-2010-24,T-44,0,1,P-84807,77',second half,0,1
S-5574,WC-2010,M-2010-24,T-44,0,1,P-15134,77',second half,0,1
S-5575,WC-2010,M-2010-24,T-48,1,0,P-51336,83',second half,1,0
S-5576,WC-2010,M-2010-24,T-48,1,0,P-81141,83',second half,0,1
S-5577,WC-2010,M-2010-24,T-48,1,0,P-99934,88',second half,1,0
S-5578,WC-2010,M-2010-24,T-48,1,0,P-64344,88',second half,0,1
S-5579,WC-2010,M-2010-25,T-32,1,0,P-69641,56',second half,1,0
S-5580,WC-2010,M-2010-25,T-32,1,0,P-06223,56',second half,0,1
S-5581,WC-2010,M-2010-25,T-04,0,1,P-84486,66',second half,1,0
S-5582,WC-2010,M-2010-25,T-04,0,1,P-60008,66',second half,0,1
S-5583,WC-2010,M-2010-25,T-04,0,1,P-96211,68',second half,1,0
S-5584,WC-2010,M-2010-25,T-04,0,1,P-06754,68',second half,0,1
S-5585,WC-2010,M-2010-25,T-32,1,0,P-39956,77',second half,1,0
S-5586,WC-2010,M-2010-25,T-32,1,0,P-50641,77',second half,0,1
S-5587,WC-2010,M-2010-25,T-04,0,1,P-14862,84',second half,1,0
S-5588,WC-2010,M-2010-25,T-04,0,1,P-31145,84',second half,0,1
S-5589,WC-2010,M-2010-25,T-32,1,0,P-66316,87',second half,1,0
S-5590,WC-2010,M-2010-25,T-32,1,0,P-79316,87',second half,0,1
S-5591,WC-2010,M-2010-26,T-11,1,0,P-48455,46',second half,1,0
S-5592,WC-2010,M-2010-26,T-22,0,1,P-68055,46',second half,1,0
S-5593,WC-2010,M-2010-26,T-11,1,0,P-67012,46',second half,0,1
S-5594,WC-2010,M-2010-26,T-22,0,1,P-18657,46',second half,0,1
S-5595,WC-2010,M-2010-26,T-22,0,1,P-63778,67',second half,1,0
S-5596,WC-2010,M-2010-26,T-22,0,1,P-47232,67',second half,0,1
S-5597,WC-2010,M-2010-26,T-11,1,0,P-68512,72',second half,1,0
S-5598,WC-2010,M-2010-26,T-11,1,0,P-53593,72',second half,0,1
S-5599,WC-2010,M-2010-26,T-11,1,0,P-10830,78',second half,1,0
S-5600,WC-2010,M-2010-26,T-11,1,0,P-53452,78',second half,0,1
S-5601,WC-2010,M-2010-26,T-22,0,1,P-50534,86',second half,1,0
S-5602,WC-2010,M-2010-26,T-22,0,1,P-67264,86',second half,0,1
S-5603,WC-2010,M-2010-27,T-55,0,1,P-50699,68',second half,1,0
S-5604,WC-2010,M-2010-27,T-55,0,1,P-06285,68',second half,0,1
S-5605,WC-2010,M-2010-27,T-68,1,0,P-26852,70',second half,1,0
S-5606,WC-2010,M-2010-27,T-68,1,0,P-18604,70',second half,0,1
S-5607,WC-2010,M-2010-27,T-55,0,1,P-41357,82',second half,1,0
S-5608,WC-2010,M-2010-27,T-55,0,1,P-30381,82',second half,0,1
S-5609,WC-2010,M-2010-27,T-68,1,0,P-75191,83',second half,1,0
S-5610,WC-2010,M-2010-27,T-68,1,0,P-78836,83',second half,0,1
S-5611,WC-2010,M-2010-27,T-55,0,1,P-18210,88',second half,1,0
S-5612,WC-2010,M-2010-27,T-55,0,1,P-44396,88',second half,0,1
S-5613,WC-2010,M-2010-28,T-41,1,0,P-47246,46',second half,1,0
S-5614,WC-2010,M-2010-28,T-41,1,0,P-48645,46',second half,1,0
S-5615,WC-2010,M-2010-28,T-41,1,0,P-22378,46',second half,0,1
S-5616,WC-2010,M-2010-28,T-41,1,0,P-75306,46',second half,0,1
S-5617,WC-2010,M-2010-28,T-41,1,0,P-37848,61',second half,1,0
S-5618,WC-2010,M-2010-28,T-41,1,0,P-27627,61',second half,0,1
S-5619,WC-2010,M-2010-28,T-49,0,1,P-20963,63',second half,1,0
S-5620,WC-2010,M-2010-28,T-49,0,1,P-17136,63',second half,0,1
S-5621,WC-2010,M-2010-28,T-49,0,1,P-95458,81',second half,1,0
S-5622,WC-2010,M-2010-28,T-49,0,1,P-26059,81',second half,0,1
S-5623,WC-2010,M-2010-28,T-49,0,1,P-90951,90'+3',"second half, stoppage time",1,0
S-5624,WC-2010,M-2010-28,T-49,0,1,P-92939,90'+3',"second half, stoppage time",0,1
S-5625,WC-2010,M-2010-29,T-42,0,1,P-93241,54',second half,1,0
S-5626,WC-2010,M-2010-29,T-42,0,1,P-33586,54',second half,0,1
S-5627,WC-2010,M-2010-29,T-09,1,0,P-78264,67',second half,1,0
S-5628,WC-2010,M-2010-29,T-09,1,0,P-09441,67',second half,0,1
S-5629,WC-2010,M-2010-29,T-42,0,1,P-31976,68',second half,1,0
S-5630,WC-2010,M-2010-29,T-42,0,1,P-98071,68',second half,0,1
S-5631,WC-2010,M-2010-29,T-42,0,1,P-92316,72',second half,1,0
S-5632,WC-2010,M-2010-29,T-42,0,1,P-55581,72',second half,0,1
S-5633,WC-2010,M-2010-29,T-09,1,0,P-13354,90'+3',"second half, stoppage time",1,0
S-5634,WC-2010,M-2010-29,T-09,1,0,P-86499,90'+3',"second half, stoppage time",0,1
S-5635,WC-2010,M-2010-30,T-51,0,1,P-91408,58',second half,1,0
S-5636,WC-2010,M-2010-30,T-51,0,1,P-56547,58',second half,1,0
S-5637,WC-2010,M-2010-30,T-51,0,1,P-08049,58',second half,0,1
S-5638,WC-2010,M-2010-30,T-51,0,1,P-02525,58',second half,0,1
S-5639,WC-2010,M-2010-30,T-58,1,0,P-88101,70',second half,1,0
S-5640,WC-2010,M-2010-30,T-58,1,0,P-98693,70',second half,0,1
S-5641,WC-2010,M-2010-30,T-58,1,0,P-32279,74',second half,1,0
S-5642,WC-2010,M-2010-30,T-58,1,0,P-08069,74',second half,0,1
S-5643,WC-2010,M-2010-30,T-51,0,1,P-44308,75',second half,1,0
S-5644,WC-2010,M-2010-30,T-51,0,1,P-98982,75',second half,0,1
S-5645,WC-2010,M-2010-30,T-58,1,0,P-14428,77',second half,1,0
S-5646,WC-2010,M-2010-30,T-58,1,0,P-28404,77',second half,0,1
S-5647,WC-2010,M-2010-31,T-75,0,1,P-61684,42',first half,1,0
S-5648,WC-2010,M-2010-31,T-75,0,1,P-97143,42',first half,0,1
S-5649,WC-2010,M-2010-31,T-13,1,0,P-41001,46',second half,1,0
S-5650,WC-2010,M-2010-31,T-13,1,0,P-66477,46',second half,1,0
S-5651,WC-2010,M-2010-31,T-13,1,0,P-65631,46',second half,0,1
S-5652,WC-2010,M-2010-31,T-13,1,0,P-35574,46',second half,0,1
S-5653,WC-2010,M-2010-31,T-13,1,0,P-96009,65',second half,1,0
S-5654,WC-2010,M-2010-31,T-13,1,0,P-08708,65',second half,0,1
S-5655,WC-2010,M-2010-31,T-75,0,1,P-27813,68',second half,1,0
S-5656,WC-2010,M-2010-31,T-75,0,1,P-84535,68',second half,0,1
S-5657,WC-2010,M-2010-31,T-75,0,1,P-77553,77',second half,1,0
S-5658,WC-2010,M-2010-31,T-75,0,1,P-04767,77',second half,0,1
S-5659,WC-2010,M-2010-32,T-35,0,1,P-53060,46',second half,1,0
S-5660,WC-2010,M-2010-32,T-35,0,1,P-91430,46',second half,0,1
S-5661,WC-2010,M-2010-32,T-35,0,1,P-06476,63',second half,1,0
S-5662,WC-2010,M-2010-32,T-35,0,1,P-50967,63',second half,0,1
S-5663,WC-2010,M-2010-32,T-73,1,0,P-29415,66',second half,1,0
S-5664,WC-2010,M-2010-32,T-73,1,0,P-81297,66',second half,0,1
S-5665,WC-2010,M-2010-32,T-73,1,0,P-71661,70',second half,1,0
S-5666,WC-2010,M-2010-32,T-73,1,0,P-47597,70',second half,0,1
S-5667,WC-2010,M-2010-32,T-73,1,0,P-89177,77',second half,1,0
S-5668,WC-2010,M-2010-32,T-73,1,0,P-94275,77',second half,0,1
S-5669,WC-2010,M-2010-32,T-35,0,1,P-54804,84',second half,1,0
S-5670,WC-2010,M-2010-32,T-35,0,1,P-73160,84',second half,0,1
S-5671,WC-2010,M-2010-33,T-30,1,0,P-42706,46',second half,1,0
S-5672,WC-2010,M-2010-33,T-30,1,0,P-18830,46',second half,0,1
S-5673,WC-2010,M-2010-33,T-30,1,0,P-53533,55',second half,1,0
S-5674,WC-2010,M-2010-33,T-70,0,1,P-06967,55',second half,1,0
S-5675,WC-2010,M-2010-33,T-30,1,0,P-51395,55',second half,0,1
S-5676,WC-2010,M-2010-33,T-70,0,1,P-94009,55',second half,0,1
S-5677,WC-2010,M-2010-33,T-70,0,1,P-36316,68',second half,1,0
S-5678,WC-2010,M-2010-33,T-70,0,1,P-22393,68',second half,0,1
S-5679,WC-2010,M-2010-33,T-70,0,1,P-39008,78',second half,1,0
S-5680,WC-2010,M-2010-33,T-70,0,1,P-26472,78',second half,0,1
S-5681,WC-2010,M-2010-33,T-30,1,0,P-58415,82',second half,1,0
S-5682,WC-2010,M-2010-33,T-30,1,0,P-31668,82',second half,0,1
S-5683,WC-2010,M-2010-34,T-46,1,0,P-40312,46',second half,1,0
S-5684,WC-2010,M-2010-34,T-46,1,0,P-80043,46',second half,0,1
S-5685,WC-2010,M-2010-34,T-46,1,0,P-21208,57',second half,1,0
S-5686,WC-2010,M-2010-34,T-46,1,0,P-02461,57',second half,0,1
S-5687,WC-2010,M-2010-34,T-46,1,0,P-88428,63',second half,1,0
S-5688,WC-2010,M-2010-34,T-46,1,0,P-36515,63',second half,0,1
S-5689,WC-2010,M-2010-34,T-84,0,1,P-11075,77',second half,1,0
S-5690,WC-2010,M-2010-34,T-84,0,1,P-87316,77',second half,0,1
S-5691,WC-2010,M-2010-34,T-84,0,1,P-30486,85',second half,1,0
S-5692,WC-2010,M-2010-34,T-84,0,1,P-99965,85',second half,0,1
S-5693,WC-2010,M-2010-35,T-33,1,0,P-17698,46',second half,1,0
S-5694,WC-2010,M-2010-35,T-33,1,0,P-69064,46',second half,0,1
S-5695,WC-2010,M-2010-35,T-33,1,0,P-52378,54',second half,1,0
S-5696,WC-2010,M-2010-35,T-33,1,0,P-45647,54',second half,0,1
S-5697,WC-2010,M-2010-35,T-33,1,0,P-05210,55',second half,1,0
S-5698,WC-2010,M-2010-35,T-33,1,0,P-70421,55',second half,0,1
S-5699,WC-2010,M-2010-35,T-03,0,1,P-33570,63',second half,1,0
S-5700,WC-2010,M-2010-35,T-03,0,1,P-42113,63',second half,0,1
S-5701,WC-2010,M-2010-35,T-03,0,1,P-36870,77',second half,1,0
S-5702,WC-2010,M-2010-35,T-03,0,1,P-91484,77',second half,0,1
S-5703,WC-2010,M-2010-35,T-03,0,1,P-28014,80',second half,1,0
S-5704,WC-2010,M-2010-35,T-03,0,1,P-60592,80',second half,0,1
S-5705,WC-2010,M-2010-36,T-50,1,0,P-64104,46',second half,1,0
S-5706,WC-2010,M-2010-36,T-50,1,0,P-45065,46',second half,0,1
S-5707,WC-2010,M-2010-36,T-50,1,0,P-91516,57',second half,1,0
S-5708,WC-2010,M-2010-36,T-50,1,0,P-52510,57',second half,0,1
S-5709,WC-2010,M-2010-36,T-71,0,1,P-32822,64',second half,1,0
S-5710,WC-2010,M-2010-36,T-71,0,1,P-51785,64',second half,0,1
S-5711,WC-2010,M-2010-36,T-50,1,0,P-98373,70',second half,1,0
S-5712,WC-2010,M-2010-36,T-50,1,0,P-04567,70',second half,0,1
S-5713,WC-2010,M-2010-36,T-71,0,1,P-48433,87',second half,1,0
S-5714,WC-2010,M-2010-36,T-71,0,1,P-30708,87',second half,0,1
S-5715,WC-2010,M-2010-36,T-71,0,1,P-06608,90'+3',"second half, stoppage time",1,0
S-5716,WC-2010,M-2010-36,T-71,0,1,P-61550,90'+3',"second half, stoppage time",0,1
S-5717,WC-2010,M-2010-37,T-69,1,0,P-01012,62',second half,1,0
S-5718,WC-2010,M-2010-37,T-69,1,0,P-21784,62',second half,0,1
S-5719,WC-2010,M-2010-37,T-28,0,1,P-99967,72',second half,1,0
S-5720,WC-2010,M-2010-37,T-28,0,1,P-37933,72',second half,0,1
S-5721,WC-2010,M-2010-37,T-69,1,0,P-91038,79',second half,1,0
S-5722,WC-2010,M-2010-37,T-69,1,0,P-75538,79',second half,0,1
S-5723,WC-2010,M-2010-37,T-28,0,1,P-42890,86',second half,1,0
S-5724,WC-2010,M-2010-37,T-28,0,1,P-08307,86',second half,0,1
S-5725,WC-2010,M-2010-38,T-83,1,0,P-72039,46',second half,1,0
S-5726,WC-2010,M-2010-38,T-83,1,0,P-09461,46',second half,0,1
S-5727,WC-2010,M-2010-38,T-83,1,0,P-48341,64',second half,1,0
S-5728,WC-2010,M-2010-38,T-83,1,0,P-15091,64',second half,0,1
S-5729,WC-2010,M-2010-38,T-01,0,1,P-10693,65',second half,1,0
S-5730,WC-2010,M-2010-38,T-01,0,1,P-22008,65',second half,0,1
S-5731,WC-2010,M-2010-38,T-01,0,1,P-42107,69',second half,1,0
S-5732,WC-2010,M-2010-38,T-01,0,1,P-37702,69',second half,0,1
S-5733,WC-2010,M-2010-38,T-83,1,0,P-56817,80',second half,1,0
S-5734,WC-2010,M-2010-38,T-83,1,0,P-91976,80',second half,0,1
S-5735,WC-2010,M-2010-38,T-01,0,1,P-63647,84',second half,1,0
S-5736,WC-2010,M-2010-38,T-01,0,1,P-44112,84',second half,0,1
S-5737,WC-2010,M-2010-39,T-66,0,1,P-23735,62',second half,1,0
S-5738,WC-2010,M-2010-39,T-66,0,1,P-25507,62',second half,0,1
S-5739,WC-2010,M-2010-39,T-04,1,0,P-70545,66',second half,1,0
S-5740,WC-2010,M-2010-39,T-04,1,0,P-84486,66',second half,1,0
S-5741,WC-2010,M-2010-39,T-04,1,0,P-60008,66',second half,0,1
S-5742,WC-2010,M-2010-39,T-04,1,0,P-96211,66',second half,0,1
S-5743,WC-2010,M-2010-39,T-66,0,1,P-18094,67',second half,1,0
S-5744,WC-2010,M-2010-39,T-66,0,1,P-07371,67',second half,0,1
S-5745,WC-2010,M-2010-39,T-66,0,1,P-88851,77',second half,1,0
S-5746,WC-2010,M-2010-39,T-66,0,1,P-40791,77',second half,0,1
S-5747,WC-2010,M-2010-39,T-04,1,0,P-14862,82',second half,1,0
S-5748,WC-2010,M-2010-39,T-04,1,0,P-64711,82',second half,0,1
S-5749,WC-2010,M-2010-40,T-32,1,0,P-69641,64',second half,1,0
S-5750,WC-2010,M-2010-40,T-32,1,0,P-50641,64',second half,0,1
S-5751,WC-2010,M-2010-40,T-31,0,1,P-28154,67',second half,1,0
S-5752,WC-2010,M-2010-40,T-31,0,1,P-47324,67',second half,0,1
S-5753,WC-2010,M-2010-40,T-31,0,1,P-04224,73',second half,1,0
S-5754,WC-2010,M-2010-40,T-31,0,1,P-50326,73',second half,0,1
S-5755,WC-2010,M-2010-40,T-31,0,1,P-43400,81',second half,1,0
S-5756,WC-2010,M-2010-40,T-31,0,1,P-39356,81',second half,0,1
S-5757,WC-2010,M-2010-40,T-32,1,0,P-38556,82',second half,1,0
S-5758,WC-2010,M-2010-40,T-32,1,0,P-79316,82',second half,0,1
S-5759,WC-2010,M-2010-40,T-32,1,0,P-01945,90'+2',"second half, stoppage time",1,0
S-5760,WC-2010,M-2010-40,T-32,1,0,P-65216,90'+2',"second half, stoppage time",0,1
S-5761,WC-2010,M-2010-41,T-55,1,0,P-30381,66',second half,1,0
S-5762,WC-2010,M-2010-41,T-55,1,0,P-41357,66',second half,0,1
S-5763,WC-2010,M-2010-41,T-55,1,0,P-50699,67',second half,1,0
S-5764,WC-2010,M-2010-41,T-55,1,0,P-68929,67',second half,0,1
S-5765,WC-2010,M-2010-41,T-49,0,1,P-20963,69',second half,1,0
S-5766,WC-2010,M-2010-41,T-49,0,1,P-17136,69',second half,0,1
S-5767,WC-2010,M-2010-41,T-49,0,1,P-90951,79',second half,1,0
S-5768,WC-2010,M-2010-41,T-49,0,1,P-72611,79',second half,0,1
S-5769,WC-2010,M-2010-42,T-41,0,1,P-54694,46',second half,1,0
S-5770,WC-2010,M-2010-42,T-41,0,1,P-18164,46',second half,1,0
S-5771,WC-2010,M-2010-42,T-41,0,1,P-11109,46',second half,0,1
S-5772,WC-2010,M-2010-42,T-41,0,1,P-01045,46',second half,0,1
S-5773,WC-2010,M-2010-42,T-41,0,1,P-37678,56',second half,1,0
S-5774,WC-2010,M-2010-42,T-41,0,1,P-99537,56',second half,0,1
S-5775,WC-2010,M-2010-42,T-68,1,0,P-37913,87',second half,1,0
S-5776,WC-2010,M-2010-42,T-68,1,0,P-40368,87',second half,0,1
S-5777,WC-2010,M-2010-42,T-68,1,0,P-14764,90'+2',"second half, stoppage time",1,0
S-5778,WC-2010,M-2010-42,T-68,1,0,P-26852,90'+2',"second half, stoppage time",0,1
S-5779,WC-2010,M-2010-42,T-68,1,0,P-63023,90'+4',"second half, stoppage time",1,0
S-5780,WC-2010,M-2010-42,T-68,1,0,P-77979,90'+4',"second half, stoppage time",0,1
S-5781,WC-2010,M-2010-43,T-11,1,0,P-47081,56',second half,1,0
S-5782,WC-2010,M-2010-43,T-11,1,0,P-53452,56',second half,0,1
S-5783,WC-2010,M-2010-43,T-48,0,1,P-99934,59',second half,1,0
S-5784,WC-2010,M-2010-43,T-48,0,1,P-64344,59',second half,0,1
S-5785,WC-2010,M-2010-43,T-48,0,1,P-33312,66',second half,1,0
S-5786,WC-2010,M-2010-43,T-48,0,1,P-12995,66',second half,0,1
S-5787,WC-2010,M-2010-43,T-11,1,0,P-06117,72',second half,1,0
S-5788,WC-2010,M-2010-43,T-11,1,0,P-53593,72',second half,0,1
S-5789,WC-2010,M-2010-43,T-11,1,0,P-93209,73',second half,1,0
S-5790,WC-2010,M-2010-43,T-48,0,1,P-68125,73',second half,1,0
S-5791,WC-2010,M-2010-43,T-11,1,0,P-98173,73',second half,0,1
S-5792,WC-2010,M-2010-43,T-48,0,1,P-23705,73',second half,0,1
S-5793,WC-2010,M-2010-44,T-22,1,0,P-68055,34',first half,1,0
S-5794,WC-2010,M-2010-44,T-22,1,0,P-67264,34',first half,0,1
S-5795,WC-2010,M-2010-44,T-22,1,0,P-83625,56',second half,1,0
S-5796,WC-2010,M-2010-44,T-22,1,0,P-05707,56',second half,0,1
S-5797,WC-2010,M-2010-44,T-22,1,0,P-47232,63',second half,1,0
S-5798,WC-2010,M-2010-44,T-22,1,0,P-50104,63',second half,0,1
S-5799,WC-2010,M-2010-44,T-44,0,1,P-03497,74',second half,1,0
S-5800,WC-2010,M-2010-44,T-44,0,1,P-84807,74',second half,0,1
S-5801,WC-2010,M-2010-44,T-44,0,1,P-90491,88',second half,1,0
S-5802,WC-2010,M-2010-44,T-44,0,1,P-85824,88',second half,0,1
S-5803,WC-2010,M-2010-44,T-44,0,1,P-61292,90'+1',"second half, stoppage time",1,0
S-5804,WC-2010,M-2010-44,T-44,0,1,P-46807,90'+1',"second half, stoppage time",0,1
S-5805,WC-2010,M-2010-45,T-42,0,1,P-98071,64',second half,1,0
S-5806,WC-2010,M-2010-45,T-42,0,1,P-33586,64',second half,1,0
S-5807,WC-2010,M-2010-45,T-42,0,1,P-31976,64',second half,0,1
S-5808,WC-2010,M-2010-45,T-42,0,1,P-93241,64',second half,0,1
S-5809,WC-2010,M-2010-45,T-51,1,0,P-91408,67',second half,1,0
S-5810,WC-2010,M-2010-45,T-51,1,0,P-92121,67',second half,0,1
S-5811,WC-2010,M-2010-45,T-42,0,1,P-55581,79',second half,1,0
S-5812,WC-2010,M-2010-45,T-42,0,1,P-63253,79',second half,0,1
S-5813,WC-2010,M-2010-46,T-09,0,1,P-58840,44',first half,1,0
S-5814,WC-2010,M-2010-46,T-09,0,1,P-74066,44',first half,0,1
S-5815,WC-2010,M-2010-46,T-58,1,0,P-08069,54',second half,1,0
S-5816,WC-2010,M-2010-46,T-58,1,0,P-32279,54',second half,0,1
S-5817,WC-2010,M-2010-46,T-58,1,0,P-81972,64',second half,1,0
S-5818,WC-2010,M-2010-46,T-58,1,0,P-47801,64',second half,0,1
S-5819,WC-2010,M-2010-46,T-09,0,1,P-29075,82',second half,1,0
S-5820,WC-2010,M-2010-46,T-09,0,1,P-86499,82',second half,0,1
S-5821,WC-2010,M-2010-46,T-58,1,0,P-88101,84',second half,1,0
S-5822,WC-2010,M-2010-46,T-58,1,0,P-98693,84',second half,0,1
S-5823,WC-2010,M-2010-46,T-09,0,1,P-98528,85',second half,1,0
S-5824,WC-2010,M-2010-46,T-09,0,1,P-82456,85',second half,0,1
S-5825,WC-2010,M-2010-47,T-13,1,0,P-35574,46',second half,1,0
S-5826,WC-2010,M-2010-47,T-13,1,0,P-65631,46',second half,1,0
S-5827,WC-2010,M-2010-47,T-13,1,0,P-39840,46',second half,0,1
S-5828,WC-2010,M-2010-47,T-13,1,0,P-08708,46',second half,0,1
S-5829,WC-2010,M-2010-47,T-73,0,1,P-71661,55',second half,1,0
S-5830,WC-2010,M-2010-47,T-73,0,1,P-81297,55',second half,0,1
S-5831,WC-2010,M-2010-47,T-13,1,0,P-30014,65',second half,1,0
S-5832,WC-2010,M-2010-47,T-13,1,0,P-31755,65',second half,0,1
S-5833,WC-2010,M-2010-47,T-73,0,1,P-73924,73',second half,1,0
S-5834,WC-2010,M-2010-47,T-73,0,1,P-05758,73',second half,0,1
S-5835,WC-2010,M-2010-48,T-75,1,0,P-77553,46',second half,1,0
S-5836,WC-2010,M-2010-48,T-75,1,0,P-59636,46',second half,0,1
S-5837,WC-2010,M-2010-48,T-35,0,1,P-50967,67',second half,1,0
S-5838,WC-2010,M-2010-48,T-35,0,1,P-88160,67',second half,0,1
S-5839,WC-2010,M-2010-48,T-75,1,0,P-27813,69',second half,1,0
S-5840,WC-2010,M-2010-48,T-75,1,0,P-61684,69',second half,0,1
S-5841,WC-2010,M-2010-48,T-75,1,0,P-24458,78',second half,1,0
S-5842,WC-2010,M-2010-48,T-35,0,1,P-73160,78',second half,1,0
S-5843,WC-2010,M-2010-48,T-75,1,0,P-39460,78',second half,0,1
S-5844,WC-2010,M-2010-48,T-35,0,1,P-91430,78',second half,0,1
S-5845,WC-2010,M-2010-48,T-35,0,1,P-54804,87',second half,1,0
S-5846,WC-2010,M-2010-48,T-35,0,1,P-06476,87',second half,0,1
S-5847,WC-2010,M-2010-49,T-84,1,0,P-78440,46',second half,1,0
S-5848,WC-2010,M-2010-49,T-84,1,0,P-92649,46',second half,0,1
S-5849,WC-2010,M-2010-49,T-71,0,1,P-30708,61',second half,1,0
S-5850,WC-2010,M-2010-49,T-71,0,1,P-85453,61',second half,0,1
S-5851,WC-2010,M-2010-49,T-84,1,0,P-11075,74',second half,1,0
S-5852,WC-2010,M-2010-49,T-84,1,0,P-36662,74',second half,0,1
S-5853,WC-2010,M-2010-49,T-84,1,0,P-30486,84',second half,1,0
S-5854,WC-2010,M-2010-49,T-84,1,0,P-99965,84',second half,0,1
S-5855,WC-2010,M-2010-49,T-71,0,1,P-48433,85',second half,1,0
S-5856,WC-2010,M-2010-49,T-71,0,1,P-32822,85',second half,0,1
S-5857,WC-2010,M-2010-50,T-83,1,0,P-64198,31',first half,1,0
S-5858,WC-2010,M-2010-50,T-83,1,0,P-48341,31',first half,0,1
S-5859,WC-2010,M-2010-50,T-83,1,0,P-36179,46',second half,1,0
S-5860,WC-2010,M-2010-50,T-83,1,0,P-09461,46',second half,0,1
S-5861,WC-2010,M-2010-50,T-32,0,1,P-24586,73',second half,1,0
S-5862,WC-2010,M-2010-50,T-32,0,1,P-56284,73',second half,0,1
S-5863,WC-2010,M-2010-50,T-32,0,1,P-66316,78',second half,1,0
S-5864,WC-2010,M-2010-50,T-32,0,1,P-09728,78',second half,0,1
S-5865,WC-2010,M-2010-50,T-83,1,0,P-07475,91',"extra time, first half",1,0
S-5866,WC-2010,M-2010-50,T-83,1,0,P-72039,91',"extra time, first half",0,1
S-5867,WC-2010,M-2010-50,T-32,0,1,P-43176,113',"extra time, second half",1,0
S-5868,WC-2010,M-2010-50,T-32,0,1,P-50641,113',"extra time, second half",0,1
S-5869,WC-2010,M-2010-51,T-28,0,1,P-95616,64',second half,1,0
S-5870,WC-2010,M-2010-51,T-28,0,1,P-37933,64',second half,0,1
S-5871,WC-2010,M-2010-51,T-28,0,1,P-42890,71',second half,1,0
S-5872,WC-2010,M-2010-51,T-28,0,1,P-08307,71',second half,0,1
S-5873,WC-2010,M-2010-51,T-31,1,0,P-28154,72',second half,1,0
S-5874,WC-2010,M-2010-51,T-31,1,0,P-27787,72',second half,1,0
S-5875,WC-2010,M-2010-51,T-31,1,0,P-47324,72',second half,0,1
S-5876,WC-2010,M-2010-51,T-31,1,0,P-78594,72',second half,0,1
S-5877,WC-2010,M-2010-51,T-31,1,0,P-12818,83',second half,1,0
S-5878,WC-2010,M-2010-51,T-31,1,0,P-88148,83',second half,0,1
S-5879,WC-2010,M-2010-51,T-28,0,1,P-43764,87',second half,1,0
S-5880,WC-2010,M-2010-51,T-28,0,1,P-48335,87',second half,0,1
S-5881,WC-2010,M-2010-52,T-46,0,1,P-44438,46',second half,1,0
S-5882,WC-2010,M-2010-52,T-46,0,1,P-80043,46',second half,0,1
S-5883,WC-2010,M-2010-52,T-46,0,1,P-40312,61',second half,1,0
S-5884,WC-2010,M-2010-52,T-46,0,1,P-73255,61',second half,0,1
S-5885,WC-2010,M-2010-52,T-03,1,0,P-29080,69',second half,1,0
S-5886,WC-2010,M-2010-52,T-03,1,0,P-62209,69',second half,0,1
S-5887,WC-2010,M-2010-52,T-03,1,0,P-42113,79',second half,1,0
S-5888,WC-2010,M-2010-52,T-03,1,0,P-56859,79',second half,0,1
S-5889,WC-2010,M-2010-52,T-03,1,0,P-33570,87',second half,1,0
S-5890,WC-2010,M-2010-52,T-03,1,0,P-91484,87',second half,0,1
S-5891,WC-2010,M-2010-53,T-48,1,0,P-23705,71',second half,1,0
S-5892,WC-2010,M-2010-53,T-68,0,1,P-63023,71',second half,1,0
S-5893,WC-2010,M-2010-53,T-48,1,0,P-12995,71',second half,0,1
S-5894,WC-2010,M-2010-53,T-68,0,1,P-40368,71',second half,0,1
S-5895,WC-2010,M-2010-53,T-48,1,0,P-99934,80',second half,1,0
S-5896,WC-2010,M-2010-53,T-48,1,0,P-64344,80',second half,0,1
S-5897,WC-2010,M-2010-53,T-68,0,1,P-73975,87',second half,1,0
S-5898,WC-2010,M-2010-53,T-68,0,1,P-81950,87',second half,0,1
S-5899,WC-2010,M-2010-53,T-68,0,1,P-30935,88',second half,1,0
S-5900,WC-2010,M-2010-53,T-68,0,1,P-82522,88',second half,0,1
S-5901,WC-2010,M-2010-53,T-48,1,0,P-51336,90'+2',"second half, stoppage time",1,0
S-5902,WC-2010,M-2010-53,T-48,1,0,P-81141,90'+2',"second half, stoppage time",0,1
S-5903,WC-2010,M-2010-54,T-13,0,1,P-29404,46',second half,1,0
S-5904,WC-2010,M-2010-54,T-13,0,1,P-35574,46',second half,1,0
S-5905,WC-2010,M-2010-54,T-13,0,1,P-65631,46',second half,0,1
S-5906,WC-2010,M-2010-54,T-13,0,1,P-90807,46',second half,0,1
S-5907,WC-2010,M-2010-54,T-13,0,1,P-16376,62',second half,1,0
S-5908,WC-2010,M-2010-54,T-13,0,1,P-39840,62',second half,0,1
S-5909,WC-2010,M-2010-54,T-09,1,0,P-98528,76',second half,1,0
S-5910,WC-2010,M-2010-54,T-09,1,0,P-25449,76',second half,0,1
S-5911,WC-2010,M-2010-54,T-09,1,0,P-58388,81',second half,1,0
S-5912,WC-2010,M-2010-54,T-09,1,0,P-79283,81',second half,0,1
S-5913,WC-2010,M-2010-54,T-09,1,0,P-13354,85',second half,1,0
S-5914,WC-2010,M-2010-54,T-09,1,0,P-30363,85',second half,0,1
S-5915,WC-2010,M-2010-55,T-55,1,0,P-68929,60',second half,1,0
S-5916,WC-2010,M-2010-55,T-55,1,0,P-50699,60',second half,0,1
S-5917,WC-2010,M-2010-55,T-44,0,1,P-03497,65',second half,1,0
S-5918,WC-2010,M-2010-55,T-44,0,1,P-84807,65',second half,0,1
S-5919,WC-2010,M-2010-55,T-55,1,0,P-37133,75',second half,1,0
S-5920,WC-2010,M-2010-55,T-55,1,0,P-44396,75',second half,0,1
S-5921,WC-2010,M-2010-55,T-44,0,1,P-00148,81',second half,1,0
S-5922,WC-2010,M-2010-55,T-44,0,1,P-16260,81',second half,0,1
S-5923,WC-2010,M-2010-55,T-55,1,0,P-34530,94',"extra time, first half",1,0
S-5924,WC-2010,M-2010-55,T-55,1,0,P-30381,94',"extra time, first half",0,1
S-5925,WC-2010,M-2010-55,T-44,0,1,P-90491,106',"extra time, second half",1,0
S-5926,WC-2010,M-2010-55,T-44,0,1,P-15134,106',"extra time, second half",0,1
S-5927,WC-2010,M-2010-56,T-73,1,0,P-71661,58',second half,1,0
S-5928,WC-2010,M-2010-56,T-58,0,1,P-14428,58',second half,1,0
S-5929,WC-2010,M-2010-56,T-73,1,0,P-38283,58',second half,0,1
S-5930,WC-2010,M-2010-56,T-58,0,1,P-95172,58',second half,0,1
S-5931,WC-2010,M-2010-56,T-58,0,1,P-81972,72',second half,1,0
S-5932,WC-2010,M-2010-56,T-58,0,1,P-32279,72',second half,1,0
S-5933,WC-2010,M-2010-56,T-58,0,1,P-28404,72',second half,0,1
S-5934,WC-2010,M-2010-56,T-58,0,1,P-47801,72',second half,0,1
S-5935,WC-2010,M-2010-56,T-73,1,0,P-49097,88',second half,1,0
S-5936,WC-2010,M-2010-56,T-73,1,0,P-94275,88',second half,0,1
S-5937,WC-2010,M-2010-56,T-73,1,0,P-73924,90'+3',"second half, stoppage time",1,0
S-5938,WC-2010,M-2010-56,T-73,1,0,P-15314,90'+3',"second half, stoppage time",0,1
S-5939,WC-2010,M-2010-57,T-09,0,1,P-86163,62',second half,1,0
S-5940,WC-2010,M-2010-57,T-09,0,1,P-30363,62',second half,0,1
S-5941,WC-2010,M-2010-57,T-09,0,1,P-98528,77',second half,1,0
S-5942,WC-2010,M-2010-57,T-09,0,1,P-25449,77',second half,0,1
S-5943,WC-2010,M-2010-57,T-48,1,0,P-99934,85',second half,1,0
S-5944,WC-2010,M-2010-57,T-48,1,0,P-64344,85',second half,0,1
S-5945,WC-2010,M-2010-58,T-84,1,0,P-89878,38',first half,1,0
S-5946,WC-2010,M-2010-58,T-84,1,0,P-87316,38',first half,0,1
S-5947,WC-2010,M-2010-58,T-84,1,0,P-99965,46',second half,1,0
S-5948,WC-2010,M-2010-58,T-84,1,0,P-36662,46',second half,0,1
S-5949,WC-2010,M-2010-58,T-32,0,1,P-43176,74',second half,1,0
S-5950,WC-2010,M-2010-58,T-32,0,1,P-09728,74',second half,0,1
S-5951,WC-2010,M-2010-58,T-84,1,0,P-59138,76',second half,1,0
S-5952,WC-2010,M-2010-58,T-84,1,0,P-64372,76',second half,0,1
S-5953,WC-2010,M-2010-58,T-32,0,1,P-50641,88',second half,1,0
S-5954,WC-2010,M-2010-58,T-32,0,1,P-65216,88',second half,0,1
S-5955,WC-2010,M-2010-59,T-03,1,0,P-49114,70',second half,1,0
S-5956,WC-2010,M-2010-59,T-03,1,0,P-91484,70',second half,0,1
S-5957,WC-2010,M-2010-59,T-31,0,1,P-04224,72',second half,1,0
S-5958,WC-2010,M-2010-59,T-31,0,1,P-50326,72',second half,0,1
S-5959,WC-2010,M-2010-59,T-03,1,0,P-42113,75',second half,1,0
S-5960,WC-2010,M-2010-59,T-03,1,0,P-36870,75',second half,0,1
S-5961,WC-2010,M-2010-59,T-31,0,1,P-13029,77',second half,1,0
S-5962,WC-2010,M-2010-59,T-31,0,1,P-39356,77',second half,0,1
S-5963,WC-2010,M-2010-59,T-31,0,1,P-28154,84',second half,1,0
S-5964,WC-2010,M-2010-59,T-31,0,1,P-47324,84',second half,0,1
S-5965,WC-2010,M-2010-60,T-73,0,1,P-71661,56',second half,1,0
S-5966,WC-2010,M-2010-60,T-73,0,1,P-81297,56',second half,0,1
S-5967,WC-2010,M-2010-60,T-55,1,0,P-44396,64',second half,1,0
S-5968,WC-2010,M-2010-60,T-55,1,0,P-18210,64',second half,0,1
S-5969,WC-2010,M-2010-60,T-55,1,0,P-50699,72',second half,1,0
S-5970,WC-2010,M-2010-60,T-55,1,0,P-34530,72',second half,0,1
S-5971,WC-2010,M-2010-60,T-73,0,1,P-73924,75',second half,1,0
S-5972,WC-2010,M-2010-60,T-73,0,1,P-78418,75',second half,0,1
S-5973,WC-2010,M-2010-60,T-55,1,0,P-21823,84',second half,1,0
S-5974,WC-2010,M-2010-60,T-73,0,1,P-51089,84',second half,1,0
S-5975,WC-2010,M-2010-60,T-55,1,0,P-41357,84',second half,0,1
S-5976,WC-2010,M-2010-60,T-73,0,1,P-15314,84',second half,0,1
S-5977,WC-2010,M-2010-61,T-48,0,1,P-93449,46',second half,1,0
S-5978,WC-2010,M-2010-61,T-48,0,1,P-68125,46',second half,0,1
S-5979,WC-2010,M-2010-61,T-84,1,0,P-11075,78',second half,1,0
S-5980,WC-2010,M-2010-61,T-84,1,0,P-64372,78',second half,0,1
S-5981,WC-2010,M-2010-61,T-84,1,0,P-86087,84',second half,1,0
S-5982,WC-2010,M-2010-61,T-84,1,0,P-88751,84',second half,0,1
S-5983,WC-2010,M-2010-61,T-48,0,1,P-23705,89',second half,1,0
S-5984,WC-2010,M-2010-61,T-48,0,1,P-12995,89',second half,0,1
S-5985,WC-2010,M-2010-62,T-31,1,0,P-04224,52',second half,1,0
S-5986,WC-2010,M-2010-62,T-31,1,0,P-50326,52',second half,0,1
S-5987,WC-2010,M-2010-62,T-31,1,0,P-47324,62',second half,1,0
S-5988,WC-2010,M-2010-62,T-31,1,0,P-39356,62',second half,0,1
S-5989,WC-2010,M-2010-62,T-31,1,0,P-13029,81',second half,1,0
S-5990,WC-2010,M-2010-62,T-73,0,1,P-49097,81',second half,1,0
S-5991,WC-2010,M-2010-62,T-31,1,0,P-78594,81',second half,0,1
S-5992,WC-2010,M-2010-62,T-73,0,1,P-71661,81',second half,0,1
S-5993,WC-2010,M-2010-62,T-73,0,1,P-78418,86',second half,1,0
S-5994,WC-2010,M-2010-62,T-73,0,1,P-64102,86',second half,0,1
S-5995,WC-2010,M-2010-62,T-73,0,1,P-73924,90'+3',"second half, stoppage time",1,0
S-5996,WC-2010,M-2010-62,T-73,0,1,P-15314,90'+3',"second half, stoppage time",0,1
S-5997,WC-2010,M-2010-63,T-31,0,1,P-10713,73',second half,1,0
S-5998,WC-2010,M-2010-63,T-31,0,1,P-88148,73',second half,0,1
S-5999,WC-2010,M-2010-63,T-84,1,0,P-53254,77',second half,1,0
S-6000,WC-2010,M-2010-63,T-84,1,0,P-78735,77',second half,0,1
S-6001,WC-2010,M-2010-63,T-31,0,1,P-50326,81',second half,1,0
S-6002,WC-2010,M-2010-63,T-31,0,1,P-39356,81',second half,0,1
S-6003,WC-2010,M-2010-63,T-84,1,0,P-59138,88',second half,1,0
S-6004,WC-2010,M-2010-63,T-84,1,0,P-64372,88',second half,0,1
S-6005,WC-2010,M-2010-63,T-31,0,1,P-12818,90'+1',"second half, stoppage time",1,0
S-6006,WC-2010,M-2010-63,T-31,0,1,P-03879,90'+1',"second half, stoppage time",0,1
S-6007,WC-2010,M-2010-64,T-73,0,1,P-78418,60',second half,1,0
S-6008,WC-2010,M-2010-64,T-73,0,1,P-69284,60',second half,0,1
S-6009,WC-2010,M-2010-64,T-48,1,0,P-33312,71',second half,1,0
S-6010,WC-2010,M-2010-64,T-48,1,0,P-12995,71',second half,0,1
S-6011,WC-2010,M-2010-64,T-73,0,1,P-73924,87',second half,1,0
S-6012,WC-2010,M-2010-64,T-73,0,1,P-81297,87',second half,0,1
S-6013,WC-2010,M-2010-64,T-48,1,0,P-53668,99',"extra time, first half",1,0
S-6014,WC-2010,M-2010-64,T-48,1,0,P-68125,99',"extra time, first half",0,1
S-6015,WC-2010,M-2010-64,T-48,1,0,P-21832,105',"extra time, first half",1,0
S-6016,WC-2010,M-2010-64,T-48,1,0,P-63744,105',"extra time, first half",0,1
S-6017,WC-2010,M-2010-64,T-73,0,1,P-49097,106',"extra time, second half",1,0
S-6018,WC-2010,M-2010-64,T-73,0,1,P-71661,106',"extra time, second half",0,1
S-6019,WC-2011,M-2011-01,T-50,1,0,P-86360,34',first half,1,0
S-6020,WC-2011,M-2011-01,T-50,1,0,P-09202,34',first half,0,1
S-6021,WC-2011,M-2011-01,T-30,0,1,P-45480,46',second half,1,0
S-6022,WC-2011,M-2011-01,T-30,0,1,P-70239,46',second half,0,1
S-6023,WC-2011,M-2011-01,T-30,0,1,P-23859,57',second half,1,0
S-6024,WC-2011,M-2011-01,T-30,0,1,P-00064,57',second half,0,1
S-6025,WC-2011,M-2011-01,T-50,1,0,P-67645,66',second half,1,0
S-6026,WC-2011,M-2011-01,T-50,1,0,P-98662,66',second half,0,1
S-6027,WC-2011,M-2011-01,T-30,0,1,P-32017,69',second half,1,0
S-6028,WC-2011,M-2011-01,T-30,0,1,P-26793,69',second half,0,1
S-6029,WC-2011,M-2011-01,T-50,1,0,P-23667,78',second half,1,0
S-6030,WC-2011,M-2011-01,T-50,1,0,P-45537,78',second half,0,1
S-6031,WC-2011,M-2011-02,T-12,0,1,P-45538,46',second half,1,0
S-6032,WC-2011,M-2011-02,T-12,0,1,P-96648,46',second half,1,0
S-6033,WC-2011,M-2011-02,T-12,0,1,P-07876,46',second half,0,1
S-6034,WC-2011,M-2011-02,T-12,0,1,P-03906,46',second half,0,1
S-6035,WC-2011,M-2011-02,T-31,1,0,P-52478,56',second half,1,0
S-6036,WC-2011,M-2011-02,T-31,1,0,P-80216,56',second half,0,1
S-6037,WC-2011,M-2011-02,T-31,1,0,P-66612,65',second half,1,0
S-6038,WC-2011,M-2011-02,T-31,1,0,P-27479,65',second half,0,1
S-6039,WC-2011,M-2011-02,T-31,1,0,P-39260,71',second half,1,0
S-6040,WC-2011,M-2011-02,T-31,1,0,P-54473,71',second half,0,1
S-6041,WC-2011,M-2011-02,T-12,0,1,P-27120,80',second half,1,0
S-6042,WC-2011,M-2011-02,T-12,0,1,P-36636,80',second half,0,1
S-6043,WC-2011,M-2011-03,T-49,0,1,P-19118,46',second half,1,0
S-6044,WC-2011,M-2011-03,T-49,0,1,P-11940,46',second half,0,1
S-6045,WC-2011,M-2011-03,T-44,1,0,P-86882,55',second half,1,0
S-6046,WC-2011,M-2011-03,T-44,1,0,P-26643,55',second half,0,1
S-6047,WC-2011,M-2011-03,T-49,0,1,P-24335,62',second half,1,0
S-6048,WC-2011,M-2011-03,T-49,0,1,P-44115,62',second half,0,1
S-6049,WC-2011,M-2011-03,T-44,1,0,P-20246,76',second half,1,0
S-6050,WC-2011,M-2011-03,T-49,0,1,P-61084,76',second half,1,0
S-6051,WC-2011,M-2011-03,T-44,1,0,P-30837,76',second half,0,1
S-6052,WC-2011,M-2011-03,T-49,0,1,P-80895,76',second half,0,1
S-6053,WC-2011,M-2011-03,T-44,1,0,P-33014,90'+2',"second half, stoppage time",1,0
S-6054,WC-2011,M-2011-03,T-44,1,0,P-82534,90'+2',"second half, stoppage time",0,1
S-6055,WC-2011,M-2011-04,T-28,0,1,P-34666,72',second half,1,0
S-6056,WC-2011,M-2011-04,T-28,0,1,P-84864,72',second half,0,1
S-6057,WC-2011,M-2011-04,T-46,1,0,P-92275,76',second half,1,0
S-6058,WC-2011,M-2011-04,T-46,1,0,P-31874,76',second half,0,1
S-6059,WC-2011,M-2011-04,T-28,0,1,P-81136,83',second half,1,0
S-6060,WC-2011,M-2011-04,T-28,0,1,P-47576,83',second half,0,1
S-6061,WC-2011,M-2011-04,T-46,1,0,P-36428,85',second half,1,0
S-6062,WC-2011,M-2011-04,T-46,1,0,P-37915,85',second half,0,1
S-6063,WC-2011,M-2011-05,T-74,0,1,P-05293,54',second half,1,0
S-6064,WC-2011,M-2011-05,T-74,0,1,P-27729,54',second half,0,1
S-6065,WC-2011,M-2011-05,T-16,1,0,P-76437,59',second half,1,0
S-6066,WC-2011,M-2011-05,T-16,1,0,P-46202,59',second half,0,1
S-6067,WC-2011,M-2011-05,T-16,1,0,P-24999,66',second half,1,0
S-6068,WC-2011,M-2011-05,T-16,1,0,P-04625,66',second half,0,1
S-6069,WC-2011,M-2011-05,T-74,0,1,P-94354,69',second half,1,0
S-6070,WC-2011,M-2011-05,T-74,0,1,P-52228,69',second half,0,1
S-6071,WC-2011,M-2011-05,T-16,1,0,P-06901,79',second half,1,0
S-6072,WC-2011,M-2011-05,T-16,1,0,P-09925,79',second half,0,1
S-6073,WC-2011,M-2011-05,T-74,0,1,P-49071,81',second half,1,0
S-6074,WC-2011,M-2011-05,T-74,0,1,P-28917,81',second half,0,1
S-6075,WC-2011,M-2011-06,T-51,0,1,P-21807,48',second half,1,0
S-6076,WC-2011,M-2011-06,T-51,0,1,P-76169,48',second half,0,1
S-6077,WC-2011,M-2011-06,T-51,0,1,P-43034,68',second half,1,0
S-6078,WC-2011,M-2011-06,T-51,0,1,P-01735,68',second half,0,1
S-6079,WC-2011,M-2011-06,T-83,1,0,P-89510,75',second half,1,0
S-6080,WC-2011,M-2011-06,T-83,1,0,P-37034,75',second half,0,1
S-6081,WC-2011,M-2011-06,T-83,1,0,P-54396,79',second half,1,0
S-6082,WC-2011,M-2011-06,T-83,1,0,P-09273,79',second half,0,1
S-6083,WC-2011,M-2011-06,T-51,0,1,P-96153,81',second half,1,0
S-6084,WC-2011,M-2011-06,T-51,0,1,P-72263,81',second half,0,1
S-6085,WC-2011,M-2011-07,T-53,1,0,P-15475,46',second half,1,0
S-6086,WC-2011,M-2011-07,T-29,0,1,P-39140,46',second half,1,0
S-6087,WC-2011,M-2011-07,T-53,1,0,P-95127,46',second half,0,1
S-6088,WC-2011,M-2011-07,T-29,0,1,P-01321,46',second half,0,1
S-6089,WC-2011,M-2011-07,T-29,0,1,P-24534,52',second half,1,0
S-6090,WC-2011,M-2011-07,T-29,0,1,P-18006,52',second half,0,1
S-6091,WC-2011,M-2011-07,T-53,1,0,P-09212,62',second half,1,0
S-6092,WC-2011,M-2011-07,T-53,1,0,P-66982,62',second half,0,1
S-6093,WC-2011,M-2011-07,T-29,0,1,P-09953,65',second half,1,0
S-6094,WC-2011,M-2011-07,T-29,0,1,P-09646,65',second half,0,1
S-6095,WC-2011,M-2011-07,T-53,1,0,P-95127,70',second half,1,0
S-6096,WC-2011,M-2011-07,T-53,1,0,P-97621,70',second half,0,1
S-6097,WC-2011,M-2011-08,T-04,0,1,P-58730,61',second half,1,0
S-6098,WC-2011,M-2011-08,T-04,0,1,P-74624,61',second half,0,1
S-6099,WC-2011,M-2011-08,T-04,0,1,P-77133,79',second half,1,0
S-6100,WC-2011,M-2011-08,T-04,0,1,P-76435,79',second half,0,1
S-6101,WC-2011,M-2011-08,T-09,1,0,P-19610,84',second half,1,0
S-6102,WC-2011,M-2011-08,T-09,1,0,P-51448,84',second half,0,1
S-6103,WC-2011,M-2011-08,T-04,0,1,P-78451,86',second half,1,0
S-6104,WC-2011,M-2011-08,T-04,0,1,P-35812,86',second half,0,1
S-6105,WC-2011,M-2011-09,T-12,1,0,P-96648,60',second half,1,0
S-6106,WC-2011,M-2011-09,T-12,1,0,P-96459,60',second half,1,0
S-6107,WC-2011,M-2011-09,T-12,1,0,P-36065,60',second half,0,1
S-6108,WC-2011,M-2011-09,T-12,1,0,P-27120,60',second half,0,1
S-6109,WC-2011,M-2011-09,T-30,0,1,P-89379,74',second half,1,0
S-6110,WC-2011,M-2011-09,T-30,0,1,P-00064,74',second half,0,1
S-6111,WC-2011,M-2011-09,T-12,1,0,P-36636,77',second half,1,0
S-6112,WC-2011,M-2011-09,T-12,1,0,P-24924,77',second half,0,1
S-6113,WC-2011,M-2011-09,T-30,0,1,P-23859,79',second half,1,0
S-6114,WC-2011,M-2011-09,T-30,0,1,P-03183,79',second half,0,1
S-6115,WC-2011,M-2011-09,T-30,0,1,P-72635,82',second half,1,0
S-6116,WC-2011,M-2011-09,T-30,0,1,P-70239,82',second half,0,1
S-6117,WC-2011,M-2011-10,T-31,1,0,P-39260,31',first half,1,0
S-6118,WC-2011,M-2011-10,T-31,1,0,P-80216,31',first half,0,1
S-6119,WC-2011,M-2011-10,T-31,1,0,P-52478,53',second half,1,0
S-6120,WC-2011,M-2011-10,T-31,1,0,P-27479,53',second half,0,1
S-6121,WC-2011,M-2011-10,T-50,0,1,P-23667,63',second half,1,0
S-6122,WC-2011,M-2011-10,T-50,0,1,P-94180,63',second half,0,1
S-6123,WC-2011,M-2011-10,T-50,0,1,P-98662,70',second half,1,0
S-6124,WC-2011,M-2011-10,T-50,0,1,P-45537,70',second half,0,1
S-6125,WC-2011,M-2011-10,T-50,0,1,P-21975,85',second half,1,0
S-6126,WC-2011,M-2011-10,T-50,0,1,P-86061,85',second half,0,1
S-6127,WC-2011,M-2011-10,T-31,1,0,P-66612,87',second half,1,0
S-6128,WC-2011,M-2011-10,T-31,1,0,P-54473,87',second half,0,1
S-6129,WC-2011,M-2011-11,T-46,0,1,P-99179,46',second half,1,0
S-6130,WC-2011,M-2011-11,T-46,0,1,P-53234,46',second half,0,1
S-6131,WC-2011,M-2011-11,T-46,0,1,P-92275,62',second half,1,0
S-6132,WC-2011,M-2011-11,T-46,0,1,P-16304,62',second half,0,1
S-6133,WC-2011,M-2011-11,T-44,1,0,P-86882,69',second half,1,0
S-6134,WC-2011,M-2011-11,T-44,1,0,P-33014,69',second half,1,0
S-6135,WC-2011,M-2011-11,T-44,1,0,P-79593,69',second half,0,1
S-6136,WC-2011,M-2011-11,T-44,1,0,P-26643,69',second half,0,1
S-6137,WC-2011,M-2011-11,T-46,0,1,P-32979,79',second half,1,0
S-6138,WC-2011,M-2011-11,T-46,0,1,P-37915,79',second half,0,1
S-6139,WC-2011,M-2011-11,T-44,1,0,P-72113,83',second half,1,0
S-6140,WC-2011,M-2011-11,T-44,1,0,P-84771,83',second half,0,1
S-6141,WC-2011,M-2011-12,T-49,1,0,P-19118,46',second half,1,0
S-6142,WC-2011,M-2011-12,T-28,0,1,P-38733,46',second half,1,0
S-6143,WC-2011,M-2011-12,T-49,1,0,P-11940,46',second half,0,1
S-6144,WC-2011,M-2011-12,T-28,0,1,P-34666,46',second half,0,1
S-6145,WC-2011,M-2011-12,T-28,0,1,P-38142,65',second half,1,0
S-6146,WC-2011,M-2011-12,T-28,0,1,P-65975,65',second half,0,1
S-6147,WC-2011,M-2011-12,T-49,1,0,P-61084,71',second half,1,0
S-6148,WC-2011,M-2011-12,T-49,1,0,P-82057,71',second half,0,1
S-6149,WC-2011,M-2011-12,T-28,0,1,P-81136,86',second half,1,0
S-6150,WC-2011,M-2011-12,T-28,0,1,P-47576,86',second half,0,1
S-6151,WC-2011,M-2011-12,T-49,1,0,P-24335,90',second half,1,0
S-6152,WC-2011,M-2011-12,T-49,1,0,P-44115,90',second half,0,1
S-6153,WC-2011,M-2011-13,T-51,1,0,P-88077,68',second half,1,0
S-6154,WC-2011,M-2011-13,T-51,1,0,P-01735,68',second half,0,1
S-6155,WC-2011,M-2011-13,T-74,0,1,P-49071,77',second half,1,0
S-6156,WC-2011,M-2011-13,T-74,0,1,P-29677,77',second half,0,1
S-6157,WC-2011,M-2011-13,T-51,1,0,P-21807,80',second half,1,0
S-6158,WC-2011,M-2011-13,T-51,1,0,P-85229,80',second half,0,1
S-6159,WC-2011,M-2011-13,T-51,1,0,P-73131,83',second half,1,0
S-6160,WC-2011,M-2011-13,T-51,1,0,P-57216,83',second half,0,1
S-6161,WC-2011,M-2011-13,T-74,0,1,P-95194,87',second half,1,0
S-6162,WC-2011,M-2011-13,T-74,0,1,P-52228,87',second half,0,1
S-6163,WC-2011,M-2011-14,T-83,1,0,P-89510,46',second half,1,0
S-6164,WC-2011,M-2011-14,T-83,1,0,P-09273,46',second half,0,1
S-6165,WC-2011,M-2011-14,T-16,0,1,P-76437,53',second half,1,0
S-6166,WC-2011,M-2011-14,T-16,0,1,P-85632,53',second half,0,1
S-6167,WC-2011,M-2011-14,T-16,0,1,P-64079,55',second half,1,0
S-6168,WC-2011,M-2011-14,T-16,0,1,P-29031,55',second half,0,1
S-6169,WC-2011,M-2011-14,T-83,1,0,P-72716,56',second half,1,0
S-6170,WC-2011,M-2011-14,T-83,1,0,P-24266,56',second half,0,1
S-6171,WC-2011,M-2011-14,T-83,1,0,P-54396,62',second half,1,0
S-6172,WC-2011,M-2011-14,T-83,1,0,P-35525,62',second half,0,1
S-6173,WC-2011,M-2011-15,T-04,1,0,P-74624,46',second half,1,0
S-6174,WC-2011,M-2011-15,T-04,1,0,P-83079,46',second half,0,1
S-6175,WC-2011,M-2011-15,T-29,0,1,P-18006,57',second half,1,0
S-6176,WC-2011,M-2011-15,T-29,0,1,P-09646,57',second half,0,1
S-6177,WC-2011,M-2011-15,T-29,0,1,P-24534,66',second half,1,0
S-6178,WC-2011,M-2011-15,T-29,0,1,P-21565,66',second half,0,1
S-6179,WC-2011,M-2011-15,T-04,1,0,P-76435,69',second half,1,0
S-6180,WC-2011,M-2011-15,T-04,1,0,P-86560,69',second half,0,1
S-6181,WC-2011,M-2011-15,T-04,1,0,P-87492,78',second half,1,0
S-6182,WC-2011,M-2011-15,T-04,1,0,P-35812,78',second half,0,1
S-6183,WC-2011,M-2011-15,T-29,0,1,P-36010,83',second half,1,0
S-6184,WC-2011,M-2011-15,T-29,0,1,P-01321,83',second half,0,1
S-6185,WC-2011,M-2011-16,T-53,0,1,P-97621,46',second half,1,0
S-6186,WC-2011,M-2011-16,T-53,0,1,P-38110,46',second half,0,1
S-6187,WC-2011,M-2011-16,T-53,0,1,P-48031,52',second half,1,0
S-6188,WC-2011,M-2011-16,T-53,0,1,P-66982,52',second half,0,1
S-6189,WC-2011,M-2011-16,T-53,0,1,P-68132,67',second half,1,0
S-6190,WC-2011,M-2011-16,T-53,0,1,P-78983,67',second half,0,1
S-6191,WC-2011,M-2011-16,T-09,1,0,P-06224,76',second half,1,0
S-6192,WC-2011,M-2011-16,T-09,1,0,P-51448,76',second half,0,1
S-6193,WC-2011,M-2011-16,T-09,1,0,P-25746,85',second half,1,0
S-6194,WC-2011,M-2011-16,T-09,1,0,P-31275,85',second half,0,1
S-6195,WC-2011,M-2011-16,T-09,1,0,P-58459,89',second half,1,0
S-6196,WC-2011,M-2011-16,T-09,1,0,P-78266,89',second half,0,1
S-6197,WC-2011,M-2011-17,T-28,1,0,P-65975,46',second half,1,0
S-6198,WC-2011,M-2011-17,T-28,1,0,P-38142,46',second half,0,1
S-6199,WC-2011,M-2011-17,T-44,0,1,P-33014,56',second half,1,0
S-6200,WC-2011,M-2011-17,T-44,0,1,P-30837,56',second half,0,1
S-6201,WC-2011,M-2011-17,T-28,1,0,P-12357,62',second half,1,0
S-6202,WC-2011,M-2011-17,T-28,1,0,P-38733,62',second half,0,1
S-6203,WC-2011,M-2011-17,T-44,0,1,P-99210,75',second half,1,0
S-6204,WC-2011,M-2011-17,T-44,0,1,P-26643,75',second half,0,1
S-6205,WC-2011,M-2011-17,T-44,0,1,P-86882,82',second half,1,0
S-6206,WC-2011,M-2011-17,T-44,0,1,P-79593,82',second half,0,1
S-6207,WC-2011,M-2011-18,T-46,0,1,P-99179,46',second half,1,0
S-6208,WC-2011,M-2011-18,T-46,0,1,P-36428,46',second half,0,1
S-6209,WC-2011,M-2011-18,T-49,1,0,P-82057,55',second half,1,0
S-6210,WC-2011,M-2011-18,T-49,1,0,P-44115,55',second half,0,1
S-6211,WC-2011,M-2011-18,T-49,1,0,P-11940,60',second half,1,0
S-6212,WC-2011,M-2011-18,T-49,1,0,P-32271,60',second half,0,1
S-6213,WC-2011,M-2011-18,T-46,0,1,P-40788,70',second half,1,0
S-6214,WC-2011,M-2011-18,T-46,0,1,P-93676,70',second half,0,1
S-6215,WC-2011,M-2011-18,T-49,1,0,P-83018,79',second half,1,0
S-6216,WC-2011,M-2011-18,T-49,1,0,P-61084,79',second half,0,1
S-6217,WC-2011,M-2011-18,T-46,0,1,P-16304,81',second half,1,0
S-6218,WC-2011,M-2011-18,T-46,0,1,P-64777,81',second half,0,1
S-6219,WC-2011,M-2011-19,T-50,0,1,P-23667,54',second half,1,0
S-6220,WC-2011,M-2011-19,T-50,0,1,P-01517,54',second half,0,1
S-6221,WC-2011,M-2011-19,T-12,1,0,P-96231,56',second half,1,0
S-6222,WC-2011,M-2011-19,T-12,1,0,P-96459,56',second half,0,1
S-6223,WC-2011,M-2011-19,T-50,0,1,P-19498,72',second half,1,0
S-6224,WC-2011,M-2011-19,T-50,0,1,P-86061,72',second half,0,1
S-6225,WC-2011,M-2011-19,T-12,1,0,P-96648,78',second half,1,0
S-6226,WC-2011,M-2011-19,T-12,1,0,P-36065,78',second half,0,1
S-6227,WC-2011,M-2011-19,T-12,1,0,P-27120,84',second half,1,0
S-6228,WC-2011,M-2011-19,T-50,0,1,P-67645,84',second half,1,0
S-6229,WC-2011,M-2011-19,T-12,1,0,P-44161,84',second half,0,1
S-6230,WC-2011,M-2011-19,T-50,0,1,P-45537,84',second half,0,1
S-6231,WC-2011,M-2011-20,T-30,1,0,P-63892,46',second half,1,0
S-6232,WC-2011,M-2011-20,T-30,1,0,P-00064,46',second half,1,0
S-6233,WC-2011,M-2011-20,T-31,0,1,P-47092,46',second half,1,0
S-6234,WC-2011,M-2011-20,T-30,1,0,P-72635,46',second half,0,1
S-6235,WC-2011,M-2011-20,T-30,1,0,P-89379,46',second half,0,1
S-6236,WC-2011,M-2011-20,T-31,0,1,P-78246,46',second half,0,1
S-6237,WC-2011,M-2011-20,T-30,1,0,P-70239,68',second half,1,0
S-6238,WC-2011,M-2011-20,T-30,1,0,P-26403,68',second half,0,1
S-6239,WC-2011,M-2011-20,T-31,0,1,P-67377,78',second half,1,0
S-6240,WC-2011,M-2011-20,T-31,0,1,P-80216,78',second half,0,1
S-6241,WC-2011,M-2011-21,T-53,0,1,P-58533,46',second half,1,0
S-6242,WC-2011,M-2011-21,T-53,0,1,P-42222,46',second half,1,0
S-6243,WC-2011,M-2011-21,T-53,0,1,P-29295,46',second half,0,1
S-6244,WC-2011,M-2011-21,T-53,0,1,P-01929,46',second half,0,1
S-6245,WC-2011,M-2011-21,T-04,1,0,P-76435,81',second half,1,0
S-6246,WC-2011,M-2011-21,T-04,1,0,P-60374,81',second half,0,1
S-6247,WC-2011,M-2011-21,T-53,0,1,P-78983,82',second half,1,0
S-6248,WC-2011,M-2011-21,T-53,0,1,P-09212,82',second half,0,1
S-6249,WC-2011,M-2011-21,T-04,1,0,P-87785,89',second half,1,0
S-6250,WC-2011,M-2011-21,T-04,1,0,P-24314,89',second half,0,1
S-6251,WC-2011,M-2011-22,T-09,0,1,P-85281,70',second half,1,0
S-6252,WC-2011,M-2011-22,T-09,0,1,P-51448,70',second half,0,1
S-6253,WC-2011,M-2011-22,T-29,1,0,P-00325,71',second half,1,0
S-6254,WC-2011,M-2011-22,T-29,1,0,P-21565,71',second half,0,1
S-6255,WC-2011,M-2011-22,T-09,0,1,P-06224,82',second half,1,0
S-6256,WC-2011,M-2011-22,T-09,0,1,P-51290,82',second half,0,1
S-6257,WC-2011,M-2011-22,T-29,1,0,P-09953,86',second half,1,0
S-6258,WC-2011,M-2011-22,T-29,1,0,P-09646,86',second half,0,1
S-6259,WC-2011,M-2011-22,T-09,0,1,P-19610,90',second half,1,0
S-6260,WC-2011,M-2011-22,T-09,0,1,P-42763,90',second half,0,1
S-6261,WC-2011,M-2011-23,T-51,1,0,P-88077,48',second half,1,0
S-6262,WC-2011,M-2011-23,T-51,1,0,P-57216,48',second half,0,1
S-6263,WC-2011,M-2011-23,T-51,1,0,P-96127,56',second half,1,0
S-6264,WC-2011,M-2011-23,T-51,1,0,P-21807,56',second half,0,1
S-6265,WC-2011,M-2011-23,T-51,1,0,P-21807,76',second half,1,0
S-6266,WC-2011,M-2011-23,T-51,1,0,P-85229,76',second half,0,1
S-6267,WC-2011,M-2011-23,T-16,0,1,P-46202,88',second half,1,0
S-6268,WC-2011,M-2011-23,T-16,0,1,P-09925,88',second half,0,1
S-6269,WC-2011,M-2011-23,T-16,0,1,P-24999,89',second half,1,0
S-6270,WC-2011,M-2011-23,T-16,0,1,P-64079,89',second half,0,1
S-6271,WC-2011,M-2011-24,T-83,0,1,P-89510,46',second half,1,0
S-6272,WC-2011,M-2011-24,T-83,0,1,P-37034,46',second half,0,1
S-6273,WC-2011,M-2011-24,T-83,0,1,P-72716,59',second half,1,0
S-6274,WC-2011,M-2011-24,T-83,0,1,P-24266,59',second half,0,1
S-6275,WC-2011,M-2011-24,T-74,1,0,P-95194,65',second half,1,0
S-6276,WC-2011,M-2011-24,T-74,1,0,P-56321,65',second half,0,1
S-6277,WC-2011,M-2011-24,T-83,0,1,P-09273,73',second half,1,0
S-6278,WC-2011,M-2011-24,T-83,0,1,P-72568,73',second half,0,1
S-6279,WC-2011,M-2011-24,T-74,1,0,P-71934,77',second half,1,0
S-6280,WC-2011,M-2011-24,T-74,1,0,P-16359,77',second half,0,1
S-6281,WC-2011,M-2011-24,T-74,1,0,P-52228,88',second half,1,0
S-6282,WC-2011,M-2011-24,T-74,1,0,P-10056,88',second half,0,1
S-6283,WC-2011,M-2011-25,T-30,0,1,P-45480,67',second half,1,0
S-6284,WC-2011,M-2011-25,T-30,0,1,P-00064,67',second half,0,1
S-6285,WC-2011,M-2011-25,T-30,0,1,P-63892,79',second half,1,0
S-6286,WC-2011,M-2011-25,T-30,0,1,P-03998,79',second half,0,1
S-6287,WC-2011,M-2011-25,T-28,1,0,P-22178,81',second half,1,0
S-6288,WC-2011,M-2011-25,T-28,1,0,P-16452,81',second half,1,0
S-6289,WC-2011,M-2011-25,T-28,1,0,P-30706,81',second half,0,1
S-6290,WC-2011,M-2011-25,T-28,1,0,P-35919,81',second half,0,1
S-6291,WC-2011,M-2011-25,T-28,1,0,P-38142,84',second half,1,0
S-6292,WC-2011,M-2011-25,T-28,1,0,P-45870,84',second half,0,1
S-6293,WC-2011,M-2011-25,T-30,0,1,P-03998,106',"extra time, second half",1,0
S-6294,WC-2011,M-2011-25,T-30,0,1,P-70239,106',"extra time, second half",0,1
S-6295,WC-2011,M-2011-26,T-31,1,0,P-34124,8',first half,1,0
S-6296,WC-2011,M-2011-26,T-31,1,0,P-21392,8',first half,0,1
S-6297,WC-2011,M-2011-26,T-44,0,1,P-20246,46',second half,1,0
S-6298,WC-2011,M-2011-26,T-44,0,1,P-30837,46',second half,0,1
S-6299,WC-2011,M-2011-26,T-31,1,0,P-15303,65',second half,1,0
S-6300,WC-2011,M-2011-26,T-31,1,0,P-37178,65',second half,0,1
S-6301,WC-2011,M-2011-26,T-44,0,1,P-86882,66',second half,1,0
S-6302,WC-2011,M-2011-26,T-44,0,1,P-26643,66',second half,0,1
S-6303,WC-2011,M-2011-26,T-31,1,0,P-27479,102',"extra time, first half",1,0
S-6304,WC-2011,M-2011-26,T-31,1,0,P-80216,102',"extra time, first half",0,1
S-6305,WC-2011,M-2011-26,T-44,0,1,P-26643,116',"extra time, second half",1,0
S-6306,WC-2011,M-2011-26,T-44,0,1,P-84771,116',"extra time, second half",0,1
S-6307,WC-2011,M-2011-27,T-04,0,1,P-58730,58',second half,1,0
S-6308,WC-2011,M-2011-27,T-04,0,1,P-35812,58',second half,0,1
S-6309,WC-2011,M-2011-27,T-04,0,1,P-24314,59',second half,1,0
S-6310,WC-2011,M-2011-27,T-04,0,1,P-78451,59',second half,0,1
S-6311,WC-2011,M-2011-27,T-74,1,0,P-05293,67',second half,1,0
S-6312,WC-2011,M-2011-27,T-74,1,0,P-52228,67',second half,0,1
S-6313,WC-2011,M-2011-27,T-04,0,1,P-87492,79',second half,1,0
S-6314,WC-2011,M-2011-27,T-04,0,1,P-74624,79',second half,0,1
S-6315,WC-2011,M-2011-27,T-74,1,0,P-29677,83',second half,1,0
S-6316,WC-2011,M-2011-27,T-74,1,0,P-28917,83',second half,0,1
S-6317,WC-2011,M-2011-27,T-74,1,0,P-98700,90'+2',"second half, stoppage time",1,0
S-6318,WC-2011,M-2011-27,T-74,1,0,P-83862,90'+2',"second half, stoppage time",0,1
S-6319,WC-2011,M-2011-28,T-83,0,1,P-81449,55',second half,1,0
S-6320,WC-2011,M-2011-28,T-83,0,1,P-09273,55',second half,0,1
S-6321,WC-2011,M-2011-28,T-83,0,1,P-89510,72',second half,1,0
S-6322,WC-2011,M-2011-28,T-83,0,1,P-37034,72',second half,0,1
S-6323,WC-2011,M-2011-28,T-09,1,0,P-85281,85',second half,1,0
S-6324,WC-2011,M-2011-28,T-09,1,0,P-51448,85',second half,0,1
S-6325,WC-2011,M-2011-28,T-83,0,1,P-54396,108',"extra time, second half",1,0
S-6326,WC-2011,M-2011-28,T-83,0,1,P-35525,108',"extra time, second half",0,1
S-6327,WC-2011,M-2011-28,T-09,1,0,P-19610,113',"extra time, second half",1,0
S-6328,WC-2011,M-2011-28,T-09,1,0,P-31275,113',"extra time, second half",0,1
S-6329,WC-2011,M-2011-29,T-30,1,0,P-89379,46',second half,1,0
S-6330,WC-2011,M-2011-29,T-30,1,0,P-00064,46',second half,0,1
S-6331,WC-2011,M-2011-29,T-83,0,1,P-89510,56',second half,1,0
S-6332,WC-2011,M-2011-29,T-83,0,1,P-37034,56',second half,0,1
S-6333,WC-2011,M-2011-29,T-83,0,1,P-62104,65',second half,1,0
S-6334,WC-2011,M-2011-29,T-83,0,1,P-09273,65',second half,0,1
S-6335,WC-2011,M-2011-29,T-30,1,0,P-45480,78',second half,1,0
S-6336,WC-2011,M-2011-29,T-30,1,0,P-03998,78',second half,0,1
S-6337,WC-2011,M-2011-29,T-83,0,1,P-54396,87',second half,1,0
S-6338,WC-2011,M-2011-29,T-83,0,1,P-35525,87',second half,0,1
S-6339,WC-2011,M-2011-30,T-74,0,1,P-05293,65',second half,1,0
S-6340,WC-2011,M-2011-30,T-74,0,1,P-27729,65',second half,0,1
S-6341,WC-2011,M-2011-30,T-74,0,1,P-16359,69',second half,1,0
S-6342,WC-2011,M-2011-30,T-74,0,1,P-49071,69',second half,0,1
S-6343,WC-2011,M-2011-30,T-44,1,0,P-79593,74',second half,1,0
S-6344,WC-2011,M-2011-30,T-44,1,0,P-20246,74',second half,0,1
S-6345,WC-2011,M-2011-30,T-74,0,1,P-29677,75',second half,1,0
S-6346,WC-2011,M-2011-30,T-74,0,1,P-56321,75',second half,0,1
S-6347,WC-2011,M-2011-30,T-44,1,0,P-86882,86',second half,1,0
S-6348,WC-2011,M-2011-30,T-44,1,0,P-46447,86',second half,0,1
S-6349,WC-2011,M-2011-30,T-44,1,0,P-04310,89',second half,1,0
S-6350,WC-2011,M-2011-30,T-44,1,0,P-66855,89',second half,0,1
S-6351,WC-2011,M-2011-31,T-30,0,1,P-44882,32',first half,1,0
S-6352,WC-2011,M-2011-31,T-30,0,1,P-63892,32',first half,1,0
S-6353,WC-2011,M-2011-31,T-30,0,1,P-26403,32',first half,0,1
S-6354,WC-2011,M-2011-31,T-30,0,1,P-63892,32',first half,0,1
S-6355,WC-2011,M-2011-31,T-74,1,0,P-05293,62',second half,1,0
S-6356,WC-2011,M-2011-31,T-74,1,0,P-16359,62',second half,0,1
S-6357,WC-2011,M-2011-31,T-74,1,0,P-52228,73',second half,1,0
S-6358,WC-2011,M-2011-31,T-74,1,0,P-10056,73',second half,0,1
S-6359,WC-2011,M-2011-31,T-30,0,1,P-81637,84',second half,1,0
S-6360,WC-2011,M-2011-31,T-30,0,1,P-70239,84',second half,0,1
S-6361,WC-2014,M-2014-01,T-18,0,1,P-07670,61',second half,1,0
S-6362,WC-2014,M-2014-01,T-18,0,1,P-79215,61',second half,0,1
S-6363,WC-2014,M-2014-01,T-09,1,0,P-54013,63',second half,1,0
S-6364,WC-2014,M-2014-01,T-09,1,0,P-02974,63',second half,0,1
S-6365,WC-2014,M-2014-01,T-09,1,0,P-86524,68',second half,1,0
S-6366,WC-2014,M-2014-01,T-09,1,0,P-50663,68',second half,0,1
S-6367,WC-2014,M-2014-01,T-18,0,1,P-65367,78',second half,1,0
S-6368,WC-2014,M-2014-01,T-18,0,1,P-44463,78',second half,0,1
S-6369,WC-2014,M-2014-01,T-09,1,0,P-87008,88',second half,1,0
S-6370,WC-2014,M-2014-01,T-09,1,0,P-86499,88',second half,0,1
S-6371,WC-2014,M-2014-02,T-11,0,1,P-75443,46',second half,1,0
S-6372,WC-2014,M-2014-02,T-11,0,1,P-89372,46',second half,0,1
S-6373,WC-2014,M-2014-02,T-46,1,0,P-40312,69',second half,1,0
S-6374,WC-2014,M-2014-02,T-46,1,0,P-36687,69',second half,0,1
S-6375,WC-2014,M-2014-02,T-46,1,0,P-83642,74',second half,1,0
S-6376,WC-2014,M-2014-02,T-46,1,0,P-36515,74',second half,0,1
S-6377,WC-2014,M-2014-02,T-11,0,1,P-99407,79',second half,1,0
S-6378,WC-2014,M-2014-02,T-11,0,1,P-10830,79',second half,0,1
S-6379,WC-2014,M-2014-02,T-46,1,0,P-42911,90'+1',"second half, stoppage time",1,0
S-6380,WC-2014,M-2014-02,T-46,1,0,P-97434,90'+1',"second half, stoppage time",0,1
S-6381,WC-2014,M-2014-03,T-73,1,0,P-73924,62',second half,1,0
S-6382,WC-2014,M-2014-03,T-73,1,0,P-02231,62',second half,1,0
S-6383,WC-2014,M-2014-03,T-48,0,1,P-93667,62',second half,1,0
S-6384,WC-2014,M-2014-03,T-73,1,0,P-71661,62',second half,0,1
S-6385,WC-2014,M-2014-03,T-73,1,0,P-78418,62',second half,0,1
S-6386,WC-2014,M-2014-03,T-48,0,1,P-85698,62',second half,0,1
S-6387,WC-2014,M-2014-03,T-48,0,1,P-70280,77',second half,1,0
S-6388,WC-2014,M-2014-03,T-48,0,1,P-91472,77',second half,0,1
S-6389,WC-2014,M-2014-03,T-73,1,0,P-64102,78',second half,1,0
S-6390,WC-2014,M-2014-03,T-73,1,0,P-81297,78',second half,0,1
S-6391,WC-2014,M-2014-03,T-48,0,1,P-99934,79',second half,1,0
S-6392,WC-2014,M-2014-03,T-48,0,1,P-62029,79',second half,0,1
S-6393,WC-2014,M-2014-04,T-04,0,1,P-12111,49',second half,1,0
S-6394,WC-2014,M-2014-04,T-04,0,1,P-95590,49',second half,0,1
S-6395,WC-2014,M-2014-04,T-13,1,0,P-41001,60',second half,1,0
S-6396,WC-2014,M-2014-04,T-13,1,0,P-92626,60',second half,0,1
S-6397,WC-2014,M-2014-04,T-13,1,0,P-65631,68',second half,1,0
S-6398,WC-2014,M-2014-04,T-04,0,1,P-84412,68',second half,1,0
S-6399,WC-2014,M-2014-04,T-13,1,0,P-74480,68',second half,0,1
S-6400,WC-2014,M-2014-04,T-04,0,1,P-65381,68',second half,0,1
S-6401,WC-2014,M-2014-04,T-04,0,1,P-84486,78',second half,1,0
S-6402,WC-2014,M-2014-04,T-04,0,1,P-09100,78',second half,0,1
S-6403,WC-2014,M-2014-04,T-13,1,0,P-36808,88',second half,1,0
S-6404,WC-2014,M-2014-04,T-13,1,0,P-89582,88',second half,0,1
S-6405,WC-2014,M-2014-05,T-33,0,1,P-75292,57',second half,1,0
S-6406,WC-2014,M-2014-05,T-33,0,1,P-64903,57',second half,0,1
S-6407,WC-2014,M-2014-05,T-33,0,1,P-56893,64',second half,1,0
S-6408,WC-2014,M-2014-05,T-33,0,1,P-97050,64',second half,0,1
S-6409,WC-2014,M-2014-05,T-16,1,0,P-76705,69',second half,1,0
S-6410,WC-2014,M-2014-05,T-16,1,0,P-01538,69',second half,0,1
S-6411,WC-2014,M-2014-05,T-16,1,0,P-95402,74',second half,1,0
S-6412,WC-2014,M-2014-05,T-16,1,0,P-01505,74',second half,0,1
S-6413,WC-2014,M-2014-05,T-16,1,0,P-77705,76',second half,1,0
S-6414,WC-2014,M-2014-05,T-16,1,0,P-01068,76',second half,0,1
S-6415,WC-2014,M-2014-05,T-33,0,1,P-91614,78',second half,1,0
S-6416,WC-2014,M-2014-05,T-33,0,1,P-17698,78',second half,0,1
S-6417,WC-2014,M-2014-06,T-84,1,0,P-78735,60',second half,1,0
S-6418,WC-2014,M-2014-06,T-84,1,0,P-86087,60',second half,1,0
S-6419,WC-2014,M-2014-06,T-84,1,0,P-36662,60',second half,0,1
S-6420,WC-2014,M-2014-06,T-84,1,0,P-21702,60',second half,0,1
S-6421,WC-2014,M-2014-06,T-17,0,1,P-24978,75',second half,1,0
S-6422,WC-2014,M-2014-06,T-17,0,1,P-71361,75',second half,0,1
S-6423,WC-2014,M-2014-06,T-84,1,0,P-14180,76',second half,1,0
S-6424,WC-2014,M-2014-06,T-84,1,0,P-94155,76',second half,0,1
S-6425,WC-2014,M-2014-06,T-17,0,1,P-99590,83',second half,1,0
S-6426,WC-2014,M-2014-06,T-17,0,1,P-11307,83',second half,0,1
S-6427,WC-2014,M-2014-06,T-17,0,1,P-57722,89',second half,1,0
S-6428,WC-2014,M-2014-06,T-17,0,1,P-74906,89',second half,0,1
S-6429,WC-2014,M-2014-07,T-41,0,1,P-43029,57',second half,1,0
S-6430,WC-2014,M-2014-07,T-41,0,1,P-32717,57',second half,0,1
S-6431,WC-2014,M-2014-07,T-28,1,0,P-50943,61',second half,1,0
S-6432,WC-2014,M-2014-07,T-28,1,0,P-48443,61',second half,0,1
S-6433,WC-2014,M-2014-07,T-28,1,0,P-08169,73',second half,1,0
S-6434,WC-2014,M-2014-07,T-41,0,1,P-16785,73',second half,1,0
S-6435,WC-2014,M-2014-07,T-28,1,0,P-39063,73',second half,0,1
S-6436,WC-2014,M-2014-07,T-41,0,1,P-01078,73',second half,0,1
S-6437,WC-2014,M-2014-07,T-41,0,1,P-35850,79',second half,1,0
S-6438,WC-2014,M-2014-07,T-41,0,1,P-61270,79',second half,0,1
S-6439,WC-2014,M-2014-07,T-28,1,0,P-06678,80',second half,1,0
S-6440,WC-2014,M-2014-07,T-28,1,0,P-22075,80',second half,0,1
S-6441,WC-2014,M-2014-08,T-44,0,1,P-91793,54',second half,1,0
S-6442,WC-2014,M-2014-08,T-44,0,1,P-61292,54',second half,0,1
S-6443,WC-2014,M-2014-08,T-42,1,0,P-54100,62',second half,1,0
S-6444,WC-2014,M-2014-08,T-42,1,0,P-99466,62',second half,0,1
S-6445,WC-2014,M-2014-08,T-44,0,1,P-23371,67',second half,1,0
S-6446,WC-2014,M-2014-08,T-44,0,1,P-90491,67',second half,0,1
S-6447,WC-2014,M-2014-08,T-42,1,0,P-08544,75',second half,1,0
S-6448,WC-2014,M-2014-08,T-42,1,0,P-75959,75',second half,0,1
S-6449,WC-2014,M-2014-08,T-42,1,0,P-84532,78',second half,1,0
S-6450,WC-2014,M-2014-08,T-42,1,0,P-20974,78',second half,0,1
S-6451,WC-2014,M-2014-08,T-44,0,1,P-36964,86',second half,1,0
S-6452,WC-2014,M-2014-08,T-44,0,1,P-75667,86',second half,0,1
S-6453,WC-2014,M-2014-09,T-75,1,0,P-00875,46',second half,1,0
S-6454,WC-2014,M-2014-09,T-75,1,0,P-51579,46',second half,0,1
S-6455,WC-2014,M-2014-09,T-25,0,1,P-79710,70',second half,1,0
S-6456,WC-2014,M-2014-09,T-25,0,1,P-65206,70',second half,0,1
S-6457,WC-2014,M-2014-09,T-75,1,0,P-07453,75',second half,1,0
S-6458,WC-2014,M-2014-09,T-75,1,0,P-07180,75',second half,0,1
S-6459,WC-2014,M-2014-09,T-25,0,1,P-55935,77',second half,1,0
S-6460,WC-2014,M-2014-09,T-25,0,1,P-33089,77',second half,0,1
S-6461,WC-2014,M-2014-10,T-35,0,1,P-82662,46',second half,1,0
S-6462,WC-2014,M-2014-10,T-35,0,1,P-67290,46',second half,1,0
S-6463,WC-2014,M-2014-10,T-35,0,1,P-93922,46',second half,0,1
S-6464,WC-2014,M-2014-10,T-35,0,1,P-53363,46',second half,0,1
S-6465,WC-2014,M-2014-10,T-30,1,0,P-17509,57',second half,1,0
S-6466,WC-2014,M-2014-10,T-30,1,0,P-07870,57',second half,0,1
S-6467,WC-2014,M-2014-10,T-35,0,1,P-34878,58',second half,1,0
S-6468,WC-2014,M-2014-10,T-35,0,1,P-30748,58',second half,0,1
S-6469,WC-2014,M-2014-10,T-30,1,0,P-67867,65',second half,1,0
S-6470,WC-2014,M-2014-10,T-30,1,0,P-98143,65',second half,0,1
S-6471,WC-2014,M-2014-10,T-30,1,0,P-84312,78',second half,1,0
S-6472,WC-2014,M-2014-10,T-30,1,0,P-89750,78',second half,0,1
S-6473,WC-2014,M-2014-11,T-03,1,0,P-69606,46',second half,1,0
S-6474,WC-2014,M-2014-11,T-03,1,0,P-33570,46',second half,1,0
S-6475,WC-2014,M-2014-11,T-03,1,0,P-29398,46',second half,0,1
S-6476,WC-2014,M-2014-11,T-03,1,0,P-51894,46',second half,0,1
S-6477,WC-2014,M-2014-11,T-08,0,1,P-63525,69',second half,1,0
S-6478,WC-2014,M-2014-11,T-08,0,1,P-43723,69',second half,0,1
S-6479,WC-2014,M-2014-11,T-08,0,1,P-03146,71',second half,1,0
S-6480,WC-2014,M-2014-11,T-08,0,1,P-55809,71',second half,0,1
S-6481,WC-2014,M-2014-11,T-08,0,1,P-75995,74',second half,1,0
S-6482,WC-2014,M-2014-11,T-08,0,1,P-34727,74',second half,0,1
S-6483,WC-2014,M-2014-11,T-03,1,0,P-36870,87',second half,1,0
S-6484,WC-2014,M-2014-11,T-03,1,0,P-38647,87',second half,0,1
S-6485,WC-2014,M-2014-12,T-58,0,1,P-14428,28',first half,1,0
S-6486,WC-2014,M-2014-12,T-58,0,1,P-20926,28',first half,0,1
S-6487,WC-2014,M-2014-12,T-58,0,1,P-98693,46',second half,1,0
S-6488,WC-2014,M-2014-12,T-58,0,1,P-55321,46',second half,0,1
S-6489,WC-2014,M-2014-12,T-31,1,0,P-12818,63',second half,1,0
S-6490,WC-2014,M-2014-12,T-31,1,0,P-46979,63',second half,0,1
S-6491,WC-2014,M-2014-12,T-58,0,1,P-92000,65',second half,1,0
S-6492,WC-2014,M-2014-12,T-58,0,1,P-75772,65',second half,0,1
S-6493,WC-2014,M-2014-12,T-31,1,0,P-81447,73',second half,1,0
S-6494,WC-2014,M-2014-12,T-31,1,0,P-67414,73',second half,0,1
S-6495,WC-2014,M-2014-12,T-31,1,0,P-28154,82',second half,1,0
S-6496,WC-2014,M-2014-12,T-31,1,0,P-36287,82',second half,0,1
S-6497,WC-2014,M-2014-13,T-50,0,1,P-14952,29',first half,1,0
S-6498,WC-2014,M-2014-13,T-50,0,1,P-64104,29',first half,0,1
S-6499,WC-2014,M-2014-13,T-50,0,1,P-26900,52',second half,1,0
S-6500,WC-2014,M-2014-13,T-50,0,1,P-03886,52',second half,0,1
S-6501,WC-2014,M-2014-13,T-50,0,1,P-78347,69',second half,1,0
S-6502,WC-2014,M-2014-13,T-50,0,1,P-70006,69',second half,0,1
S-6503,WC-2014,M-2014-13,T-38,1,0,P-84406,73',second half,1,0
S-6504,WC-2014,M-2014-13,T-38,1,0,P-98775,73',second half,0,1
S-6505,WC-2014,M-2014-13,T-38,1,0,P-82213,89',second half,1,0
S-6506,WC-2014,M-2014-13,T-38,1,0,P-00111,89',second half,0,1
S-6507,WC-2014,M-2014-14,T-83,0,1,P-07475,23',first half,1,0
S-6508,WC-2014,M-2014-14,T-83,0,1,P-01169,23',first half,0,1
S-6509,WC-2014,M-2014-14,T-83,0,1,P-95009,46',second half,1,0
S-6510,WC-2014,M-2014-14,T-83,0,1,P-41262,46',second half,0,1
S-6511,WC-2014,M-2014-14,T-32,1,0,P-31765,59',second half,1,0
S-6512,WC-2014,M-2014-14,T-32,1,0,P-66316,59',second half,0,1
S-6513,WC-2014,M-2014-14,T-32,1,0,P-96497,71',second half,1,0
S-6514,WC-2014,M-2014-14,T-32,1,0,P-12805,71',second half,0,1
S-6515,WC-2014,M-2014-14,T-83,0,1,P-09053,77',second half,1,0
S-6516,WC-2014,M-2014-14,T-83,0,1,P-51653,77',second half,0,1
S-6517,WC-2014,M-2014-14,T-32,1,0,P-48310,78',second half,1,0
S-6518,WC-2014,M-2014-14,T-32,1,0,P-67189,78',second half,0,1
S-6519,WC-2014,M-2014-15,T-06,1,0,P-69919,46',second half,1,0
S-6520,WC-2014,M-2014-15,T-06,1,0,P-84852,46',second half,0,1
S-6521,WC-2014,M-2014-15,T-06,1,0,P-72637,58',second half,1,0
S-6522,WC-2014,M-2014-15,T-06,1,0,P-77619,58',second half,0,1
S-6523,WC-2014,M-2014-15,T-06,1,0,P-12533,65',second half,1,0
S-6524,WC-2014,M-2014-15,T-06,1,0,P-63363,65',second half,0,1
S-6525,WC-2014,M-2014-15,T-01,0,1,P-63360,66',second half,1,0
S-6526,WC-2014,M-2014-15,T-01,0,1,P-59199,66',second half,0,1
S-6527,WC-2014,M-2014-15,T-01,0,1,P-91590,71',second half,1,0
S-6528,WC-2014,M-2014-15,T-01,0,1,P-23484,71',second half,0,1
S-6529,WC-2014,M-2014-15,T-01,0,1,P-21704,84',second half,1,0
S-6530,WC-2014,M-2014-15,T-01,0,1,P-31598,84',second half,0,1
S-6531,WC-2014,M-2014-16,T-09,1,0,P-86499,46',second half,1,0
S-6532,WC-2014,M-2014-16,T-09,1,0,P-50663,46',second half,0,1
S-6533,WC-2014,M-2014-16,T-09,1,0,P-54042,68',second half,1,0
S-6534,WC-2014,M-2014-16,T-09,1,0,P-37372,68',second half,0,1
S-6535,WC-2014,M-2014-16,T-46,0,1,P-83642,74',second half,1,0
S-6536,WC-2014,M-2014-16,T-46,0,1,P-36515,74',second half,0,1
S-6537,WC-2014,M-2014-16,T-46,0,1,P-42911,76',second half,1,0
S-6538,WC-2014,M-2014-16,T-46,0,1,P-36687,76',second half,0,1
S-6539,WC-2014,M-2014-16,T-09,1,0,P-37239,84',second half,1,0
S-6540,WC-2014,M-2014-16,T-46,0,1,P-77047,84',second half,1,0
S-6541,WC-2014,M-2014-16,T-09,1,0,P-62621,84',second half,0,1
S-6542,WC-2014,M-2014-16,T-46,0,1,P-57865,84',second half,0,1
S-6543,WC-2014,M-2014-17,T-71,0,1,P-06608,56',second half,1,0
S-6544,WC-2014,M-2014-17,T-71,0,1,P-71308,56',second half,0,1
S-6545,WC-2014,M-2014-17,T-62,1,0,P-27894,59',second half,1,0
S-6546,WC-2014,M-2014-17,T-62,1,0,P-69896,59',second half,0,1
S-6547,WC-2014,M-2014-17,T-62,1,0,P-51786,71',second half,1,0
S-6548,WC-2014,M-2014-17,T-62,1,0,P-89971,71',second half,0,1
S-6549,WC-2014,M-2014-17,T-62,1,0,P-30808,72',second half,1,0
S-6550,WC-2014,M-2014-17,T-62,1,0,P-76640,72',second half,0,1
S-6551,WC-2014,M-2014-17,T-71,0,1,P-55453,73',second half,1,0
S-6552,WC-2014,M-2014-17,T-71,0,1,P-09632,73',second half,0,1
S-6553,WC-2014,M-2014-17,T-71,0,1,P-77335,84',second half,1,0
S-6554,WC-2014,M-2014-17,T-71,0,1,P-16139,84',second half,0,1
S-6555,WC-2014,M-2014-18,T-48,0,1,P-69329,45'+3',"first half, stoppage time",1,0
S-6556,WC-2014,M-2014-18,T-48,0,1,P-27540,45'+3',"first half, stoppage time",0,1
S-6557,WC-2014,M-2014-18,T-04,1,0,P-84486,51',second half,1,0
S-6558,WC-2014,M-2014-18,T-04,1,0,P-52319,51',second half,0,1
S-6559,WC-2014,M-2014-18,T-04,1,0,P-44926,69',second half,1,0
S-6560,WC-2014,M-2014-18,T-04,1,0,P-65381,69',second half,0,1
S-6561,WC-2014,M-2014-18,T-04,1,0,P-84412,77',second half,1,0
S-6562,WC-2014,M-2014-18,T-04,1,0,P-81067,77',second half,0,1
S-6563,WC-2014,M-2014-18,T-48,0,1,P-93667,78',second half,1,0
S-6564,WC-2014,M-2014-18,T-48,0,1,P-85698,78',second half,0,1
S-6565,WC-2014,M-2014-18,T-48,0,1,P-99934,87',second half,1,0
S-6566,WC-2014,M-2014-18,T-48,0,1,P-62029,87',second half,0,1
S-6567,WC-2014,M-2014-19,T-73,1,0,P-73924,46',second half,1,0
S-6568,WC-2014,M-2014-19,T-73,1,0,P-37294,46',second half,0,1
S-6569,WC-2014,M-2014-19,T-73,1,0,P-02231,64',second half,1,0
S-6570,WC-2014,M-2014-19,T-13,0,1,P-22391,64',second half,1,0
S-6571,WC-2014,M-2014-19,T-73,1,0,P-71661,64',second half,0,1
S-6572,WC-2014,M-2014-19,T-13,0,1,P-92626,64',second half,0,1
S-6573,WC-2014,M-2014-19,T-73,1,0,P-78418,76',second half,1,0
S-6574,WC-2014,M-2014-19,T-73,1,0,P-98074,76',second half,0,1
S-6575,WC-2014,M-2014-19,T-13,0,1,P-36808,85',second half,1,0
S-6576,WC-2014,M-2014-19,T-13,0,1,P-65631,85',second half,0,1
S-6577,WC-2014,M-2014-19,T-13,0,1,P-41001,88',second half,1,0
S-6578,WC-2014,M-2014-19,T-13,0,1,P-41671,88',second half,0,1
S-6579,WC-2014,M-2014-20,T-11,1,0,P-86625,46',second half,1,0
S-6580,WC-2014,M-2014-20,T-11,1,0,P-89372,46',second half,0,1
S-6581,WC-2014,M-2014-20,T-18,0,1,P-13265,69',second half,1,0
S-6582,WC-2014,M-2014-20,T-18,0,1,P-15665,69',second half,0,1
S-6583,WC-2014,M-2014-20,T-11,1,0,P-53452,70',second half,1,0
S-6584,WC-2014,M-2014-20,T-11,1,0,P-10830,70',second half,0,1
S-6585,WC-2014,M-2014-20,T-18,0,1,P-39138,72',second half,1,0
S-6586,WC-2014,M-2014-20,T-18,0,1,P-07670,72',second half,0,1
S-6587,WC-2014,M-2014-20,T-11,1,0,P-06117,75',second half,1,0
S-6588,WC-2014,M-2014-20,T-11,1,0,P-72737,75',second half,0,1
S-6589,WC-2014,M-2014-20,T-18,0,1,P-93884,78',second half,1,0
S-6590,WC-2014,M-2014-20,T-18,0,1,P-44463,78',second half,0,1
S-6591,WC-2014,M-2014-21,T-16,1,0,P-99957,53',second half,1,0
S-6592,WC-2014,M-2014-21,T-16,1,0,P-14499,53',second half,0,1
S-6593,WC-2014,M-2014-21,T-42,0,1,P-84532,60',second half,1,0
S-6594,WC-2014,M-2014-21,T-42,0,1,P-99466,60',second half,0,1
S-6595,WC-2014,M-2014-21,T-42,0,1,P-10731,67',second half,1,0
S-6596,WC-2014,M-2014-21,T-42,0,1,P-31976,67',second half,0,1
S-6597,WC-2014,M-2014-21,T-16,1,0,P-95402,72',second half,1,0
S-6598,WC-2014,M-2014-21,T-16,1,0,P-01505,72',second half,0,1
S-6599,WC-2014,M-2014-21,T-42,0,1,P-54100,73',second half,1,0
S-6600,WC-2014,M-2014-21,T-42,0,1,P-23169,73',second half,0,1
S-6601,WC-2014,M-2014-21,T-16,1,0,P-76705,79',second half,1,0
S-6602,WC-2014,M-2014-21,T-16,1,0,P-01538,79',second half,0,1
S-6603,WC-2014,M-2014-22,T-28,0,1,P-21553,64',second half,1,0
S-6604,WC-2014,M-2014-22,T-28,0,1,P-48443,64',second half,0,1
S-6605,WC-2014,M-2014-22,T-84,1,0,P-36662,67',second half,1,0
S-6606,WC-2014,M-2014-22,T-84,1,0,P-25776,67',second half,0,1
S-6607,WC-2014,M-2014-22,T-28,0,1,P-50943,71',second half,1,0
S-6608,WC-2014,M-2014-22,T-28,0,1,P-22075,71',second half,0,1
S-6609,WC-2014,M-2014-22,T-84,1,0,P-21702,79',second half,1,0
S-6610,WC-2014,M-2014-22,T-84,1,0,P-95196,79',second half,0,1
S-6611,WC-2014,M-2014-22,T-28,0,1,P-08169,87',second half,1,0
S-6612,WC-2014,M-2014-22,T-28,0,1,P-70595,87',second half,0,1
S-6613,WC-2014,M-2014-22,T-84,1,0,P-30486,88',second half,1,0
S-6614,WC-2014,M-2014-22,T-84,1,0,P-20051,88',second half,0,1
S-6615,WC-2014,M-2014-23,T-33,0,1,P-97050,35',first half,1,0
S-6616,WC-2014,M-2014-23,T-33,0,1,P-56893,35',first half,0,1
S-6617,WC-2014,M-2014-23,T-33,0,1,P-64903,41',first half,1,0
S-6618,WC-2014,M-2014-23,T-33,0,1,P-17698,41',first half,0,1
S-6619,WC-2014,M-2014-23,T-44,1,0,P-91793,46',second half,1,0
S-6620,WC-2014,M-2014-23,T-44,1,0,P-61292,46',second half,0,1
S-6621,WC-2014,M-2014-23,T-44,1,0,P-23371,57',second half,1,0
S-6622,WC-2014,M-2014-23,T-44,1,0,P-36964,57',second half,0,1
S-6623,WC-2014,M-2014-23,T-33,0,1,P-91614,81',second half,1,0
S-6624,WC-2014,M-2014-23,T-33,0,1,P-75292,81',second half,0,1
S-6625,WC-2014,M-2014-24,T-41,1,0,P-32717,46',second half,1,0
S-6626,WC-2014,M-2014-24,T-41,1,0,P-04221,46',second half,0,1
S-6627,WC-2014,M-2014-24,T-41,1,0,P-35850,57',second half,1,0
S-6628,WC-2014,M-2014-24,T-41,1,0,P-25985,57',second half,0,1
S-6629,WC-2014,M-2014-24,T-17,0,1,P-24978,68',second half,1,0
S-6630,WC-2014,M-2014-24,T-17,0,1,P-71361,68',second half,0,1
S-6631,WC-2014,M-2014-24,T-41,1,0,P-37848,69',second half,1,0
S-6632,WC-2014,M-2014-24,T-41,1,0,P-39774,69',second half,0,1
S-6633,WC-2014,M-2014-24,T-17,0,1,P-70812,74',second half,1,0
S-6634,WC-2014,M-2014-24,T-17,0,1,P-11307,74',second half,0,1
S-6635,WC-2014,M-2014-24,T-17,0,1,P-99590,81',second half,1,0
S-6636,WC-2014,M-2014-24,T-17,0,1,P-21246,81',second half,0,1
S-6637,WC-2014,M-2014-25,T-75,1,0,P-62393,9',first half,1,0
S-6638,WC-2014,M-2014-25,T-75,1,0,P-94161,9',first half,0,1
S-6639,WC-2014,M-2014-25,T-75,1,0,P-54713,46',second half,1,0
S-6640,WC-2014,M-2014-25,T-75,1,0,P-35818,46',second half,0,1
S-6641,WC-2014,M-2014-25,T-30,0,1,P-89750,63',second half,1,0
S-6642,WC-2014,M-2014-25,T-30,0,1,P-17509,63',second half,0,1
S-6643,WC-2014,M-2014-25,T-30,0,1,P-71633,66',second half,1,0
S-6644,WC-2014,M-2014-25,T-30,0,1,P-91114,66',second half,0,1
S-6645,WC-2014,M-2014-25,T-75,1,0,P-07180,69',second half,1,0
S-6646,WC-2014,M-2014-25,T-75,1,0,P-07453,69',second half,0,1
S-6647,WC-2014,M-2014-25,T-30,0,1,P-84312,82',second half,1,0
S-6648,WC-2014,M-2014-25,T-30,0,1,P-90908,82',second half,0,1
S-6649,WC-2014,M-2014-26,T-35,1,0,P-57482,46',second half,1,0
S-6650,WC-2014,M-2014-26,T-35,1,0,P-33029,46',second half,0,1
S-6651,WC-2014,M-2014-26,T-35,1,0,P-29674,71',second half,1,0
S-6652,WC-2014,M-2014-26,T-35,1,0,P-05369,71',second half,0,1
S-6653,WC-2014,M-2014-26,T-25,0,1,P-79710,82',second half,1,0
S-6654,WC-2014,M-2014-26,T-25,0,1,P-42534,82',second half,0,1
S-6655,WC-2014,M-2014-26,T-35,1,0,P-93922,83',second half,1,0
S-6656,WC-2014,M-2014-26,T-25,0,1,P-01933,83',second half,1,0
S-6657,WC-2014,M-2014-26,T-35,1,0,P-36601,83',second half,0,1
S-6658,WC-2014,M-2014-26,T-25,0,1,P-13321,83',second half,0,1
S-6659,WC-2014,M-2014-26,T-25,0,1,P-55935,90'+2',"second half, stoppage time",1,0
S-6660,WC-2014,M-2014-26,T-25,0,1,P-29870,90'+2',"second half, stoppage time",0,1
S-6661,WC-2014,M-2014-27,T-03,1,0,P-29398,76',second half,1,0
S-6662,WC-2014,M-2014-27,T-03,1,0,P-36870,76',second half,1,0
S-6663,WC-2014,M-2014-27,T-38,0,1,P-00111,76',second half,1,0
S-6664,WC-2014,M-2014-27,T-03,1,0,P-27419,76',second half,0,1
S-6665,WC-2014,M-2014-27,T-03,1,0,P-69953,76',second half,0,1
S-6666,WC-2014,M-2014-27,T-38,0,1,P-82213,76',second half,0,1
S-6667,WC-2014,M-2014-27,T-38,0,1,P-84406,85',second half,1,0
S-6668,WC-2014,M-2014-27,T-38,0,1,P-98775,85',second half,0,1
S-6669,WC-2014,M-2014-27,T-38,0,1,P-75785,88',second half,1,0
S-6670,WC-2014,M-2014-27,T-38,0,1,P-05990,88',second half,0,1
S-6671,WC-2014,M-2014-27,T-03,1,0,P-42113,90'+4',"second half, stoppage time",1,0
S-6672,WC-2014,M-2014-27,T-03,1,0,P-38647,90'+4',"second half, stoppage time",0,1
S-6673,WC-2014,M-2014-28,T-31,1,0,P-04224,46',second half,1,0
S-6674,WC-2014,M-2014-28,T-31,1,0,P-67414,46',second half,0,1
S-6675,WC-2014,M-2014-28,T-32,0,1,P-66316,52',second half,1,0
S-6676,WC-2014,M-2014-28,T-32,0,1,P-31765,52',second half,0,1
S-6677,WC-2014,M-2014-28,T-31,1,0,P-63673,69',second half,1,0
S-6678,WC-2014,M-2014-28,T-31,1,0,P-27787,69',second half,0,1
S-6679,WC-2014,M-2014-28,T-31,1,0,P-13029,70',second half,1,0
S-6680,WC-2014,M-2014-28,T-31,1,0,P-43400,70',second half,0,1
S-6681,WC-2014,M-2014-28,T-32,0,1,P-48310,72',second half,1,0
S-6682,WC-2014,M-2014-28,T-32,0,1,P-31813,72',second half,0,1
S-6683,WC-2014,M-2014-28,T-32,0,1,P-96497,78',second half,1,0
S-6684,WC-2014,M-2014-28,T-32,0,1,P-89904,78',second half,0,1
S-6685,WC-2014,M-2014-29,T-08,0,1,P-03146,57',second half,1,0
S-6686,WC-2014,M-2014-29,T-08,0,1,P-43723,57',second half,0,1
S-6687,WC-2014,M-2014-29,T-08,0,1,P-74278,58',second half,1,0
S-6688,WC-2014,M-2014-29,T-08,0,1,P-94434,58',second half,0,1
S-6689,WC-2014,M-2014-29,T-08,0,1,P-34727,64',second half,1,0
S-6690,WC-2014,M-2014-29,T-08,0,1,P-85929,64',second half,0,1
S-6691,WC-2014,M-2014-29,T-50,1,0,P-19591,65',second half,1,0
S-6692,WC-2014,M-2014-29,T-50,1,0,P-03886,65',second half,0,1
S-6693,WC-2014,M-2014-29,T-50,1,0,P-66596,75',second half,1,0
S-6694,WC-2014,M-2014-29,T-50,1,0,P-28119,75',second half,0,1
S-6695,WC-2014,M-2014-30,T-06,1,0,P-92866,31',first half,1,0
S-6696,WC-2014,M-2014-30,T-06,1,0,P-64049,31',first half,0,1
S-6697,WC-2014,M-2014-30,T-06,1,0,P-72637,57',second half,1,0
S-6698,WC-2014,M-2014-30,T-06,1,0,P-77619,57',second half,0,1
S-6699,WC-2014,M-2014-30,T-62,0,1,P-21554,62',second half,1,0
S-6700,WC-2014,M-2014-30,T-62,0,1,P-98872,62',second half,0,1
S-6701,WC-2014,M-2014-30,T-06,1,0,P-84852,75',second half,1,0
S-6702,WC-2014,M-2014-30,T-06,1,0,P-25209,75',second half,0,1
S-6703,WC-2014,M-2014-30,T-62,0,1,P-27894,83',second half,1,0
S-6704,WC-2014,M-2014-30,T-62,0,1,P-69896,83',second half,0,1
S-6705,WC-2014,M-2014-30,T-62,0,1,P-06356,90',second half,1,0
S-6706,WC-2014,M-2014-30,T-62,0,1,P-89971,90',second half,0,1
S-6707,WC-2014,M-2014-31,T-71,1,0,P-06608,57',second half,1,0
S-6708,WC-2014,M-2014-31,T-71,1,0,P-15736,57',second half,0,1
S-6709,WC-2014,M-2014-31,T-71,1,0,P-40927,64',second half,1,0
S-6710,WC-2014,M-2014-31,T-71,1,0,P-71308,64',second half,0,1
S-6711,WC-2014,M-2014-31,T-01,0,1,P-59147,73',second half,1,0
S-6712,WC-2014,M-2014-31,T-01,0,1,P-31598,73',second half,0,1
S-6713,WC-2014,M-2014-31,T-01,0,1,P-24983,77',second half,1,0
S-6714,WC-2014,M-2014-31,T-01,0,1,P-23484,77',second half,0,1
S-6715,WC-2014,M-2014-31,T-71,1,0,P-29447,78',second half,1,0
S-6716,WC-2014,M-2014-31,T-71,1,0,P-03922,78',second half,0,1
S-6717,WC-2014,M-2014-31,T-01,0,1,P-21116,89',second half,1,0
S-6718,WC-2014,M-2014-31,T-01,0,1,P-41251,89',second half,0,1
S-6719,WC-2014,M-2014-32,T-58,0,1,P-83900,16',first half,1,0
S-6720,WC-2014,M-2014-32,T-58,0,1,P-20926,16',first half,0,1
S-6721,WC-2014,M-2014-32,T-58,0,1,P-75772,46',second half,1,0
S-6722,WC-2014,M-2014-32,T-58,0,1,P-44689,46',second half,0,1
S-6723,WC-2014,M-2014-32,T-58,0,1,P-88101,69',second half,1,0
S-6724,WC-2014,M-2014-32,T-58,0,1,P-25600,69',second half,0,1
S-6725,WC-2014,M-2014-32,T-83,1,0,P-09053,72',second half,1,0
S-6726,WC-2014,M-2014-32,T-83,1,0,P-95273,72',second half,0,1
S-6727,WC-2014,M-2014-32,T-83,1,0,P-18672,87',second half,1,0
S-6728,WC-2014,M-2014-32,T-83,1,0,P-78024,87',second half,0,1
S-6729,WC-2014,M-2014-32,T-83,1,0,P-51653,90'+1',"second half, stoppage time",1,0
S-6730,WC-2014,M-2014-32,T-83,1,0,P-20244,90'+1',"second half, stoppage time",0,1
S-6731,WC-2014,M-2014-33,T-04,1,0,P-81067,46',second half,1,0
S-6732,WC-2014,M-2014-33,T-04,1,0,P-65381,46',second half,0,1
S-6733,WC-2014,M-2014-33,T-73,0,1,P-49097,56',second half,1,0
S-6734,WC-2014,M-2014-33,T-73,0,1,P-47597,56',second half,0,1
S-6735,WC-2014,M-2014-33,T-04,1,0,P-84412,61',second half,1,0
S-6736,WC-2014,M-2014-33,T-04,1,0,P-09100,61',second half,0,1
S-6737,WC-2014,M-2014-33,T-73,0,1,P-98074,68',second half,1,0
S-6738,WC-2014,M-2014-33,T-73,0,1,P-81297,68',second half,0,1
S-6739,WC-2014,M-2014-33,T-04,1,0,P-52319,72',second half,1,0
S-6740,WC-2014,M-2014-33,T-04,1,0,P-84486,72',second half,0,1
S-6741,WC-2014,M-2014-33,T-73,0,1,P-73924,83',second half,1,0
S-6742,WC-2014,M-2014-33,T-73,0,1,P-64102,83',second half,0,1
S-6743,WC-2014,M-2014-34,T-13,0,1,P-92626,46',second half,1,0
S-6744,WC-2014,M-2014-34,T-13,0,1,P-74480,46',second half,0,1
S-6745,WC-2014,M-2014-34,T-48,1,0,P-62029,69',second half,1,0
S-6746,WC-2014,M-2014-34,T-48,1,0,P-27540,69',second half,0,1
S-6747,WC-2014,M-2014-34,T-13,0,1,P-94202,70',second half,1,0
S-6748,WC-2014,M-2014-34,T-13,0,1,P-65631,70',second half,0,1
S-6749,WC-2014,M-2014-34,T-48,1,0,P-51336,75',second half,1,0
S-6750,WC-2014,M-2014-34,T-48,1,0,P-20877,75',second half,0,1
S-6751,WC-2014,M-2014-34,T-13,0,1,P-36808,81',second half,1,0
S-6752,WC-2014,M-2014-34,T-13,0,1,P-89582,81',second half,0,1
S-6753,WC-2014,M-2014-34,T-48,1,0,P-33312,89',second half,1,0
S-6754,WC-2014,M-2014-34,T-48,1,0,P-70414,89',second half,0,1
S-6755,WC-2014,M-2014-35,T-09,0,1,P-54013,46',second half,1,0
S-6756,WC-2014,M-2014-35,T-09,0,1,P-41758,46',second half,0,1
S-6757,WC-2014,M-2014-35,T-11,1,0,P-65896,58',second half,1,0
S-6758,WC-2014,M-2014-35,T-11,1,0,P-72737,58',second half,0,1
S-6759,WC-2014,M-2014-35,T-09,0,1,P-86524,63',second half,1,0
S-6760,WC-2014,M-2014-35,T-09,0,1,P-86499,63',second half,0,1
S-6761,WC-2014,M-2014-35,T-09,0,1,P-87008,71',second half,1,0
S-6762,WC-2014,M-2014-35,T-09,0,1,P-62621,71',second half,0,1
S-6763,WC-2014,M-2014-35,T-11,1,0,P-53452,72',second half,1,0
S-6764,WC-2014,M-2014-35,T-11,1,0,P-10830,72',second half,0,1
S-6765,WC-2014,M-2014-35,T-11,1,0,P-06117,81',second half,1,0
S-6766,WC-2014,M-2014-35,T-11,1,0,P-67012,81',second half,0,1
S-6767,WC-2014,M-2014-36,T-18,1,0,P-65425,58',second half,1,0
S-6768,WC-2014,M-2014-36,T-18,1,0,P-07670,58',second half,0,1
S-6769,WC-2014,M-2014-36,T-46,0,1,P-77047,62',second half,1,0
S-6770,WC-2014,M-2014-36,T-46,0,1,P-36515,62',second half,0,1
S-6771,WC-2014,M-2014-36,T-18,1,0,P-13265,69',second half,1,0
S-6772,WC-2014,M-2014-36,T-18,1,0,P-44463,69',second half,0,1
S-6773,WC-2014,M-2014-36,T-18,1,0,P-52946,74',second half,1,0
S-6774,WC-2014,M-2014-36,T-18,1,0,P-65367,74',second half,0,1
S-6775,WC-2014,M-2014-36,T-46,0,1,P-83642,79',second half,1,0
S-6776,WC-2014,M-2014-36,T-46,0,1,P-77489,79',second half,0,1
S-6777,WC-2014,M-2014-36,T-46,0,1,P-40312,84',second half,1,0
S-6778,WC-2014,M-2014-36,T-46,0,1,P-36687,84',second half,0,1
S-6779,WC-2014,M-2014-37,T-17,1,0,P-21246,59',second half,1,0
S-6780,WC-2014,M-2014-37,T-17,1,0,P-57722,59',second half,0,1
S-6781,WC-2014,M-2014-37,T-28,0,1,P-22075,62',second half,1,0
S-6782,WC-2014,M-2014-37,T-28,0,1,P-21553,62',second half,0,1
S-6783,WC-2014,M-2014-37,T-17,1,0,P-70812,65',second half,1,0
S-6784,WC-2014,M-2014-37,T-17,1,0,P-11307,65',second half,0,1
S-6785,WC-2014,M-2014-37,T-28,0,1,P-39063,73',second half,1,0
S-6786,WC-2014,M-2014-37,T-28,0,1,P-62157,73',second half,0,1
S-6787,WC-2014,M-2014-37,T-28,0,1,P-95616,76',second half,1,0
S-6788,WC-2014,M-2014-37,T-28,0,1,P-99967,76',second half,0,1
S-6789,WC-2014,M-2014-37,T-17,1,0,P-11767,78',second half,1,0
S-6790,WC-2014,M-2014-37,T-17,1,0,P-74906,78',second half,0,1
S-6791,WC-2014,M-2014-38,T-41,1,0,P-16785,46',second half,1,0
S-6792,WC-2014,M-2014-38,T-84,0,1,P-36662,46',second half,1,0
S-6793,WC-2014,M-2014-38,T-41,1,0,P-61270,46',second half,0,1
S-6794,WC-2014,M-2014-38,T-84,0,1,P-41944,46',second half,0,1
S-6795,WC-2014,M-2014-38,T-84,0,1,P-11075,63',second half,1,0
S-6796,WC-2014,M-2014-38,T-84,0,1,P-25776,63',second half,0,1
S-6797,WC-2014,M-2014-38,T-41,1,0,P-01078,71',second half,1,0
S-6798,WC-2014,M-2014-38,T-41,1,0,P-04221,71',second half,0,1
S-6799,WC-2014,M-2014-38,T-41,1,0,P-43029,75',second half,1,0
S-6800,WC-2014,M-2014-38,T-41,1,0,P-32717,75',second half,0,1
S-6801,WC-2014,M-2014-38,T-84,0,1,P-14180,78',second half,1,0
S-6802,WC-2014,M-2014-38,T-84,0,1,P-79723,78',second half,0,1
S-6803,WC-2014,M-2014-39,T-16,0,1,P-83216,46',second half,1,0
S-6804,WC-2014,M-2014-39,T-16,0,1,P-14499,46',second half,1,0
S-6805,WC-2014,M-2014-39,T-16,0,1,P-76077,46',second half,0,1
S-6806,WC-2014,M-2014-39,T-16,0,1,P-89392,46',second half,0,1
S-6807,WC-2014,M-2014-39,T-44,1,0,P-70237,62',second half,1,0
S-6808,WC-2014,M-2014-39,T-44,1,0,P-41027,62',second half,0,1
S-6809,WC-2014,M-2014-39,T-44,1,0,P-84807,69',second half,1,0
S-6810,WC-2014,M-2014-39,T-44,1,0,P-75667,69',second half,0,1
S-6811,WC-2014,M-2014-39,T-44,1,0,P-36964,85',second half,1,0
S-6812,WC-2014,M-2014-39,T-16,0,1,P-94838,85',second half,1,0
S-6813,WC-2014,M-2014-39,T-44,1,0,P-42018,85',second half,0,1
S-6814,WC-2014,M-2014-39,T-16,0,1,P-02080,85',second half,0,1
S-6815,WC-2014,M-2014-40,T-33,1,0,P-91614,12',first half,1,0
S-6816,WC-2014,M-2014-40,T-33,1,0,P-30845,12',first half,0,1
S-6817,WC-2014,M-2014-40,T-33,1,0,P-01064,24',first half,1,0
S-6818,WC-2014,M-2014-40,T-33,1,0,P-34712,24',first half,0,1
S-6819,WC-2014,M-2014-40,T-42,0,1,P-19801,61',second half,1,0
S-6820,WC-2014,M-2014-40,T-42,0,1,P-84532,61',second half,0,1
S-6821,WC-2014,M-2014-40,T-33,1,0,P-17698,78',second half,1,0
S-6822,WC-2014,M-2014-40,T-42,0,1,P-99466,78',second half,1,0
S-6823,WC-2014,M-2014-40,T-33,1,0,P-56893,78',second half,0,1
S-6824,WC-2014,M-2014-40,T-42,0,1,P-07076,78',second half,0,1
S-6825,WC-2014,M-2014-40,T-42,0,1,P-33586,83',second half,1,0
S-6826,WC-2014,M-2014-40,T-42,0,1,P-33115,83',second half,0,1
S-6827,WC-2014,M-2014-41,T-38,0,1,P-00111,46',second half,1,0
S-6828,WC-2014,M-2014-41,T-38,0,1,P-82213,46',second half,0,1
S-6829,WC-2014,M-2014-41,T-08,1,0,P-15457,61',second half,1,0
S-6830,WC-2014,M-2014-41,T-08,1,0,P-52464,61',second half,0,1
S-6831,WC-2014,M-2014-41,T-38,0,1,P-75785,63',second half,1,0
S-6832,WC-2014,M-2014-41,T-38,0,1,P-98775,63',second half,0,1
S-6833,WC-2014,M-2014-41,T-38,0,1,P-84406,68',second half,1,0
S-6834,WC-2014,M-2014-41,T-38,0,1,P-53957,68',second half,0,1
S-6835,WC-2014,M-2014-41,T-08,1,0,P-85929,79',second half,1,0
S-6836,WC-2014,M-2014-41,T-08,1,0,P-94434,79',second half,0,1
S-6837,WC-2014,M-2014-41,T-08,1,0,P-31839,85',second half,1,0
S-6838,WC-2014,M-2014-41,T-08,1,0,P-55809,85',second half,0,1
S-6839,WC-2014,M-2014-42,T-03,0,1,P-36870,38',first half,1,0
S-6840,WC-2014,M-2014-42,T-03,0,1,P-69953,38',first half,0,1
S-6841,WC-2014,M-2014-42,T-03,0,1,P-14758,63',second half,1,0
S-6842,WC-2014,M-2014-42,T-03,0,1,P-58741,63',second half,0,1
S-6843,WC-2014,M-2014-42,T-50,1,0,P-66596,66',second half,1,0
S-6844,WC-2014,M-2014-42,T-50,1,0,P-15097,66',second half,0,1
S-6845,WC-2014,M-2014-42,T-50,1,0,P-70006,80',second half,1,0
S-6846,WC-2014,M-2014-42,T-50,1,0,P-97867,80',second half,0,1
S-6847,WC-2014,M-2014-42,T-03,0,1,P-29398,90',second half,1,0
S-6848,WC-2014,M-2014-42,T-03,0,1,P-38647,90',second half,0,1
S-6849,WC-2014,M-2014-43,T-35,1,0,P-38682,40',first half,1,0
S-6850,WC-2014,M-2014-43,T-35,1,0,P-73160,40',first half,0,1
S-6851,WC-2014,M-2014-43,T-35,1,0,P-53060,46',second half,1,0
S-6852,WC-2014,M-2014-43,T-35,1,0,P-36601,46',second half,0,1
S-6853,WC-2014,M-2014-43,T-75,0,1,P-07453,74',second half,1,0
S-6854,WC-2014,M-2014-43,T-75,0,1,P-07180,74',second half,0,1
S-6855,WC-2014,M-2014-43,T-35,1,0,P-93922,77',second half,1,0
S-6856,WC-2014,M-2014-43,T-75,0,1,P-77224,77',second half,1,0
S-6857,WC-2014,M-2014-43,T-35,1,0,P-34878,77',second half,0,1
S-6858,WC-2014,M-2014-43,T-75,0,1,P-95507,77',second half,0,1
S-6859,WC-2014,M-2014-43,T-75,0,1,P-39460,87',second half,1,0
S-6860,WC-2014,M-2014-43,T-75,0,1,P-35818,87',second half,0,1
S-6861,WC-2014,M-2014-44,T-30,0,1,P-71633,61',second half,1,0
S-6862,WC-2014,M-2014-44,T-30,0,1,P-42326,61',second half,0,1
S-6863,WC-2014,M-2014-44,T-25,1,0,P-55935,63',second half,1,0
S-6864,WC-2014,M-2014-44,T-25,1,0,P-73520,63',second half,0,1
S-6865,WC-2014,M-2014-44,T-30,0,1,P-04964,67',second half,1,0
S-6866,WC-2014,M-2014-44,T-30,0,1,P-89750,67',second half,0,1
S-6867,WC-2014,M-2014-44,T-30,0,1,P-90908,79',second half,1,0
S-6868,WC-2014,M-2014-44,T-30,0,1,P-21776,79',second half,0,1
S-6869,WC-2014,M-2014-44,T-25,1,0,P-65206,82',second half,1,0
S-6870,WC-2014,M-2014-44,T-25,1,0,P-29870,82',second half,0,1
S-6871,WC-2014,M-2014-44,T-25,1,0,P-33117,89',second half,1,0
S-6872,WC-2014,M-2014-44,T-25,1,0,P-79710,89',second half,0,1
S-6873,WC-2014,M-2014-45,T-58,1,0,P-17971,61',second half,1,0
S-6874,WC-2014,M-2014-45,T-58,1,0,P-25600,61',second half,0,1
S-6875,WC-2014,M-2014-45,T-58,1,0,P-20926,69',second half,1,0
S-6876,WC-2014,M-2014-45,T-58,1,0,P-23990,69',second half,0,1
S-6877,WC-2014,M-2014-45,T-32,0,1,P-24388,71',second half,1,0
S-6878,WC-2014,M-2014-45,T-32,0,1,P-31765,71',second half,0,1
S-6879,WC-2014,M-2014-45,T-32,0,1,P-96497,76',second half,1,0
S-6880,WC-2014,M-2014-45,T-32,0,1,P-63370,76',second half,0,1
S-6881,WC-2014,M-2014-45,T-32,0,1,P-01945,81',second half,1,0
S-6882,WC-2014,M-2014-45,T-32,0,1,P-31813,81',second half,0,1
S-6883,WC-2014,M-2014-45,T-58,1,0,P-27059,89',second half,1,0
S-6884,WC-2014,M-2014-45,T-58,1,0,P-37990,89',second half,0,1
S-6885,WC-2014,M-2014-46,T-31,0,1,P-36287,46',second half,1,0
S-6886,WC-2014,M-2014-46,T-31,0,1,P-27787,46',second half,0,1
S-6887,WC-2014,M-2014-46,T-83,1,0,P-41052,59',second half,1,0
S-6888,WC-2014,M-2014-46,T-83,1,0,P-09053,59',second half,0,1
S-6889,WC-2014,M-2014-46,T-31,0,1,P-43400,76',second half,1,0
S-6890,WC-2014,M-2014-46,T-31,0,1,P-63673,76',second half,0,1
S-6891,WC-2014,M-2014-46,T-83,1,0,P-51653,84',second half,1,0
S-6892,WC-2014,M-2014-46,T-83,1,0,P-95273,84',second half,0,1
S-6893,WC-2014,M-2014-46,T-31,0,1,P-12818,89',second half,1,0
S-6894,WC-2014,M-2014-46,T-31,0,1,P-46979,89',second half,0,1
S-6895,WC-2014,M-2014-47,T-62,0,1,P-30808,46',second half,1,0
S-6896,WC-2014,M-2014-47,T-62,0,1,P-76640,46',second half,0,1
S-6897,WC-2014,M-2014-47,T-62,0,1,P-27894,67',second half,1,0
S-6898,WC-2014,M-2014-47,T-62,0,1,P-69896,67',second half,0,1
S-6899,WC-2014,M-2014-47,T-01,1,0,P-24983,71',second half,1,0
S-6900,WC-2014,M-2014-47,T-01,1,0,P-70560,71',second half,0,1
S-6901,WC-2014,M-2014-47,T-01,1,0,P-59147,77',second half,1,0
S-6902,WC-2014,M-2014-47,T-01,1,0,P-31598,77',second half,0,1
S-6903,WC-2014,M-2014-47,T-62,0,1,P-89971,81',second half,1,0
S-6904,WC-2014,M-2014-47,T-62,0,1,P-12197,81',second half,0,1
S-6905,WC-2014,M-2014-47,T-01,1,0,P-59199,90'+2',"second half, stoppage time",1,0
S-6906,WC-2014,M-2014-47,T-01,1,0,P-63360,90'+2',"second half, stoppage time",0,1
S-6907,WC-2014,M-2014-48,T-71,1,0,P-29447,46',second half,1,0
S-6908,WC-2014,M-2014-48,T-71,1,0,P-71308,46',second half,0,1
S-6909,WC-2014,M-2014-48,T-06,0,1,P-84852,60',second half,1,0
S-6910,WC-2014,M-2014-48,T-06,0,1,P-15896,60',second half,1,0
S-6911,WC-2014,M-2014-48,T-06,0,1,P-69919,60',second half,0,1
S-6912,WC-2014,M-2014-48,T-06,0,1,P-77619,60',second half,0,1
S-6913,WC-2014,M-2014-48,T-71,1,0,P-15736,66',second half,1,0
S-6914,WC-2014,M-2014-48,T-71,1,0,P-16139,66',second half,0,1
S-6915,WC-2014,M-2014-48,T-71,1,0,P-77335,73',second half,1,0
S-6916,WC-2014,M-2014-48,T-71,1,0,P-03922,73',second half,0,1
S-6917,WC-2014,M-2014-48,T-06,0,1,P-25209,88',second half,1,0
S-6918,WC-2014,M-2014-48,T-06,0,1,P-72011,88',second half,0,1
S-6919,WC-2014,M-2014-49,T-13,0,1,P-36808,57',second half,1,0
S-6920,WC-2014,M-2014-49,T-13,0,1,P-92626,57',second half,0,1
S-6921,WC-2014,M-2014-49,T-09,1,0,P-54042,64',second half,1,0
S-6922,WC-2014,M-2014-49,T-09,1,0,P-37372,64',second half,0,1
S-6923,WC-2014,M-2014-49,T-09,1,0,P-41758,72',second half,1,0
S-6924,WC-2014,M-2014-49,T-09,1,0,P-86499,72',second half,0,1
S-6925,WC-2014,M-2014-49,T-13,0,1,P-41001,87',second half,1,0
S-6926,WC-2014,M-2014-49,T-13,0,1,P-89582,87',second half,0,1
S-6927,WC-2014,M-2014-49,T-09,1,0,P-37239,106',"extra time, second half",1,0
S-6928,WC-2014,M-2014-49,T-09,1,0,P-62621,106',"extra time, second half",0,1
S-6929,WC-2014,M-2014-49,T-13,0,1,P-49014,108',"extra time, second half",1,0
S-6930,WC-2014,M-2014-49,T-13,0,1,P-03193,108',"extra time, second half",0,1
S-6931,WC-2014,M-2014-50,T-84,0,1,P-11075,53',second half,1,0
S-6932,WC-2014,M-2014-50,T-84,0,1,P-86087,53',second half,1,0
S-6933,WC-2014,M-2014-50,T-84,0,1,P-25776,53',second half,0,1
S-6934,WC-2014,M-2014-50,T-84,0,1,P-79723,53',second half,0,1
S-6935,WC-2014,M-2014-50,T-84,0,1,P-21702,67',second half,1,0
S-6936,WC-2014,M-2014-50,T-84,0,1,P-94155,67',second half,0,1
S-6937,WC-2014,M-2014-50,T-16,1,0,P-77705,68',second half,1,0
S-6938,WC-2014,M-2014-50,T-16,1,0,P-01538,68',second half,0,1
S-6939,WC-2014,M-2014-50,T-16,1,0,P-83216,81',second half,1,0
S-6940,WC-2014,M-2014-50,T-16,1,0,P-66638,81',second half,0,1
S-6941,WC-2014,M-2014-50,T-16,1,0,P-89392,85',second half,1,0
S-6942,WC-2014,M-2014-50,T-16,1,0,P-73564,85',second half,0,1
S-6943,WC-2014,M-2014-51,T-48,1,0,P-53668,9',first half,1,0
S-6944,WC-2014,M-2014-51,T-48,1,0,P-69329,9',first half,0,1
S-6945,WC-2014,M-2014-51,T-46,0,1,P-21208,46',second half,1,0
S-6946,WC-2014,M-2014-51,T-46,0,1,P-03287,46',second half,0,1
S-6947,WC-2014,M-2014-51,T-48,1,0,P-26380,56',second half,1,0
S-6948,WC-2014,M-2014-51,T-48,1,0,P-27540,56',second half,0,1
S-6949,WC-2014,M-2014-51,T-46,0,1,P-77047,61',second half,1,0
S-6950,WC-2014,M-2014-51,T-46,0,1,P-77419,61',second half,0,1
S-6951,WC-2014,M-2014-51,T-46,0,1,P-83642,75',second half,1,0
S-6952,WC-2014,M-2014-51,T-46,0,1,P-36515,75',second half,0,1
S-6953,WC-2014,M-2014-51,T-48,1,0,P-99934,76',second half,1,0
S-6954,WC-2014,M-2014-51,T-48,1,0,P-64344,76',second half,0,1
S-6955,WC-2014,M-2014-52,T-33,0,1,P-30845,58',second half,1,0
S-6956,WC-2014,M-2014-52,T-33,0,1,P-97050,58',second half,0,1
S-6957,WC-2014,M-2014-52,T-17,1,0,P-24978,66',second half,1,0
S-6958,WC-2014,M-2014-52,T-17,1,0,P-71361,66',second half,0,1
S-6959,WC-2014,M-2014-52,T-33,0,1,P-75292,69',second half,1,0
S-6960,WC-2014,M-2014-52,T-33,0,1,P-56893,69',second half,0,1
S-6961,WC-2014,M-2014-52,T-17,1,0,P-26483,77',second half,1,0
S-6962,WC-2014,M-2014-52,T-17,1,0,P-65320,77',second half,0,1
S-6963,WC-2014,M-2014-52,T-33,0,1,P-96319,78',second half,1,0
S-6964,WC-2014,M-2014-52,T-33,0,1,P-52378,78',second half,0,1
S-6965,WC-2014,M-2014-52,T-17,1,0,P-57722,83',second half,1,0
S-6966,WC-2014,M-2014-52,T-17,1,0,P-21246,83',second half,0,1
S-6967,WC-2014,M-2014-53,T-50,0,1,P-94774,59',second half,1,0
S-6968,WC-2014,M-2014-53,T-50,0,1,P-94823,59',second half,0,1
S-6969,WC-2014,M-2014-53,T-30,1,0,P-89750,62',second half,1,0
S-6970,WC-2014,M-2014-53,T-30,1,0,P-90908,62',second half,0,1
S-6971,WC-2014,M-2014-53,T-50,0,1,P-26900,89',second half,1,0
S-6972,WC-2014,M-2014-53,T-50,0,1,P-97867,89',second half,0,1
S-6973,WC-2014,M-2014-53,T-30,1,0,P-84312,90'+4',"second half, stoppage time",1,0
S-6974,WC-2014,M-2014-53,T-30,1,0,P-07870,90'+4',"second half, stoppage time",0,1
S-6975,WC-2014,M-2014-54,T-31,1,0,P-63673,46',second half,1,0
S-6976,WC-2014,M-2014-54,T-31,1,0,P-46979,46',second half,0,1
S-6977,WC-2014,M-2014-54,T-31,1,0,P-67414,70',second half,1,0
S-6978,WC-2014,M-2014-54,T-31,1,0,P-13029,70',second half,0,1
S-6979,WC-2014,M-2014-54,T-01,0,1,P-83421,78',second half,1,0
S-6980,WC-2014,M-2014-54,T-01,0,1,P-24983,78',second half,0,1
S-6981,WC-2014,M-2014-54,T-01,0,1,P-19453,97',"extra time, first half",1,0
S-6982,WC-2014,M-2014-54,T-01,0,1,P-21116,97',"extra time, first half",0,1
S-6983,WC-2014,M-2014-54,T-01,0,1,P-63360,100',"extra time, first half",1,0
S-6984,WC-2014,M-2014-54,T-01,0,1,P-59147,100',"extra time, first half",0,1
S-6985,WC-2014,M-2014-54,T-31,1,0,P-43400,109',"extra time, second half",1,0
S-6986,WC-2014,M-2014-54,T-31,1,0,P-42177,109',"extra time, second half",0,1
S-6987,WC-2014,M-2014-55,T-75,0,1,P-77224,66',second half,1,0
S-6988,WC-2014,M-2014-55,T-75,0,1,P-77553,66',second half,0,1
S-6989,WC-2014,M-2014-55,T-03,1,0,P-69953,74',second half,1,0
S-6990,WC-2014,M-2014-55,T-03,1,0,P-27419,74',second half,0,1
S-6991,WC-2014,M-2014-55,T-75,0,1,P-07453,82',second half,1,0
S-6992,WC-2014,M-2014-55,T-75,0,1,P-07180,82',second half,0,1
S-6993,WC-2014,M-2014-55,T-03,1,0,P-18222,105'+1',"extra time, first half, stoppage time",1,0
S-6994,WC-2014,M-2014-55,T-03,1,0,P-38424,105'+1',"extra time, first half, stoppage time",0,1
S-6995,WC-2014,M-2014-55,T-03,1,0,P-51894,106',"extra time, second half",1,0
S-6996,WC-2014,M-2014-55,T-03,1,0,P-38647,106',"extra time, second half",0,1
S-6997,WC-2014,M-2014-55,T-75,0,1,P-51579,113',"extra time, second half",1,0
S-6998,WC-2014,M-2014-55,T-75,0,1,P-35818,113',"extra time, second half",0,1
S-6999,WC-2014,M-2014-56,T-83,0,1,P-71933,32',first half,1,0
S-7000,WC-2014,M-2014-56,T-83,0,1,P-95273,32',first half,0,1
S-7001,WC-2014,M-2014-56,T-06,1,0,P-84852,60',second half,1,0
S-7002,WC-2014,M-2014-56,T-06,1,0,P-25209,60',second half,0,1
S-7003,WC-2014,M-2014-56,T-83,0,1,P-51653,72',second half,1,0
S-7004,WC-2014,M-2014-56,T-83,0,1,P-78024,72',second half,0,1
S-7005,WC-2014,M-2014-56,T-06,1,0,P-77619,91',"extra time, first half",1,0
S-7006,WC-2014,M-2014-56,T-06,1,0,P-72637,91',"extra time, first half",0,1
S-7007,WC-2014,M-2014-56,T-83,0,1,P-09053,105'+2',"extra time, first half, stoppage time",1,0
S-7008,WC-2014,M-2014-56,T-83,0,1,P-91438,105'+2',"extra time, first half, stoppage time",0,1
S-7009,WC-2014,M-2014-56,T-06,1,0,P-72011,111',"extra time, second half",1,0
S-7010,WC-2014,M-2014-56,T-06,1,0,P-69919,111',"extra time, second half",0,1
S-7011,WC-2014,M-2014-57,T-31,0,1,P-27787,68',second half,1,0
S-7012,WC-2014,M-2014-57,T-31,0,1,P-46979,68',second half,0,1
S-7013,WC-2014,M-2014-57,T-30,1,0,P-71633,72',second half,1,0
S-7014,WC-2014,M-2014-57,T-30,1,0,P-91114,72',second half,0,1
S-7015,WC-2014,M-2014-57,T-30,1,0,P-67867,74',second half,1,0
S-7016,WC-2014,M-2014-57,T-30,1,0,P-21776,74',second half,0,1
S-7017,WC-2014,M-2014-57,T-31,0,1,P-12818,83',second half,1,0
S-7018,WC-2014,M-2014-57,T-31,0,1,P-63673,83',second half,0,1
S-7019,WC-2014,M-2014-57,T-30,1,0,P-84312,84',second half,1,0
S-7020,WC-2014,M-2014-57,T-30,1,0,P-89750,84',second half,0,1
S-7021,WC-2014,M-2014-57,T-31,0,1,P-39356,90'+3',"second half, stoppage time",1,0
S-7022,WC-2014,M-2014-57,T-31,0,1,P-42177,90'+3',"second half, stoppage time",0,1
S-7023,WC-2014,M-2014-58,T-16,0,1,P-99957,46',second half,1,0
S-7024,WC-2014,M-2014-58,T-16,0,1,P-73564,46',second half,0,1
S-7025,WC-2014,M-2014-58,T-16,0,1,P-77705,70',second half,1,0
S-7026,WC-2014,M-2014-58,T-16,0,1,P-12476,70',second half,0,1
S-7027,WC-2014,M-2014-58,T-16,0,1,P-83216,80',second half,1,0
S-7028,WC-2014,M-2014-58,T-16,0,1,P-14499,80',second half,0,1
S-7029,WC-2014,M-2014-58,T-09,1,0,P-86524,82',second half,1,0
S-7030,WC-2014,M-2014-58,T-09,1,0,P-86499,82',second half,0,1
S-7031,WC-2014,M-2014-58,T-09,1,0,P-54013,86',second half,1,0
S-7032,WC-2014,M-2014-58,T-09,1,0,P-02974,86',second half,0,1
S-7033,WC-2014,M-2014-58,T-09,1,0,P-87008,88',second half,1,0
S-7034,WC-2014,M-2014-58,T-09,1,0,P-68649,88',second half,0,1
S-7035,WC-2014,M-2014-59,T-03,1,0,P-42113,33',first half,1,0
S-7036,WC-2014,M-2014-59,T-03,1,0,P-69019,33',first half,0,1
S-7037,WC-2014,M-2014-59,T-06,0,1,P-77619,59',second half,1,0
S-7038,WC-2014,M-2014-59,T-06,0,1,P-72637,59',second half,0,1
S-7039,WC-2014,M-2014-59,T-06,0,1,P-25209,60',second half,1,0
S-7040,WC-2014,M-2014-59,T-06,0,1,P-84852,60',second half,0,1
S-7041,WC-2014,M-2014-59,T-03,1,0,P-69953,71',second half,1,0
S-7042,WC-2014,M-2014-59,T-03,1,0,P-27419,71',second half,0,1
S-7043,WC-2014,M-2014-59,T-06,0,1,P-72011,75',second half,1,0
S-7044,WC-2014,M-2014-59,T-06,0,1,P-69919,75',second half,0,1
S-7045,WC-2014,M-2014-59,T-03,1,0,P-29398,81',second half,1,0
S-7046,WC-2014,M-2014-59,T-03,1,0,P-51894,81',second half,0,1
S-7047,WC-2014,M-2014-60,T-17,0,1,P-70812,66',second half,1,0
S-7048,WC-2014,M-2014-60,T-17,0,1,P-11307,66',second half,0,1
S-7049,WC-2014,M-2014-60,T-48,1,0,P-27540,76',second half,1,0
S-7050,WC-2014,M-2014-60,T-48,1,0,P-62029,76',second half,0,1
S-7051,WC-2014,M-2014-60,T-17,0,1,P-26483,79',second half,1,0
S-7052,WC-2014,M-2014-60,T-17,0,1,P-39550,79',second half,0,1
S-7053,WC-2014,M-2014-60,T-17,0,1,P-24978,97',"extra time, first half",1,0
S-7054,WC-2014,M-2014-60,T-17,0,1,P-71361,97',"extra time, first half",0,1
S-7055,WC-2014,M-2014-60,T-48,1,0,P-69329,106',"extra time, second half",1,0
S-7056,WC-2014,M-2014-60,T-48,1,0,P-64344,106',"extra time, second half",0,1
S-7057,WC-2014,M-2014-60,T-48,1,0,P-68395,120'+1',"extra time, second half, stoppage time",1,0
S-7058,WC-2014,M-2014-60,T-48,1,0,P-42745,120'+1',"extra time, second half, stoppage time",0,1
S-7059,WC-2014,M-2014-61,T-09,1,0,P-41758,46',second half,1,0
S-7060,WC-2014,M-2014-61,T-09,1,0,P-86524,46',second half,1,0
S-7061,WC-2014,M-2014-61,T-31,0,1,P-81447,46',second half,1,0
S-7062,WC-2014,M-2014-61,T-09,1,0,P-86499,46',second half,0,1
S-7063,WC-2014,M-2014-61,T-09,1,0,P-54013,46',second half,0,1
S-7064,WC-2014,M-2014-61,T-31,0,1,P-02328,46',second half,0,1
S-7065,WC-2014,M-2014-61,T-31,0,1,P-27787,58',second half,1,0
S-7066,WC-2014,M-2014-61,T-31,0,1,P-46979,58',second half,0,1
S-7067,WC-2014,M-2014-61,T-09,1,0,P-54042,70',second half,1,0
S-7068,WC-2014,M-2014-61,T-09,1,0,P-62621,70',second half,0,1
S-7069,WC-2014,M-2014-61,T-31,0,1,P-13029,76',second half,1,0
S-7070,WC-2014,M-2014-61,T-31,0,1,P-21524,76',second half,0,1
S-7071,WC-2014,M-2014-62,T-48,1,0,P-69329,46',second half,1,0
S-7072,WC-2014,M-2014-62,T-48,1,0,P-21790,46',second half,0,1
S-7073,WC-2014,M-2014-62,T-48,1,0,P-53668,62',second half,1,0
S-7074,WC-2014,M-2014-62,T-48,1,0,P-27533,62',second half,0,1
S-7075,WC-2014,M-2014-62,T-03,0,1,P-69019,81',second half,1,0
S-7076,WC-2014,M-2014-62,T-03,0,1,P-27419,81',second half,0,1
S-7077,WC-2014,M-2014-62,T-03,0,1,P-29398,82',second half,1,0
S-7078,WC-2014,M-2014-62,T-03,0,1,P-36870,82',second half,0,1
S-7079,WC-2014,M-2014-62,T-48,1,0,P-99934,96',"extra time, first half",1,0
S-7080,WC-2014,M-2014-62,T-48,1,0,P-64344,96',"extra time, first half",0,1
S-7081,WC-2014,M-2014-62,T-03,0,1,P-69953,101',"extra time, first half",1,0
S-7082,WC-2014,M-2014-62,T-03,0,1,P-33570,101',"extra time, first half",0,1
S-7083,WC-2014,M-2014-63,T-09,1,0,P-43410,46',second half,1,0
S-7084,WC-2014,M-2014-63,T-09,1,0,P-41758,46',second half,0,1
S-7085,WC-2014,M-2014-63,T-09,1,0,P-54013,57',second half,1,0
S-7086,WC-2014,M-2014-63,T-09,1,0,P-02974,57',second half,0,1
S-7087,WC-2014,M-2014-63,T-48,0,1,P-39861,70',second half,1,0
S-7088,WC-2014,M-2014-63,T-48,0,1,P-21790,70',second half,0,1
S-7089,WC-2014,M-2014-63,T-09,1,0,P-86499,73',second half,1,0
S-7090,WC-2014,M-2014-63,T-09,1,0,P-86524,73',second half,0,1
S-7091,WC-2014,M-2014-63,T-48,0,1,P-27533,90',second half,1,0
S-7092,WC-2014,M-2014-63,T-48,0,1,P-91472,90',second half,0,1
S-7093,WC-2014,M-2014-63,T-48,0,1,P-68395,90'+3',"second half, stoppage time",1,0
S-7094,WC-2014,M-2014-63,T-48,0,1,P-32095,90'+3',"second half, stoppage time",0,1
S-7095,WC-2014,M-2014-64,T-31,1,0,P-42177,32',first half,1,0
S-7096,WC-2014,M-2014-64,T-31,1,0,P-46979,32',first half,0,1
S-7097,WC-2014,M-2014-64,T-03,0,1,P-69953,45',first half,1,0
S-7098,WC-2014,M-2014-64,T-03,0,1,P-36870,45',first half,0,1
S-7099,WC-2014,M-2014-64,T-03,0,1,P-29398,78',second half,1,0
S-7100,WC-2014,M-2014-64,T-03,0,1,P-27419,78',second half,0,1
S-7101,WC-2014,M-2014-64,T-03,0,1,P-69019,86',second half,1,0
S-7102,WC-2014,M-2014-64,T-03,0,1,P-51894,86',second half,0,1
S-7103,WC-2014,M-2014-64,T-31,1,0,P-27787,88',second half,1,0
S-7104,WC-2014,M-2014-64,T-31,1,0,P-63673,88',second half,0,1
S-7105,WC-2014,M-2014-64,T-31,1,0,P-12818,120',"extra time, second half",1,0
S-7106,WC-2014,M-2014-64,T-31,1,0,P-02328,120',"extra time, second half",0,1
S-7107,WC-2015,M-2015-01,T-14,0,1,P-59654,42',first half,1,0
S-7108,WC-2015,M-2015-01,T-14,0,1,P-20162,42',first half,0,1
S-7109,WC-2015,M-2015-01,T-12,1,0,P-96231,61',second half,1,0
S-7110,WC-2015,M-2015-01,T-12,1,0,P-96648,61',second half,0,1
S-7111,WC-2015,M-2015-01,T-14,0,1,P-33435,62',second half,1,0
S-7112,WC-2015,M-2015-01,T-14,0,1,P-98819,62',second half,0,1
S-7113,WC-2015,M-2015-01,T-12,1,0,P-36065,71',second half,1,0
S-7114,WC-2015,M-2015-01,T-12,1,0,P-03895,71',second half,0,1
S-7115,WC-2015,M-2015-01,T-12,1,0,P-27120,77',second half,1,0
S-7116,WC-2015,M-2015-01,T-12,1,0,P-16470,77',second half,0,1
S-7117,WC-2015,M-2015-01,T-14,0,1,P-12565,87',second half,1,0
S-7118,WC-2015,M-2015-01,T-14,0,1,P-13961,87',second half,0,1
S-7119,WC-2015,M-2015-02,T-49,1,0,P-24335,67',second half,1,0
S-7120,WC-2015,M-2015-02,T-49,1,0,P-26444,67',second half,0,1
S-7121,WC-2015,M-2015-02,T-49,1,0,P-19118,72',second half,1,0
S-7122,WC-2015,M-2015-02,T-49,1,0,P-83018,72',second half,0,1
S-7123,WC-2015,M-2015-02,T-48,0,1,P-69967,81',second half,1,0
S-7124,WC-2015,M-2015-02,T-48,0,1,P-30342,81',second half,0,1
S-7125,WC-2015,M-2015-02,T-48,0,1,P-53833,84',second half,1,0
S-7126,WC-2015,M-2015-02,T-48,0,1,P-04527,84',second half,0,1
S-7127,WC-2015,M-2015-02,T-48,0,1,P-00336,90'+2',"second half, stoppage time",1,0
S-7128,WC-2015,M-2015-02,T-48,0,1,P-98141,90'+2',"second half, stoppage time",0,1
S-7129,WC-2015,M-2015-03,T-53,1,0,P-54146,46',second half,1,0
S-7130,WC-2015,M-2015-03,T-53,1,0,P-05942,46',second half,0,1
S-7131,WC-2015,M-2015-03,T-76,0,1,P-75728,59',second half,1,0
S-7132,WC-2015,M-2015-03,T-76,0,1,P-42972,59',second half,0,1
S-7133,WC-2015,M-2015-03,T-53,1,0,P-29694,63',second half,1,0
S-7134,WC-2015,M-2015-03,T-53,1,0,P-38110,63',second half,0,1
S-7135,WC-2015,M-2015-03,T-53,1,0,P-70069,69',second half,1,0
S-7136,WC-2015,M-2015-03,T-53,1,0,P-48031,69',second half,0,1
S-7137,WC-2015,M-2015-03,T-76,0,1,P-23964,90',second half,1,0
S-7138,WC-2015,M-2015-03,T-76,0,1,P-34796,90',second half,0,1
S-7139,WC-2015,M-2015-04,T-31,1,0,P-17418,17',first half,1,0
S-7140,WC-2015,M-2015-04,T-31,1,0,P-39260,17',first half,0,1
S-7141,WC-2015,M-2015-04,T-42,0,1,P-24039,38',first half,1,0
S-7142,WC-2015,M-2015-04,T-42,0,1,P-28307,38',first half,0,1
S-7143,WC-2015,M-2015-04,T-31,1,0,P-66612,46',second half,1,0
S-7144,WC-2015,M-2015-04,T-31,1,0,P-29896,46',second half,0,1
S-7145,WC-2015,M-2015-04,T-42,0,1,P-26592,51',second half,1,0
S-7146,WC-2015,M-2015-04,T-42,0,1,P-77510,51',second half,0,1
S-7147,WC-2015,M-2015-04,T-42,0,1,P-39616,72',second half,1,0
S-7148,WC-2015,M-2015-04,T-42,0,1,P-26065,72',second half,0,1
S-7149,WC-2015,M-2015-04,T-31,1,0,P-47092,73',second half,1,0
S-7150,WC-2015,M-2015-04,T-31,1,0,P-27184,73',second half,0,1
S-7151,WC-2015,M-2015-05,T-74,1,0,P-90086,46',second half,1,0
S-7152,WC-2015,M-2015-05,T-74,1,0,P-10653,46',second half,0,1
S-7153,WC-2015,M-2015-05,T-74,1,0,P-71934,57',second half,1,0
S-7154,WC-2015,M-2015-05,T-74,1,0,P-10056,57',second half,0,1
S-7155,WC-2015,M-2015-05,T-74,1,0,P-62801,73',second half,1,0
S-7156,WC-2015,M-2015-05,T-74,1,0,P-02921,73',second half,0,1
S-7157,WC-2015,M-2015-06,T-25,0,1,P-63107,45',first half,1,0
S-7158,WC-2015,M-2015-06,T-25,0,1,P-86830,45',first half,0,1
S-7159,WC-2015,M-2015-06,T-25,0,1,P-54239,54',second half,1,0
S-7160,WC-2015,M-2015-06,T-25,0,1,P-86541,54',second half,0,1
S-7161,WC-2015,M-2015-06,T-11,1,0,P-83450,61',second half,1,0
S-7162,WC-2015,M-2015-06,T-11,1,0,P-27272,61',second half,0,1
S-7163,WC-2015,M-2015-06,T-25,0,1,P-32204,72',second half,1,0
S-7164,WC-2015,M-2015-06,T-25,0,1,P-24375,72',second half,0,1
S-7165,WC-2015,M-2015-06,T-11,1,0,P-43002,74',second half,1,0
S-7166,WC-2015,M-2015-06,T-11,1,0,P-69986,74',second half,0,1
S-7167,WC-2015,M-2015-06,T-11,1,0,P-24905,83',second half,1,0
S-7168,WC-2015,M-2015-06,T-11,1,0,P-62839,83',second half,0,1
S-7169,WC-2015,M-2015-07,T-83,1,0,P-79931,68',second half,1,0
S-7170,WC-2015,M-2015-07,T-83,1,0,P-35525,68',second half,0,1
S-7171,WC-2015,M-2015-07,T-04,0,1,P-83314,69',second half,1,0
S-7172,WC-2015,M-2015-07,T-04,0,1,P-77133,69',second half,0,1
S-7173,WC-2015,M-2015-07,T-83,1,0,P-52843,79',second half,1,0
S-7174,WC-2015,M-2015-07,T-83,1,0,P-37034,79',second half,0,1
S-7175,WC-2015,M-2015-07,T-04,0,1,P-81599,80',second half,1,0
S-7176,WC-2015,M-2015-07,T-04,0,1,P-27559,80',second half,0,1
S-7177,WC-2015,M-2015-07,T-04,0,1,P-60374,83',second half,1,0
S-7178,WC-2015,M-2015-07,T-04,0,1,P-26438,83',second half,0,1
S-7179,WC-2015,M-2015-07,T-83,1,0,P-09273,86',second half,1,0
S-7180,WC-2015,M-2015-07,T-83,1,0,P-96028,86',second half,0,1
S-7181,WC-2015,M-2015-08,T-44,1,0,P-33014,32',first half,1,0
S-7182,WC-2015,M-2015-08,T-44,1,0,P-34571,32',first half,0,1
S-7183,WC-2015,M-2015-08,T-75,0,1,P-28291,46',second half,1,0
S-7184,WC-2015,M-2015-08,T-75,0,1,P-25824,46',second half,0,1
S-7185,WC-2015,M-2015-08,T-44,1,0,P-72113,57',second half,1,0
S-7186,WC-2015,M-2015-08,T-44,1,0,P-58036,57',second half,0,1
S-7187,WC-2015,M-2015-08,T-75,0,1,P-15441,81',second half,1,0
S-7188,WC-2015,M-2015-08,T-75,0,1,P-63976,81',second half,0,1
S-7189,WC-2015,M-2015-08,T-44,1,0,P-86882,90',second half,1,0
S-7190,WC-2015,M-2015-08,T-44,1,0,P-79593,90',second half,0,1
S-7191,WC-2015,M-2015-09,T-28,0,1,P-84864,60',second half,1,0
S-7192,WC-2015,M-2015-09,T-28,0,1,P-96810,60',second half,0,1
S-7193,WC-2015,M-2015-09,T-28,0,1,P-22178,68',second half,1,0
S-7194,WC-2015,M-2015-09,T-28,0,1,P-61922,68',second half,0,1
S-7195,WC-2015,M-2015-09,T-30,1,0,P-00064,71',second half,1,0
S-7196,WC-2015,M-2015-09,T-30,1,0,P-15484,71',second half,0,1
S-7197,WC-2015,M-2015-09,T-28,0,1,P-73084,76',second half,1,0
S-7198,WC-2015,M-2015-09,T-28,0,1,P-76594,76',second half,0,1
S-7199,WC-2015,M-2015-09,T-30,1,0,P-70239,81',second half,1,0
S-7200,WC-2015,M-2015-09,T-30,1,0,P-81978,81',second half,0,1
S-7201,WC-2015,M-2015-09,T-30,1,0,P-63892,87',second half,1,0
S-7202,WC-2015,M-2015-09,T-30,1,0,P-13090,87',second half,0,1
S-7203,WC-2015,M-2015-10,T-73,1,0,P-70737,62',second half,1,0
S-7204,WC-2015,M-2015-10,T-73,1,0,P-62127,62',second half,0,1
S-7205,WC-2015,M-2015-10,T-73,1,0,P-43292,72',second half,1,0
S-7206,WC-2015,M-2015-10,T-73,1,0,P-84365,72',second half,0,1
S-7207,WC-2015,M-2015-10,T-17,0,1,P-86294,74',second half,1,0
S-7208,WC-2015,M-2015-10,T-17,0,1,P-87850,74',second half,0,1
S-7209,WC-2015,M-2015-10,T-17,0,1,P-54445,80',second half,1,0
S-7210,WC-2015,M-2015-10,T-17,0,1,P-92744,80',second half,0,1
S-7211,WC-2015,M-2015-10,T-73,1,0,P-90837,84',second half,1,0
S-7212,WC-2015,M-2015-10,T-73,1,0,P-36051,84',second half,0,1
S-7213,WC-2015,M-2015-10,T-17,0,1,P-83648,88',second half,1,0
S-7214,WC-2015,M-2015-10,T-17,0,1,P-87484,88',second half,0,1
S-7215,WC-2015,M-2015-11,T-16,1,0,P-24913,77',second half,1,0
S-7216,WC-2015,M-2015-11,T-16,1,0,P-15347,77',second half,0,1
S-7217,WC-2015,M-2015-11,T-16,1,0,P-76437,78',second half,1,0
S-7218,WC-2015,M-2015-11,T-16,1,0,P-09925,78',second half,0,1
S-7219,WC-2015,M-2015-11,T-46,0,1,P-33628,79',second half,1,0
S-7220,WC-2015,M-2015-11,T-46,0,1,P-13965,79',second half,0,1
S-7221,WC-2015,M-2015-11,T-46,0,1,P-03700,87',second half,1,0
S-7222,WC-2015,M-2015-11,T-46,0,1,P-33442,87',second half,0,1
S-7223,WC-2015,M-2015-11,T-16,1,0,P-68128,88',second half,1,0
S-7224,WC-2015,M-2015-11,T-16,1,0,P-29954,88',second half,0,1
S-7225,WC-2015,M-2015-12,T-71,0,1,P-57457,67',second half,1,0
S-7226,WC-2015,M-2015-12,T-71,0,1,P-49393,67',second half,0,1
S-7227,WC-2015,M-2015-12,T-71,0,1,P-80717,77',second half,1,0
S-7228,WC-2015,M-2015-12,T-71,0,1,P-39704,77',second half,0,1
S-7229,WC-2015,M-2015-12,T-09,1,0,P-53274,81',second half,1,0
S-7230,WC-2015,M-2015-12,T-09,1,0,P-11773,81',second half,0,1
S-7231,WC-2015,M-2015-12,T-09,1,0,P-04136,82',second half,1,0
S-7232,WC-2015,M-2015-12,T-09,1,0,P-96310,82',second half,0,1
S-7233,WC-2015,M-2015-12,T-09,1,0,P-91993,90'+1',"second half, stoppage time",1,0
S-7234,WC-2015,M-2015-12,T-71,0,1,P-46735,90'+1',"second half, stoppage time",1,0
S-7235,WC-2015,M-2015-12,T-09,1,0,P-23163,90'+1',"second half, stoppage time",0,1
S-7236,WC-2015,M-2015-12,T-71,0,1,P-61973,90'+1',"second half, stoppage time",0,1
S-7237,WC-2015,M-2015-13,T-14,1,0,P-40014,57',second half,1,0
S-7238,WC-2015,M-2015-13,T-14,1,0,P-26515,57',second half,0,1
S-7239,WC-2015,M-2015-13,T-48,0,1,P-36297,59',second half,1,0
S-7240,WC-2015,M-2015-13,T-48,0,1,P-63236,59',second half,0,1
S-7241,WC-2015,M-2015-13,T-48,0,1,P-04527,70',second half,1,0
S-7242,WC-2015,M-2015-13,T-48,0,1,P-53833,70',second half,0,1
S-7243,WC-2015,M-2015-13,T-14,1,0,P-89921,71',second half,1,0
S-7244,WC-2015,M-2015-13,T-14,1,0,P-13961,71',second half,0,1
S-7245,WC-2015,M-2015-13,T-14,1,0,P-54562,86',second half,1,0
S-7246,WC-2015,M-2015-13,T-14,1,0,P-89089,86',second half,0,1
S-7247,WC-2015,M-2015-14,T-53,0,1,P-78983,46',second half,1,0
S-7248,WC-2015,M-2015-14,T-53,0,1,P-70069,46',second half,0,1
S-7249,WC-2015,M-2015-14,T-53,0,1,P-29295,60',second half,1,0
S-7250,WC-2015,M-2015-14,T-53,0,1,P-38110,60',second half,0,1
S-7251,WC-2015,M-2015-14,T-31,1,0,P-47092,66',second half,1,0
S-7252,WC-2015,M-2015-14,T-31,1,0,P-27576,66',second half,0,1
S-7253,WC-2015,M-2015-14,T-31,1,0,P-80216,70',second half,1,0
S-7254,WC-2015,M-2015-14,T-31,1,0,P-29896,70',second half,0,1
S-7255,WC-2015,M-2015-14,T-31,1,0,P-30564,80',second half,1,0
S-7256,WC-2015,M-2015-14,T-31,1,0,P-32037,80',second half,0,1
S-7257,WC-2015,M-2015-14,T-53,0,1,P-09212,90'+2',"second half, stoppage time",1,0
S-7258,WC-2015,M-2015-14,T-53,0,1,P-48031,90'+2',"second half, stoppage time",0,1
S-7259,WC-2015,M-2015-15,T-12,1,0,P-96231,63',second half,1,0
S-7260,WC-2015,M-2015-15,T-12,1,0,P-96648,63',second half,0,1
S-7261,WC-2015,M-2015-15,T-12,1,0,P-68495,68',second half,1,0
S-7262,WC-2015,M-2015-15,T-12,1,0,P-80374,68',second half,0,1
S-7263,WC-2015,M-2015-15,T-12,1,0,P-36065,73',second half,1,0
S-7264,WC-2015,M-2015-15,T-12,1,0,P-16470,73',second half,0,1
S-7265,WC-2015,M-2015-15,T-49,0,1,P-83018,77',second half,1,0
S-7266,WC-2015,M-2015-15,T-49,0,1,P-19118,77',second half,0,1
S-7267,WC-2015,M-2015-15,T-49,0,1,P-24335,80',second half,1,0
S-7268,WC-2015,M-2015-15,T-49,0,1,P-82057,80',second half,0,1
S-7269,WC-2015,M-2015-15,T-49,0,1,P-44115,89',second half,1,0
S-7270,WC-2015,M-2015-15,T-49,0,1,P-26444,89',second half,0,1
S-7271,WC-2015,M-2015-16,T-42,1,0,P-43472,34',first half,1,0
S-7272,WC-2015,M-2015-16,T-42,1,0,P-06222,34',first half,0,1
S-7273,WC-2015,M-2015-16,T-76,0,1,P-78623,43',first half,1,0
S-7274,WC-2015,M-2015-16,T-76,0,1,P-14339,43',first half,0,1
S-7275,WC-2015,M-2015-16,T-42,1,0,P-97929,46',second half,1,0
S-7276,WC-2015,M-2015-16,T-42,1,0,P-39616,46',second half,0,1
S-7277,WC-2015,M-2015-16,T-76,0,1,P-42972,73',second half,1,0
S-7278,WC-2015,M-2015-16,T-76,0,1,P-34796,73',second half,0,1
S-7279,WC-2015,M-2015-16,T-42,1,0,P-97884,81',second half,1,0
S-7280,WC-2015,M-2015-16,T-42,1,0,P-95918,81',second half,0,1
S-7281,WC-2015,M-2015-16,T-76,0,1,P-05007,90'+7',"second half, stoppage time",1,0
S-7282,WC-2015,M-2015-16,T-76,0,1,P-27270,90'+7',"second half, stoppage time",0,1
S-7283,WC-2015,M-2015-17,T-25,0,1,P-24375,46',second half,1,0
S-7284,WC-2015,M-2015-17,T-25,0,1,P-74308,46',second half,0,1
S-7285,WC-2015,M-2015-17,T-75,1,0,P-07698,51',second half,1,0
S-7286,WC-2015,M-2015-17,T-75,1,0,P-63976,51',second half,0,1
S-7287,WC-2015,M-2015-17,T-75,1,0,P-47527,57',second half,1,0
S-7288,WC-2015,M-2015-17,T-75,1,0,P-16182,57',second half,0,1
S-7289,WC-2015,M-2015-17,T-25,0,1,P-78692,69',second half,1,0
S-7290,WC-2015,M-2015-17,T-25,0,1,P-17523,69',second half,0,1
S-7291,WC-2015,M-2015-17,T-75,1,0,P-86179,72',second half,1,0
S-7292,WC-2015,M-2015-17,T-75,1,0,P-84754,72',second half,0,1
S-7293,WC-2015,M-2015-17,T-25,0,1,P-63107,79',second half,1,0
S-7294,WC-2015,M-2015-17,T-25,0,1,P-28880,79',second half,0,1
S-7295,WC-2015,M-2015-18,T-50,0,1,P-23374,52',second half,1,0
S-7296,WC-2015,M-2015-18,T-50,0,1,P-92381,52',second half,0,1
S-7297,WC-2015,M-2015-18,T-50,0,1,P-67645,54',second half,1,0
S-7298,WC-2015,M-2015-18,T-50,0,1,P-55990,54',second half,0,1
S-7299,WC-2015,M-2015-18,T-04,1,0,P-81599,62',second half,1,0
S-7300,WC-2015,M-2015-18,T-04,1,0,P-78451,62',second half,0,1
S-7301,WC-2015,M-2015-18,T-50,0,1,P-59598,84',second half,1,0
S-7302,WC-2015,M-2015-18,T-50,0,1,P-88673,84',second half,0,1
S-7303,WC-2015,M-2015-18,T-04,1,0,P-77133,87',second half,1,0
S-7304,WC-2015,M-2015-18,T-04,1,0,P-83314,87',second half,0,1
S-7305,WC-2015,M-2015-19,T-11,0,1,P-83450,46',second half,1,0
S-7306,WC-2015,M-2015-19,T-11,0,1,P-27272,46',second half,0,1
S-7307,WC-2015,M-2015-19,T-44,1,0,P-79593,55',second half,1,0
S-7308,WC-2015,M-2015-19,T-44,1,0,P-86882,55',second half,0,1
S-7309,WC-2015,M-2015-19,T-11,0,1,P-43002,62',second half,1,0
S-7310,WC-2015,M-2015-19,T-11,0,1,P-69986,62',second half,0,1
S-7311,WC-2015,M-2015-19,T-44,1,0,P-99210,64',second half,1,0
S-7312,WC-2015,M-2015-19,T-44,1,0,P-72113,64',second half,0,1
S-7313,WC-2015,M-2015-19,T-11,0,1,P-24905,72',second half,1,0
S-7314,WC-2015,M-2015-19,T-11,0,1,P-12298,72',second half,0,1
S-7315,WC-2015,M-2015-19,T-44,1,0,P-34571,85',second half,1,0
S-7316,WC-2015,M-2015-19,T-44,1,0,P-66855,85',second half,0,1
S-7317,WC-2015,M-2015-20,T-83,1,0,P-96028,58',second half,1,0
S-7318,WC-2015,M-2015-20,T-83,1,0,P-89510,58',second half,0,1
S-7319,WC-2015,M-2015-20,T-83,1,0,P-79931,67',second half,1,0
S-7320,WC-2015,M-2015-20,T-83,1,0,P-89236,67',second half,0,1
S-7321,WC-2015,M-2015-20,T-74,0,1,P-83862,70',second half,1,0
S-7322,WC-2015,M-2015-20,T-74,0,1,P-10056,70',second half,0,1
S-7323,WC-2015,M-2015-20,T-74,0,1,P-95194,75',second half,1,0
S-7324,WC-2015,M-2015-20,T-74,0,1,P-32524,75',second half,0,1
S-7325,WC-2015,M-2015-20,T-83,1,0,P-52843,78',second half,1,0
S-7326,WC-2015,M-2015-20,T-83,1,0,P-37034,78',second half,0,1
S-7327,WC-2015,M-2015-21,T-16,0,1,P-09925,55',second half,1,0
S-7328,WC-2015,M-2015-21,T-16,0,1,P-76437,55',second half,0,1
S-7329,WC-2015,M-2015-21,T-30,1,0,P-81978,63',second half,1,0
S-7330,WC-2015,M-2015-21,T-30,1,0,P-63892,63',second half,1,0
S-7331,WC-2015,M-2015-21,T-30,1,0,P-64050,63',second half,0,1
S-7332,WC-2015,M-2015-21,T-30,1,0,P-13090,63',second half,0,1
S-7333,WC-2015,M-2015-21,T-30,1,0,P-15484,77',second half,1,0
S-7334,WC-2015,M-2015-21,T-30,1,0,P-89379,77',second half,0,1
S-7335,WC-2015,M-2015-21,T-16,0,1,P-29031,87',second half,1,0
S-7336,WC-2015,M-2015-21,T-16,0,1,P-17370,87',second half,0,1
S-7337,WC-2015,M-2015-21,T-16,0,1,P-24913,90'+1',"second half, stoppage time",1,0
S-7338,WC-2015,M-2015-21,T-16,0,1,P-15347,90'+1',"second half, stoppage time",0,1
S-7339,WC-2015,M-2015-22,T-09,1,0,P-62964,60',second half,1,0
S-7340,WC-2015,M-2015-22,T-09,1,0,P-53133,60',second half,0,1
S-7341,WC-2015,M-2015-22,T-73,0,1,P-84365,70',second half,1,0
S-7342,WC-2015,M-2015-22,T-73,0,1,P-36051,70',second half,0,1
S-7343,WC-2015,M-2015-22,T-73,0,1,P-55768,71',second half,1,0
S-7344,WC-2015,M-2015-22,T-73,0,1,P-16259,71',second half,0,1
S-7345,WC-2015,M-2015-22,T-09,1,0,P-06224,77',second half,1,0
S-7346,WC-2015,M-2015-22,T-73,0,1,P-65568,77',second half,1,0
S-7347,WC-2015,M-2015-22,T-09,1,0,P-35462,77',second half,0,1
S-7348,WC-2015,M-2015-22,T-73,0,1,P-43292,77',second half,0,1
S-7349,WC-2015,M-2015-22,T-09,1,0,P-93057,89',second half,1,0
S-7350,WC-2015,M-2015-22,T-09,1,0,P-11773,89',second half,0,1
S-7351,WC-2015,M-2015-23,T-46,0,1,P-59103,46',second half,1,0
S-7352,WC-2015,M-2015-23,T-46,0,1,P-91979,46',second half,0,1
S-7353,WC-2015,M-2015-23,T-28,1,0,P-35919,53',second half,1,0
S-7354,WC-2015,M-2015-23,T-28,1,0,P-38788,53',second half,0,1
S-7355,WC-2015,M-2015-23,T-28,1,0,P-41187,66',second half,1,0
S-7356,WC-2015,M-2015-23,T-28,1,0,P-34666,66',second half,0,1
S-7357,WC-2015,M-2015-23,T-46,0,1,P-33628,77',second half,1,0
S-7358,WC-2015,M-2015-23,T-46,0,1,P-34363,77',second half,0,1
S-7359,WC-2015,M-2015-23,T-28,1,0,P-23779,85',second half,1,0
S-7360,WC-2015,M-2015-23,T-28,1,0,P-22178,85',second half,0,1
S-7361,WC-2015,M-2015-23,T-46,0,1,P-03700,89',second half,1,0
S-7362,WC-2015,M-2015-23,T-46,0,1,P-33442,89',second half,0,1
S-7363,WC-2015,M-2015-24,T-71,1,0,P-46735,63',second half,1,0
S-7364,WC-2015,M-2015-24,T-71,1,0,P-49393,63',second half,0,1
S-7365,WC-2015,M-2015-24,T-17,0,1,P-86294,76',second half,1,0
S-7366,WC-2015,M-2015-24,T-17,0,1,P-87850,76',second half,0,1
S-7367,WC-2015,M-2015-24,T-71,1,0,P-57457,77',second half,1,0
S-7368,WC-2015,M-2015-24,T-71,1,0,P-97215,77',second half,0,1
S-7369,WC-2015,M-2015-24,T-71,1,0,P-58271,84',second half,1,0
S-7370,WC-2015,M-2015-24,T-71,1,0,P-96637,84',second half,0,1
S-7371,WC-2015,M-2015-25,T-31,0,1,P-84273,46',second half,1,0
S-7372,WC-2015,M-2015-25,T-31,0,1,P-66612,46',second half,1,0
S-7373,WC-2015,M-2015-25,T-31,0,1,P-30564,46',second half,0,1
S-7374,WC-2015,M-2015-25,T-31,0,1,P-27184,46',second half,0,1
S-7375,WC-2015,M-2015-25,T-31,0,1,P-67377,61',second half,1,0
S-7376,WC-2015,M-2015-25,T-31,0,1,P-23193,61',second half,0,1
S-7377,WC-2015,M-2015-25,T-76,1,0,P-42972,79',second half,1,0
S-7378,WC-2015,M-2015-25,T-76,1,0,P-50304,79',second half,0,1
S-7379,WC-2015,M-2015-25,T-76,1,0,P-23964,87',second half,1,0
S-7380,WC-2015,M-2015-25,T-76,1,0,P-67549,87',second half,0,1
S-7381,WC-2015,M-2015-25,T-76,1,0,P-14339,89',second half,1,0
S-7382,WC-2015,M-2015-25,T-76,1,0,P-27270,89',second half,0,1
S-7383,WC-2015,M-2015-26,T-53,0,1,P-29295,46',second half,1,0
S-7384,WC-2015,M-2015-26,T-53,0,1,P-79740,46',second half,0,1
S-7385,WC-2015,M-2015-26,T-53,0,1,P-67898,64',second half,1,0
S-7386,WC-2015,M-2015-26,T-53,0,1,P-74073,64',second half,0,1
S-7387,WC-2015,M-2015-26,T-42,1,0,P-12080,68',second half,1,0
S-7388,WC-2015,M-2015-26,T-42,1,0,P-43472,68',second half,0,1
S-7389,WC-2015,M-2015-26,T-53,0,1,P-58533,79',second half,1,0
S-7390,WC-2015,M-2015-26,T-53,0,1,P-66369,79',second half,0,1
S-7391,WC-2015,M-2015-26,T-42,1,0,P-43472,90'+2',"second half, stoppage time",1,0
S-7392,WC-2015,M-2015-26,T-42,1,0,P-26592,90'+2',"second half, stoppage time",0,1
S-7393,WC-2015,M-2015-26,T-42,1,0,P-83359,90'+3',"second half, stoppage time",1,0
S-7394,WC-2015,M-2015-26,T-42,1,0,P-97929,90'+3',"second half, stoppage time",0,1
S-7395,WC-2015,M-2015-27,T-49,0,1,P-83018,46',second half,1,0
S-7396,WC-2015,M-2015-27,T-49,0,1,P-24335,46',second half,1,0
S-7397,WC-2015,M-2015-27,T-49,0,1,P-82057,46',second half,0,1
S-7398,WC-2015,M-2015-27,T-49,0,1,P-19118,46',second half,0,1
S-7399,WC-2015,M-2015-27,T-14,1,0,P-54562,72',second half,1,0
S-7400,WC-2015,M-2015-27,T-14,1,0,P-26515,72',second half,0,1
S-7401,WC-2015,M-2015-27,T-14,1,0,P-20162,84',second half,1,0
S-7402,WC-2015,M-2015-27,T-14,1,0,P-89089,84',second half,0,1
S-7403,WC-2015,M-2015-27,T-49,0,1,P-82057,89',second half,1,0
S-7404,WC-2015,M-2015-27,T-49,0,1,P-32271,89',second half,0,1
S-7405,WC-2015,M-2015-27,T-14,1,0,P-59654,90'+3',"second half, stoppage time",1,0
S-7406,WC-2015,M-2015-27,T-14,1,0,P-33435,90'+3',"second half, stoppage time",0,1
S-7407,WC-2015,M-2015-28,T-48,1,0,P-03702,13',first half,1,0
S-7408,WC-2015,M-2015-28,T-48,1,0,P-94893,13',first half,0,1
S-7409,WC-2015,M-2015-28,T-12,0,1,P-03895,61',second half,1,0
S-7410,WC-2015,M-2015-28,T-12,0,1,P-96648,61',second half,1,0
S-7411,WC-2015,M-2015-28,T-12,0,1,P-36065,61',second half,0,1
S-7412,WC-2015,M-2015-28,T-12,0,1,P-27120,61',second half,0,1
S-7413,WC-2015,M-2015-28,T-48,1,0,P-70845,72',second half,1,0
S-7414,WC-2015,M-2015-28,T-48,1,0,P-98141,72',second half,0,1
S-7415,WC-2015,M-2015-28,T-12,0,1,P-95092,81',second half,1,0
S-7416,WC-2015,M-2015-28,T-12,0,1,P-35069,81',second half,0,1
S-7417,WC-2015,M-2015-29,T-11,0,1,P-69986,57',second half,1,0
S-7418,WC-2015,M-2015-29,T-11,0,1,P-43002,57',second half,0,1
S-7419,WC-2015,M-2015-29,T-75,1,0,P-86179,65',second half,1,0
S-7420,WC-2015,M-2015-29,T-75,1,0,P-26247,65',second half,0,1
S-7421,WC-2015,M-2015-29,T-75,1,0,P-28291,69',second half,1,0
S-7422,WC-2015,M-2015-29,T-75,1,0,P-25824,69',second half,0,1
S-7423,WC-2015,M-2015-29,T-75,1,0,P-53368,80',second half,1,0
S-7424,WC-2015,M-2015-29,T-75,1,0,P-16182,80',second half,0,1
S-7425,WC-2015,M-2015-29,T-11,0,1,P-27272,87',second half,1,0
S-7426,WC-2015,M-2015-29,T-11,0,1,P-45630,87',second half,0,1
S-7427,WC-2015,M-2015-29,T-11,0,1,P-24905,90'+2',"second half, stoppage time",1,0
S-7428,WC-2015,M-2015-29,T-11,0,1,P-62839,90'+2',"second half, stoppage time",0,1
S-7429,WC-2015,M-2015-30,T-44,0,1,P-38281,46',second half,1,0
S-7430,WC-2015,M-2015-30,T-44,0,1,P-66855,46',second half,0,1
S-7431,WC-2015,M-2015-30,T-44,0,1,P-86882,75',second half,1,0
S-7432,WC-2015,M-2015-30,T-44,0,1,P-10268,75',second half,0,1
S-7433,WC-2015,M-2015-30,T-44,0,1,P-34571,80',second half,1,0
S-7434,WC-2015,M-2015-30,T-44,0,1,P-26643,80',second half,0,1
S-7435,WC-2015,M-2015-30,T-25,1,0,P-32204,83',second half,1,0
S-7436,WC-2015,M-2015-30,T-25,1,0,P-04586,83',second half,0,1
S-7437,WC-2015,M-2015-30,T-25,1,0,P-28880,90',second half,1,0
S-7438,WC-2015,M-2015-30,T-25,1,0,P-46613,90',second half,0,1
S-7439,WC-2015,M-2015-31,T-50,1,0,P-33779,50',second half,1,0
S-7440,WC-2015,M-2015-31,T-50,1,0,P-88673,50',second half,1,0
S-7441,WC-2015,M-2015-31,T-50,1,0,P-67645,50',second half,0,1
S-7442,WC-2015,M-2015-31,T-50,1,0,P-43499,50',second half,0,1
S-7443,WC-2015,M-2015-31,T-83,0,1,P-37034,66',second half,1,0
S-7444,WC-2015,M-2015-31,T-83,0,1,P-52843,66',second half,0,1
S-7445,WC-2015,M-2015-31,T-83,0,1,P-09273,74',second half,1,0
S-7446,WC-2015,M-2015-31,T-83,0,1,P-92403,74',second half,0,1
S-7447,WC-2015,M-2015-31,T-50,1,0,P-86061,77',second half,1,0
S-7448,WC-2015,M-2015-31,T-50,1,0,P-90856,77',second half,0,1
S-7449,WC-2015,M-2015-31,T-83,0,1,P-35525,80',second half,1,0
S-7450,WC-2015,M-2015-31,T-83,0,1,P-00471,80',second half,0,1
S-7451,WC-2015,M-2015-32,T-04,1,0,P-83079,63',second half,1,0
S-7452,WC-2015,M-2015-32,T-04,1,0,P-76518,63',second half,0,1
S-7453,WC-2015,M-2015-32,T-04,1,0,P-77133,72',second half,1,0
S-7454,WC-2015,M-2015-32,T-04,1,0,P-83314,72',second half,0,1
S-7455,WC-2015,M-2015-32,T-74,0,1,P-83862,74',second half,1,0
S-7456,WC-2015,M-2015-32,T-74,0,1,P-90086,74',second half,0,1
S-7457,WC-2015,M-2015-32,T-74,0,1,P-76903,76',second half,1,0
S-7458,WC-2015,M-2015-32,T-74,0,1,P-66882,76',second half,0,1
S-7459,WC-2015,M-2015-32,T-04,1,0,P-81599,85',second half,1,0
S-7460,WC-2015,M-2015-32,T-04,1,0,P-78451,85',second half,0,1
S-7461,WC-2015,M-2015-33,T-28,1,0,P-34666,56',second half,1,0
S-7462,WC-2015,M-2015-33,T-28,1,0,P-98538,56',second half,0,1
S-7463,WC-2015,M-2015-33,T-16,0,1,P-76437,58',second half,1,0
S-7464,WC-2015,M-2015-33,T-16,0,1,P-09925,58',second half,0,1
S-7465,WC-2015,M-2015-33,T-28,1,0,P-61922,66',second half,1,0
S-7466,WC-2015,M-2015-33,T-28,1,0,P-15279,66',second half,0,1
S-7467,WC-2015,M-2015-33,T-16,0,1,P-29031,74',second half,1,0
S-7468,WC-2015,M-2015-33,T-16,0,1,P-15347,74',second half,0,1
S-7469,WC-2015,M-2015-33,T-28,1,0,P-96810,81',second half,1,0
S-7470,WC-2015,M-2015-33,T-28,1,0,P-57382,81',second half,0,1
S-7471,WC-2015,M-2015-33,T-16,0,1,P-68128,83',second half,1,0
S-7472,WC-2015,M-2015-33,T-16,0,1,P-34188,83',second half,0,1
S-7473,WC-2015,M-2015-34,T-46,1,0,P-40788,46',second half,1,0
S-7474,WC-2015,M-2015-34,T-46,1,0,P-93676,46',second half,1,0
S-7475,WC-2015,M-2015-34,T-46,1,0,P-37293,46',second half,0,1
S-7476,WC-2015,M-2015-34,T-46,1,0,P-33628,46',second half,0,1
S-7477,WC-2015,M-2015-34,T-30,0,1,P-70239,63',second half,1,0
S-7478,WC-2015,M-2015-34,T-30,0,1,P-23859,63',second half,0,1
S-7479,WC-2015,M-2015-34,T-30,0,1,P-72635,70',second half,1,0
S-7480,WC-2015,M-2015-34,T-30,0,1,P-81978,70',second half,0,1
S-7481,WC-2015,M-2015-34,T-30,0,1,P-03183,78',second half,1,0
S-7482,WC-2015,M-2015-34,T-30,0,1,P-86196,78',second half,0,1
S-7483,WC-2015,M-2015-34,T-46,1,0,P-99179,83',second half,1,0
S-7484,WC-2015,M-2015-34,T-46,1,0,P-00083,83',second half,0,1
S-7485,WC-2015,M-2015-35,T-71,1,0,P-58271,46',second half,1,0
S-7486,WC-2015,M-2015-35,T-71,1,0,P-78430,46',second half,0,1
S-7487,WC-2015,M-2015-35,T-73,0,1,P-10289,57',second half,1,0
S-7488,WC-2015,M-2015-35,T-73,0,1,P-16259,57',second half,0,1
S-7489,WC-2015,M-2015-35,T-71,1,0,P-40778,59',second half,1,0
S-7490,WC-2015,M-2015-35,T-71,1,0,P-57457,59',second half,0,1
S-7491,WC-2015,M-2015-35,T-73,0,1,P-55768,63',second half,1,0
S-7492,WC-2015,M-2015-35,T-73,0,1,P-43292,63',second half,0,1
S-7493,WC-2015,M-2015-35,T-73,0,1,P-84365,75',second half,1,0
S-7494,WC-2015,M-2015-35,T-73,0,1,P-60401,75',second half,0,1
S-7495,WC-2015,M-2015-35,T-71,1,0,P-46735,77',second half,1,0
S-7496,WC-2015,M-2015-35,T-71,1,0,P-61973,77',second half,0,1
S-7497,WC-2015,M-2015-36,T-17,1,0,P-92744,57',second half,1,0
S-7498,WC-2015,M-2015-36,T-17,1,0,P-54445,57',second half,0,1
S-7499,WC-2015,M-2015-36,T-09,0,1,P-53133,59',second half,1,0
S-7500,WC-2015,M-2015-36,T-09,0,1,P-42763,59',second half,0,1
S-7501,WC-2015,M-2015-36,T-09,0,1,P-83758,66',second half,1,0
S-7502,WC-2015,M-2015-36,T-09,0,1,P-96310,66',second half,0,1
S-7503,WC-2015,M-2015-36,T-17,1,0,P-86294,72',second half,1,0
S-7504,WC-2015,M-2015-36,T-17,1,0,P-87850,72',second half,0,1
S-7505,WC-2015,M-2015-36,T-09,0,1,P-38186,78',second half,1,0
S-7506,WC-2015,M-2015-36,T-09,0,1,P-23163,78',second half,0,1
S-7507,WC-2015,M-2015-36,T-17,1,0,P-32687,86',second half,1,0
S-7508,WC-2015,M-2015-36,T-17,1,0,P-13574,86',second half,0,1
S-7509,WC-2015,M-2015-37,T-31,1,0,P-17418,46',second half,1,0
S-7510,WC-2015,M-2015-37,T-74,0,1,P-16575,46',second half,1,0
S-7511,WC-2015,M-2015-37,T-31,1,0,P-84273,46',second half,0,1
S-7512,WC-2015,M-2015-37,T-74,0,1,P-83862,46',second half,0,1
S-7513,WC-2015,M-2015-37,T-74,0,1,P-76903,67',second half,1,0
S-7514,WC-2015,M-2015-37,T-74,0,1,P-90086,67',second half,0,1
S-7515,WC-2015,M-2015-37,T-31,1,0,P-35449,77',second half,1,0
S-7516,WC-2015,M-2015-37,T-31,1,0,P-83981,77',second half,0,1
S-7517,WC-2015,M-2015-37,T-74,0,1,P-62801,80',second half,1,0
S-7518,WC-2015,M-2015-37,T-74,0,1,P-03180,80',second half,0,1
S-7519,WC-2015,M-2015-37,T-31,1,0,P-80216,89',second half,1,0
S-7520,WC-2015,M-2015-37,T-31,1,0,P-27576,89',second half,0,1
S-7521,WC-2015,M-2015-38,T-14,1,0,P-54562,40',first half,1,0
S-7522,WC-2015,M-2015-38,T-14,1,0,P-26515,40',first half,0,1
S-7523,WC-2015,M-2015-38,T-11,0,1,P-27272,64',second half,1,0
S-7524,WC-2015,M-2015-38,T-11,0,1,P-69986,64',second half,0,1
S-7525,WC-2015,M-2015-38,T-14,1,0,P-59654,72',second half,1,0
S-7526,WC-2015,M-2015-38,T-14,1,0,P-89089,72',second half,0,1
S-7527,WC-2015,M-2015-38,T-11,0,1,P-43002,74',second half,1,0
S-7528,WC-2015,M-2015-38,T-11,0,1,P-62839,74',second half,0,1
S-7529,WC-2015,M-2015-38,T-14,1,0,P-40014,90'+1',"second half, stoppage time",1,0
S-7530,WC-2015,M-2015-38,T-14,1,0,P-12565,90'+1',"second half, stoppage time",0,1
S-7531,WC-2015,M-2015-39,T-04,0,1,P-83314,64',second half,1,0
S-7532,WC-2015,M-2015-39,T-04,0,1,P-77133,64',second half,0,1
S-7533,WC-2015,M-2015-39,T-04,0,1,P-78451,72',second half,1,0
S-7534,WC-2015,M-2015-39,T-04,0,1,P-81599,72',second half,0,1
S-7535,WC-2015,M-2015-39,T-09,1,0,P-60585,83',second half,1,0
S-7536,WC-2015,M-2015-39,T-09,1,0,P-62964,83',second half,1,0
S-7537,WC-2015,M-2015-39,T-09,1,0,P-42763,83',second half,0,1
S-7538,WC-2015,M-2015-39,T-09,1,0,P-11773,83',second half,0,1
S-7539,WC-2015,M-2015-40,T-71,0,1,P-40778,55',second half,1,0
S-7540,WC-2015,M-2015-40,T-71,0,1,P-57457,55',second half,0,1
S-7541,WC-2015,M-2015-40,T-71,0,1,P-80717,60',second half,1,0
S-7542,WC-2015,M-2015-40,T-71,0,1,P-39704,60',second half,0,1
S-7543,WC-2015,M-2015-40,T-30,1,0,P-70239,74',second half,1,0
S-7544,WC-2015,M-2015-40,T-30,1,0,P-23859,74',second half,0,1
S-7545,WC-2015,M-2015-40,T-30,1,0,P-72635,77',second half,1,0
S-7546,WC-2015,M-2015-40,T-30,1,0,P-08612,77',second half,0,1
S-7547,WC-2015,M-2015-40,T-71,0,1,P-46735,78',second half,1,0
S-7548,WC-2015,M-2015-40,T-71,0,1,P-61973,78',second half,0,1
S-7549,WC-2015,M-2015-40,T-30,1,0,P-89379,84',second half,1,0
S-7550,WC-2015,M-2015-40,T-30,1,0,P-68484,84',second half,0,1
S-7551,WC-2015,M-2015-41,T-75,0,1,P-84754,61',second half,1,0
S-7552,WC-2015,M-2015-41,T-75,0,1,P-43224,61',second half,0,1
S-7553,WC-2015,M-2015-41,T-12,1,0,P-27120,69',second half,1,0
S-7554,WC-2015,M-2015-41,T-12,1,0,P-96231,69',second half,0,1
S-7555,WC-2015,M-2015-41,T-75,0,1,P-15441,72',second half,1,0
S-7556,WC-2015,M-2015-41,T-75,0,1,P-28291,72',second half,0,1
S-7557,WC-2015,M-2015-41,T-12,1,0,P-67881,76',second half,1,0
S-7558,WC-2015,M-2015-41,T-12,1,0,P-96648,76',second half,0,1
S-7559,WC-2015,M-2015-41,T-75,0,1,P-94332,80',second half,1,0
S-7560,WC-2015,M-2015-41,T-75,0,1,P-86179,80',second half,0,1
S-7561,WC-2015,M-2015-41,T-12,1,0,P-35069,88',second half,1,0
S-7562,WC-2015,M-2015-41,T-12,1,0,P-45538,88',second half,0,1
S-7563,WC-2015,M-2015-42,T-53,1,0,P-29694,46',second half,1,0
S-7564,WC-2015,M-2015-42,T-53,1,0,P-85744,46',second half,0,1
S-7565,WC-2015,M-2015-42,T-28,0,1,P-61922,54',second half,1,0
S-7566,WC-2015,M-2015-42,T-28,0,1,P-41187,54',second half,0,1
S-7567,WC-2015,M-2015-42,T-28,0,1,P-96810,63',second half,1,0
S-7568,WC-2015,M-2015-42,T-28,0,1,P-57382,63',second half,0,1
S-7569,WC-2015,M-2015-42,T-53,1,0,P-29295,70',second half,1,0
S-7570,WC-2015,M-2015-42,T-53,1,0,P-38110,70',second half,0,1
S-7571,WC-2015,M-2015-42,T-53,1,0,P-79740,87',second half,1,0
S-7572,WC-2015,M-2015-42,T-53,1,0,P-67898,87',second half,0,1
S-7573,WC-2015,M-2015-43,T-16,0,1,P-09925,49',second half,1,0
S-7574,WC-2015,M-2015-43,T-16,0,1,P-19392,49',second half,0,1
S-7575,WC-2015,M-2015-43,T-83,1,0,P-89236,69',second half,1,0
S-7576,WC-2015,M-2015-43,T-83,1,0,P-96028,69',second half,0,1
S-7577,WC-2015,M-2015-43,T-16,0,1,P-29031,72',second half,1,0
S-7578,WC-2015,M-2015-43,T-16,0,1,P-76437,72',second half,0,1
S-7579,WC-2015,M-2015-43,T-83,1,0,P-09273,75',second half,1,0
S-7580,WC-2015,M-2015-43,T-83,1,0,P-79931,75',second half,0,1
S-7581,WC-2015,M-2015-43,T-83,1,0,P-45187,81',second half,1,0
S-7582,WC-2015,M-2015-43,T-83,1,0,P-69030,81',second half,0,1
S-7583,WC-2015,M-2015-43,T-16,0,1,P-24999,85',second half,1,0
S-7584,WC-2015,M-2015-43,T-16,0,1,P-34188,85',second half,0,1
S-7585,WC-2015,M-2015-44,T-48,0,1,P-70845,53',second half,1,0
S-7586,WC-2015,M-2015-44,T-48,0,1,P-98141,53',second half,0,1
S-7587,WC-2015,M-2015-44,T-44,1,0,P-86882,66',second half,1,0
S-7588,WC-2015,M-2015-44,T-44,1,0,P-26643,66',second half,0,1
S-7589,WC-2015,M-2015-44,T-44,1,0,P-79593,80',second half,1,0
S-7590,WC-2015,M-2015-44,T-44,1,0,P-72113,80',second half,0,1
S-7591,WC-2015,M-2015-44,T-48,0,1,P-63236,86',second half,1,0
S-7592,WC-2015,M-2015-44,T-48,0,1,P-04527,86',second half,0,1
S-7593,WC-2015,M-2015-45,T-31,1,0,P-30564,46',second half,1,0
S-7594,WC-2015,M-2015-45,T-31,1,0,P-84273,46',second half,0,1
S-7595,WC-2015,M-2015-45,T-30,0,1,P-00064,69',second half,1,0
S-7596,WC-2015,M-2015-45,T-30,0,1,P-13090,69',second half,0,1
S-7597,WC-2015,M-2015-45,T-31,1,0,P-80216,70',second half,1,0
S-7598,WC-2015,M-2015-45,T-31,1,0,P-29896,70',second half,0,1
S-7599,WC-2015,M-2015-45,T-31,1,0,P-37178,79',second half,1,0
S-7600,WC-2015,M-2015-45,T-31,1,0,P-39260,79',second half,0,1
S-7601,WC-2015,M-2015-45,T-30,0,1,P-70239,91',"extra time, first half",1,0
S-7602,WC-2015,M-2015-45,T-30,0,1,P-23859,91',"extra time, first half",0,1
S-7603,WC-2015,M-2015-45,T-30,0,1,P-89379,101',"extra time, first half",1,0
S-7604,WC-2015,M-2015-45,T-30,0,1,P-08612,101',"extra time, first half",0,1
S-7605,WC-2015,M-2015-46,T-14,1,0,P-89089,35',first half,1,0
S-7606,WC-2015,M-2015-46,T-14,1,0,P-26515,35',first half,0,1
S-7607,WC-2015,M-2015-46,T-14,1,0,P-99247,58',second half,1,0
S-7608,WC-2015,M-2015-46,T-14,1,0,P-66822,58',second half,0,1
S-7609,WC-2015,M-2015-46,T-83,0,1,P-72568,61',second half,1,0
S-7610,WC-2015,M-2015-46,T-83,0,1,P-79931,61',second half,0,1
S-7611,WC-2015,M-2015-46,T-14,1,0,P-20162,74',second half,1,0
S-7612,WC-2015,M-2015-46,T-14,1,0,P-54562,74',second half,0,1
S-7613,WC-2015,M-2015-46,T-83,0,1,P-37034,81',second half,1,0
S-7614,WC-2015,M-2015-46,T-83,0,1,P-54396,81',second half,0,1
S-7615,WC-2015,M-2015-46,T-83,0,1,P-89510,86',second half,1,0
S-7616,WC-2015,M-2015-46,T-83,0,1,P-89236,86',second half,0,1
S-7617,WC-2015,M-2015-47,T-04,1,0,P-83079,67',second half,1,0
S-7618,WC-2015,M-2015-47,T-04,1,0,P-76518,67',second half,0,1
S-7619,WC-2015,M-2015-47,T-44,0,1,P-86882,72',second half,1,0
S-7620,WC-2015,M-2015-47,T-44,0,1,P-26643,72',second half,0,1
S-7621,WC-2015,M-2015-47,T-04,1,0,P-81599,76',second half,1,0
S-7622,WC-2015,M-2015-47,T-04,1,0,P-83314,76',second half,0,1
S-7623,WC-2015,M-2015-47,T-04,1,0,P-77133,89',second half,1,0
S-7624,WC-2015,M-2015-47,T-04,1,0,P-26438,89',second half,0,1
S-7625,WC-2015,M-2015-47,T-44,0,1,P-99210,90',second half,1,0
S-7626,WC-2015,M-2015-47,T-44,0,1,P-72113,90',second half,0,1
S-7627,WC-2015,M-2015-48,T-28,1,0,P-90789,52',second half,1,0
S-7628,WC-2015,M-2015-48,T-28,1,0,P-55474,52',second half,0,1
S-7629,WC-2015,M-2015-48,T-12,0,1,P-35069,62',second half,1,0
S-7630,WC-2015,M-2015-48,T-12,0,1,P-28528,62',second half,0,1
S-7631,WC-2015,M-2015-48,T-12,0,1,P-27120,71',second half,1,0
S-7632,WC-2015,M-2015-48,T-12,0,1,P-16470,71',second half,0,1
S-7633,WC-2015,M-2015-48,T-12,0,1,P-36065,77',second half,1,0
S-7634,WC-2015,M-2015-48,T-12,0,1,P-96648,77',second half,0,1
S-7635,WC-2015,M-2015-48,T-28,1,0,P-10986,79',second half,1,0
S-7636,WC-2015,M-2015-48,T-28,1,0,P-84864,79',second half,0,1
S-7637,WC-2015,M-2015-48,T-28,1,0,P-34666,90'+3',"second half, stoppage time",1,0
S-7638,WC-2015,M-2015-48,T-28,1,0,P-77877,90'+3',"second half, stoppage time",0,1
S-7639,WC-2015,M-2015-49,T-83,1,0,P-35525,75',second half,1,0
S-7640,WC-2015,M-2015-49,T-83,1,0,P-72568,75',second half,0,1
S-7641,WC-2015,M-2015-49,T-31,0,1,P-30564,77',second half,1,0
S-7642,WC-2015,M-2015-49,T-31,0,1,P-84273,77',second half,0,1
S-7643,WC-2015,M-2015-49,T-83,1,0,P-09273,80',second half,1,0
S-7644,WC-2015,M-2015-49,T-83,1,0,P-89236,80',second half,0,1
S-7645,WC-2015,M-2015-49,T-83,1,0,P-37034,90'+3',"second half, stoppage time",1,0
S-7646,WC-2015,M-2015-49,T-83,1,0,P-52843,90'+3',"second half, stoppage time",0,1
S-7647,WC-2015,M-2015-50,T-28,0,1,P-57382,60',second half,1,0
S-7648,WC-2015,M-2015-50,T-28,0,1,P-84864,60',second half,0,1
S-7649,WC-2015,M-2015-50,T-44,1,0,P-86882,70',second half,1,0
S-7650,WC-2015,M-2015-50,T-44,1,0,P-26643,70',second half,0,1
S-7651,WC-2015,M-2015-50,T-28,0,1,P-23779,75',second half,1,0
S-7652,WC-2015,M-2015-50,T-28,0,1,P-22178,75',second half,0,1
S-7653,WC-2015,M-2015-50,T-28,0,1,P-10986,86',second half,1,0
S-7654,WC-2015,M-2015-50,T-28,0,1,P-34666,86',second half,0,1
S-7655,WC-2015,M-2015-51,T-31,1,0,P-39260,46',second half,1,0
S-7656,WC-2015,M-2015-51,T-31,1,0,P-17418,46',second half,0,1
S-7657,WC-2015,M-2015-51,T-28,0,1,P-84864,61',second half,1,0
S-7658,WC-2015,M-2015-51,T-28,0,1,P-38733,61',second half,0,1
S-7659,WC-2015,M-2015-51,T-31,1,0,P-66612,73',second half,1,0
S-7660,WC-2015,M-2015-51,T-31,1,0,P-30564,73',second half,0,1
S-7661,WC-2015,M-2015-51,T-28,0,1,P-73084,80',second half,1,0
S-7662,WC-2015,M-2015-51,T-28,0,1,P-98538,80',second half,0,1
S-7663,WC-2015,M-2015-51,T-31,1,0,P-37178,101',"extra time, first half",1,0
S-7664,WC-2015,M-2015-51,T-31,1,0,P-80216,101',"extra time, first half",0,1
S-7665,WC-2015,M-2015-51,T-28,0,1,P-10986,112',"extra time, second half",1,0
S-7666,WC-2015,M-2015-51,T-28,0,1,P-77877,112',"extra time, second half",0,1
S-7667,WC-2015,M-2015-52,T-44,0,1,P-55574,33',first half,1,0
S-7668,WC-2015,M-2015-52,T-44,0,1,P-72113,33',first half,0,1
S-7669,WC-2015,M-2015-52,T-44,0,1,P-79593,39',first half,1,0
S-7670,WC-2015,M-2015-52,T-44,0,1,P-34571,39',first half,0,1
S-7671,WC-2015,M-2015-52,T-44,0,1,P-86882,60',second half,1,0
S-7672,WC-2015,M-2015-52,T-44,0,1,P-26643,60',second half,0,1
S-7673,WC-2015,M-2015-52,T-83,1,0,P-09273,61',second half,1,0
S-7674,WC-2015,M-2015-52,T-83,1,0,P-72568,61',second half,0,1
S-7675,WC-2015,M-2015-52,T-83,1,0,P-35525,79',second half,1,0
S-7676,WC-2015,M-2015-52,T-83,1,0,P-89236,79',second half,0,1
S-7677,WC-2015,M-2015-52,T-83,1,0,P-37034,86',second half,1,0
S-7678,WC-2015,M-2015-52,T-83,1,0,P-00471,86',second half,0,1
S-7679,WC-2018,M-2018-01,T-62,1,0,P-69896,24',first half,1,0
S-7680,WC-2018,M-2018-01,T-62,1,0,P-43675,24',first half,0,1
S-7681,WC-2018,M-2018-01,T-62,1,0,P-06356,64',second half,1,0
S-7682,WC-2018,M-2018-01,T-63,0,1,P-99177,64',second half,1,0
S-7683,WC-2018,M-2018-01,T-62,1,0,P-17415,64',second half,0,1
S-7684,WC-2018,M-2018-01,T-63,0,1,P-24301,64',second half,0,1
S-7685,WC-2018,M-2018-01,T-62,1,0,P-18383,70',second half,1,0
S-7686,WC-2018,M-2018-01,T-62,1,0,P-37840,70',second half,0,1
S-7687,WC-2018,M-2018-01,T-63,0,1,P-23568,72',second half,1,0
S-7688,WC-2018,M-2018-01,T-63,0,1,P-84563,72',second half,0,1
S-7689,WC-2018,M-2018-01,T-63,0,1,P-83734,85',second half,1,0
S-7690,WC-2018,M-2018-01,T-63,0,1,P-36522,85',second half,0,1
S-7691,WC-2018,M-2018-02,T-26,1,0,P-77754,50',second half,1,0
S-7692,WC-2018,M-2018-02,T-26,1,0,P-50801,50',second half,0,1
S-7693,WC-2018,M-2018-02,T-84,0,1,P-85532,58',second half,1,0
S-7694,WC-2018,M-2018-02,T-84,0,1,P-13847,58',second half,0,1
S-7695,WC-2018,M-2018-02,T-84,0,1,P-62594,59',second half,1,0
S-7696,WC-2018,M-2018-02,T-84,0,1,P-14180,59',second half,0,1
S-7697,WC-2018,M-2018-02,T-26,1,0,P-37703,63',second half,1,0
S-7698,WC-2018,M-2018-02,T-26,1,0,P-24653,63',second half,0,1
S-7699,WC-2018,M-2018-02,T-26,1,0,P-99805,82',second half,1,0
S-7700,WC-2018,M-2018-02,T-26,1,0,P-91291,82',second half,0,1
S-7701,WC-2018,M-2018-02,T-84,0,1,P-46785,87',second half,1,0
S-7702,WC-2018,M-2018-02,T-84,0,1,P-47386,87',second half,0,1
S-7703,WC-2018,M-2018-03,T-38,0,1,P-00111,68',second half,1,0
S-7704,WC-2018,M-2018-03,T-38,0,1,P-85860,68',second half,0,1
S-7705,WC-2018,M-2018-03,T-47,1,0,P-37696,76',second half,1,0
S-7706,WC-2018,M-2018-03,T-47,1,0,P-71023,76',second half,0,1
S-7707,WC-2018,M-2018-03,T-47,1,0,P-46107,77',second half,1,0
S-7708,WC-2018,M-2018-03,T-47,1,0,P-60872,77',second half,0,1
S-7709,WC-2018,M-2018-03,T-38,0,1,P-60139,81',second half,1,0
S-7710,WC-2018,M-2018-03,T-38,0,1,P-15905,81',second half,0,1
S-7711,WC-2018,M-2018-03,T-47,1,0,P-87199,82',second half,1,0
S-7712,WC-2018,M-2018-03,T-47,1,0,P-99089,82',second half,0,1
S-7713,WC-2018,M-2018-03,T-38,0,1,P-98775,85',second half,1,0
S-7714,WC-2018,M-2018-03,T-38,0,1,P-87786,85',second half,0,1
S-7715,WC-2018,M-2018-04,T-58,1,0,P-39584,68',second half,1,0
S-7716,WC-2018,M-2018-04,T-58,1,0,P-31133,68',second half,0,1
S-7717,WC-2018,M-2018-04,T-58,1,0,P-34205,69',second half,1,0
S-7718,WC-2018,M-2018-04,T-58,1,0,P-95670,69',second half,0,1
S-7719,WC-2018,M-2018-04,T-73,0,1,P-56330,70',second half,1,0
S-7720,WC-2018,M-2018-04,T-73,0,1,P-92520,70',second half,0,1
S-7721,WC-2018,M-2018-04,T-73,0,1,P-02231,77',second half,1,0
S-7722,WC-2018,M-2018-04,T-73,0,1,P-60554,77',second half,0,1
S-7723,WC-2018,M-2018-04,T-58,1,0,P-65199,80',second half,1,0
S-7724,WC-2018,M-2018-04,T-58,1,0,P-33280,80',second half,0,1
S-7725,WC-2018,M-2018-04,T-73,0,1,P-64102,86',second half,1,0
S-7726,WC-2018,M-2018-04,T-73,0,1,P-97275,86',second half,0,1
S-7727,WC-2018,M-2018-05,T-04,0,1,P-91329,64',second half,1,0
S-7728,WC-2018,M-2018-05,T-04,0,1,P-61256,64',second half,0,1
S-7729,WC-2018,M-2018-05,T-30,1,0,P-97778,70',second half,1,0
S-7730,WC-2018,M-2018-05,T-30,1,0,P-90908,70',second half,1,0
S-7731,WC-2018,M-2018-05,T-30,1,0,P-89750,70',second half,0,1
S-7732,WC-2018,M-2018-05,T-30,1,0,P-20754,70',second half,0,1
S-7733,WC-2018,M-2018-05,T-04,0,1,P-45548,72',second half,1,0
S-7734,WC-2018,M-2018-05,T-04,0,1,P-34822,72',second half,0,1
S-7735,WC-2018,M-2018-05,T-30,1,0,P-54461,78',second half,1,0
S-7736,WC-2018,M-2018-05,T-30,1,0,P-04964,78',second half,0,1
S-7737,WC-2018,M-2018-05,T-04,0,1,P-45528,84',second half,1,0
S-7738,WC-2018,M-2018-05,T-04,0,1,P-10167,84',second half,0,1
S-7739,WC-2018,M-2018-06,T-03,1,0,P-38647,54',second half,1,0
S-7740,WC-2018,M-2018-06,T-03,1,0,P-66433,54',second half,0,1
S-7741,WC-2018,M-2018-06,T-37,0,1,P-03161,63',second half,1,0
S-7742,WC-2018,M-2018-06,T-37,0,1,P-38514,63',second half,0,1
S-7743,WC-2018,M-2018-06,T-03,1,0,P-42113,75',second half,1,0
S-7744,WC-2018,M-2018-06,T-03,1,0,P-85116,75',second half,0,1
S-7745,WC-2018,M-2018-06,T-37,0,1,P-58772,76',second half,1,0
S-7746,WC-2018,M-2018-06,T-37,0,1,P-02559,76',second half,0,1
S-7747,WC-2018,M-2018-06,T-03,1,0,P-95278,84',second half,1,0
S-7748,WC-2018,M-2018-06,T-03,1,0,P-29398,84',second half,0,1
S-7749,WC-2018,M-2018-06,T-37,0,1,P-70085,89',second half,1,0
S-7750,WC-2018,M-2018-06,T-37,0,1,P-73258,89',second half,0,1
S-7751,WC-2018,M-2018-07,T-22,0,1,P-93951,35',first half,1,0
S-7752,WC-2018,M-2018-07,T-22,0,1,P-60880,35',first half,0,1
S-7753,WC-2018,M-2018-07,T-56,1,0,P-05862,62',second half,1,0
S-7754,WC-2018,M-2018-07,T-56,1,0,P-29117,62',second half,0,1
S-7755,WC-2018,M-2018-07,T-22,0,1,P-18907,67',second half,1,0
S-7756,WC-2018,M-2018-07,T-22,0,1,P-85579,67',second half,0,1
S-7757,WC-2018,M-2018-07,T-22,0,1,P-18923,81',second half,1,0
S-7758,WC-2018,M-2018-07,T-22,0,1,P-61976,81',second half,0,1
S-7759,WC-2018,M-2018-07,T-56,1,0,P-70132,85',second half,1,0
S-7760,WC-2018,M-2018-07,T-56,1,0,P-16977,85',second half,0,1
S-7761,WC-2018,M-2018-07,T-56,1,0,P-82532,87',second half,1,0
S-7762,WC-2018,M-2018-07,T-56,1,0,P-59720,87',second half,0,1
S-7763,WC-2018,M-2018-08,T-18,1,0,P-65182,60',second half,1,0
S-7764,WC-2018,M-2018-08,T-18,1,0,P-79215,60',second half,0,1
S-7765,WC-2018,M-2018-08,T-50,0,1,P-40578,62',second half,1,0
S-7766,WC-2018,M-2018-08,T-50,0,1,P-19591,62',second half,0,1
S-7767,WC-2018,M-2018-08,T-50,0,1,P-14651,72',second half,1,0
S-7768,WC-2018,M-2018-08,T-50,0,1,P-08253,72',second half,0,1
S-7769,WC-2018,M-2018-08,T-18,1,0,P-44463,78',second half,1,0
S-7770,WC-2018,M-2018-08,T-18,1,0,P-07670,78',second half,0,1
S-7771,WC-2018,M-2018-08,T-18,1,0,P-25745,86',second half,1,0
S-7772,WC-2018,M-2018-08,T-18,1,0,P-14891,86',second half,0,1
S-7773,WC-2018,M-2018-08,T-50,0,1,P-01164,88',second half,1,0
S-7774,WC-2018,M-2018-08,T-50,0,1,P-55236,88',second half,0,1
S-7775,WC-2018,M-2018-09,T-17,1,0,P-58669,60',second half,1,0
S-7776,WC-2018,M-2018-09,T-17,1,0,P-57722,60',second half,0,1
S-7777,WC-2018,M-2018-09,T-17,1,0,P-11307,66',second half,1,0
S-7778,WC-2018,M-2018-09,T-17,1,0,P-70812,66',second half,0,1
S-7779,WC-2018,M-2018-09,T-66,0,1,P-45505,70',second half,1,0
S-7780,WC-2018,M-2018-09,T-66,0,1,P-80738,70',second half,0,1
S-7781,WC-2018,M-2018-09,T-17,1,0,P-33347,73',second half,1,0
S-7782,WC-2018,M-2018-09,T-17,1,0,P-00781,73',second half,0,1
S-7783,WC-2018,M-2018-09,T-66,0,1,P-33390,83',second half,1,0
S-7784,WC-2018,M-2018-09,T-66,0,1,P-39341,83',second half,0,1
S-7785,WC-2018,M-2018-09,T-66,0,1,P-85696,90',second half,1,0
S-7786,WC-2018,M-2018-09,T-66,0,1,P-40618,90',second half,0,1
S-7787,WC-2018,M-2018-10,T-46,0,1,P-68042,58',second half,1,0
S-7788,WC-2018,M-2018-10,T-46,0,1,P-26546,58',second half,0,1
S-7789,WC-2018,M-2018-10,T-31,1,0,P-13029,60',second half,1,0
S-7790,WC-2018,M-2018-10,T-31,1,0,P-94447,60',second half,0,1
S-7791,WC-2018,M-2018-10,T-46,0,1,P-24705,66',second half,1,0
S-7792,WC-2018,M-2018-10,T-46,0,1,P-57865,66',second half,0,1
S-7793,WC-2018,M-2018-10,T-46,0,1,P-40312,74',second half,1,0
S-7794,WC-2018,M-2018-10,T-46,0,1,P-44763,74',second half,0,1
S-7795,WC-2018,M-2018-10,T-31,1,0,P-69785,79',second half,1,0
S-7796,WC-2018,M-2018-10,T-31,1,0,P-78594,79',second half,0,1
S-7797,WC-2018,M-2018-10,T-31,1,0,P-19339,86',second half,1,0
S-7798,WC-2018,M-2018-10,T-31,1,0,P-50679,86',second half,0,1
S-7799,WC-2018,M-2018-11,T-09,1,0,P-02305,60',second half,1,0
S-7800,WC-2018,M-2018-11,T-09,1,0,P-41758,60',second half,0,1
S-7801,WC-2018,M-2018-11,T-09,1,0,P-54013,67',second half,1,0
S-7802,WC-2018,M-2018-11,T-09,1,0,P-49997,67',second half,0,1
S-7803,WC-2018,M-2018-11,T-75,0,1,P-54713,71',second half,1,0
S-7804,WC-2018,M-2018-11,T-75,0,1,P-83560,71',second half,0,1
S-7805,WC-2018,M-2018-11,T-09,1,0,P-92004,79',second half,1,0
S-7806,WC-2018,M-2018-11,T-09,1,0,P-37877,79',second half,0,1
S-7807,WC-2018,M-2018-11,T-75,0,1,P-07180,80',second half,1,0
S-7808,WC-2018,M-2018-11,T-75,0,1,P-19075,80',second half,0,1
S-7809,WC-2018,M-2018-11,T-75,0,1,P-09988,87',second half,1,0
S-7810,WC-2018,M-2018-11,T-75,0,1,P-95507,87',second half,0,1
S-7811,WC-2018,M-2018-12,T-71,0,1,P-16489,28',first half,1,0
S-7812,WC-2018,M-2018-12,T-71,0,1,P-02609,28',first half,0,1
S-7813,WC-2018,M-2018-12,T-71,0,1,P-15736,66',second half,1,0
S-7814,WC-2018,M-2018-12,T-71,0,1,P-64292,66',second half,0,1
S-7815,WC-2018,M-2018-12,T-74,1,0,P-20019,71',second half,1,0
S-7816,WC-2018,M-2018-12,T-74,1,0,P-15887,71',second half,0,1
S-7817,WC-2018,M-2018-12,T-71,0,1,P-47440,73',second half,1,0
S-7818,WC-2018,M-2018-12,T-71,0,1,P-02947,73',second half,0,1
S-7819,WC-2018,M-2018-12,T-74,1,0,P-10221,77',second half,1,0
S-7820,WC-2018,M-2018-12,T-74,1,0,P-08312,77',second half,0,1
S-7821,WC-2018,M-2018-12,T-74,1,0,P-74946,81',second half,1,0
S-7822,WC-2018,M-2018-12,T-74,1,0,P-19366,81',second half,0,1
S-7823,WC-2018,M-2018-13,T-54,0,1,P-10561,63',second half,1,0
S-7824,WC-2018,M-2018-13,T-54,0,1,P-34448,63',second half,1,0
S-7825,WC-2018,M-2018-13,T-54,0,1,P-78106,63',second half,0,1
S-7826,WC-2018,M-2018-13,T-54,0,1,P-09945,63',second half,0,1
S-7827,WC-2018,M-2018-13,T-54,0,1,P-76850,73',second half,1,0
S-7828,WC-2018,M-2018-13,T-54,0,1,P-03144,73',second half,0,1
S-7829,WC-2018,M-2018-13,T-06,1,0,P-06338,74',second half,1,0
S-7830,WC-2018,M-2018-13,T-06,1,0,P-12533,74',second half,0,1
S-7831,WC-2018,M-2018-13,T-06,1,0,P-84852,83',second half,1,0
S-7832,WC-2018,M-2018-13,T-06,1,0,P-74337,83',second half,0,1
S-7833,WC-2018,M-2018-13,T-06,1,0,P-53048,90',second half,1,0
S-7834,WC-2018,M-2018-13,T-06,1,0,P-69919,90',second half,0,1
S-7835,WC-2018,M-2018-14,T-79,1,0,P-57303,16',first half,1,0
S-7836,WC-2018,M-2018-14,T-79,1,0,P-55710,16',first half,0,1
S-7837,WC-2018,M-2018-14,T-28,0,1,P-21553,68',second half,1,0
S-7838,WC-2018,M-2018-14,T-28,0,1,P-59837,68',second half,0,1
S-7839,WC-2018,M-2018-14,T-79,1,0,P-69793,74',second half,1,0
S-7840,WC-2018,M-2018-14,T-79,1,0,P-21962,74',second half,0,1
S-7841,WC-2018,M-2018-14,T-28,0,1,P-83363,80',second half,1,0
S-7842,WC-2018,M-2018-14,T-28,0,1,P-84745,80',second half,0,1
S-7843,WC-2018,M-2018-14,T-79,1,0,P-42223,85',second half,1,0
S-7844,WC-2018,M-2018-14,T-79,1,0,P-02778,85',second half,0,1
S-7845,WC-2018,M-2018-14,T-28,0,1,P-63620,90'+3',"second half, stoppage time",1,0
S-7846,WC-2018,M-2018-14,T-28,0,1,P-31219,90'+3',"second half, stoppage time",0,1
S-7847,WC-2018,M-2018-15,T-16,1,0,P-83216,31',first half,1,0
S-7848,WC-2018,M-2018-15,T-16,1,0,P-17988,31',first half,0,1
S-7849,WC-2018,M-2018-15,T-16,1,0,P-14499,59',second half,1,0
S-7850,WC-2018,M-2018-15,T-16,1,0,P-89392,59',second half,0,1
S-7851,WC-2018,M-2018-15,T-16,1,0,P-75090,70',second half,1,0
S-7852,WC-2018,M-2018-15,T-44,0,1,P-36964,70',second half,1,0
S-7853,WC-2018,M-2018-15,T-16,1,0,P-12476,70',second half,0,1
S-7854,WC-2018,M-2018-15,T-44,0,1,P-33175,70',second half,0,1
S-7855,WC-2018,M-2018-15,T-44,0,1,P-99817,80',second half,1,0
S-7856,WC-2018,M-2018-15,T-44,0,1,P-41027,80',second half,0,1
S-7857,WC-2018,M-2018-15,T-44,0,1,P-23371,85',second half,1,0
S-7858,WC-2018,M-2018-15,T-44,0,1,P-84807,85',second half,0,1
S-7859,WC-2018,M-2018-16,T-57,1,0,P-57494,46',second half,1,0
S-7860,WC-2018,M-2018-16,T-57,1,0,P-10172,46',second half,0,1
S-7861,WC-2018,M-2018-16,T-65,0,1,P-29136,62',second half,1,0
S-7862,WC-2018,M-2018-16,T-65,0,1,P-51960,62',second half,0,1
S-7863,WC-2018,M-2018-16,T-57,1,0,P-12381,73',second half,1,0
S-7864,WC-2018,M-2018-16,T-57,1,0,P-23468,73',second half,0,1
S-7865,WC-2018,M-2018-16,T-65,0,1,P-23774,75',second half,1,0
S-7866,WC-2018,M-2018-16,T-65,0,1,P-94596,75',second half,0,1
S-7867,WC-2018,M-2018-16,T-57,1,0,P-32858,83',second half,1,0
S-7868,WC-2018,M-2018-16,T-57,1,0,P-42160,83',second half,0,1
S-7869,WC-2018,M-2018-16,T-65,0,1,P-12707,87',second half,1,0
S-7870,WC-2018,M-2018-16,T-65,0,1,P-55140,87',second half,0,1
S-7871,WC-2018,M-2018-17,T-26,0,1,P-60871,64',second half,1,0
S-7872,WC-2018,M-2018-17,T-26,0,1,P-99805,64',second half,0,1
S-7873,WC-2018,M-2018-17,T-26,0,1,P-82223,68',second half,1,0
S-7874,WC-2018,M-2018-17,T-26,0,1,P-91291,68',second half,0,1
S-7875,WC-2018,M-2018-17,T-62,1,0,P-43675,74',second half,1,0
S-7876,WC-2018,M-2018-17,T-62,1,0,P-17415,74',second half,0,1
S-7877,WC-2018,M-2018-17,T-62,1,0,P-37840,79',second half,1,0
S-7878,WC-2018,M-2018-17,T-62,1,0,P-18383,79',second half,0,1
S-7879,WC-2018,M-2018-17,T-26,0,1,P-37703,82',second half,1,0
S-7880,WC-2018,M-2018-17,T-26,0,1,P-24653,82',second half,0,1
S-7881,WC-2018,M-2018-17,T-62,1,0,P-51786,86',second half,1,0
S-7882,WC-2018,M-2018-17,T-62,1,0,P-47851,86',second half,0,1
S-7883,WC-2018,M-2018-18,T-58,1,0,P-34205,59',second half,1,0
S-7884,WC-2018,M-2018-18,T-58,1,0,P-63951,59',second half,0,1
S-7885,WC-2018,M-2018-18,T-58,1,0,P-31133,70',second half,1,0
S-7886,WC-2018,M-2018-18,T-47,0,1,P-15199,70',second half,1,0
S-7887,WC-2018,M-2018-18,T-58,1,0,P-39584,70',second half,0,1
S-7888,WC-2018,M-2018-18,T-47,0,1,P-46107,70',second half,0,1
S-7889,WC-2018,M-2018-18,T-47,0,1,P-64125,75',second half,1,0
S-7890,WC-2018,M-2018-18,T-47,0,1,P-54137,75',second half,0,1
S-7891,WC-2018,M-2018-18,T-47,0,1,P-62364,86',second half,1,0
S-7892,WC-2018,M-2018-18,T-47,0,1,P-46039,86',second half,0,1
S-7893,WC-2018,M-2018-18,T-58,1,0,P-89743,89',second half,1,0
S-7894,WC-2018,M-2018-18,T-58,1,0,P-72710,89',second half,0,1
S-7895,WC-2018,M-2018-19,T-63,0,1,P-66636,44',first half,1,0
S-7896,WC-2018,M-2018-19,T-63,0,1,P-77853,44',first half,0,1
S-7897,WC-2018,M-2018-19,T-84,1,0,P-46785,59',second half,1,0
S-7898,WC-2018,M-2018-19,T-84,1,0,P-14180,59',second half,1,0
S-7899,WC-2018,M-2018-19,T-84,1,0,P-83211,59',second half,0,1
S-7900,WC-2018,M-2018-19,T-84,1,0,P-47386,59',second half,0,1
S-7901,WC-2018,M-2018-19,T-63,0,1,P-84563,75',second half,1,0
S-7902,WC-2018,M-2018-19,T-63,0,1,P-91268,75',second half,0,1
S-7903,WC-2018,M-2018-19,T-63,0,1,P-24301,78',second half,1,0
S-7904,WC-2018,M-2018-19,T-63,0,1,P-83734,78',second half,0,1
S-7905,WC-2018,M-2018-19,T-84,1,0,P-13847,82',second half,1,0
S-7906,WC-2018,M-2018-19,T-84,1,0,P-85532,82',second half,0,1
S-7907,WC-2018,M-2018-20,T-38,1,0,P-75785,69',second half,1,0
S-7908,WC-2018,M-2018-20,T-38,1,0,P-74098,69',second half,0,1
S-7909,WC-2018,M-2018-20,T-73,0,1,P-56330,71',second half,1,0
S-7910,WC-2018,M-2018-20,T-73,0,1,P-37294,71',second half,0,1
S-7911,WC-2018,M-2018-20,T-38,1,0,P-53957,74',second half,1,0
S-7912,WC-2018,M-2018-20,T-38,1,0,P-98775,74',second half,0,1
S-7913,WC-2018,M-2018-20,T-73,0,1,P-97275,79',second half,1,0
S-7914,WC-2018,M-2018-20,T-73,0,1,P-09400,79',second half,0,1
S-7915,WC-2018,M-2018-20,T-38,1,0,P-24531,86',second half,1,0
S-7916,WC-2018,M-2018-20,T-38,1,0,P-87786,86',second half,0,1
S-7917,WC-2018,M-2018-20,T-73,0,1,P-02231,89',second half,1,0
S-7918,WC-2018,M-2018-20,T-73,0,1,P-00339,89',second half,0,1
S-7919,WC-2018,M-2018-21,T-22,1,0,P-08442,59',second half,1,0
S-7920,WC-2018,M-2018-21,T-22,1,0,P-85579,59',second half,0,1
S-7921,WC-2018,M-2018-21,T-22,1,0,P-67216,68',second half,1,0
S-7922,WC-2018,M-2018-21,T-04,0,1,P-45528,68',second half,1,0
S-7923,WC-2018,M-2018-21,T-22,1,0,P-29053,68',second half,0,1
S-7924,WC-2018,M-2018-21,T-04,0,1,P-10167,68',second half,0,1
S-7925,WC-2018,M-2018-21,T-04,0,1,P-91329,75',second half,1,0
S-7926,WC-2018,M-2018-21,T-04,0,1,P-61256,75',second half,0,1
S-7927,WC-2018,M-2018-21,T-04,0,1,P-45548,82',second half,1,0
S-7928,WC-2018,M-2018-21,T-04,0,1,P-34822,82',second half,0,1
S-7929,WC-2018,M-2018-22,T-56,0,1,P-86020,46',second half,1,0
S-7930,WC-2018,M-2018-22,T-56,0,1,P-61528,46',second half,1,0
S-7931,WC-2018,M-2018-22,T-56,0,1,P-70132,46',second half,0,1
S-7932,WC-2018,M-2018-22,T-56,0,1,P-56647,46',second half,0,1
S-7933,WC-2018,M-2018-22,T-30,1,0,P-64077,75',second half,1,0
S-7934,WC-2018,M-2018-22,T-30,1,0,P-97778,75',second half,0,1
S-7935,WC-2018,M-2018-22,T-30,1,0,P-90908,80',second half,1,0
S-7936,WC-2018,M-2018-22,T-30,1,0,P-20754,80',second half,0,1
S-7937,WC-2018,M-2018-22,T-56,0,1,P-04154,82',second half,1,0
S-7938,WC-2018,M-2018-22,T-56,0,1,P-16977,82',second half,0,1
S-7939,WC-2018,M-2018-22,T-30,1,0,P-17509,89',second half,1,0
S-7940,WC-2018,M-2018-22,T-30,1,0,P-69451,89',second half,0,1
S-7941,WC-2018,M-2018-23,T-03,1,0,P-36870,54',second half,1,0
S-7942,WC-2018,M-2018-23,T-03,1,0,P-29398,54',second half,0,1
S-7943,WC-2018,M-2018-23,T-03,1,0,P-22992,56',second half,1,0
S-7944,WC-2018,M-2018-23,T-03,1,0,P-85116,56',second half,0,1
S-7945,WC-2018,M-2018-23,T-18,0,1,P-44463,57',second half,1,0
S-7946,WC-2018,M-2018-23,T-18,0,1,P-65182,57',second half,0,1
S-7947,WC-2018,M-2018-23,T-03,1,0,P-69019,68',second half,1,0
S-7948,WC-2018,M-2018-23,T-03,1,0,P-28151,68',second half,0,1
S-7949,WC-2018,M-2018-23,T-18,0,1,P-93884,82',second half,1,0
S-7950,WC-2018,M-2018-23,T-18,0,1,P-07670,82',second half,0,1
S-7951,WC-2018,M-2018-23,T-18,0,1,P-25745,90'+3',"second half, stoppage time",1,0
S-7952,WC-2018,M-2018-23,T-18,0,1,P-08916,90'+3',"second half, stoppage time",0,1
S-7953,WC-2018,M-2018-24,T-09,1,0,P-62621,46',second half,1,0
S-7954,WC-2018,M-2018-24,T-09,1,0,P-17082,46',second half,0,1
S-7955,WC-2018,M-2018-24,T-17,0,1,P-11307,54',second half,1,0
S-7956,WC-2018,M-2018-24,T-17,0,1,P-57722,54',second half,0,1
S-7957,WC-2018,M-2018-24,T-09,1,0,P-54013,68',second half,1,0
S-7958,WC-2018,M-2018-24,T-09,1,0,P-37877,68',second half,0,1
S-7959,WC-2018,M-2018-24,T-17,0,1,P-26483,75',second half,1,0
S-7960,WC-2018,M-2018-24,T-17,0,1,P-71100,75',second half,0,1
S-7961,WC-2018,M-2018-24,T-17,0,1,P-33347,83',second half,1,0
S-7962,WC-2018,M-2018-24,T-17,0,1,P-24978,83',second half,0,1
S-7963,WC-2018,M-2018-24,T-09,1,0,P-92004,90'+3',"second half, stoppage time",1,0
S-7964,WC-2018,M-2018-24,T-09,1,0,P-41758,90'+3',"second half, stoppage time",0,1
S-7965,WC-2018,M-2018-25,T-50,1,0,P-01347,46',second half,1,0
S-7966,WC-2018,M-2018-25,T-50,1,0,P-12630,46',second half,0,1
S-7967,WC-2018,M-2018-25,T-37,0,1,P-13758,65',second half,1,0
S-7968,WC-2018,M-2018-25,T-37,0,1,P-82839,65',second half,0,1
S-7969,WC-2018,M-2018-25,T-37,0,1,P-31941,71',second half,1,0
S-7970,WC-2018,M-2018-25,T-37,0,1,P-73258,71',second half,0,1
S-7971,WC-2018,M-2018-25,T-50,1,0,P-08253,85',second half,1,0
S-7972,WC-2018,M-2018-25,T-50,1,0,P-14651,85',second half,0,1
S-7973,WC-2018,M-2018-25,T-37,0,1,P-58772,87',second half,1,0
S-7974,WC-2018,M-2018-25,T-37,0,1,P-02559,87',second half,0,1
S-7975,WC-2018,M-2018-25,T-50,1,0,P-62455,90',second half,1,0
S-7976,WC-2018,M-2018-25,T-50,1,0,P-40578,90',second half,0,1
S-7977,WC-2018,M-2018-26,T-75,0,1,P-07180,46',second half,1,0
S-7978,WC-2018,M-2018-26,T-75,0,1,P-36686,46',second half,0,1
S-7979,WC-2018,M-2018-26,T-66,1,0,P-80738,64',second half,1,0
S-7980,WC-2018,M-2018-26,T-66,1,0,P-45505,64',second half,0,1
S-7981,WC-2018,M-2018-26,T-75,0,1,P-35818,73',second half,1,0
S-7982,WC-2018,M-2018-26,T-75,0,1,P-19075,73',second half,0,1
S-7983,WC-2018,M-2018-26,T-66,1,0,P-44932,81',second half,1,0
S-7984,WC-2018,M-2018-26,T-66,1,0,P-79900,81',second half,0,1
S-7985,WC-2018,M-2018-26,T-75,0,1,P-71840,90'+4',"second half, stoppage time",1,0
S-7986,WC-2018,M-2018-26,T-75,0,1,P-07453,90'+4',"second half, stoppage time",0,1
S-7987,WC-2018,M-2018-27,T-79,0,1,P-11879,24',first half,1,0
S-7988,WC-2018,M-2018-27,T-79,0,1,P-39664,24',first half,0,1
S-7989,WC-2018,M-2018-27,T-79,0,1,P-62629,41',first half,1,0
S-7990,WC-2018,M-2018-27,T-79,0,1,P-03191,41',first half,0,1
S-7991,WC-2018,M-2018-27,T-06,1,0,P-72637,59',second half,1,0
S-7992,WC-2018,M-2018-27,T-79,0,1,P-90867,59',second half,1,0
S-7993,WC-2018,M-2018-27,T-06,1,0,P-63363,59',second half,0,1
S-7994,WC-2018,M-2018-27,T-79,0,1,P-69793,59',second half,0,1
S-7995,WC-2018,M-2018-27,T-06,1,0,P-72011,68',second half,1,0
S-7996,WC-2018,M-2018-27,T-06,1,0,P-13975,68',second half,0,1
S-7997,WC-2018,M-2018-27,T-06,1,0,P-84852,86',second half,1,0
S-7998,WC-2018,M-2018-27,T-06,1,0,P-47906,86',second half,0,1
S-7999,WC-2018,M-2018-28,T-71,1,0,P-09338,64',second half,1,0
S-8000,WC-2018,M-2018-28,T-71,1,0,P-02947,64',second half,0,1
S-8001,WC-2018,M-2018-28,T-46,0,1,P-40312,68',second half,1,0
S-8002,WC-2018,M-2018-28,T-46,0,1,P-44763,68',second half,0,1
S-8003,WC-2018,M-2018-28,T-46,0,1,P-24705,71',second half,1,0
S-8004,WC-2018,M-2018-28,T-46,0,1,P-96694,71',second half,0,1
S-8005,WC-2018,M-2018-28,T-71,1,0,P-34018,77',second half,1,0
S-8006,WC-2018,M-2018-28,T-46,0,1,P-68042,77',second half,1,0
S-8007,WC-2018,M-2018-28,T-71,1,0,P-64292,77',second half,0,1
S-8008,WC-2018,M-2018-28,T-46,0,1,P-77047,77',second half,0,1
S-8009,WC-2018,M-2018-28,T-71,1,0,P-02609,84',second half,1,0
S-8010,WC-2018,M-2018-28,T-71,1,0,P-91889,84',second half,0,1
S-8011,WC-2018,M-2018-29,T-31,1,0,P-62162,31',first half,1,0
S-8012,WC-2018,M-2018-29,T-31,1,0,P-08896,31',first half,0,1
S-8013,WC-2018,M-2018-29,T-31,1,0,P-21524,46',second half,1,0
S-8014,WC-2018,M-2018-29,T-31,1,0,P-78594,46',second half,0,1
S-8015,WC-2018,M-2018-29,T-74,0,1,P-78477,74',second half,1,0
S-8016,WC-2018,M-2018-29,T-74,0,1,P-73907,74',second half,0,1
S-8017,WC-2018,M-2018-29,T-74,0,1,P-10221,78',second half,1,0
S-8018,WC-2018,M-2018-29,T-74,0,1,P-89934,78',second half,0,1
S-8019,WC-2018,M-2018-29,T-31,1,0,P-77118,87',second half,1,0
S-8020,WC-2018,M-2018-29,T-31,1,0,P-50679,87',second half,0,1
S-8021,WC-2018,M-2018-29,T-74,0,1,P-82967,90',second half,1,0
S-8022,WC-2018,M-2018-29,T-74,0,1,P-08312,90',second half,0,1
S-8023,WC-2018,M-2018-30,T-54,0,1,P-24760,62',second half,1,0
S-8024,WC-2018,M-2018-30,T-54,0,1,P-67176,62',second half,0,1
S-8025,WC-2018,M-2018-30,T-28,1,0,P-63620,63',second half,1,0
S-8026,WC-2018,M-2018-30,T-28,1,0,P-58924,63',second half,1,0
S-8027,WC-2018,M-2018-30,T-28,1,0,P-74242,63',second half,0,1
S-8028,WC-2018,M-2018-30,T-28,1,0,P-16053,63',second half,0,1
S-8029,WC-2018,M-2018-30,T-54,0,1,P-32575,69',second half,1,0
S-8030,WC-2018,M-2018-30,T-54,0,1,P-10561,69',second half,1,0
S-8031,WC-2018,M-2018-30,T-54,0,1,P-52444,69',second half,0,1
S-8032,WC-2018,M-2018-30,T-54,0,1,P-76368,69',second half,0,1
S-8033,WC-2018,M-2018-30,T-28,1,0,P-25937,70',second half,1,0
S-8034,WC-2018,M-2018-30,T-28,1,0,P-48480,70',second half,0,1
S-8035,WC-2018,M-2018-31,T-65,0,1,P-12707,65',second half,1,0
S-8036,WC-2018,M-2018-31,T-65,0,1,P-55140,65',second half,0,1
S-8037,WC-2018,M-2018-31,T-44,1,0,P-36964,72',second half,1,0
S-8038,WC-2018,M-2018-31,T-44,1,0,P-33175,72',second half,0,1
S-8039,WC-2018,M-2018-31,T-44,1,0,P-54138,75',second half,1,0
S-8040,WC-2018,M-2018-31,T-44,1,0,P-84807,75',second half,0,1
S-8041,WC-2018,M-2018-31,T-65,0,1,P-15988,81',second half,1,0
S-8042,WC-2018,M-2018-31,T-65,0,1,P-51960,81',second half,0,1
S-8043,WC-2018,M-2018-31,T-65,0,1,P-23774,86',second half,1,0
S-8044,WC-2018,M-2018-31,T-65,0,1,P-29136,86',second half,0,1
S-8045,WC-2018,M-2018-31,T-44,1,0,P-89984,87',second half,1,0
S-8046,WC-2018,M-2018-31,T-44,1,0,P-02595,87',second half,0,1
S-8047,WC-2018,M-2018-32,T-16,0,1,P-76705,32',first half,1,0
S-8048,WC-2018,M-2018-32,T-16,0,1,P-07807,32',first half,0,1
S-8049,WC-2018,M-2018-32,T-57,1,0,P-23468,57',second half,1,0
S-8050,WC-2018,M-2018-32,T-57,1,0,P-64261,57',second half,0,1
S-8051,WC-2018,M-2018-32,T-57,1,0,P-42160,72',second half,1,0
S-8052,WC-2018,M-2018-32,T-57,1,0,P-65144,72',second half,0,1
S-8053,WC-2018,M-2018-32,T-16,0,1,P-14499,73',second half,1,0
S-8054,WC-2018,M-2018-32,T-16,0,1,P-61424,73',second half,0,1
S-8055,WC-2018,M-2018-32,T-16,0,1,P-74655,78',second half,1,0
S-8056,WC-2018,M-2018-32,T-16,0,1,P-12476,78',second half,0,1
S-8057,WC-2018,M-2018-32,T-57,1,0,P-70794,80',second half,1,0
S-8058,WC-2018,M-2018-32,T-57,1,0,P-29046,80',second half,0,1
S-8059,WC-2018,M-2018-33,T-26,0,1,P-74320,45'+7',"first half, stoppage time",1,0
S-8060,WC-2018,M-2018-33,T-26,0,1,P-99805,45'+7',"first half, stoppage time",0,1
S-8061,WC-2018,M-2018-33,T-26,0,1,P-37703,64',second half,1,0
S-8062,WC-2018,M-2018-33,T-26,0,1,P-91291,64',second half,0,1
S-8063,WC-2018,M-2018-33,T-63,1,0,P-84563,65',second half,1,0
S-8064,WC-2018,M-2018-33,T-63,1,0,P-36522,65',second half,0,1
S-8065,WC-2018,M-2018-33,T-63,1,0,P-24301,79',second half,1,0
S-8066,WC-2018,M-2018-33,T-63,1,0,P-23568,79',second half,0,1
S-8067,WC-2018,M-2018-33,T-26,0,1,P-82223,81',second half,1,0
S-8068,WC-2018,M-2018-33,T-26,0,1,P-24653,81',second half,0,1
S-8069,WC-2018,M-2018-34,T-62,0,1,P-43675,38',first half,1,0
S-8070,WC-2018,M-2018-34,T-62,0,1,P-17872,38',first half,0,1
S-8071,WC-2018,M-2018-34,T-62,0,1,P-20571,46',second half,1,0
S-8072,WC-2018,M-2018-34,T-62,0,1,P-17415,46',second half,0,1
S-8073,WC-2018,M-2018-34,T-62,0,1,P-11064,60',second half,1,0
S-8074,WC-2018,M-2018-34,T-62,0,1,P-18383,60',second half,0,1
S-8075,WC-2018,M-2018-34,T-84,1,0,P-58791,63',second half,1,0
S-8076,WC-2018,M-2018-34,T-84,1,0,P-62594,63',second half,0,1
S-8077,WC-2018,M-2018-34,T-84,1,0,P-85532,73',second half,1,0
S-8078,WC-2018,M-2018-34,T-84,1,0,P-14180,73',second half,0,1
S-8079,WC-2018,M-2018-34,T-84,1,0,P-59138,90'+3',"second half, stoppage time",1,0
S-8080,WC-2018,M-2018-34,T-84,1,0,P-70671,90'+3',"second half, stoppage time",0,1
S-8081,WC-2018,M-2018-35,T-47,0,1,P-64125,63',second half,1,0
S-8082,WC-2018,M-2018-35,T-47,0,1,P-46039,63',second half,0,1
S-8083,WC-2018,M-2018-35,T-47,0,1,P-15199,72',second half,1,0
S-8084,WC-2018,M-2018-35,T-47,0,1,P-42517,72',second half,0,1
S-8085,WC-2018,M-2018-35,T-73,1,0,P-92520,74',second half,1,0
S-8086,WC-2018,M-2018-35,T-73,1,0,P-02231,74',second half,1,0
S-8087,WC-2018,M-2018-35,T-73,1,0,P-60554,74',second half,0,1
S-8088,WC-2018,M-2018-35,T-73,1,0,P-09400,74',second half,0,1
S-8089,WC-2018,M-2018-35,T-73,1,0,P-64102,84',second half,1,0
S-8090,WC-2018,M-2018-35,T-73,1,0,P-00339,84',second half,0,1
S-8091,WC-2018,M-2018-35,T-47,0,1,P-70715,85',second half,1,0
S-8092,WC-2018,M-2018-35,T-47,0,1,P-60872,85',second half,0,1
S-8093,WC-2018,M-2018-36,T-38,1,0,P-75785,56',second half,1,0
S-8094,WC-2018,M-2018-36,T-38,1,0,P-74098,56',second half,0,1
S-8095,WC-2018,M-2018-36,T-38,1,0,P-98775,70',second half,1,0
S-8096,WC-2018,M-2018-36,T-58,0,1,P-95670,70',second half,1,0
S-8097,WC-2018,M-2018-36,T-38,1,0,P-87786,70',second half,0,1
S-8098,WC-2018,M-2018-36,T-58,0,1,P-34205,70',second half,0,1
S-8099,WC-2018,M-2018-36,T-38,1,0,P-95374,76',second half,1,0
S-8100,WC-2018,M-2018-36,T-38,1,0,P-53957,76',second half,0,1
S-8101,WC-2018,M-2018-36,T-58,0,1,P-31133,84',second half,1,0
S-8102,WC-2018,M-2018-36,T-58,0,1,P-89743,84',second half,0,1
S-8103,WC-2018,M-2018-36,T-58,0,1,P-33280,90'+6',"second half, stoppage time",1,0
S-8104,WC-2018,M-2018-36,T-58,0,1,P-65199,90'+6',"second half, stoppage time",0,1
S-8105,WC-2018,M-2018-37,T-56,0,1,P-61528,46',second half,1,0
S-8106,WC-2018,M-2018-37,T-56,0,1,P-59720,46',second half,0,1
S-8107,WC-2018,M-2018-37,T-04,1,0,P-61256,53',second half,1,0
S-8108,WC-2018,M-2018-37,T-04,1,0,P-44926,53',second half,0,1
S-8109,WC-2018,M-2018-37,T-04,1,0,P-45528,58',second half,1,0
S-8110,WC-2018,M-2018-37,T-04,1,0,P-10167,58',second half,0,1
S-8111,WC-2018,M-2018-37,T-56,0,1,P-82532,63',second half,1,0
S-8112,WC-2018,M-2018-37,T-56,0,1,P-88592,63',second half,0,1
S-8113,WC-2018,M-2018-37,T-04,1,0,P-45548,72',second half,1,0
S-8114,WC-2018,M-2018-37,T-04,1,0,P-34822,72',second half,0,1
S-8115,WC-2018,M-2018-37,T-56,0,1,P-39610,79',second half,1,0
S-8116,WC-2018,M-2018-37,T-56,0,1,P-77391,79',second half,0,1
S-8117,WC-2018,M-2018-38,T-30,0,1,P-84424,50',second half,1,0
S-8118,WC-2018,M-2018-38,T-30,0,1,P-71816,50',second half,0,1
S-8119,WC-2018,M-2018-38,T-22,1,0,P-18907,60',second half,1,0
S-8120,WC-2018,M-2018-38,T-22,1,0,P-65946,60',second half,0,1
S-8121,WC-2018,M-2018-38,T-30,0,1,P-90908,68',second half,1,0
S-8122,WC-2018,M-2018-38,T-30,0,1,P-20754,68',second half,0,1
S-8123,WC-2018,M-2018-38,T-22,1,0,P-29053,75',second half,1,0
S-8124,WC-2018,M-2018-38,T-22,1,0,P-72592,75',second half,0,1
S-8125,WC-2018,M-2018-38,T-30,0,1,P-97778,78',second half,1,0
S-8126,WC-2018,M-2018-38,T-30,0,1,P-64077,78',second half,0,1
S-8127,WC-2018,M-2018-38,T-22,1,0,P-57615,90'+2',"second half, stoppage time",1,0
S-8128,WC-2018,M-2018-38,T-22,1,0,P-79590,90'+2',"second half, stoppage time",0,1
S-8129,WC-2018,M-2018-39,T-18,0,1,P-29491,65',second half,1,0
S-8130,WC-2018,M-2018-39,T-18,0,1,P-57763,65',second half,0,1
S-8131,WC-2018,M-2018-39,T-37,1,0,P-13758,70',second half,1,0
S-8132,WC-2018,M-2018-39,T-18,0,1,P-14891,70',second half,1,0
S-8133,WC-2018,M-2018-39,T-37,1,0,P-73258,70',second half,0,1
S-8134,WC-2018,M-2018-39,T-18,0,1,P-56297,70',second half,0,1
S-8135,WC-2018,M-2018-39,T-18,0,1,P-07670,81',second half,1,0
S-8136,WC-2018,M-2018-39,T-18,0,1,P-65979,81',second half,0,1
S-8137,WC-2018,M-2018-39,T-37,1,0,P-70085,85',second half,1,0
S-8138,WC-2018,M-2018-39,T-37,1,0,P-69192,85',second half,0,1
S-8139,WC-2018,M-2018-39,T-37,1,0,P-90675,90',second half,1,0
S-8140,WC-2018,M-2018-39,T-37,1,0,P-48976,90',second half,0,1
S-8141,WC-2018,M-2018-40,T-50,1,0,P-08253,46',second half,1,0
S-8142,WC-2018,M-2018-40,T-50,1,0,P-14651,46',second half,0,1
S-8143,WC-2018,M-2018-40,T-03,0,1,P-69019,61',second half,1,0
S-8144,WC-2018,M-2018-40,T-03,0,1,P-85116,61',second half,0,1
S-8145,WC-2018,M-2018-40,T-03,0,1,P-42113,72',second half,1,0
S-8146,WC-2018,M-2018-40,T-03,0,1,P-95278,72',second half,0,1
S-8147,WC-2018,M-2018-40,T-03,0,1,P-35173,80',second half,1,0
S-8148,WC-2018,M-2018-40,T-03,0,1,P-36870,80',second half,0,1
S-8149,WC-2018,M-2018-40,T-50,1,0,P-98806,90',second half,1,0
S-8150,WC-2018,M-2018-40,T-50,1,0,P-40578,90',second half,0,1
S-8151,WC-2018,M-2018-40,T-50,1,0,P-19591,90'+2',"second half, stoppage time",1,0
S-8152,WC-2018,M-2018-40,T-50,1,0,P-55236,90'+2',"second half, stoppage time",0,1
S-8153,WC-2018,M-2018-41,T-71,1,0,P-47440,56',second half,1,0
S-8154,WC-2018,M-2018-41,T-71,1,0,P-58692,56',second half,0,1
S-8155,WC-2018,M-2018-41,T-31,0,1,P-13029,58',second half,1,0
S-8156,WC-2018,M-2018-41,T-31,0,1,P-78594,58',second half,0,1
S-8157,WC-2018,M-2018-41,T-31,0,1,P-79409,63',second half,1,0
S-8158,WC-2018,M-2018-41,T-31,0,1,P-28154,63',second half,0,1
S-8159,WC-2018,M-2018-41,T-71,1,0,P-34018,69',second half,1,0
S-8160,WC-2018,M-2018-41,T-71,1,0,P-09338,69',second half,0,1
S-8161,WC-2018,M-2018-41,T-31,0,1,P-77118,78',second half,1,0
S-8162,WC-2018,M-2018-41,T-31,0,1,P-50679,78',second half,0,1
S-8163,WC-2018,M-2018-41,T-71,1,0,P-58692,79',second half,1,0
S-8164,WC-2018,M-2018-41,T-71,1,0,P-26566,79',second half,0,1
S-8165,WC-2018,M-2018-42,T-74,0,1,P-74946,57',second half,1,0
S-8166,WC-2018,M-2018-42,T-74,0,1,P-19366,57',second half,0,1
S-8167,WC-2018,M-2018-42,T-46,1,0,P-80088,65',second half,1,0
S-8168,WC-2018,M-2018-42,T-46,1,0,P-36687,65',second half,0,1
S-8169,WC-2018,M-2018-42,T-74,0,1,P-82967,68',second half,1,0
S-8170,WC-2018,M-2018-42,T-74,0,1,P-08312,68',second half,0,1
S-8171,WC-2018,M-2018-42,T-46,1,0,P-40312,75',second half,1,0
S-8172,WC-2018,M-2018-42,T-46,1,0,P-96694,75',second half,0,1
S-8173,WC-2018,M-2018-42,T-74,0,1,P-20019,80',second half,1,0
S-8174,WC-2018,M-2018-42,T-74,0,1,P-15887,80',second half,0,1
S-8175,WC-2018,M-2018-42,T-46,1,0,P-10063,89',second half,1,0
S-8176,WC-2018,M-2018-42,T-46,1,0,P-83642,89',second half,0,1
S-8177,WC-2018,M-2018-43,T-09,0,1,P-70650,10',first half,1,0
S-8178,WC-2018,M-2018-43,T-09,0,1,P-65498,10',first half,0,1
S-8179,WC-2018,M-2018-43,T-09,0,1,P-54013,66',second half,1,0
S-8180,WC-2018,M-2018-43,T-09,0,1,P-41758,66',second half,0,1
S-8181,WC-2018,M-2018-43,T-66,1,0,P-45505,75',second half,1,0
S-8182,WC-2018,M-2018-43,T-66,1,0,P-58363,75',second half,0,1
S-8183,WC-2018,M-2018-43,T-09,0,1,P-37171,80',second half,1,0
S-8184,WC-2018,M-2018-43,T-09,0,1,P-49997,80',second half,0,1
S-8185,WC-2018,M-2018-43,T-66,1,0,P-80738,82',second half,1,0
S-8186,WC-2018,M-2018-43,T-66,1,0,P-79900,82',second half,0,1
S-8187,WC-2018,M-2018-43,T-66,1,0,P-85696,89',second half,1,0
S-8188,WC-2018,M-2018-43,T-66,1,0,P-62033,89',second half,0,1
S-8189,WC-2018,M-2018-44,T-75,1,0,P-54713,60',second half,1,0
S-8190,WC-2018,M-2018-44,T-75,1,0,P-83560,60',second half,0,1
S-8191,WC-2018,M-2018-44,T-75,1,0,P-36686,69',second half,1,0
S-8192,WC-2018,M-2018-44,T-75,1,0,P-07453,69',second half,0,1
S-8193,WC-2018,M-2018-44,T-75,1,0,P-39460,81',second half,1,0
S-8194,WC-2018,M-2018-44,T-17,0,1,P-00781,81',second half,1,0
S-8195,WC-2018,M-2018-44,T-75,1,0,P-95507,81',second half,0,1
S-8196,WC-2018,M-2018-44,T-17,0,1,P-42644,81',second half,0,1
S-8197,WC-2018,M-2018-44,T-17,0,1,P-33347,90'+1',"second half, stoppage time",1,0
S-8198,WC-2018,M-2018-44,T-17,0,1,P-07614,90'+1',"second half, stoppage time",0,1
S-8199,WC-2018,M-2018-44,T-17,0,1,P-26483,90'+3',"second half, stoppage time",1,0
S-8200,WC-2018,M-2018-44,T-17,0,1,P-63865,90'+3',"second half, stoppage time",0,1
S-8201,WC-2018,M-2018-45,T-44,1,0,P-84807,47',second half,1,0
S-8202,WC-2018,M-2018-45,T-44,1,0,P-23371,47',second half,0,1
S-8203,WC-2018,M-2018-45,T-44,1,0,P-02595,65',second half,1,0
S-8204,WC-2018,M-2018-45,T-44,1,0,P-89984,65',second half,0,1
S-8205,WC-2018,M-2018-45,T-57,0,1,P-09584,79',second half,1,0
S-8206,WC-2018,M-2018-45,T-57,0,1,P-32165,79',second half,1,0
S-8207,WC-2018,M-2018-45,T-57,0,1,P-65144,79',second half,0,1
S-8208,WC-2018,M-2018-45,T-57,0,1,P-27417,79',second half,0,1
S-8209,WC-2018,M-2018-45,T-44,1,0,P-36278,82',second half,1,0
S-8210,WC-2018,M-2018-45,T-44,1,0,P-91793,82',second half,0,1
S-8211,WC-2018,M-2018-46,T-16,0,1,P-89392,31',first half,1,0
S-8212,WC-2018,M-2018-46,T-16,0,1,P-16245,31',first half,0,1
S-8213,WC-2018,M-2018-46,T-65,1,0,P-55298,74',second half,1,0
S-8214,WC-2018,M-2018-46,T-65,1,0,P-57411,74',second half,0,1
S-8215,WC-2018,M-2018-46,T-65,1,0,P-44044,80',second half,1,0
S-8216,WC-2018,M-2018-46,T-65,1,0,P-94596,80',second half,0,1
S-8217,WC-2018,M-2018-46,T-16,0,1,P-07807,83',second half,1,0
S-8218,WC-2018,M-2018-46,T-16,0,1,P-61424,83',second half,0,1
S-8219,WC-2018,M-2018-46,T-65,1,0,P-23774,86',second half,1,0
S-8220,WC-2018,M-2018-46,T-65,1,0,P-22102,86',second half,0,1
S-8221,WC-2018,M-2018-46,T-16,0,1,P-74655,89',second half,1,0
S-8222,WC-2018,M-2018-46,T-16,0,1,P-59950,89',second half,0,1
S-8223,WC-2018,M-2018-47,T-28,1,0,P-92628,46',second half,1,0
S-8224,WC-2018,M-2018-47,T-28,1,0,P-02465,46',second half,0,1
S-8225,WC-2018,M-2018-47,T-06,0,1,P-92866,74',second half,1,0
S-8226,WC-2018,M-2018-47,T-06,0,1,P-95269,74',second half,0,1
S-8227,WC-2018,M-2018-47,T-28,1,0,P-05318,79',second half,1,0
S-8228,WC-2018,M-2018-47,T-28,1,0,P-50943,79',second half,0,1
S-8229,WC-2018,M-2018-47,T-06,0,1,P-15896,86',second half,1,0
S-8230,WC-2018,M-2018-47,T-06,0,1,P-84852,86',second half,0,1
S-8231,WC-2018,M-2018-48,T-54,1,0,P-78106,46',second half,1,0
S-8232,WC-2018,M-2018-48,T-79,0,1,P-90867,46',second half,1,0
S-8233,WC-2018,M-2018-48,T-54,1,0,P-53385,46',second half,0,1
S-8234,WC-2018,M-2018-48,T-79,0,1,P-75361,46',second half,0,1
S-8235,WC-2018,M-2018-48,T-54,1,0,P-02886,56',second half,1,0
S-8236,WC-2018,M-2018-48,T-54,1,0,P-03144,56',second half,0,1
S-8237,WC-2018,M-2018-48,T-79,0,1,P-69793,77',second half,1,0
S-8238,WC-2018,M-2018-48,T-79,0,1,P-12859,77',second half,0,1
S-8239,WC-2018,M-2018-48,T-54,1,0,P-67176,81',second half,1,0
S-8240,WC-2018,M-2018-48,T-54,1,0,P-52444,81',second half,0,1
S-8241,WC-2018,M-2018-48,T-79,0,1,P-42223,89',second half,1,0
S-8242,WC-2018,M-2018-48,T-79,0,1,P-77301,89',second half,0,1
S-8243,WC-2018,M-2018-49,T-03,0,1,P-18222,46',second half,1,0
S-8244,WC-2018,M-2018-49,T-03,0,1,P-00981,46',second half,0,1
S-8245,WC-2018,M-2018-49,T-03,0,1,P-69019,66',second half,1,0
S-8246,WC-2018,M-2018-49,T-03,0,1,P-36870,66',second half,0,1
S-8247,WC-2018,M-2018-49,T-30,1,0,P-04964,75',second half,1,0
S-8248,WC-2018,M-2018-49,T-03,0,1,P-85116,75',second half,1,0
S-8249,WC-2018,M-2018-49,T-30,1,0,P-54461,75',second half,0,1
S-8250,WC-2018,M-2018-49,T-03,0,1,P-95278,75',second half,0,1
S-8251,WC-2018,M-2018-49,T-30,1,0,P-90908,83',second half,1,0
S-8252,WC-2018,M-2018-49,T-30,1,0,P-20754,83',second half,0,1
S-8253,WC-2018,M-2018-49,T-30,1,0,P-64077,89',second half,1,0
S-8254,WC-2018,M-2018-49,T-30,1,0,P-71285,89',second half,0,1
S-8255,WC-2018,M-2018-50,T-84,1,0,P-58791,63',second half,1,0
S-8256,WC-2018,M-2018-50,T-84,1,0,P-14180,63',second half,0,1
S-8257,WC-2018,M-2018-50,T-58,0,1,P-72710,65',second half,1,0
S-8258,WC-2018,M-2018-50,T-58,0,1,P-95670,65',second half,0,1
S-8259,WC-2018,M-2018-50,T-84,1,0,P-59138,74',second half,1,0
S-8260,WC-2018,M-2018-50,T-58,0,1,P-65199,74',second half,1,0
S-8261,WC-2018,M-2018-50,T-84,1,0,P-25776,74',second half,0,1
S-8262,WC-2018,M-2018-50,T-58,0,1,P-33280,74',second half,0,1
S-8263,WC-2018,M-2018-50,T-84,1,0,P-85532,81',second half,1,0
S-8264,WC-2018,M-2018-50,T-84,1,0,P-13847,81',second half,0,1
S-8265,WC-2018,M-2018-50,T-58,0,1,P-31133,84',second half,1,0
S-8266,WC-2018,M-2018-50,T-58,0,1,P-99900,84',second half,0,1
S-8267,WC-2018,M-2018-51,T-62,0,1,P-51786,46',second half,1,0
S-8268,WC-2018,M-2018-51,T-62,0,1,P-11462,46',second half,0,1
S-8269,WC-2018,M-2018-51,T-62,0,1,P-06356,61',second half,1,0
S-8270,WC-2018,M-2018-51,T-62,0,1,P-43675,61',second half,0,1
S-8271,WC-2018,M-2018-51,T-62,0,1,P-37840,65',second half,1,0
S-8272,WC-2018,M-2018-51,T-62,0,1,P-18383,65',second half,0,1
S-8273,WC-2018,M-2018-51,T-73,1,0,P-64102,67',second half,1,0
S-8274,WC-2018,M-2018-51,T-73,1,0,P-56330,67',second half,0,1
S-8275,WC-2018,M-2018-51,T-73,1,0,P-15848,70',second half,1,0
S-8276,WC-2018,M-2018-51,T-73,1,0,P-71071,70',second half,0,1
S-8277,WC-2018,M-2018-51,T-73,1,0,P-02231,80',second half,1,0
S-8278,WC-2018,M-2018-51,T-73,1,0,P-60554,80',second half,0,1
S-8279,WC-2018,M-2018-51,T-62,0,1,P-17415,97',"extra time, first half",1,0
S-8280,WC-2018,M-2018-51,T-62,0,1,P-20163,97',"extra time, first half",0,1
S-8281,WC-2018,M-2018-51,T-73,1,0,P-09400,104',"extra time, first half",1,0
S-8282,WC-2018,M-2018-51,T-73,1,0,P-00339,104',"extra time, first half",0,1
S-8283,WC-2018,M-2018-52,T-22,0,1,P-18923,46',second half,1,0
S-8284,WC-2018,M-2018-52,T-22,0,1,P-60880,46',second half,0,1
S-8285,WC-2018,M-2018-52,T-22,0,1,P-29053,66',second half,1,0
S-8286,WC-2018,M-2018-52,T-22,0,1,P-67216,66',second half,0,1
S-8287,WC-2018,M-2018-52,T-18,1,0,P-79215,71',second half,1,0
S-8288,WC-2018,M-2018-52,T-18,1,0,P-07670,71',second half,0,1
S-8289,WC-2018,M-2018-52,T-18,1,0,P-86004,81',second half,1,0
S-8290,WC-2018,M-2018-52,T-18,1,0,P-89420,81',second half,0,1
S-8291,WC-2018,M-2018-52,T-18,1,0,P-93884,97',"extra time, first half",1,0
S-8292,WC-2018,M-2018-52,T-18,1,0,P-65182,97',"extra time, first half",0,1
S-8293,WC-2018,M-2018-52,T-22,0,1,P-57615,98',"extra time, first half",1,0
S-8294,WC-2018,M-2018-52,T-22,0,1,P-71525,98',"extra time, first half",0,1
S-8295,WC-2018,M-2018-52,T-22,0,1,P-85579,106',"extra time, second half",1,0
S-8296,WC-2018,M-2018-52,T-22,0,1,P-18907,106',"extra time, second half",0,1
S-8297,WC-2018,M-2018-52,T-18,1,0,P-25745,108',"extra time, second half",1,0
S-8298,WC-2018,M-2018-52,T-18,1,0,P-77789,108',"extra time, second half",0,1
S-8299,WC-2018,M-2018-53,T-46,0,1,P-44763,46',second half,1,0
S-8300,WC-2018,M-2018-53,T-46,0,1,P-10063,46',second half,0,1
S-8301,WC-2018,M-2018-53,T-46,0,1,P-26546,55',second half,1,0
S-8302,WC-2018,M-2018-53,T-46,0,1,P-09951,55',second half,0,1
S-8303,WC-2018,M-2018-53,T-46,0,1,P-36515,60',second half,1,0
S-8304,WC-2018,M-2018-53,T-46,0,1,P-57865,60',second half,0,1
S-8305,WC-2018,M-2018-53,T-09,1,0,P-54013,80',second half,1,0
S-8306,WC-2018,M-2018-53,T-09,1,0,P-41758,80',second half,0,1
S-8307,WC-2018,M-2018-53,T-09,1,0,P-37171,86',second half,1,0
S-8308,WC-2018,M-2018-53,T-09,1,0,P-37877,86',second half,0,1
S-8309,WC-2018,M-2018-53,T-09,1,0,P-62621,90'+1',"second half, stoppage time",1,0
S-8310,WC-2018,M-2018-53,T-09,1,0,P-76060,90'+1',"second half, stoppage time",0,1
S-8311,WC-2018,M-2018-54,T-06,1,0,P-06338,65',second half,1,0
S-8312,WC-2018,M-2018-54,T-06,1,0,P-84852,65',second half,1,0
S-8313,WC-2018,M-2018-54,T-06,1,0,P-63363,65',second half,0,1
S-8314,WC-2018,M-2018-54,T-06,1,0,P-69919,65',second half,0,1
S-8315,WC-2018,M-2018-54,T-44,0,1,P-99817,81',second half,1,0
S-8316,WC-2018,M-2018-54,T-44,0,1,P-54138,81',second half,1,0
S-8317,WC-2018,M-2018-54,T-44,0,1,P-41027,81',second half,0,1
S-8318,WC-2018,M-2018-54,T-44,0,1,P-33175,81',second half,0,1
S-8319,WC-2018,M-2018-55,T-75,0,1,P-35818,73',second half,1,0
S-8320,WC-2018,M-2018-55,T-75,0,1,P-71840,73',second half,1,0
S-8321,WC-2018,M-2018-55,T-75,0,1,P-19075,73',second half,0,1
S-8322,WC-2018,M-2018-55,T-75,0,1,P-07180,73',second half,0,1
S-8323,WC-2018,M-2018-55,T-74,1,0,P-29833,82',second half,1,0
S-8324,WC-2018,M-2018-55,T-74,1,0,P-04686,82',second half,1,0
S-8325,WC-2018,M-2018-55,T-74,1,0,P-90129,82',second half,0,1
S-8326,WC-2018,M-2018-55,T-74,1,0,P-28801,82',second half,0,1
S-8327,WC-2018,M-2018-55,T-74,1,0,P-82967,90'+1',"second half, stoppage time",1,0
S-8328,WC-2018,M-2018-55,T-74,1,0,P-08312,90'+1',"second half, stoppage time",0,1
S-8329,WC-2018,M-2018-56,T-16,1,0,P-61424,61',second half,1,0
S-8330,WC-2018,M-2018-56,T-16,1,0,P-12476,61',second half,0,1
S-8331,WC-2018,M-2018-56,T-16,1,0,P-66228,79',second half,1,0
S-8332,WC-2018,M-2018-56,T-16,1,0,P-07807,79',second half,0,1
S-8333,WC-2018,M-2018-56,T-28,0,1,P-83363,81',second half,1,0
S-8334,WC-2018,M-2018-56,T-28,0,1,P-31219,81',second half,0,1
S-8335,WC-2018,M-2018-56,T-16,1,0,P-14499,88',second half,1,0
S-8336,WC-2018,M-2018-56,T-28,0,1,P-21553,88',second half,1,0
S-8337,WC-2018,M-2018-56,T-16,1,0,P-16245,88',second half,0,1
S-8338,WC-2018,M-2018-56,T-28,0,1,P-74242,88',second half,0,1
S-8339,WC-2018,M-2018-56,T-28,0,1,P-09246,102',"extra time, first half",1,0
S-8340,WC-2018,M-2018-56,T-28,0,1,P-48480,102',"extra time, first half",0,1
S-8341,WC-2018,M-2018-56,T-28,0,1,P-74071,113',"extra time, second half",1,0
S-8342,WC-2018,M-2018-56,T-28,0,1,P-59837,113',"extra time, second half",0,1
S-8343,WC-2018,M-2018-56,T-16,1,0,P-01505,116',"extra time, second half",1,0
S-8344,WC-2018,M-2018-56,T-16,1,0,P-78745,116',"extra time, second half",0,1
S-8345,WC-2018,M-2018-57,T-84,1,0,P-58791,59',second half,1,0
S-8346,WC-2018,M-2018-57,T-84,1,0,P-25776,59',second half,1,0
S-8347,WC-2018,M-2018-57,T-84,1,0,P-70671,59',second half,0,1
S-8348,WC-2018,M-2018-57,T-84,1,0,P-14180,59',second half,0,1
S-8349,WC-2018,M-2018-57,T-84,1,0,P-85532,73',second half,1,0
S-8350,WC-2018,M-2018-57,T-84,1,0,P-33500,73',second half,0,1
S-8351,WC-2018,M-2018-57,T-30,0,1,P-54461,80',second half,1,0
S-8352,WC-2018,M-2018-57,T-30,0,1,P-69451,80',second half,0,1
S-8353,WC-2018,M-2018-57,T-30,0,1,P-64077,88',second half,1,0
S-8354,WC-2018,M-2018-57,T-30,0,1,P-97778,88',second half,0,1
S-8355,WC-2018,M-2018-57,T-30,0,1,P-90908,90'+3',"second half, stoppage time",1,0
S-8356,WC-2018,M-2018-57,T-30,0,1,P-20754,90'+3',"second half, stoppage time",0,1
S-8357,WC-2018,M-2018-58,T-09,1,0,P-62621,46',second half,1,0
S-8358,WC-2018,M-2018-58,T-09,1,0,P-37877,46',second half,0,1
S-8359,WC-2018,M-2018-58,T-09,1,0,P-92004,58',second half,1,0
S-8360,WC-2018,M-2018-58,T-09,1,0,P-17082,58',second half,0,1
S-8361,WC-2018,M-2018-58,T-09,1,0,P-54013,73',second half,1,0
S-8362,WC-2018,M-2018-58,T-09,1,0,P-49997,73',second half,0,1
S-8363,WC-2018,M-2018-58,T-06,0,1,P-69919,83',second half,1,0
S-8364,WC-2018,M-2018-58,T-06,0,1,P-92866,83',second half,0,1
S-8365,WC-2018,M-2018-58,T-06,0,1,P-72637,87',second half,1,0
S-8366,WC-2018,M-2018-58,T-06,0,1,P-47906,87',second half,0,1
S-8367,WC-2018,M-2018-59,T-74,1,0,P-04686,65',second half,1,0
S-8368,WC-2018,M-2018-59,T-74,1,0,P-10221,65',second half,1,0
S-8369,WC-2018,M-2018-59,T-74,1,0,P-89934,65',second half,0,1
S-8370,WC-2018,M-2018-59,T-74,1,0,P-90129,65',second half,0,1
S-8371,WC-2018,M-2018-59,T-28,0,1,P-83363,77',second half,1,0
S-8372,WC-2018,M-2018-59,T-28,0,1,P-16053,77',second half,0,1
S-8373,WC-2018,M-2018-59,T-74,1,0,P-28801,85',second half,1,0
S-8374,WC-2018,M-2018-59,T-28,0,1,P-08169,85',second half,1,0
S-8375,WC-2018,M-2018-59,T-74,1,0,P-46506,85',second half,0,1
S-8376,WC-2018,M-2018-59,T-28,0,1,P-31219,85',second half,0,1
S-8377,WC-2018,M-2018-59,T-28,0,1,P-21553,90'+1',"second half, stoppage time",1,0
S-8378,WC-2018,M-2018-59,T-28,0,1,P-59837,90'+1',"second half, stoppage time",0,1
S-8379,WC-2018,M-2018-60,T-62,1,0,P-06356,54',second half,1,0
S-8380,WC-2018,M-2018-60,T-62,1,0,P-20163,54',second half,0,1
S-8381,WC-2018,M-2018-60,T-18,0,1,P-93884,63',second half,1,0
S-8382,WC-2018,M-2018-60,T-18,0,1,P-79215,63',second half,0,1
S-8383,WC-2018,M-2018-60,T-62,1,0,P-43675,67',second half,1,0
S-8384,WC-2018,M-2018-60,T-62,1,0,P-18383,67',second half,0,1
S-8385,WC-2018,M-2018-60,T-18,0,1,P-86004,74',second half,1,0
S-8386,WC-2018,M-2018-60,T-18,0,1,P-89420,74',second half,0,1
S-8387,WC-2018,M-2018-60,T-62,1,0,P-37840,79',second half,1,0
S-8388,WC-2018,M-2018-60,T-62,1,0,P-20571,79',second half,0,1
S-8389,WC-2018,M-2018-60,T-18,0,1,P-65182,88',second half,1,0
S-8390,WC-2018,M-2018-60,T-18,0,1,P-07670,88',second half,0,1
S-8391,WC-2018,M-2018-60,T-18,0,1,P-65425,97',"extra time, first half",1,0
S-8392,WC-2018,M-2018-60,T-18,0,1,P-08916,97',"extra time, first half",0,1
S-8393,WC-2018,M-2018-60,T-62,1,0,P-22778,102',"extra time, first half",1,0
S-8394,WC-2018,M-2018-60,T-62,1,0,P-69896,102',"extra time, first half",0,1
S-8395,WC-2018,M-2018-61,T-06,0,1,P-12533,60',second half,1,0
S-8396,WC-2018,M-2018-61,T-06,0,1,P-84852,60',second half,0,1
S-8397,WC-2018,M-2018-61,T-06,0,1,P-63363,80',second half,1,0
S-8398,WC-2018,M-2018-61,T-06,0,1,P-06338,80',second half,0,1
S-8399,WC-2018,M-2018-61,T-30,1,0,P-89750,85',second half,1,0
S-8400,WC-2018,M-2018-61,T-30,1,0,P-69451,85',second half,0,1
S-8401,WC-2018,M-2018-61,T-30,1,0,P-04964,86',second half,1,0
S-8402,WC-2018,M-2018-61,T-30,1,0,P-54461,86',second half,0,1
S-8403,WC-2018,M-2018-61,T-06,0,1,P-69919,90'+1',"second half, stoppage time",1,0
S-8404,WC-2018,M-2018-61,T-06,0,1,P-13975,90'+1',"second half, stoppage time",0,1
S-8405,WC-2018,M-2018-62,T-28,0,1,P-21553,74',second half,1,0
S-8406,WC-2018,M-2018-62,T-28,0,1,P-59837,74',second half,0,1
S-8407,WC-2018,M-2018-62,T-28,0,1,P-09246,91',"extra time, first half",1,0
S-8408,WC-2018,M-2018-62,T-28,0,1,P-48480,91',"extra time, first half",0,1
S-8409,WC-2018,M-2018-62,T-18,1,0,P-86004,95',"extra time, first half",1,0
S-8410,WC-2018,M-2018-62,T-18,1,0,P-89420,95',"extra time, first half",0,1
S-8411,WC-2018,M-2018-62,T-28,0,1,P-08169,97',"extra time, first half",1,0
S-8412,WC-2018,M-2018-62,T-28,0,1,P-31219,97',"extra time, first half",0,1
S-8413,WC-2018,M-2018-62,T-18,1,0,P-44463,101',"extra time, first half",1,0
S-8414,WC-2018,M-2018-62,T-18,1,0,P-65182,101',"extra time, first half",0,1
S-8415,WC-2018,M-2018-62,T-28,0,1,P-74071,112',"extra time, second half",1,0
S-8416,WC-2018,M-2018-62,T-28,0,1,P-74242,112',"extra time, second half",0,1
S-8417,WC-2018,M-2018-62,T-18,1,0,P-25745,115',"extra time, second half",1,0
S-8418,WC-2018,M-2018-62,T-18,1,0,P-08916,115',"extra time, second half",0,1
S-8419,WC-2018,M-2018-62,T-18,1,0,P-29491,119',"extra time, second half",1,0
S-8420,WC-2018,M-2018-62,T-18,1,0,P-77789,119',"extra time, second half",0,1
S-8421,WC-2018,M-2018-63,T-06,1,0,P-69919,39',first half,1,0
S-8422,WC-2018,M-2018-63,T-06,1,0,P-92866,39',first half,0,1
S-8423,WC-2018,M-2018-63,T-28,0,1,P-48480,46',second half,1,0
S-8424,WC-2018,M-2018-63,T-28,0,1,P-21553,46',second half,1,0
S-8425,WC-2018,M-2018-63,T-28,0,1,P-63620,46',second half,0,1
S-8426,WC-2018,M-2018-63,T-28,0,1,P-59837,46',second half,0,1
S-8427,WC-2018,M-2018-63,T-06,1,0,P-72637,60',second half,1,0
S-8428,WC-2018,M-2018-63,T-06,1,0,P-84852,60',second half,0,1
S-8429,WC-2018,M-2018-63,T-06,1,0,P-47906,78',second half,1,0
S-8430,WC-2018,M-2018-63,T-06,1,0,P-12533,78',second half,0,1
S-8431,WC-2018,M-2018-63,T-28,0,1,P-84745,84',second half,1,0
S-8432,WC-2018,M-2018-63,T-28,0,1,P-83363,84',second half,0,1
S-8433,WC-2018,M-2018-64,T-30,1,0,P-98287,55',second half,1,0
S-8434,WC-2018,M-2018-64,T-30,1,0,P-69451,55',second half,0,1
S-8435,WC-2018,M-2018-64,T-18,0,1,P-44463,71',second half,1,0
S-8436,WC-2018,M-2018-64,T-18,0,1,P-65182,71',second half,0,1
S-8437,WC-2018,M-2018-64,T-30,1,0,P-04964,73',second half,1,0
S-8438,WC-2018,M-2018-64,T-30,1,0,P-54461,73',second half,0,1
S-8439,WC-2018,M-2018-64,T-30,1,0,P-89750,81',second half,1,0
S-8440,WC-2018,M-2018-64,T-18,0,1,P-86004,81',second half,1,0
S-8441,WC-2018,M-2018-64,T-30,1,0,P-20754,81',second half,0,1
S-8442,WC-2018,M-2018-64,T-18,0,1,P-14891,81',second half,0,1
S-8443,WC-2019,M-2019-01,T-71,0,1,P-46735,52',second half,1,0
S-8444,WC-2019,M-2019-01,T-71,0,1,P-84114,52',second half,0,1
S-8445,WC-2019,M-2019-01,T-71,0,1,P-41848,69',second half,1,0
S-8446,WC-2019,M-2019-01,T-71,0,1,P-23175,69',second half,0,1
S-8447,WC-2019,M-2019-01,T-30,1,0,P-65933,70',second half,1,0
S-8448,WC-2019,M-2019-01,T-30,1,0,P-44380,70',second half,0,1
S-8449,WC-2019,M-2019-01,T-30,1,0,P-14916,74',second half,1,0
S-8450,WC-2019,M-2019-01,T-30,1,0,P-46773,74',second half,0,1
S-8451,WC-2019,M-2019-01,T-30,1,0,P-23859,86',second half,1,0
S-8452,WC-2019,M-2019-01,T-71,0,1,P-49393,86',second half,1,0
S-8453,WC-2019,M-2019-01,T-30,1,0,P-89699,86',second half,0,1
S-8454,WC-2019,M-2019-01,T-71,0,1,P-56762,86',second half,0,1
S-8455,WC-2019,M-2019-02,T-14,0,1,P-89089,33',first half,1,0
S-8456,WC-2019,M-2019-02,T-14,0,1,P-99247,33',first half,0,1
S-8457,WC-2019,M-2019-02,T-31,1,0,P-16505,46',second half,1,0
S-8458,WC-2019,M-2019-02,T-14,0,1,P-27178,46',second half,1,0
S-8459,WC-2019,M-2019-02,T-31,1,0,P-70499,46',second half,0,1
S-8460,WC-2019,M-2019-02,T-14,0,1,P-26515,46',second half,0,1
S-8461,WC-2019,M-2019-02,T-31,1,0,P-17418,63',second half,1,0
S-8462,WC-2019,M-2019-02,T-31,1,0,P-83353,63',second half,0,1
S-8463,WC-2019,M-2019-02,T-14,0,1,P-44771,69',second half,1,0
S-8464,WC-2019,M-2019-02,T-14,0,1,P-58097,69',second half,0,1
S-8465,WC-2019,M-2019-02,T-31,1,0,P-25113,85',second half,1,0
S-8466,WC-2019,M-2019-02,T-31,1,0,P-25269,85',second half,0,1
S-8467,WC-2019,M-2019-03,T-73,1,0,P-10289,46',second half,1,0
S-8468,WC-2019,M-2019-03,T-73,1,0,P-19347,46',second half,1,0
S-8469,WC-2019,M-2019-03,T-73,1,0,P-71200,46',second half,0,1
S-8470,WC-2019,M-2019-03,T-73,1,0,P-22924,46',second half,0,1
S-8471,WC-2019,M-2019-03,T-70,0,1,P-65355,52',second half,1,0
S-8472,WC-2019,M-2019-03,T-70,0,1,P-79237,52',second half,0,1
S-8473,WC-2019,M-2019-03,T-70,0,1,P-47455,56',second half,1,0
S-8474,WC-2019,M-2019-03,T-70,0,1,P-55720,56',second half,0,1
S-8475,WC-2019,M-2019-03,T-73,1,0,P-68406,73',second half,1,0
S-8476,WC-2019,M-2019-03,T-73,1,0,P-14224,73',second half,0,1
S-8477,WC-2019,M-2019-03,T-70,0,1,P-20364,77',second half,1,0
S-8478,WC-2019,M-2019-03,T-70,0,1,P-19745,77',second half,0,1
S-8479,WC-2019,M-2019-04,T-50,0,1,P-43499,51',second half,1,0
S-8480,WC-2019,M-2019-04,T-50,0,1,P-44672,51',second half,0,1
S-8481,WC-2019,M-2019-04,T-50,0,1,P-86360,54',second half,1,0
S-8482,WC-2019,M-2019-04,T-50,0,1,P-76647,54',second half,0,1
S-8483,WC-2019,M-2019-04,T-50,0,1,P-67645,71',second half,1,0
S-8484,WC-2019,M-2019-04,T-50,0,1,P-64606,71',second half,0,1
S-8485,WC-2019,M-2019-04,T-53,1,0,P-67898,80',second half,1,0
S-8486,WC-2019,M-2019-04,T-53,1,0,P-38110,80',second half,0,1
S-8487,WC-2019,M-2019-04,T-53,1,0,P-22963,84',second half,1,0
S-8488,WC-2019,M-2019-04,T-53,1,0,P-82215,84',second half,0,1
S-8489,WC-2019,M-2019-04,T-53,1,0,P-77652,90'+1',"second half, stoppage time",1,0
S-8490,WC-2019,M-2019-04,T-53,1,0,P-48031,90'+1',"second half, stoppage time",0,1
S-8491,WC-2019,M-2019-05,T-41,0,1,P-33581,46',second half,1,0
S-8492,WC-2019,M-2019-05,T-41,0,1,P-94445,46',second half,0,1
S-8493,WC-2019,M-2019-05,T-41,0,1,P-62883,58',second half,1,0
S-8494,WC-2019,M-2019-05,T-41,0,1,P-26735,58',second half,0,1
S-8495,WC-2019,M-2019-05,T-04,1,0,P-36494,61',second half,1,0
S-8496,WC-2019,M-2019-05,T-04,1,0,P-83079,61',second half,0,1
S-8497,WC-2019,M-2019-05,T-04,1,0,P-39150,69',second half,1,0
S-8498,WC-2019,M-2019-05,T-04,1,0,P-81599,69',second half,0,1
S-8499,WC-2019,M-2019-05,T-41,0,1,P-51292,77',second half,1,0
S-8500,WC-2019,M-2019-05,T-41,0,1,P-21343,77',second half,0,1
S-8501,WC-2019,M-2019-05,T-04,1,0,P-78451,83',second half,1,0
S-8502,WC-2019,M-2019-05,T-04,1,0,P-81723,83',second half,0,1
S-8503,WC-2019,M-2019-06,T-43,0,1,P-80618,62',second half,1,0
S-8504,WC-2019,M-2019-06,T-43,0,1,P-05768,62',second half,0,1
S-8505,WC-2019,M-2019-06,T-09,1,0,P-42763,65',second half,1,0
S-8506,WC-2019,M-2019-06,T-09,1,0,P-93057,65',second half,1,0
S-8507,WC-2019,M-2019-06,T-09,1,0,P-84502,65',second half,0,1
S-8508,WC-2019,M-2019-06,T-09,1,0,P-95343,65',second half,0,1
S-8509,WC-2019,M-2019-06,T-43,0,1,P-24113,72',second half,1,0
S-8510,WC-2019,M-2019-06,T-43,0,1,P-18193,72',second half,0,1
S-8511,WC-2019,M-2019-06,T-09,1,0,P-78371,76',second half,1,0
S-8512,WC-2019,M-2019-06,T-09,1,0,P-96976,76',second half,0,1
S-8513,WC-2019,M-2019-06,T-43,0,1,P-76996,79',second half,1,0
S-8514,WC-2019,M-2019-06,T-43,0,1,P-47069,79',second half,0,1
S-8515,WC-2019,M-2019-07,T-28,1,0,P-42847,55',second half,1,0
S-8516,WC-2019,M-2019-07,T-64,0,1,P-25596,55',second half,1,0
S-8517,WC-2019,M-2019-07,T-28,1,0,P-25548,55',second half,0,1
S-8518,WC-2019,M-2019-07,T-64,0,1,P-04980,55',second half,0,1
S-8519,WC-2019,M-2019-07,T-28,1,0,P-41857,71',second half,1,0
S-8520,WC-2019,M-2019-07,T-28,1,0,P-34666,71',second half,0,1
S-8521,WC-2019,M-2019-07,T-64,0,1,P-35487,75',second half,1,0
S-8522,WC-2019,M-2019-07,T-64,0,1,P-77204,75',second half,0,1
S-8523,WC-2019,M-2019-07,T-28,1,0,P-61922,82',second half,1,0
S-8524,WC-2019,M-2019-07,T-28,1,0,P-55143,82',second half,0,1
S-8525,WC-2019,M-2019-07,T-64,0,1,P-25443,87',second half,1,0
S-8526,WC-2019,M-2019-07,T-64,0,1,P-10240,87',second half,0,1
S-8527,WC-2019,M-2019-08,T-44,0,1,P-01320,57',second half,1,0
S-8528,WC-2019,M-2019-08,T-44,0,1,P-26643,57',second half,0,1
S-8529,WC-2019,M-2019-08,T-03,1,0,P-45264,64',second half,1,0
S-8530,WC-2019,M-2019-08,T-03,1,0,P-06775,64',second half,0,1
S-8531,WC-2019,M-2019-08,T-44,0,1,P-44627,74',second half,1,0
S-8532,WC-2019,M-2019-08,T-44,0,1,P-69786,74',second half,0,1
S-8533,WC-2019,M-2019-08,T-03,1,0,P-15565,77',second half,1,0
S-8534,WC-2019,M-2019-08,T-03,1,0,P-23167,77',second half,0,1
S-8535,WC-2019,M-2019-08,T-03,1,0,P-14114,79',second half,1,0
S-8536,WC-2019,M-2019-08,T-03,1,0,P-17521,79',second half,0,1
S-8537,WC-2019,M-2019-08,T-44,0,1,P-34571,90',second half,1,0
S-8538,WC-2019,M-2019-08,T-44,0,1,P-95935,90',second half,0,1
S-8539,WC-2019,M-2019-09,T-11,0,1,P-69986,67',second half,1,0
S-8540,WC-2019,M-2019-09,T-11,0,1,P-62839,67',second half,0,1
S-8541,WC-2019,M-2019-09,T-11,0,1,P-96889,68',second half,1,0
S-8542,WC-2019,M-2019-09,T-11,0,1,P-18928,68',second half,0,1
S-8543,WC-2019,M-2019-09,T-12,1,0,P-26193,75',second half,1,0
S-8544,WC-2019,M-2019-09,T-12,1,0,P-68361,75',second half,0,1
S-8545,WC-2019,M-2019-09,T-11,0,1,P-95451,82',second half,1,0
S-8546,WC-2019,M-2019-09,T-11,0,1,P-64407,82',second half,0,1
S-8547,WC-2019,M-2019-10,T-49,1,0,P-83018,67',second half,1,0
S-8548,WC-2019,M-2019-10,T-49,1,0,P-80895,67',second half,0,1
S-8549,WC-2019,M-2019-10,T-48,0,1,P-91488,70',second half,1,0
S-8550,WC-2019,M-2019-10,T-48,0,1,P-63236,70',second half,0,1
S-8551,WC-2019,M-2019-10,T-49,1,0,P-82057,73',second half,1,0
S-8552,WC-2019,M-2019-10,T-49,1,0,P-24335,73',second half,1,0
S-8553,WC-2019,M-2019-10,T-49,1,0,P-03449,73',second half,0,1
S-8554,WC-2019,M-2019-10,T-49,1,0,P-44115,73',second half,0,1
S-8555,WC-2019,M-2019-10,T-48,0,1,P-96101,75',second half,1,0
S-8556,WC-2019,M-2019-10,T-48,0,1,P-52476,75',second half,0,1
S-8557,WC-2019,M-2019-10,T-48,0,1,P-30342,86',second half,1,0
S-8558,WC-2019,M-2019-10,T-48,0,1,P-82354,86',second half,0,1
S-8559,WC-2019,M-2019-11,T-13,1,0,P-93835,59',second half,1,0
S-8560,WC-2019,M-2019-11,T-13,1,0,P-39388,59',second half,0,1
S-8561,WC-2019,M-2019-11,T-74,0,1,P-62190,65',second half,1,0
S-8562,WC-2019,M-2019-11,T-74,0,1,P-99138,65',second half,1,0
S-8563,WC-2019,M-2019-11,T-74,0,1,P-33464,65',second half,0,1
S-8564,WC-2019,M-2019-11,T-74,0,1,P-48545,65',second half,0,1
S-8565,WC-2019,M-2019-11,T-74,0,1,P-76903,81',second half,1,0
S-8566,WC-2019,M-2019-11,T-74,0,1,P-93553,81',second half,0,1
S-8567,WC-2019,M-2019-11,T-13,1,0,P-09681,84',second half,1,0
S-8568,WC-2019,M-2019-11,T-13,1,0,P-37018,84',second half,0,1
S-8569,WC-2019,M-2019-12,T-76,0,1,P-50304,35',first half,1,0
S-8570,WC-2019,M-2019-12,T-76,0,1,P-02347,35',first half,0,1
S-8571,WC-2019,M-2019-12,T-83,1,0,P-65982,57',second half,1,0
S-8572,WC-2019,M-2019-12,T-83,1,0,P-35525,57',second half,1,0
S-8573,WC-2019,M-2019-12,T-83,1,0,P-62104,57',second half,0,1
S-8574,WC-2019,M-2019-12,T-83,1,0,P-79931,57',second half,0,1
S-8575,WC-2019,M-2019-12,T-76,0,1,P-14339,65',second half,1,0
S-8576,WC-2019,M-2019-12,T-76,0,1,P-69603,65',second half,0,1
S-8577,WC-2019,M-2019-12,T-83,1,0,P-65433,69',second half,1,0
S-8578,WC-2019,M-2019-12,T-83,1,0,P-06125,69',second half,0,1
S-8579,WC-2019,M-2019-12,T-76,0,1,P-26203,71',second half,1,0
S-8580,WC-2019,M-2019-12,T-76,0,1,P-42972,71',second half,0,1
S-8581,WC-2019,M-2019-13,T-71,0,1,P-23175,56',second half,1,0
S-8582,WC-2019,M-2019-13,T-71,0,1,P-49393,56',second half,1,0
S-8583,WC-2019,M-2019-13,T-71,0,1,P-56762,56',second half,0,1
S-8584,WC-2019,M-2019-13,T-71,0,1,P-86842,56',second half,0,1
S-8585,WC-2019,M-2019-13,T-50,1,0,P-44672,65',second half,1,0
S-8586,WC-2019,M-2019-13,T-50,1,0,P-43499,65',second half,0,1
S-8587,WC-2019,M-2019-13,T-71,0,1,P-84114,76',second half,1,0
S-8588,WC-2019,M-2019-13,T-71,0,1,P-39704,76',second half,0,1
S-8589,WC-2019,M-2019-13,T-50,1,0,P-86061,80',second half,1,0
S-8590,WC-2019,M-2019-13,T-50,1,0,P-93238,80',second half,0,1
S-8591,WC-2019,M-2019-13,T-50,1,0,P-59598,83',second half,1,0
S-8592,WC-2019,M-2019-13,T-50,1,0,P-64606,83',second half,0,1
S-8593,WC-2019,M-2019-14,T-31,1,0,P-88232,46',second half,1,0
S-8594,WC-2019,M-2019-14,T-31,1,0,P-51855,46',second half,0,1
S-8595,WC-2019,M-2019-14,T-73,0,1,P-19703,59',second half,1,0
S-8596,WC-2019,M-2019-14,T-73,0,1,P-22924,59',second half,0,1
S-8597,WC-2019,M-2019-14,T-31,1,0,P-70499,64',second half,1,0
S-8598,WC-2019,M-2019-14,T-31,1,0,P-83353,64',second half,0,1
S-8599,WC-2019,M-2019-14,T-73,0,1,P-16259,66',second half,1,0
S-8600,WC-2019,M-2019-14,T-73,0,1,P-16202,66',second half,0,1
S-8601,WC-2019,M-2019-14,T-73,0,1,P-68406,77',second half,1,0
S-8602,WC-2019,M-2019-14,T-73,0,1,P-71200,77',second half,0,1
S-8603,WC-2019,M-2019-14,T-31,1,0,P-37178,80',second half,1,0
S-8604,WC-2019,M-2019-14,T-31,1,0,P-17418,80',second half,0,1
S-8605,WC-2019,M-2019-15,T-53,0,1,P-77852,76',second half,1,0
S-8606,WC-2019,M-2019-15,T-53,0,1,P-67898,76',second half,0,1
S-8607,WC-2019,M-2019-15,T-30,1,0,P-23859,82',second half,1,0
S-8608,WC-2019,M-2019-15,T-30,1,0,P-71185,82',second half,0,1
S-8609,WC-2019,M-2019-15,T-30,1,0,P-44380,85',second half,1,0
S-8610,WC-2019,M-2019-15,T-30,1,0,P-65933,85',second half,0,1
S-8611,WC-2019,M-2019-15,T-53,0,1,P-79740,86',second half,1,0
S-8612,WC-2019,M-2019-15,T-53,0,1,P-48596,86',second half,0,1
S-8613,WC-2019,M-2019-15,T-53,0,1,P-22963,90'+1',"second half, stoppage time",1,0
S-8614,WC-2019,M-2019-15,T-53,0,1,P-82215,90'+1',"second half, stoppage time",0,1
S-8615,WC-2019,M-2019-16,T-09,0,1,P-19610,46',second half,1,0
S-8616,WC-2019,M-2019-16,T-09,0,1,P-07458,46',second half,1,0
S-8617,WC-2019,M-2019-16,T-09,0,1,P-95343,46',second half,0,1
S-8618,WC-2019,M-2019-16,T-09,0,1,P-13960,46',second half,0,1
S-8619,WC-2019,M-2019-16,T-04,1,0,P-74493,72',second half,1,0
S-8620,WC-2019,M-2019-16,T-04,1,0,P-39150,72',second half,0,1
S-8621,WC-2019,M-2019-16,T-09,0,1,P-93057,75',second half,1,0
S-8622,WC-2019,M-2019-16,T-09,0,1,P-42763,75',second half,0,1
S-8623,WC-2019,M-2019-16,T-04,1,0,P-87785,90'+5',"second half, stoppage time",1,0
S-8624,WC-2019,M-2019-16,T-04,1,0,P-95706,90'+5',"second half, stoppage time",0,1
S-8625,WC-2019,M-2019-17,T-70,1,0,P-20364,60',second half,1,0
S-8626,WC-2019,M-2019-17,T-70,1,0,P-55720,60',second half,0,1
S-8627,WC-2019,M-2019-17,T-14,0,1,P-12565,65',second half,1,0
S-8628,WC-2019,M-2019-17,T-14,0,1,P-89089,65',second half,0,1
S-8629,WC-2019,M-2019-17,T-70,1,0,P-51920,72',second half,1,0
S-8630,WC-2019,M-2019-17,T-70,1,0,P-19745,72',second half,0,1
S-8631,WC-2019,M-2019-17,T-14,0,1,P-33435,78',second half,1,0
S-8632,WC-2019,M-2019-17,T-14,0,1,P-27178,78',second half,0,1
S-8633,WC-2019,M-2019-17,T-14,0,1,P-04204,81',second half,1,0
S-8634,WC-2019,M-2019-17,T-14,0,1,P-44771,81',second half,0,1
S-8635,WC-2019,M-2019-17,T-70,1,0,P-28995,82',second half,1,0
S-8636,WC-2019,M-2019-17,T-70,1,0,P-65355,82',second half,0,1
S-8637,WC-2019,M-2019-18,T-64,0,1,P-10240,60',second half,1,0
S-8638,WC-2019,M-2019-18,T-64,0,1,P-91406,60',second half,0,1
S-8639,WC-2019,M-2019-18,T-44,1,0,P-69786,66',second half,1,0
S-8640,WC-2019,M-2019-18,T-44,1,0,P-84768,66',second half,0,1
S-8641,WC-2019,M-2019-18,T-64,0,1,P-98441,76',second half,1,0
S-8642,WC-2019,M-2019-18,T-64,0,1,P-90678,76',second half,0,1
S-8643,WC-2019,M-2019-18,T-44,1,0,P-26643,81',second half,1,0
S-8644,WC-2019,M-2019-18,T-44,1,0,P-12315,81',second half,0,1
S-8645,WC-2019,M-2019-18,T-64,0,1,P-56744,85',second half,1,0
S-8646,WC-2019,M-2019-18,T-64,0,1,P-92690,85',second half,0,1
S-8647,WC-2019,M-2019-19,T-43,1,0,P-93187,46',second half,1,0
S-8648,WC-2019,M-2019-19,T-43,1,0,P-57962,46',second half,0,1
S-8649,WC-2019,M-2019-19,T-41,0,1,P-31008,57',second half,1,0
S-8650,WC-2019,M-2019-19,T-41,0,1,P-89652,57',second half,0,1
S-8651,WC-2019,M-2019-19,T-41,0,1,P-51292,65',second half,1,0
S-8652,WC-2019,M-2019-19,T-41,0,1,P-33581,65',second half,0,1
S-8653,WC-2019,M-2019-19,T-43,1,0,P-76650,66',second half,1,0
S-8654,WC-2019,M-2019-19,T-43,1,0,P-05768,66',second half,0,1
S-8655,WC-2019,M-2019-19,T-41,0,1,P-49416,72',second half,1,0
S-8656,WC-2019,M-2019-19,T-41,0,1,P-21343,72',second half,0,1
S-8657,WC-2019,M-2019-19,T-43,1,0,P-24941,76',second half,1,0
S-8658,WC-2019,M-2019-19,T-43,1,0,P-01019,76',second half,0,1
S-8659,WC-2019,M-2019-20,T-03,0,1,P-89102,68',second half,1,0
S-8660,WC-2019,M-2019-20,T-03,0,1,P-23167,68',second half,0,1
S-8661,WC-2019,M-2019-20,T-03,0,1,P-14114,77',second half,1,0
S-8662,WC-2019,M-2019-20,T-03,0,1,P-06775,77',second half,0,1
S-8663,WC-2019,M-2019-20,T-28,1,0,P-41857,81',second half,1,0
S-8664,WC-2019,M-2019-20,T-28,1,0,P-55143,81',second half,0,1
S-8665,WC-2019,M-2019-20,T-28,1,0,P-62542,87',second half,1,0
S-8666,WC-2019,M-2019-20,T-28,1,0,P-06258,87',second half,0,1
S-8667,WC-2019,M-2019-20,T-28,1,0,P-61922,89',second half,1,0
S-8668,WC-2019,M-2019-20,T-28,1,0,P-34666,89',second half,0,1
S-8669,WC-2019,M-2019-20,T-03,0,1,P-70181,90',second half,1,0
S-8670,WC-2019,M-2019-20,T-03,0,1,P-58375,90',second half,0,1
S-8671,WC-2019,M-2019-21,T-11,0,1,P-84073,60',second half,1,0
S-8672,WC-2019,M-2019-21,T-11,0,1,P-69986,60',second half,0,1
S-8673,WC-2019,M-2019-21,T-48,1,0,P-30342,66',second half,1,0
S-8674,WC-2019,M-2019-21,T-11,0,1,P-83450,66',second half,1,0
S-8675,WC-2019,M-2019-21,T-48,1,0,P-82354,66',second half,0,1
S-8676,WC-2019,M-2019-21,T-11,0,1,P-64407,66',second half,0,1
S-8677,WC-2019,M-2019-21,T-48,1,0,P-70845,71',second half,1,0
S-8678,WC-2019,M-2019-21,T-48,1,0,P-52476,71',second half,0,1
S-8679,WC-2019,M-2019-21,T-11,0,1,P-18928,75',second half,1,0
S-8680,WC-2019,M-2019-21,T-11,0,1,P-62839,75',second half,0,1
S-8681,WC-2019,M-2019-21,T-48,1,0,P-91488,86',second half,1,0
S-8682,WC-2019,M-2019-21,T-48,1,0,P-63236,86',second half,0,1
S-8683,WC-2019,M-2019-22,T-49,0,1,P-33611,18',first half,1,0
S-8684,WC-2019,M-2019-22,T-49,0,1,P-80895,18',first half,0,1
S-8685,WC-2019,M-2019-22,T-49,0,1,P-24335,62',second half,1,0
S-8686,WC-2019,M-2019-22,T-49,0,1,P-54971,62',second half,0,1
S-8687,WC-2019,M-2019-22,T-12,1,0,P-56274,75',second half,1,0
S-8688,WC-2019,M-2019-22,T-12,1,0,P-97105,75',second half,0,1
S-8689,WC-2019,M-2019-22,T-12,1,0,P-48464,83',second half,1,0
S-8690,WC-2019,M-2019-22,T-12,1,0,P-71404,83',second half,0,1
S-8691,WC-2019,M-2019-22,T-12,1,0,P-26193,84',second half,1,0
S-8692,WC-2019,M-2019-22,T-12,1,0,P-16470,84',second half,0,1
S-8693,WC-2019,M-2019-22,T-49,0,1,P-83018,85',second half,1,0
S-8694,WC-2019,M-2019-22,T-49,0,1,P-41881,85',second half,0,1
S-8695,WC-2019,M-2019-23,T-74,1,0,P-99138,46',second half,1,0
S-8696,WC-2019,M-2019-23,T-74,1,0,P-93553,46',second half,0,1
S-8697,WC-2019,M-2019-23,T-76,0,1,P-14339,56',second half,1,0
S-8698,WC-2019,M-2019-23,T-76,0,1,P-42972,56',second half,0,1
S-8699,WC-2019,M-2019-23,T-74,1,0,P-94354,69',second half,1,0
S-8700,WC-2019,M-2019-23,T-74,1,0,P-10653,69',second half,0,1
S-8701,WC-2019,M-2019-23,T-74,1,0,P-33464,77',second half,1,0
S-8702,WC-2019,M-2019-23,T-74,1,0,P-28884,77',second half,0,1
S-8703,WC-2019,M-2019-23,T-76,0,1,P-42972,81',second half,1,0
S-8704,WC-2019,M-2019-23,T-76,0,1,P-74376,81',second half,0,1
S-8705,WC-2019,M-2019-23,T-76,0,1,P-53921,89',second half,1,0
S-8706,WC-2019,M-2019-23,T-76,0,1,P-49535,89',second half,0,1
S-8707,WC-2019,M-2019-24,T-83,1,0,P-65433,46',second half,1,0
S-8708,WC-2019,M-2019-24,T-13,0,1,P-35338,46',second half,1,0
S-8709,WC-2019,M-2019-24,T-83,1,0,P-66473,46',second half,0,1
S-8710,WC-2019,M-2019-24,T-13,0,1,P-39388,46',second half,0,1
S-8711,WC-2019,M-2019-24,T-83,1,0,P-46428,59',second half,1,0
S-8712,WC-2019,M-2019-24,T-83,1,0,P-98384,59',second half,0,1
S-8713,WC-2019,M-2019-24,T-13,0,1,P-93835,68',second half,1,0
S-8714,WC-2019,M-2019-24,T-13,0,1,P-27240,68',second half,0,1
S-8715,WC-2019,M-2019-24,T-83,1,0,P-97292,82',second half,1,0
S-8716,WC-2019,M-2019-24,T-83,1,0,P-41858,82',second half,0,1
S-8717,WC-2019,M-2019-24,T-13,0,1,P-55571,89',second half,1,0
S-8718,WC-2019,M-2019-24,T-13,0,1,P-95101,89',second half,0,1
S-8719,WC-2019,M-2019-25,T-14,1,0,P-40014,46',second half,1,0
S-8720,WC-2019,M-2019-25,T-73,0,1,P-19703,46',second half,1,0
S-8721,WC-2019,M-2019-25,T-14,1,0,P-44771,46',second half,0,1
S-8722,WC-2019,M-2019-25,T-73,0,1,P-84258,46',second half,0,1
S-8723,WC-2019,M-2019-25,T-14,1,0,P-26515,55',second half,1,0
S-8724,WC-2019,M-2019-25,T-14,1,0,P-45842,55',second half,0,1
S-8725,WC-2019,M-2019-25,T-73,0,1,P-14224,67',second half,1,0
S-8726,WC-2019,M-2019-25,T-73,0,1,P-68406,67',second half,0,1
S-8727,WC-2019,M-2019-25,T-73,0,1,P-22924,86',second half,1,0
S-8728,WC-2019,M-2019-25,T-73,0,1,P-70737,86',second half,0,1
S-8729,WC-2019,M-2019-25,T-14,1,0,P-12565,87',second half,1,0
S-8730,WC-2019,M-2019-25,T-14,1,0,P-27178,87',second half,0,1
S-8731,WC-2019,M-2019-26,T-70,1,0,P-47455,46',second half,1,0
S-8732,WC-2019,M-2019-26,T-70,1,0,P-20364,46',second half,1,0
S-8733,WC-2019,M-2019-26,T-31,0,1,P-59795,46',second half,1,0
S-8734,WC-2019,M-2019-26,T-70,1,0,P-46109,46',second half,0,1
S-8735,WC-2019,M-2019-26,T-70,1,0,P-16808,46',second half,0,1
S-8736,WC-2019,M-2019-26,T-31,0,1,P-16505,46',second half,0,1
S-8737,WC-2019,M-2019-26,T-31,0,1,P-25113,59',second half,1,0
S-8738,WC-2019,M-2019-26,T-31,0,1,P-02802,59',second half,0,1
S-8739,WC-2019,M-2019-26,T-31,0,1,P-51855,66',second half,1,0
S-8740,WC-2019,M-2019-26,T-31,0,1,P-25269,66',second half,0,1
S-8741,WC-2019,M-2019-26,T-70,1,0,P-27801,89',second half,1,0
S-8742,WC-2019,M-2019-26,T-70,1,0,P-19745,89',second half,0,1
S-8743,WC-2019,M-2019-27,T-30,0,1,P-65933,62',second half,1,0
S-8744,WC-2019,M-2019-27,T-30,0,1,P-44380,62',second half,1,0
S-8745,WC-2019,M-2019-27,T-30,0,1,P-70239,62',second half,0,1
S-8746,WC-2019,M-2019-27,T-30,0,1,P-68484,62',second half,0,1
S-8747,WC-2019,M-2019-27,T-50,1,0,P-86061,84',second half,1,0
S-8748,WC-2019,M-2019-27,T-50,1,0,P-62439,84',second half,0,1
S-8749,WC-2019,M-2019-27,T-50,1,0,P-59598,85',second half,1,0
S-8750,WC-2019,M-2019-27,T-50,1,0,P-93238,85',second half,0,1
S-8751,WC-2019,M-2019-27,T-30,0,1,P-23859,89',second half,1,0
S-8752,WC-2019,M-2019-27,T-30,0,1,P-89699,89',second half,0,1
S-8753,WC-2019,M-2019-27,T-50,1,0,P-67645,90',second half,1,0
S-8754,WC-2019,M-2019-27,T-50,1,0,P-64606,90',second half,0,1
S-8755,WC-2019,M-2019-28,T-53,0,1,P-67898,46',second half,1,0
S-8756,WC-2019,M-2019-28,T-53,0,1,P-77852,46',second half,0,1
S-8757,WC-2019,M-2019-28,T-53,0,1,P-22811,54',second half,1,0
S-8758,WC-2019,M-2019-28,T-53,0,1,P-82215,54',second half,0,1
S-8759,WC-2019,M-2019-28,T-71,1,0,P-84114,66',second half,1,0
S-8760,WC-2019,M-2019-28,T-71,1,0,P-23175,66',second half,0,1
S-8761,WC-2019,M-2019-28,T-53,0,1,P-09212,69',second half,1,0
S-8762,WC-2019,M-2019-28,T-53,0,1,P-38110,69',second half,0,1
S-8763,WC-2019,M-2019-28,T-71,1,0,P-70687,79',second half,1,0
S-8764,WC-2019,M-2019-28,T-71,1,0,P-12406,79',second half,0,1
S-8765,WC-2019,M-2019-28,T-71,1,0,P-86842,82',second half,1,0
S-8766,WC-2019,M-2019-28,T-71,1,0,P-46735,82',second half,0,1
S-8767,WC-2019,M-2019-29,T-41,1,0,P-21343,63',second half,1,0
S-8768,WC-2019,M-2019-29,T-41,1,0,P-51292,63',second half,0,1
S-8769,WC-2019,M-2019-29,T-09,0,1,P-93057,65',second half,1,0
S-8770,WC-2019,M-2019-29,T-09,0,1,P-42763,65',second half,0,1
S-8771,WC-2019,M-2019-29,T-41,1,0,P-94445,71',second half,1,0
S-8772,WC-2019,M-2019-29,T-41,1,0,P-89652,71',second half,0,1
S-8773,WC-2019,M-2019-29,T-09,0,1,P-84606,76',second half,1,0
S-8774,WC-2019,M-2019-29,T-09,0,1,P-35462,76',second half,0,1
S-8775,WC-2019,M-2019-29,T-41,1,0,P-49416,78',second half,1,0
S-8776,WC-2019,M-2019-29,T-41,1,0,P-62883,78',second half,0,1
S-8777,WC-2019,M-2019-29,T-09,0,1,P-07458,84',second half,1,0
S-8778,WC-2019,M-2019-29,T-09,0,1,P-13960,84',second half,0,1
S-8779,WC-2019,M-2019-30,T-43,1,0,P-47069,46',second half,1,0
S-8780,WC-2019,M-2019-30,T-43,1,0,P-24113,46',second half,0,1
S-8781,WC-2019,M-2019-30,T-43,1,0,P-80618,59',second half,1,0
S-8782,WC-2019,M-2019-30,T-04,0,1,P-74493,59',second half,1,0
S-8783,WC-2019,M-2019-30,T-43,1,0,P-76996,59',second half,0,1
S-8784,WC-2019,M-2019-30,T-04,0,1,P-87785,59',second half,0,1
S-8785,WC-2019,M-2019-30,T-04,0,1,P-83079,63',second half,1,0
S-8786,WC-2019,M-2019-30,T-04,0,1,P-39150,63',second half,0,1
S-8787,WC-2019,M-2019-30,T-43,1,0,P-76650,72',second half,1,0
S-8788,WC-2019,M-2019-30,T-43,1,0,P-05768,72',second half,0,1
S-8789,WC-2019,M-2019-30,T-04,0,1,P-81599,87',second half,1,0
S-8790,WC-2019,M-2019-30,T-04,0,1,P-23508,87',second half,0,1
S-8791,WC-2019,M-2019-31,T-44,1,0,P-01320,61',second half,1,0
S-8792,WC-2019,M-2019-31,T-44,1,0,P-34571,61',second half,0,1
S-8793,WC-2019,M-2019-31,T-44,1,0,P-84768,62',second half,1,0
S-8794,WC-2019,M-2019-31,T-44,1,0,P-45582,62',second half,0,1
S-8795,WC-2019,M-2019-31,T-28,0,1,P-20638,72',second half,1,0
S-8796,WC-2019,M-2019-31,T-28,0,1,P-76594,72',second half,0,1
S-8797,WC-2019,M-2019-31,T-28,0,1,P-55143,74',second half,1,0
S-8798,WC-2019,M-2019-31,T-28,0,1,P-34666,74',second half,0,1
S-8799,WC-2019,M-2019-31,T-28,0,1,P-96810,83',second half,1,0
S-8800,WC-2019,M-2019-31,T-28,0,1,P-62542,83',second half,0,1
S-8801,WC-2019,M-2019-31,T-44,1,0,P-69786,85',second half,1,0
S-8802,WC-2019,M-2019-31,T-44,1,0,P-95935,85',second half,0,1
S-8803,WC-2019,M-2019-32,T-03,0,1,P-89102,60',second half,1,0
S-8804,WC-2019,M-2019-32,T-03,0,1,P-38768,60',second half,0,1
S-8805,WC-2019,M-2019-32,T-03,0,1,P-70181,70',second half,1,0
S-8806,WC-2019,M-2019-32,T-03,0,1,P-75102,70',second half,0,1
S-8807,WC-2019,M-2019-32,T-03,0,1,P-06775,82',second half,1,0
S-8808,WC-2019,M-2019-32,T-03,0,1,P-30464,82',second half,0,1
S-8809,WC-2019,M-2019-32,T-64,1,0,P-04980,86',second half,1,0
S-8810,WC-2019,M-2019-32,T-64,1,0,P-56744,86',second half,1,0
S-8811,WC-2019,M-2019-32,T-64,1,0,P-35487,86',second half,0,1
S-8812,WC-2019,M-2019-32,T-64,1,0,P-92690,86',second half,0,1
S-8813,WC-2019,M-2019-33,T-11,1,0,P-18928,54',second half,1,0
S-8814,WC-2019,M-2019-33,T-11,1,0,P-82188,54',second half,0,1
S-8815,WC-2019,M-2019-33,T-49,0,1,P-54971,68',second half,1,0
S-8816,WC-2019,M-2019-33,T-49,0,1,P-82898,68',second half,1,0
S-8817,WC-2019,M-2019-33,T-49,0,1,P-83018,68',second half,0,1
S-8818,WC-2019,M-2019-33,T-49,0,1,P-44115,68',second half,0,1
S-8819,WC-2019,M-2019-33,T-11,1,0,P-95451,84',second half,1,0
S-8820,WC-2019,M-2019-33,T-11,1,0,P-58512,84',second half,0,1
S-8821,WC-2019,M-2019-33,T-49,0,1,P-24097,88',second half,1,0
S-8822,WC-2019,M-2019-33,T-49,0,1,P-80895,88',second half,0,1
S-8823,WC-2019,M-2019-34,T-12,0,1,P-97813,68',second half,1,0
S-8824,WC-2019,M-2019-34,T-12,0,1,P-16470,68',second half,0,1
S-8825,WC-2019,M-2019-34,T-12,0,1,P-97105,69',second half,1,0
S-8826,WC-2019,M-2019-34,T-12,0,1,P-56274,69',second half,0,1
S-8827,WC-2019,M-2019-34,T-48,1,0,P-12051,70',second half,1,0
S-8828,WC-2019,M-2019-34,T-48,1,0,P-00336,70',second half,1,0
S-8829,WC-2019,M-2019-34,T-48,1,0,P-52476,70',second half,0,1
S-8830,WC-2019,M-2019-34,T-48,1,0,P-82354,70',second half,0,1
S-8831,WC-2019,M-2019-34,T-12,0,1,P-36065,79',second half,1,0
S-8832,WC-2019,M-2019-34,T-12,0,1,P-71404,79',second half,0,1
S-8833,WC-2019,M-2019-34,T-48,1,0,P-70845,87',second half,1,0
S-8834,WC-2019,M-2019-34,T-48,1,0,P-83256,87',second half,0,1
S-8835,WC-2019,M-2019-35,T-83,0,1,P-37034,46',second half,1,0
S-8836,WC-2019,M-2019-35,T-83,0,1,P-62104,46',second half,0,1
S-8837,WC-2019,M-2019-35,T-74,1,0,P-10653,56',second half,1,0
S-8838,WC-2019,M-2019-35,T-74,1,0,P-99138,56',second half,0,1
S-8839,WC-2019,M-2019-35,T-74,1,0,P-94354,63',second half,1,0
S-8840,WC-2019,M-2019-35,T-83,0,1,P-65982,63',second half,1,0
S-8841,WC-2019,M-2019-35,T-74,1,0,P-56701,63',second half,0,1
S-8842,WC-2019,M-2019-35,T-83,0,1,P-79931,63',second half,0,1
S-8843,WC-2019,M-2019-35,T-74,1,0,P-90086,79',second half,1,0
S-8844,WC-2019,M-2019-35,T-74,1,0,P-48545,79',second half,0,1
S-8845,WC-2019,M-2019-35,T-83,0,1,P-09273,83',second half,1,0
S-8846,WC-2019,M-2019-35,T-83,0,1,P-06125,83',second half,0,1
S-8847,WC-2019,M-2019-36,T-13,0,1,P-77951,46',second half,1,0
S-8848,WC-2019,M-2019-36,T-13,0,1,P-83621,46',second half,0,1
S-8849,WC-2019,M-2019-36,T-76,1,0,P-14339,58',second half,1,0
S-8850,WC-2019,M-2019-36,T-76,1,0,P-74376,58',second half,0,1
S-8851,WC-2019,M-2019-36,T-76,1,0,P-53921,73',second half,1,0
S-8852,WC-2019,M-2019-36,T-76,1,0,P-49535,73',second half,0,1
S-8853,WC-2019,M-2019-36,T-13,0,1,P-83621,88',second half,1,0
S-8854,WC-2019,M-2019-36,T-13,0,1,P-11345,88',second half,0,1
S-8855,WC-2019,M-2019-36,T-76,1,0,P-26203,90'+1',"second half, stoppage time",1,0
S-8856,WC-2019,M-2019-36,T-76,1,0,P-46356,90'+1',"second half, stoppage time",0,1
S-8857,WC-2019,M-2019-37,T-31,1,0,P-59795,46',second half,1,0
S-8858,WC-2019,M-2019-37,T-31,1,0,P-17418,46',second half,1,0
S-8859,WC-2019,M-2019-37,T-50,0,1,P-62439,46',second half,1,0
S-8860,WC-2019,M-2019-37,T-31,1,0,P-51855,46',second half,0,1
S-8861,WC-2019,M-2019-37,T-31,1,0,P-16505,46',second half,0,1
S-8862,WC-2019,M-2019-37,T-50,0,1,P-30731,46',second half,0,1
S-8863,WC-2019,M-2019-37,T-31,1,0,P-83353,69',second half,1,0
S-8864,WC-2019,M-2019-37,T-31,1,0,P-70499,69',second half,0,1
S-8865,WC-2019,M-2019-37,T-50,0,1,P-25251,75',second half,1,0
S-8866,WC-2019,M-2019-37,T-50,0,1,P-44672,75',second half,0,1
S-8867,WC-2019,M-2019-37,T-50,0,1,P-64606,84',second half,1,0
S-8868,WC-2019,M-2019-37,T-50,0,1,P-85488,84',second half,0,1
S-8869,WC-2019,M-2019-38,T-53,1,0,P-77852,72',second half,1,0
S-8870,WC-2019,M-2019-38,T-53,1,0,P-82215,72',second half,0,1
S-8871,WC-2019,M-2019-38,T-04,0,1,P-39150,74',second half,1,0
S-8872,WC-2019,M-2019-38,T-04,0,1,P-74493,74',second half,0,1
S-8873,WC-2019,M-2019-38,T-53,1,0,P-09212,77',second half,1,0
S-8874,WC-2019,M-2019-38,T-53,1,0,P-67898,77',second half,0,1
S-8875,WC-2019,M-2019-38,T-04,0,1,P-81723,94',"extra time, first half",1,0
S-8876,WC-2019,M-2019-38,T-04,0,1,P-35812,94',"extra time, first half",0,1
S-8877,WC-2019,M-2019-38,T-53,1,0,P-79740,102',"extra time, first half",1,0
S-8878,WC-2019,M-2019-38,T-53,1,0,P-48596,102',"extra time, first half",0,1
S-8879,WC-2019,M-2019-38,T-04,0,1,P-58730,116',"extra time, second half",1,0
S-8880,WC-2019,M-2019-38,T-04,0,1,P-95706,116',"extra time, second half",0,1
S-8881,WC-2019,M-2019-38,T-04,0,1,P-60982,120'+2',"extra time, second half, stoppage time",1,0
S-8882,WC-2019,M-2019-38,T-04,0,1,P-33399,120'+2',"extra time, second half, stoppage time",0,1
S-8883,WC-2019,M-2019-39,T-11,0,1,P-18928,53',second half,1,0
S-8884,WC-2019,M-2019-39,T-11,0,1,P-82188,53',second half,0,1
S-8885,WC-2019,M-2019-39,T-28,1,0,P-84864,64',second half,1,0
S-8886,WC-2019,M-2019-39,T-11,0,1,P-12298,64',second half,1,0
S-8887,WC-2019,M-2019-39,T-28,1,0,P-57382,64',second half,0,1
S-8888,WC-2019,M-2019-39,T-11,0,1,P-80017,64',second half,0,1
S-8889,WC-2019,M-2019-39,T-11,0,1,P-84073,68',second half,1,0
S-8890,WC-2019,M-2019-39,T-11,0,1,P-58512,68',second half,0,1
S-8891,WC-2019,M-2019-39,T-28,1,0,P-41187,78',second half,1,0
S-8892,WC-2019,M-2019-39,T-28,1,0,P-23605,78',second half,0,1
S-8893,WC-2019,M-2019-39,T-28,1,0,P-62542,84',second half,1,0
S-8894,WC-2019,M-2019-39,T-28,1,0,P-71247,84',second half,0,1
S-8895,WC-2019,M-2019-40,T-09,0,1,P-95343,71',second half,1,0
S-8896,WC-2019,M-2019-40,T-09,0,1,P-42763,71',second half,0,1
S-8897,WC-2019,M-2019-40,T-09,0,1,P-19610,75',second half,1,0
S-8898,WC-2019,M-2019-40,T-09,0,1,P-53274,75',second half,0,1
S-8899,WC-2019,M-2019-40,T-30,1,0,P-79996,81',second half,1,0
S-8900,WC-2019,M-2019-40,T-30,1,0,P-23859,81',second half,0,1
S-8901,WC-2019,M-2019-40,T-09,0,1,P-84606,89',second half,1,0
S-8902,WC-2019,M-2019-40,T-09,0,1,P-35462,89',second half,0,1
S-8903,WC-2019,M-2019-40,T-30,1,0,P-44380,90'+3',"second half, stoppage time",1,0
S-8904,WC-2019,M-2019-40,T-30,1,0,P-65933,90'+3',"second half, stoppage time",0,1
S-8905,WC-2019,M-2019-40,T-09,0,1,P-93057,96',"extra time, first half",1,0
S-8906,WC-2019,M-2019-40,T-09,0,1,P-84502,96',"extra time, first half",0,1
S-8907,WC-2019,M-2019-40,T-30,1,0,P-16125,109',"extra time, second half",1,0
S-8908,WC-2019,M-2019-40,T-30,1,0,P-46773,109',"extra time, second half",0,1
S-8909,WC-2019,M-2019-40,T-30,1,0,P-14916,118',"extra time, second half",1,0
S-8910,WC-2019,M-2019-40,T-30,1,0,P-22001,118',"extra time, second half",0,1
S-8911,WC-2019,M-2019-41,T-73,1,0,P-10289,32',first half,1,0
S-8912,WC-2019,M-2019-41,T-73,1,0,P-14224,32',first half,0,1
S-8913,WC-2019,M-2019-41,T-73,1,0,P-68406,78',second half,1,0
S-8914,WC-2019,M-2019-41,T-73,1,0,P-84258,78',second half,0,1
S-8915,WC-2019,M-2019-41,T-73,1,0,P-65568,83',second half,1,0
S-8916,WC-2019,M-2019-41,T-73,1,0,P-19703,83',second half,0,1
S-8917,WC-2019,M-2019-41,T-83,0,1,P-37034,85',second half,1,0
S-8918,WC-2019,M-2019-41,T-83,0,1,P-62104,85',second half,0,1
S-8919,WC-2019,M-2019-41,T-83,0,1,P-65982,89',second half,1,0
S-8920,WC-2019,M-2019-41,T-83,0,1,P-46428,89',second half,0,1
S-8921,WC-2019,M-2019-41,T-83,0,1,P-09273,90'+7',"second half, stoppage time",1,0
S-8922,WC-2019,M-2019-41,T-83,0,1,P-79931,90'+7',"second half, stoppage time",0,1
S-8923,WC-2019,M-2019-42,T-12,0,1,P-26193,64',second half,1,0
S-8924,WC-2019,M-2019-42,T-12,0,1,P-16470,64',second half,0,1
S-8925,WC-2019,M-2019-42,T-74,1,0,P-76903,79',second half,1,0
S-8926,WC-2019,M-2019-42,T-74,1,0,P-24130,79',second half,0,1
S-8927,WC-2019,M-2019-42,T-12,0,1,P-97105,84',second half,1,0
S-8928,WC-2019,M-2019-42,T-12,0,1,P-48464,84',second half,1,0
S-8929,WC-2019,M-2019-42,T-12,0,1,P-56274,84',second half,0,1
S-8930,WC-2019,M-2019-42,T-12,0,1,P-71404,84',second half,0,1
S-8931,WC-2019,M-2019-42,T-74,1,0,P-99138,89',second half,1,0
S-8932,WC-2019,M-2019-42,T-74,1,0,P-48545,89',second half,0,1
S-8933,WC-2019,M-2019-42,T-74,1,0,P-62190,90'+4',"second half, stoppage time",1,0
S-8934,WC-2019,M-2019-42,T-74,1,0,P-33464,90'+4',"second half, stoppage time",0,1
S-8935,WC-2019,M-2019-43,T-41,1,0,P-49416,39',first half,1,0
S-8936,WC-2019,M-2019-43,T-41,1,0,P-33581,39',first half,0,1
S-8937,WC-2019,M-2019-43,T-14,0,1,P-12565,46',second half,1,0
S-8938,WC-2019,M-2019-43,T-14,0,1,P-44771,46',second half,0,1
S-8939,WC-2019,M-2019-43,T-14,0,1,P-40014,61',second half,1,0
S-8940,WC-2019,M-2019-43,T-14,0,1,P-04204,61',second half,1,0
S-8941,WC-2019,M-2019-43,T-14,0,1,P-58097,61',second half,0,1
S-8942,WC-2019,M-2019-43,T-14,0,1,P-27178,61',second half,0,1
S-8943,WC-2019,M-2019-43,T-41,1,0,P-51292,63',second half,1,0
S-8944,WC-2019,M-2019-43,T-41,1,0,P-62883,63',second half,0,1
S-8945,WC-2019,M-2019-43,T-41,1,0,P-47343,71',second half,1,0
S-8946,WC-2019,M-2019-43,T-41,1,0,P-14034,71',second half,0,1
S-8947,WC-2019,M-2019-44,T-48,1,0,P-30342,68',second half,1,0
S-8948,WC-2019,M-2019-44,T-48,1,0,P-82354,68',second half,0,1
S-8949,WC-2019,M-2019-44,T-44,0,1,P-44627,72',second half,1,0
S-8950,WC-2019,M-2019-44,T-44,0,1,P-63894,72',second half,0,1
S-8951,WC-2019,M-2019-44,T-48,1,0,P-63236,85',second half,1,0
S-8952,WC-2019,M-2019-44,T-48,1,0,P-91488,85',second half,0,1
S-8953,WC-2019,M-2019-44,T-48,1,0,P-70845,87',second half,1,0
S-8954,WC-2019,M-2019-44,T-48,1,0,P-52476,87',second half,0,1
S-8955,WC-2019,M-2019-44,T-44,0,1,P-26643,90'+1',"second half, stoppage time",1,0
S-8956,WC-2019,M-2019-44,T-44,0,1,P-95935,90'+1',"second half, stoppage time",0,1
S-8957,WC-2019,M-2019-45,T-28,0,1,P-96810,54',second half,1,0
S-8958,WC-2019,M-2019-45,T-28,0,1,P-41857,54',second half,0,1
S-8959,WC-2019,M-2019-45,T-53,1,0,P-77852,64',second half,1,0
S-8960,WC-2019,M-2019-45,T-53,1,0,P-67898,64',second half,0,1
S-8961,WC-2019,M-2019-45,T-53,1,0,P-77652,74',second half,1,0
S-8962,WC-2019,M-2019-45,T-28,0,1,P-61922,74',second half,1,0
S-8963,WC-2019,M-2019-45,T-53,1,0,P-12306,74',second half,0,1
S-8964,WC-2019,M-2019-45,T-28,0,1,P-55143,74',second half,0,1
S-8965,WC-2019,M-2019-45,T-53,1,0,P-79740,85',second half,1,0
S-8966,WC-2019,M-2019-45,T-53,1,0,P-48596,85',second half,0,1
S-8967,WC-2019,M-2019-45,T-28,0,1,P-62542,88',second half,1,0
S-8968,WC-2019,M-2019-45,T-28,0,1,P-06258,88',second half,0,1
S-8969,WC-2019,M-2019-46,T-83,0,1,P-65982,63',second half,1,0
S-8970,WC-2019,M-2019-46,T-83,0,1,P-46428,63',second half,0,1
S-8971,WC-2019,M-2019-46,T-30,1,0,P-44380,76',second half,1,0
S-8972,WC-2019,M-2019-46,T-30,1,0,P-65933,76',second half,0,1
S-8973,WC-2019,M-2019-46,T-30,1,0,P-70239,82',second half,1,0
S-8974,WC-2019,M-2019-46,T-83,0,1,P-59472,82',second half,1,0
S-8975,WC-2019,M-2019-46,T-30,1,0,P-79996,82',second half,0,1
S-8976,WC-2019,M-2019-46,T-83,0,1,P-62104,82',second half,0,1
S-8977,WC-2019,M-2019-46,T-83,0,1,P-09273,87',second half,1,0
S-8978,WC-2019,M-2019-46,T-83,0,1,P-79931,87',second half,0,1
S-8979,WC-2019,M-2019-47,T-41,1,0,P-94445,46',second half,1,0
S-8980,WC-2019,M-2019-47,T-41,1,0,P-89652,46',second half,0,1
S-8981,WC-2019,M-2019-47,T-41,1,0,P-47343,55',second half,1,0
S-8982,WC-2019,M-2019-47,T-41,1,0,P-26735,55',second half,0,1
S-8983,WC-2019,M-2019-47,T-48,0,1,P-30342,56',second half,1,0
S-8984,WC-2019,M-2019-47,T-48,0,1,P-82354,56',second half,0,1
S-8985,WC-2019,M-2019-47,T-41,1,0,P-51292,75',second half,1,0
S-8986,WC-2019,M-2019-47,T-41,1,0,P-83704,75',second half,0,1
S-8987,WC-2019,M-2019-47,T-48,0,1,P-13594,87',second half,1,0
S-8988,WC-2019,M-2019-47,T-48,0,1,P-69967,87',second half,1,0
S-8989,WC-2019,M-2019-47,T-48,0,1,P-53833,87',second half,0,1
S-8990,WC-2019,M-2019-47,T-48,0,1,P-52476,87',second half,0,1
S-8991,WC-2019,M-2019-48,T-31,1,0,P-16505,43',first half,1,0
S-8992,WC-2019,M-2019-48,T-31,1,0,P-32680,43',first half,0,1
S-8993,WC-2019,M-2019-48,T-31,1,0,P-02802,46',second half,1,0
S-8994,WC-2019,M-2019-48,T-31,1,0,P-84273,46',second half,0,1
S-8995,WC-2019,M-2019-48,T-74,0,1,P-52228,66',second half,1,0
S-8996,WC-2019,M-2019-48,T-74,0,1,P-02921,66',second half,0,1
S-8997,WC-2019,M-2019-48,T-31,1,0,P-25269,69',second half,1,0
S-8998,WC-2019,M-2019-48,T-31,1,0,P-70499,69',second half,0,1
S-8999,WC-2019,M-2019-48,T-74,0,1,P-76903,86',second half,1,0
S-9000,WC-2019,M-2019-48,T-74,0,1,P-24130,86',second half,0,1
S-9001,WC-2019,M-2019-48,T-74,0,1,P-99138,90'+5',"second half, stoppage time",1,0
S-9002,WC-2019,M-2019-48,T-74,0,1,P-48545,90'+5',"second half, stoppage time",0,1
S-9003,WC-2019,M-2019-49,T-28,1,0,P-41857,58',second half,1,0
S-9004,WC-2019,M-2019-49,T-28,1,0,P-61922,58',second half,0,1
S-9005,WC-2019,M-2019-49,T-83,0,1,P-65982,65',second half,1,0
S-9006,WC-2019,M-2019-49,T-83,0,1,P-59472,65',second half,0,1
S-9007,WC-2019,M-2019-49,T-28,1,0,P-20638,71',second half,1,0
S-9008,WC-2019,M-2019-49,T-28,1,0,P-76594,71',second half,0,1
S-9009,WC-2019,M-2019-49,T-83,0,1,P-35525,80',second half,1,0
S-9010,WC-2019,M-2019-49,T-83,0,1,P-62104,80',second half,0,1
S-9011,WC-2019,M-2019-49,T-83,0,1,P-72568,87',second half,1,0
S-9012,WC-2019,M-2019-49,T-83,0,1,P-45187,87',second half,0,1
S-9013,WC-2019,M-2019-49,T-28,1,0,P-06258,89',second half,1,0
S-9014,WC-2019,M-2019-49,T-28,1,0,P-55143,89',second half,0,1
S-9015,WC-2019,M-2019-50,T-48,1,0,P-00336,46',second half,1,0
S-9016,WC-2019,M-2019-50,T-48,1,0,P-52476,46',second half,0,1
S-9017,WC-2019,M-2019-50,T-48,1,0,P-82354,71',second half,1,0
S-9018,WC-2019,M-2019-50,T-48,1,0,P-30342,71',second half,0,1
S-9019,WC-2019,M-2019-50,T-74,0,1,P-76903,79',second half,1,0
S-9020,WC-2019,M-2019-50,T-74,0,1,P-48545,79',second half,1,0
S-9021,WC-2019,M-2019-50,T-74,0,1,P-89508,79',second half,0,1
S-9022,WC-2019,M-2019-50,T-74,0,1,P-93553,79',second half,0,1
S-9023,WC-2019,M-2019-50,T-74,0,1,P-76573,111',"extra time, second half",1,0
S-9024,WC-2019,M-2019-50,T-74,0,1,P-62190,111',"extra time, second half",1,0
S-9025,WC-2019,M-2019-50,T-74,0,1,P-28884,111',"extra time, second half",0,1
S-9026,WC-2019,M-2019-50,T-74,0,1,P-07053,111',"extra time, second half",0,1
S-9027,WC-2019,M-2019-51,T-74,0,1,P-99138,27',first half,1,0
S-9028,WC-2019,M-2019-51,T-74,0,1,P-48545,27',first half,0,1
S-9029,WC-2019,M-2019-51,T-74,0,1,P-90086,46',second half,1,0
S-9030,WC-2019,M-2019-51,T-74,0,1,P-89508,46',second half,0,1
S-9031,WC-2019,M-2019-51,T-28,1,0,P-41857,50',second half,1,0
S-9032,WC-2019,M-2019-51,T-28,1,0,P-57382,50',second half,0,1
S-9033,WC-2019,M-2019-51,T-74,0,1,P-24130,72',second half,1,0
S-9034,WC-2019,M-2019-51,T-74,0,1,P-02921,72',second half,0,1
S-9035,WC-2019,M-2019-51,T-28,1,0,P-62542,74',second half,1,0
S-9036,WC-2019,M-2019-51,T-28,1,0,P-34666,74',second half,0,1
S-9037,WC-2019,M-2019-51,T-28,1,0,P-25548,83',second half,1,0
S-9038,WC-2019,M-2019-51,T-28,1,0,P-06258,83',second half,0,1
S-9039,WC-2019,M-2019-52,T-83,1,0,P-72568,46',second half,1,0
S-9040,WC-2019,M-2019-52,T-83,1,0,P-45187,46',second half,0,1
S-9041,WC-2019,M-2019-52,T-48,0,1,P-00336,70',second half,1,0
S-9042,WC-2019,M-2019-52,T-48,0,1,P-52476,70',second half,0,1
S-9043,WC-2019,M-2019-52,T-48,0,1,P-53833,73',second half,1,0
S-9044,WC-2019,M-2019-52,T-48,0,1,P-30342,73',second half,0,1
S-9045,WC-2019,M-2019-52,T-83,1,0,P-09273,79',second half,1,0
S-9046,WC-2019,M-2019-52,T-83,1,0,P-79931,79',second half,0,1
S-9047,WC-2019,M-2019-52,T-83,1,0,P-35525,87',second half,1,0
S-9048,WC-2019,M-2019-52,T-83,1,0,P-62104,87',second half,0,1
S-9049,WC-2022,M-2022-01,T-25,0,1,P-34543,68',second half,1,0
S-9050,WC-2022,M-2022-01,T-25,0,1,P-78091,68',second half,0,1
S-9051,WC-2022,M-2022-01,T-59,1,0,P-38732,72',second half,1,0
S-9052,WC-2022,M-2022-01,T-59,1,0,P-01930,72',second half,1,0
S-9053,WC-2022,M-2022-01,T-59,1,0,P-17048,72',second half,0,1
S-9054,WC-2022,M-2022-01,T-59,1,0,P-90689,72',second half,0,1
S-9055,WC-2022,M-2022-01,T-25,0,1,P-75912,77',second half,1,0
S-9056,WC-2022,M-2022-01,T-25,0,1,P-75628,77',second half,0,1
S-9057,WC-2022,M-2022-01,T-25,0,1,P-82216,90',second half,1,0
S-9058,WC-2022,M-2022-01,T-25,0,1,P-44851,90',second half,1,0
S-9059,WC-2022,M-2022-01,T-25,0,1,P-02839,90',second half,0,1
S-9060,WC-2022,M-2022-01,T-25,0,1,P-28364,90',second half,0,1
S-9061,WC-2022,M-2022-02,T-38,0,1,P-20998,20',first half,1,0
S-9062,WC-2022,M-2022-02,T-38,0,1,P-28492,20',first half,0,1
S-9063,WC-2022,M-2022-02,T-38,0,1,P-98747,46',second half,1,0
S-9064,WC-2022,M-2022-02,T-38,0,1,P-98775,46',second half,1,0
S-9065,WC-2022,M-2022-02,T-38,0,1,P-68842,46',second half,1,0
S-9066,WC-2022,M-2022-02,T-38,0,1,P-95374,46',second half,0,1
S-9067,WC-2022,M-2022-02,T-38,0,1,P-74612,46',second half,0,1
S-9068,WC-2022,M-2022-02,T-38,0,1,P-45653,46',second half,0,1
S-9069,WC-2022,M-2022-02,T-38,0,1,P-74098,63',second half,1,0
S-9070,WC-2022,M-2022-02,T-38,0,1,P-04541,63',second half,0,1
S-9071,WC-2022,M-2022-02,T-28,1,0,P-02465,70',second half,1,0
S-9072,WC-2022,M-2022-02,T-28,1,0,P-76842,70',second half,1,0
S-9073,WC-2022,M-2022-02,T-28,1,0,P-90012,70',second half,1,0
S-9074,WC-2022,M-2022-02,T-28,1,0,P-21553,70',second half,1,0
S-9075,WC-2022,M-2022-02,T-28,1,0,P-31219,70',second half,0,1
S-9076,WC-2022,M-2022-02,T-28,1,0,P-59837,70',second half,0,1
S-9077,WC-2022,M-2022-02,T-28,1,0,P-10501,70',second half,0,1
S-9078,WC-2022,M-2022-02,T-28,1,0,P-21153,70',second half,0,1
S-9079,WC-2022,M-2022-02,T-28,1,0,P-58924,75',second half,1,0
S-9080,WC-2022,M-2022-02,T-28,1,0,P-22844,75',second half,0,1
S-9081,WC-2022,M-2022-02,T-38,0,1,P-42215,77',second half,1,0
S-9082,WC-2022,M-2022-02,T-38,0,1,P-09113,77',second half,0,1
S-9083,WC-2022,M-2022-03,T-65,1,0,P-77769,62',second half,1,0
S-9084,WC-2022,M-2022-03,T-48,0,1,P-57087,62',second half,1,0
S-9085,WC-2022,M-2022-03,T-65,1,0,P-54506,62',second half,0,1
S-9086,WC-2022,M-2022-03,T-48,0,1,P-27540,62',second half,0,1
S-9087,WC-2022,M-2022-03,T-65,1,0,P-33622,69',second half,1,0
S-9088,WC-2022,M-2022-03,T-65,1,0,P-88928,69',second half,0,1
S-9089,WC-2022,M-2022-03,T-65,1,0,P-55140,73',second half,1,0
S-9090,WC-2022,M-2022-03,T-65,1,0,P-09292,73',second half,1,0
S-9091,WC-2022,M-2022-03,T-65,1,0,P-45280,73',second half,0,1
S-9092,WC-2022,M-2022-03,T-65,1,0,P-86937,73',second half,0,1
S-9093,WC-2022,M-2022-03,T-48,0,1,P-10326,79',second half,1,0
S-9094,WC-2022,M-2022-03,T-48,0,1,P-44799,79',second half,1,0
S-9095,WC-2022,M-2022-03,T-48,0,1,P-42078,79',second half,0,1
S-9096,WC-2022,M-2022-03,T-48,0,1,P-35705,79',second half,0,1
S-9097,WC-2022,M-2022-03,T-48,0,1,P-28911,90'+4',"second half, stoppage time",1,0
S-9098,WC-2022,M-2022-03,T-48,0,1,P-55965,90'+4',"second half, stoppage time",0,1
S-9099,WC-2022,M-2022-04,T-85,0,1,P-74707,46',second half,1,0
S-9100,WC-2022,M-2022-04,T-85,0,1,P-10657,46',second half,0,1
S-9101,WC-2022,M-2022-04,T-83,1,0,P-68952,66',second half,1,0
S-9102,WC-2022,M-2022-04,T-83,1,0,P-03484,66',second half,0,1
S-9103,WC-2022,M-2022-04,T-83,1,0,P-89452,74',second half,1,0
S-9104,WC-2022,M-2022-04,T-83,1,0,P-59571,74',second half,1,0
S-9105,WC-2022,M-2022-04,T-83,1,0,P-94647,74',second half,1,0
S-9106,WC-2022,M-2022-04,T-83,1,0,P-68131,74',second half,0,1
S-9107,WC-2022,M-2022-04,T-83,1,0,P-95273,74',second half,0,1
S-9108,WC-2022,M-2022-04,T-83,1,0,P-86410,74',second half,0,1
S-9109,WC-2022,M-2022-04,T-85,0,1,P-87190,79',second half,1,0
S-9110,WC-2022,M-2022-04,T-85,0,1,P-57098,79',second half,0,1
S-9111,WC-2022,M-2022-04,T-83,1,0,P-30252,88',second half,1,0
S-9112,WC-2022,M-2022-04,T-83,1,0,P-77402,88',second half,0,1
S-9113,WC-2022,M-2022-04,T-85,0,1,P-94779,90'+3',"second half, stoppage time",1,0
S-9114,WC-2022,M-2022-04,T-85,0,1,P-20564,90'+3',"second half, stoppage time",0,1
S-9115,WC-2022,M-2022-04,T-85,0,1,P-50398,90'+5',"second half, stoppage time",1,0
S-9116,WC-2022,M-2022-04,T-85,0,1,P-69082,90'+5',"second half, stoppage time",0,1
S-9117,WC-2022,M-2022-05,T-63,0,1,P-93688,45'+4',"first half, stoppage time",1,0
S-9118,WC-2022,M-2022-05,T-63,0,1,P-76864,45'+4',"first half, stoppage time",0,1
S-9119,WC-2022,M-2022-05,T-03,1,0,P-79650,59',second half,1,0
S-9120,WC-2022,M-2022-05,T-03,1,0,P-27582,59',second half,1,0
S-9121,WC-2022,M-2022-05,T-03,1,0,P-10231,59',second half,1,0
S-9122,WC-2022,M-2022-05,T-03,1,0,P-23070,59',second half,0,1
S-9123,WC-2022,M-2022-05,T-03,1,0,P-19776,59',second half,0,1
S-9124,WC-2022,M-2022-05,T-03,1,0,P-10739,59',second half,0,1
S-9125,WC-2022,M-2022-05,T-03,1,0,P-35173,71',second half,1,0
S-9126,WC-2022,M-2022-05,T-03,1,0,P-73712,71',second half,0,1
S-9127,WC-2022,M-2022-05,T-63,0,1,P-37308,78',second half,1,0
S-9128,WC-2022,M-2022-05,T-63,0,1,P-06789,78',second half,0,1
S-9129,WC-2022,M-2022-05,T-63,0,1,P-89845,89',second half,1,0
S-9130,WC-2022,M-2022-05,T-63,0,1,P-76864,89',second half,1,0
S-9131,WC-2022,M-2022-05,T-63,0,1,P-12335,89',second half,0,1
S-9132,WC-2022,M-2022-05,T-63,0,1,P-40487,89',second half,0,1
S-9133,WC-2022,M-2022-05,T-63,0,1,P-45457,90'+9',"second half, stoppage time",1,0
S-9134,WC-2022,M-2022-05,T-63,0,1,P-94422,90'+9',"second half, stoppage time",0,1
S-9135,WC-2022,M-2022-06,T-22,1,0,P-57615,45'+1',"first half, stoppage time",1,0
S-9136,WC-2022,M-2022-06,T-22,1,0,P-57782,45'+1',"first half, stoppage time",0,1
S-9137,WC-2022,M-2022-06,T-22,1,0,P-14988,65',second half,1,0
S-9138,WC-2022,M-2022-06,T-22,1,0,P-82313,65',second half,1,0
S-9139,WC-2022,M-2022-06,T-22,1,0,P-72592,65',second half,1,0
S-9140,WC-2022,M-2022-06,T-22,1,0,P-29053,65',second half,0,1
S-9141,WC-2022,M-2022-06,T-22,1,0,P-26593,65',second half,0,1
S-9142,WC-2022,M-2022-06,T-22,1,0,P-70516,65',second half,0,1
S-9143,WC-2022,M-2022-06,T-79,0,1,P-45680,67',second half,1,0
S-9144,WC-2022,M-2022-06,T-79,0,1,P-69793,67',second half,0,1
S-9145,WC-2022,M-2022-06,T-79,0,1,P-25741,80',second half,1,0
S-9146,WC-2022,M-2022-06,T-79,0,1,P-11346,80',second half,1,0
S-9147,WC-2022,M-2022-06,T-79,0,1,P-48887,80',second half,0,1
S-9148,WC-2022,M-2022-06,T-79,0,1,P-21865,80',second half,0,1
S-9149,WC-2022,M-2022-06,T-79,0,1,P-49094,88',second half,1,0
S-9150,WC-2022,M-2022-06,T-79,0,1,P-29063,88',second half,1,0
S-9151,WC-2022,M-2022-06,T-79,0,1,P-27079,88',second half,0,1
S-9152,WC-2022,M-2022-06,T-79,0,1,P-90867,88',second half,0,1
S-9153,WC-2022,M-2022-07,T-57,0,1,P-40498,46',second half,1,0
S-9154,WC-2022,M-2022-07,T-57,0,1,P-14593,46',second half,0,1
S-9155,WC-2022,M-2022-07,T-46,1,0,P-42911,71',second half,1,0
S-9156,WC-2022,M-2022-07,T-46,1,0,P-49482,71',second half,1,0
S-9157,WC-2022,M-2022-07,T-57,0,1,P-65512,71',second half,1,0
S-9158,WC-2022,M-2022-07,T-46,1,0,P-19618,71',second half,0,1
S-9159,WC-2022,M-2022-07,T-46,1,0,P-57865,71',second half,0,1
S-9160,WC-2022,M-2022-07,T-57,0,1,P-23437,71',second half,0,1
S-9161,WC-2022,M-2022-07,T-46,1,0,P-64182,84',second half,1,0
S-9162,WC-2022,M-2022-07,T-46,1,0,P-81433,84',second half,0,1
S-9163,WC-2022,M-2022-07,T-57,0,1,P-32165,87',second half,1,0
S-9164,WC-2022,M-2022-07,T-57,0,1,P-12381,87',second half,0,1
S-9165,WC-2022,M-2022-08,T-30,1,0,P-84424,13',first half,1,0
S-9166,WC-2022,M-2022-08,T-30,1,0,P-09867,13',first half,0,1
S-9167,WC-2022,M-2022-08,T-04,0,1,P-91029,56',second half,1,0
S-9168,WC-2022,M-2022-08,T-04,0,1,P-67089,56',second half,0,1
S-9169,WC-2022,M-2022-08,T-04,0,1,P-82010,73',second half,1,0
S-9170,WC-2022,M-2022-08,T-04,0,1,P-51406,73',second half,1,0
S-9171,WC-2022,M-2022-08,T-04,0,1,P-61979,73',second half,0,1
S-9172,WC-2022,M-2022-08,T-04,0,1,P-05864,73',second half,0,1
S-9173,WC-2022,M-2022-08,T-30,1,0,P-54517,77',second half,1,0
S-9174,WC-2022,M-2022-08,T-30,1,0,P-97778,77',second half,1,0
S-9175,WC-2022,M-2022-08,T-30,1,0,P-23304,77',second half,0,1
S-9176,WC-2022,M-2022-08,T-30,1,0,P-06614,77',second half,0,1
S-9177,WC-2022,M-2022-08,T-04,0,1,P-09062,85',second half,1,0
S-9178,WC-2022,M-2022-08,T-04,0,1,P-34822,85',second half,1,0
S-9179,WC-2022,M-2022-08,T-04,0,1,P-27035,85',second half,0,1
S-9180,WC-2022,M-2022-08,T-04,0,1,P-59727,85',second half,0,1
S-9181,WC-2022,M-2022-08,T-30,1,0,P-60652,89',second half,1,0
S-9182,WC-2022,M-2022-08,T-30,1,0,P-89750,89',second half,1,0
S-9183,WC-2022,M-2022-08,T-30,1,0,P-78484,89',second half,0,1
S-9184,WC-2022,M-2022-08,T-30,1,0,P-13613,89',second half,0,1
S-9185,WC-2022,M-2022-09,T-18,0,1,P-22160,46',second half,1,0
S-9186,WC-2022,M-2022-09,T-18,0,1,P-89948,46',second half,0,1
S-9187,WC-2022,M-2022-09,T-47,1,0,P-09614,60',second half,1,0
S-9188,WC-2022,M-2022-09,T-47,1,0,P-91543,60',second half,0,1
S-9189,WC-2022,M-2022-09,T-47,1,0,P-59033,65',second half,1,0
S-9190,WC-2022,M-2022-09,T-47,1,0,P-21052,65',second half,0,1
S-9191,WC-2022,M-2022-09,T-18,0,1,P-65182,71',second half,1,0
S-9192,WC-2022,M-2022-09,T-18,0,1,P-31643,71',second half,0,1
S-9193,WC-2022,M-2022-09,T-18,0,1,P-07670,79',second half,1,0
S-9194,WC-2022,M-2022-09,T-18,0,1,P-64353,79',second half,0,1
S-9195,WC-2022,M-2022-09,T-47,1,0,P-40619,81',second half,1,0
S-9196,WC-2022,M-2022-09,T-47,1,0,P-42517,81',second half,1,0
S-9197,WC-2022,M-2022-09,T-47,1,0,P-90423,81',second half,0,1
S-9198,WC-2022,M-2022-09,T-47,1,0,P-05265,81',second half,0,1
S-9199,WC-2022,M-2022-09,T-18,0,1,P-93884,90',second half,1,0
S-9200,WC-2022,M-2022-09,T-18,0,1,P-26942,90',second half,0,1
S-9201,WC-2022,M-2022-10,T-44,0,1,P-39942,46',second half,1,0
S-9202,WC-2022,M-2022-10,T-44,0,1,P-68429,46',second half,0,1
S-9203,WC-2022,M-2022-10,T-44,0,1,P-26303,57',second half,1,0
S-9204,WC-2022,M-2022-10,T-44,0,1,P-30206,57',second half,1,0
S-9205,WC-2022,M-2022-10,T-44,0,1,P-22633,57',second half,0,1
S-9206,WC-2022,M-2022-10,T-44,0,1,P-46913,57',second half,0,1
S-9207,WC-2022,M-2022-10,T-31,1,0,P-08896,67',second half,1,0
S-9208,WC-2022,M-2022-10,T-31,1,0,P-28154,67',second half,1,0
S-9209,WC-2022,M-2022-10,T-31,1,0,P-18188,67',second half,0,1
S-9210,WC-2022,M-2022-10,T-31,1,0,P-79409,67',second half,0,1
S-9211,WC-2022,M-2022-10,T-44,0,1,P-82447,71',second half,1,0
S-9212,WC-2022,M-2022-10,T-44,0,1,P-58907,71',second half,0,1
S-9213,WC-2022,M-2022-10,T-44,0,1,P-56398,75',second half,1,0
S-9214,WC-2022,M-2022-10,T-44,0,1,P-05559,75',second half,0,1
S-9215,WC-2022,M-2022-10,T-31,1,0,P-47182,79',second half,1,0
S-9216,WC-2022,M-2022-10,T-31,1,0,P-77743,79',second half,1,0
S-9217,WC-2022,M-2022-10,T-31,1,0,P-63673,79',second half,0,1
S-9218,WC-2022,M-2022-10,T-31,1,0,P-46246,79',second half,0,1
S-9219,WC-2022,M-2022-10,T-31,1,0,P-75989,90',second half,1,0
S-9220,WC-2022,M-2022-10,T-31,1,0,P-04137,90',second half,0,1
S-9221,WC-2022,M-2022-11,T-17,0,1,P-39281,46',second half,1,0
S-9222,WC-2022,M-2022-11,T-17,0,1,P-37984,46',second half,0,1
S-9223,WC-2022,M-2022-11,T-73,1,0,P-24897,57',second half,1,0
S-9224,WC-2022,M-2022-11,T-73,1,0,P-31301,57',second half,1,0
S-9225,WC-2022,M-2022-11,T-73,1,0,P-29274,57',second half,0,1
S-9226,WC-2022,M-2022-11,T-73,1,0,P-30405,57',second half,0,1
S-9227,WC-2022,M-2022-11,T-17,0,1,P-09889,61',second half,1,0
S-9228,WC-2022,M-2022-11,T-17,0,1,P-02556,61',second half,1,0
S-9229,WC-2022,M-2022-11,T-17,0,1,P-22631,61',second half,0,1
S-9230,WC-2022,M-2022-11,T-17,0,1,P-99590,61',second half,0,1
S-9231,WC-2022,M-2022-11,T-73,1,0,P-01416,64',second half,1,0
S-9232,WC-2022,M-2022-11,T-73,1,0,P-28010,64',second half,1,0
S-9233,WC-2022,M-2022-11,T-73,1,0,P-49008,64',second half,0,1
S-9234,WC-2022,M-2022-11,T-73,1,0,P-37294,64',second half,0,1
S-9235,WC-2022,M-2022-11,T-73,1,0,P-09400,69',second half,1,0
S-9236,WC-2022,M-2022-11,T-73,1,0,P-68218,69',second half,0,1
S-9237,WC-2022,M-2022-11,T-17,0,1,P-11767,72',second half,1,0
S-9238,WC-2022,M-2022-11,T-17,0,1,P-44957,72',second half,0,1
S-9239,WC-2022,M-2022-11,T-17,0,1,P-10740,82',second half,1,0
S-9240,WC-2022,M-2022-11,T-17,0,1,P-37189,82',second half,0,1
S-9241,WC-2022,M-2022-12,T-06,1,0,P-47906,46',second half,1,0
S-9242,WC-2022,M-2022-12,T-06,1,0,P-06338,46',second half,1,0
S-9243,WC-2022,M-2022-12,T-06,1,0,P-21652,46',second half,0,1
S-9244,WC-2022,M-2022-12,T-06,1,0,P-22930,46',second half,0,1
S-9245,WC-2022,M-2022-12,T-12,0,1,P-03472,58',second half,1,0
S-9246,WC-2022,M-2022-12,T-12,0,1,P-35706,58',second half,1,0
S-9247,WC-2022,M-2022-12,T-12,0,1,P-01925,58',second half,0,1
S-9248,WC-2022,M-2022-12,T-12,0,1,P-85670,58',second half,0,1
S-9249,WC-2022,M-2022-12,T-06,1,0,P-72011,62',second half,1,0
S-9250,WC-2022,M-2022-12,T-06,1,0,P-95312,62',second half,0,1
S-9251,WC-2022,M-2022-12,T-12,0,1,P-42390,74',second half,1,0
S-9252,WC-2022,M-2022-12,T-12,0,1,P-55821,74',second half,0,1
S-9253,WC-2022,M-2022-12,T-06,1,0,P-13975,78',second half,1,0
S-9254,WC-2022,M-2022-12,T-06,1,0,P-70691,78',second half,0,1
S-9255,WC-2022,M-2022-12,T-12,0,1,P-28794,81',second half,1,0
S-9256,WC-2022,M-2022-12,T-12,0,1,P-96259,81',second half,1,0
S-9257,WC-2022,M-2022-12,T-12,0,1,P-00809,81',second half,0,1
S-9258,WC-2022,M-2022-12,T-12,0,1,P-27541,81',second half,0,1
S-9259,WC-2022,M-2022-13,T-11,0,1,P-34633,68',second half,1,0
S-9260,WC-2022,M-2022-13,T-11,0,1,P-36707,68',second half,0,1
S-9261,WC-2022,M-2022-13,T-75,1,0,P-39460,72',second half,1,0
S-9262,WC-2022,M-2022-13,T-75,1,0,P-11878,72',second half,1,0
S-9263,WC-2022,M-2022-13,T-75,1,0,P-19075,72',second half,1,0
S-9264,WC-2022,M-2022-13,T-75,1,0,P-00244,72',second half,0,1
S-9265,WC-2022,M-2022-13,T-75,1,0,P-85577,72',second half,0,1
S-9266,WC-2022,M-2022-13,T-75,1,0,P-07180,72',second half,0,1
S-9267,WC-2022,M-2022-13,T-11,0,1,P-06117,74',second half,1,0
S-9268,WC-2022,M-2022-13,T-11,0,1,P-20259,74',second half,1,0
S-9269,WC-2022,M-2022-13,T-11,0,1,P-53452,74',second half,0,1
S-9270,WC-2022,M-2022-13,T-11,0,1,P-68058,74',second half,0,1
S-9271,WC-2022,M-2022-13,T-75,1,0,P-85823,81',second half,1,0
S-9272,WC-2022,M-2022-13,T-11,0,1,P-39394,81',second half,1,0
S-9273,WC-2022,M-2022-13,T-75,1,0,P-25593,81',second half,0,1
S-9274,WC-2022,M-2022-13,T-11,0,1,P-27913,81',second half,0,1
S-9275,WC-2022,M-2022-13,T-75,1,0,P-43367,90',second half,1,0
S-9276,WC-2022,M-2022-13,T-75,1,0,P-56868,90',second half,0,1
S-9277,WC-2022,M-2022-14,T-84,1,0,P-30486,64',second half,1,0
S-9278,WC-2022,M-2022-14,T-84,1,0,P-59138,64',second half,0,1
S-9279,WC-2022,M-2022-14,T-71,0,1,P-10357,74',second half,1,0
S-9280,WC-2022,M-2022-14,T-71,0,1,P-93920,74',second half,1,0
S-9281,WC-2022,M-2022-14,T-71,0,1,P-92710,74',second half,1,0
S-9282,WC-2022,M-2022-14,T-71,0,1,P-87169,74',second half,0,1
S-9283,WC-2022,M-2022-14,T-71,0,1,P-61172,74',second half,0,1
S-9284,WC-2022,M-2022-14,T-71,0,1,P-87514,74',second half,0,1
S-9285,WC-2022,M-2022-14,T-84,1,0,P-90796,79',second half,1,0
S-9286,WC-2022,M-2022-14,T-84,1,0,P-46785,79',second half,1,0
S-9287,WC-2022,M-2022-14,T-84,1,0,P-86878,79',second half,0,1
S-9288,WC-2022,M-2022-14,T-84,1,0,P-18564,79',second half,0,1
S-9289,WC-2022,M-2022-14,T-84,1,0,P-95062,88',second half,1,0
S-9290,WC-2022,M-2022-14,T-84,1,0,P-78932,88',second half,0,1
S-9291,WC-2022,M-2022-15,T-58,1,0,P-78787,56',second half,1,0
S-9292,WC-2022,M-2022-15,T-58,1,0,P-44689,56',second half,0,1
S-9293,WC-2022,M-2022-15,T-32,0,1,P-36105,66',second half,1,0
S-9294,WC-2022,M-2022-15,T-32,0,1,P-12913,66',second half,0,1
S-9295,WC-2022,M-2022-15,T-58,1,0,P-22983,77',second half,1,0
S-9296,WC-2022,M-2022-15,T-32,0,1,P-23821,77',second half,1,0
S-9297,WC-2022,M-2022-15,T-32,0,1,P-01945,77',second half,1,0
S-9298,WC-2022,M-2022-15,T-58,1,0,P-27349,77',second half,0,1
S-9299,WC-2022,M-2022-15,T-32,0,1,P-72363,77',second half,0,1
S-9300,WC-2022,M-2022-15,T-32,0,1,P-31765,77',second half,0,1
S-9301,WC-2022,M-2022-15,T-58,1,0,P-34205,88',second half,1,0
S-9302,WC-2022,M-2022-15,T-58,1,0,P-17931,88',second half,1,0
S-9303,WC-2022,M-2022-15,T-58,1,0,P-70442,88',second half,1,0
S-9304,WC-2022,M-2022-15,T-58,1,0,P-46583,88',second half,0,1
S-9305,WC-2022,M-2022-15,T-58,1,0,P-41647,88',second half,0,1
S-9306,WC-2022,M-2022-15,T-58,1,0,P-31133,88',second half,0,1
S-9307,WC-2022,M-2022-15,T-32,0,1,P-59808,90'+2',"second half, stoppage time",1,0
S-9308,WC-2022,M-2022-15,T-32,0,1,P-21820,90'+2',"second half, stoppage time",1,0
S-9309,WC-2022,M-2022-15,T-32,0,1,P-92252,90'+2',"second half, stoppage time",0,1
S-9310,WC-2022,M-2022-15,T-32,0,1,P-14179,90'+2',"second half, stoppage time",0,1
S-9311,WC-2022,M-2022-16,T-66,0,1,P-24610,57',second half,1,0
S-9312,WC-2022,M-2022-16,T-66,0,1,P-58363,57',second half,1,0
S-9313,WC-2022,M-2022-16,T-66,0,1,P-67641,57',second half,0,1
S-9314,WC-2022,M-2022-16,T-66,0,1,P-79900,57',second half,0,1
S-9315,WC-2022,M-2022-16,T-66,0,1,P-78056,66',second half,1,0
S-9316,WC-2022,M-2022-16,T-66,0,1,P-82143,66',second half,1,0
S-9317,WC-2022,M-2022-16,T-66,0,1,P-54211,66',second half,0,1
S-9318,WC-2022,M-2022-16,T-66,0,1,P-63293,66',second half,0,1
S-9319,WC-2022,M-2022-16,T-09,1,0,P-05164,75',second half,1,0
S-9320,WC-2022,M-2022-16,T-09,1,0,P-92812,75',second half,1,0
S-9321,WC-2022,M-2022-16,T-09,1,0,P-74941,75',second half,0,1
S-9322,WC-2022,M-2022-16,T-09,1,0,P-06446,75',second half,0,1
S-9323,WC-2022,M-2022-16,T-09,1,0,P-87008,79',second half,1,0
S-9324,WC-2022,M-2022-16,T-09,1,0,P-68016,79',second half,1,0
S-9325,WC-2022,M-2022-16,T-09,1,0,P-92004,79',second half,0,1
S-9326,WC-2022,M-2022-16,T-09,1,0,P-37860,79',second half,0,1
S-9327,WC-2022,M-2022-16,T-66,0,1,P-85696,83',second half,1,0
S-9328,WC-2022,M-2022-16,T-66,0,1,P-89598,83',second half,0,1
S-9329,WC-2022,M-2022-16,T-09,1,0,P-83169,87',second half,1,0
S-9330,WC-2022,M-2022-16,T-09,1,0,P-70483,87',second half,0,1
S-9331,WC-2022,M-2022-17,T-85,1,0,P-94779,57',second half,1,0
S-9332,WC-2022,M-2022-17,T-85,1,0,P-56503,57',second half,1,0
S-9333,WC-2022,M-2022-17,T-85,1,0,P-57098,57',second half,0,1
S-9334,WC-2022,M-2022-17,T-85,1,0,P-74707,57',second half,0,1
S-9335,WC-2022,M-2022-17,T-38,0,1,P-09113,68',second half,1,0
S-9336,WC-2022,M-2022-17,T-38,0,1,P-53957,68',second half,0,1
S-9337,WC-2022,M-2022-17,T-85,1,0,P-50398,77',second half,1,0
S-9338,WC-2022,M-2022-17,T-38,0,1,P-45653,77',second half,1,0
S-9339,WC-2022,M-2022-17,T-38,0,1,P-42215,77',second half,1,0
S-9340,WC-2022,M-2022-17,T-38,0,1,P-75785,77',second half,1,0
S-9341,WC-2022,M-2022-17,T-85,1,0,P-92761,77',second half,0,1
S-9342,WC-2022,M-2022-17,T-38,0,1,P-04541,77',second half,0,1
S-9343,WC-2022,M-2022-17,T-38,0,1,P-98775,77',second half,0,1
S-9344,WC-2022,M-2022-17,T-38,0,1,P-98747,77',second half,0,1
S-9345,WC-2022,M-2022-17,T-38,0,1,P-95374,83',second half,1,0
S-9346,WC-2022,M-2022-17,T-38,0,1,P-68842,83',second half,0,1
S-9347,WC-2022,M-2022-17,T-85,1,0,P-86951,87',second half,1,0
S-9348,WC-2022,M-2022-17,T-85,1,0,P-31718,87',second half,0,1
S-9349,WC-2022,M-2022-18,T-65,0,1,P-09292,64',second half,1,0
S-9350,WC-2022,M-2022-18,T-65,0,1,P-61416,64',second half,0,1
S-9351,WC-2022,M-2022-18,T-59,1,0,P-95754,69',second half,1,0
S-9352,WC-2022,M-2022-18,T-59,1,0,P-97800,69',second half,0,1
S-9353,WC-2022,M-2022-18,T-59,1,0,P-38732,74',second half,1,0
S-9354,WC-2022,M-2022-18,T-65,0,1,P-37935,74',second half,1,0
S-9355,WC-2022,M-2022-18,T-65,0,1,P-27280,74',second half,1,0
S-9356,WC-2022,M-2022-18,T-59,1,0,P-17048,74',second half,0,1
S-9357,WC-2022,M-2022-18,T-65,0,1,P-33958,74',second half,0,1
S-9358,WC-2022,M-2022-18,T-65,0,1,P-88928,74',second half,0,1
S-9359,WC-2022,M-2022-18,T-65,0,1,P-54506,78',second half,1,0
S-9360,WC-2022,M-2022-18,T-65,0,1,P-96697,78',second half,1,0
S-9361,WC-2022,M-2022-18,T-65,0,1,P-90626,78',second half,0,1
S-9362,WC-2022,M-2022-18,T-65,0,1,P-76835,78',second half,0,1
S-9363,WC-2022,M-2022-18,T-59,1,0,P-00052,83',second half,1,0
S-9364,WC-2022,M-2022-18,T-59,1,0,P-33804,83',second half,1,0
S-9365,WC-2022,M-2022-18,T-59,1,0,P-90689,83',second half,0,1
S-9366,WC-2022,M-2022-18,T-59,1,0,P-42663,83',second half,0,1
S-9367,WC-2022,M-2022-19,T-48,1,0,P-44799,46',second half,1,0
S-9368,WC-2022,M-2022-19,T-48,1,0,P-27540,46',second half,0,1
S-9369,WC-2022,M-2022-19,T-48,1,0,P-42078,69',second half,1,0
S-9370,WC-2022,M-2022-19,T-48,1,0,P-10326,69',second half,0,1
S-9371,WC-2022,M-2022-19,T-25,0,1,P-44851,74',second half,1,0
S-9372,WC-2022,M-2022-19,T-25,0,1,P-78091,74',second half,0,1
S-9373,WC-2022,M-2022-19,T-48,1,0,P-35705,79',second half,1,0
S-9374,WC-2022,M-2022-19,T-48,1,0,P-28911,79',second half,1,0
S-9375,WC-2022,M-2022-19,T-48,1,0,P-95036,79',second half,0,1
S-9376,WC-2022,M-2022-19,T-48,1,0,P-55965,79',second half,0,1
S-9377,WC-2022,M-2022-19,T-25,0,1,P-13973,90',second half,1,0
S-9378,WC-2022,M-2022-19,T-25,0,1,P-75912,90',second half,1,0
S-9379,WC-2022,M-2022-19,T-25,0,1,P-34543,90',second half,0,1
S-9380,WC-2022,M-2022-19,T-25,0,1,P-02839,90',second half,0,1
S-9381,WC-2022,M-2022-20,T-28,1,0,P-15674,68',second half,1,0
S-9382,WC-2022,M-2022-20,T-28,1,0,P-21553,68',second half,1,0
S-9383,WC-2022,M-2022-20,T-28,1,0,P-21153,68',second half,0,1
S-9384,WC-2022,M-2022-20,T-28,1,0,P-08169,68',second half,0,1
S-9385,WC-2022,M-2022-20,T-28,1,0,P-76842,77',second half,1,0
S-9386,WC-2022,M-2022-20,T-83,0,1,P-89452,77',second half,1,0
S-9387,WC-2022,M-2022-20,T-83,0,1,P-68952,77',second half,1,0
S-9388,WC-2022,M-2022-20,T-28,1,0,P-59837,77',second half,0,1
S-9389,WC-2022,M-2022-20,T-83,0,1,P-03484,77',second half,0,1
S-9390,WC-2022,M-2022-20,T-83,0,1,P-48265,77',second half,0,1
S-9391,WC-2022,M-2022-20,T-83,0,1,P-30252,83',second half,1,0
S-9392,WC-2022,M-2022-20,T-83,0,1,P-68131,83',second half,1,0
S-9393,WC-2022,M-2022-20,T-83,0,1,P-85878,83',second half,0,1
S-9394,WC-2022,M-2022-20,T-83,0,1,P-94647,83',second half,0,1
S-9395,WC-2022,M-2022-21,T-79,1,0,P-49094,46',second half,1,0
S-9396,WC-2022,M-2022-21,T-79,1,0,P-90867,46',second half,0,1
S-9397,WC-2022,M-2022-21,T-04,0,1,P-51406,64',second half,1,0
S-9398,WC-2022,M-2022-21,T-04,0,1,P-91029,64',second half,1,0
S-9399,WC-2022,M-2022-21,T-04,0,1,P-20087,64',second half,0,1
S-9400,WC-2022,M-2022-21,T-04,0,1,P-82945,64',second half,0,1
S-9401,WC-2022,M-2022-21,T-79,1,0,P-29063,67',second half,1,0
S-9402,WC-2022,M-2022-21,T-79,1,0,P-42223,67',second half,0,1
S-9403,WC-2022,M-2022-21,T-79,1,0,P-11879,73',second half,1,0
S-9404,WC-2022,M-2022-21,T-79,1,0,P-11346,73',second half,1,0
S-9405,WC-2022,M-2022-21,T-79,1,0,P-27079,73',second half,0,1
S-9406,WC-2022,M-2022-21,T-79,1,0,P-21865,73',second half,0,1
S-9407,WC-2022,M-2022-21,T-04,0,1,P-24134,75',second half,1,0
S-9408,WC-2022,M-2022-21,T-04,0,1,P-59727,75',second half,0,1
S-9409,WC-2022,M-2022-21,T-04,0,1,P-35837,85',second half,1,0
S-9410,WC-2022,M-2022-21,T-04,0,1,P-82010,85',second half,1,0
S-9411,WC-2022,M-2022-21,T-04,0,1,P-61979,85',second half,0,1
S-9412,WC-2022,M-2022-21,T-04,0,1,P-27035,85',second half,0,1
S-9413,WC-2022,M-2022-22,T-63,0,1,P-87569,46',second half,1,0
S-9414,WC-2022,M-2022-22,T-63,0,1,P-76864,46',second half,0,1
S-9415,WC-2022,M-2022-22,T-57,1,0,P-32165,63',second half,1,0
S-9416,WC-2022,M-2022-22,T-57,1,0,P-83610,63',second half,0,1
S-9417,WC-2022,M-2022-22,T-63,0,1,P-94422,65',second half,1,0
S-9418,WC-2022,M-2022-22,T-63,0,1,P-06789,65',second half,0,1
S-9419,WC-2022,M-2022-22,T-57,1,0,P-12381,71',second half,1,0
S-9420,WC-2022,M-2022-22,T-57,1,0,P-11013,71',second half,0,1
S-9421,WC-2022,M-2022-22,T-63,0,1,P-20216,85',second half,1,0
S-9422,WC-2022,M-2022-22,T-63,0,1,P-37308,85',second half,1,0
S-9423,WC-2022,M-2022-22,T-63,0,1,P-45581,85',second half,0,1
S-9424,WC-2022,M-2022-22,T-63,0,1,P-10907,85',second half,0,1
S-9425,WC-2022,M-2022-22,T-63,0,1,P-76864,90'+5',"second half, stoppage time",1,0
S-9426,WC-2022,M-2022-22,T-63,0,1,P-84563,90'+5',"second half, stoppage time",0,1
S-9427,WC-2022,M-2022-23,T-22,0,1,P-29053,46',second half,1,0
S-9428,WC-2022,M-2022-23,T-22,0,1,P-85579,46',second half,0,1
S-9429,WC-2022,M-2022-23,T-30,1,0,P-89750,63',second half,1,0
S-9430,WC-2022,M-2022-23,T-30,1,0,P-13613,63',second half,0,1
S-9431,WC-2022,M-2022-23,T-22,0,1,P-57782,73',second half,1,0
S-9432,WC-2022,M-2022-23,T-22,0,1,P-72592,73',second half,0,1
S-9433,WC-2022,M-2022-23,T-30,1,0,P-42326,75',second half,1,0
S-9434,WC-2022,M-2022-23,T-30,1,0,P-97778,75',second half,1,0
S-9435,WC-2022,M-2022-23,T-30,1,0,P-06614,75',second half,0,1
S-9436,WC-2022,M-2022-23,T-30,1,0,P-86920,75',second half,0,1
S-9437,WC-2022,M-2022-23,T-22,0,1,P-70516,85',second half,1,0
S-9438,WC-2022,M-2022-23,T-22,0,1,P-56182,85',second half,0,1
S-9439,WC-2022,M-2022-23,T-22,0,1,P-82877,90'+2',"second half, stoppage time",1,0
S-9440,WC-2022,M-2022-23,T-22,0,1,P-92135,90'+2',"second half, stoppage time",0,1
S-9441,WC-2022,M-2022-23,T-30,1,0,P-90908,90'+3',"second half, stoppage time",1,0
S-9442,WC-2022,M-2022-23,T-30,1,0,P-23304,90'+3',"second half, stoppage time",0,1
S-9443,WC-2022,M-2022-24,T-46,0,1,P-40312,42',first half,1,0
S-9444,WC-2022,M-2022-24,T-46,0,1,P-64299,42',first half,0,1
S-9445,WC-2022,M-2022-24,T-03,1,0,P-03265,57',second half,1,0
S-9446,WC-2022,M-2022-24,T-03,1,0,P-10739,57',second half,0,1
S-9447,WC-2022,M-2022-24,T-03,1,0,P-91431,63',second half,1,0
S-9448,WC-2022,M-2022-24,T-03,1,0,P-81505,63',second half,1,0
S-9449,WC-2022,M-2022-24,T-03,1,0,P-19776,63',second half,0,1
S-9450,WC-2022,M-2022-24,T-03,1,0,P-84430,63',second half,0,1
S-9451,WC-2022,M-2022-24,T-46,0,1,P-09058,66',second half,1,0
S-9452,WC-2022,M-2022-24,T-46,0,1,P-64182,66',second half,1,0
S-9453,WC-2022,M-2022-24,T-46,0,1,P-57865,66',second half,0,1
S-9454,WC-2022,M-2022-24,T-46,0,1,P-81433,66',second half,0,1
S-9455,WC-2022,M-2022-24,T-03,1,0,P-42113,69',second half,1,0
S-9456,WC-2022,M-2022-24,T-03,1,0,P-71343,69',second half,1,0
S-9457,WC-2022,M-2022-24,T-03,1,0,P-40147,69',second half,0,1
S-9458,WC-2022,M-2022-24,T-03,1,0,P-79650,69',second half,0,1
S-9459,WC-2022,M-2022-24,T-46,0,1,P-24705,73',second half,1,0
S-9460,WC-2022,M-2022-24,T-46,0,1,P-73491,73',second half,0,1
S-9461,WC-2022,M-2022-25,T-44,1,0,P-26303,46',second half,1,0
S-9462,WC-2022,M-2022-25,T-44,1,0,P-57586,46',second half,1,0
S-9463,WC-2022,M-2022-25,T-44,1,0,P-41902,46',second half,0,1
S-9464,WC-2022,M-2022-25,T-44,1,0,P-46913,46',second half,0,1
S-9465,WC-2022,M-2022-25,T-44,1,0,P-45981,62',second half,1,0
S-9466,WC-2022,M-2022-25,T-44,1,0,P-22633,62',second half,0,1
S-9467,WC-2022,M-2022-25,T-17,0,1,P-12179,65',second half,1,0
S-9468,WC-2022,M-2022-25,T-17,0,1,P-02556,65',second half,1,0
S-9469,WC-2022,M-2022-25,T-17,0,1,P-44957,65',second half,0,1
S-9470,WC-2022,M-2022-25,T-17,0,1,P-09889,65',second half,0,1
S-9471,WC-2022,M-2022-25,T-44,1,0,P-58907,67',second half,1,0
S-9472,WC-2022,M-2022-25,T-44,1,0,P-86909,67',second half,0,1
S-9473,WC-2022,M-2022-25,T-44,1,0,P-64056,82',second half,1,0
S-9474,WC-2022,M-2022-25,T-44,1,0,P-05559,82',second half,0,1
S-9475,WC-2022,M-2022-25,T-17,0,1,P-11767,89',second half,1,0
S-9476,WC-2022,M-2022-25,T-17,0,1,P-32622,89',second half,0,1
S-9477,WC-2022,M-2022-25,T-17,0,1,P-70812,90'+5',"second half, stoppage time",1,0
S-9478,WC-2022,M-2022-25,T-17,0,1,P-57150,90'+5',"second half, stoppage time",0,1
S-9479,WC-2022,M-2022-26,T-06,1,0,P-21652,60',second half,1,0
S-9480,WC-2022,M-2022-26,T-06,1,0,P-72011,60',second half,1,0
S-9481,WC-2022,M-2022-26,T-06,1,0,P-47906,60',second half,0,1
S-9482,WC-2022,M-2022-26,T-06,1,0,P-84852,60',second half,0,1
S-9483,WC-2022,M-2022-26,T-47,0,1,P-45288,68',second half,1,0
S-9484,WC-2022,M-2022-26,T-47,0,1,P-23330,68',second half,1,0
S-9485,WC-2022,M-2022-26,T-47,0,1,P-05265,68',second half,0,1
S-9486,WC-2022,M-2022-26,T-47,0,1,P-91543,68',second half,0,1
S-9487,WC-2022,M-2022-26,T-47,0,1,P-42517,73',second half,1,0
S-9488,WC-2022,M-2022-26,T-47,0,1,P-59033,73',second half,1,0
S-9489,WC-2022,M-2022-26,T-47,0,1,P-48295,73',second half,0,1
S-9490,WC-2022,M-2022-26,T-47,0,1,P-90423,73',second half,0,1
S-9491,WC-2022,M-2022-26,T-06,1,0,P-74337,75',second half,1,0
S-9492,WC-2022,M-2022-26,T-06,1,0,P-13975,75',second half,1,0
S-9493,WC-2022,M-2022-26,T-06,1,0,P-61810,75',second half,0,1
S-9494,WC-2022,M-2022-26,T-06,1,0,P-95312,75',second half,0,1
S-9495,WC-2022,M-2022-26,T-47,0,1,P-40619,78',second half,1,0
S-9496,WC-2022,M-2022-26,T-47,0,1,P-14026,78',second half,0,1
S-9497,WC-2022,M-2022-26,T-06,1,0,P-22930,81',second half,1,0
S-9498,WC-2022,M-2022-26,T-06,1,0,P-72637,81',second half,0,1
S-9499,WC-2022,M-2022-27,T-12,0,1,P-28794,46',second half,1,0
S-9500,WC-2022,M-2022-27,T-12,0,1,P-01925,46',second half,1,0
S-9501,WC-2022,M-2022-27,T-12,0,1,P-27541,46',second half,0,1
S-9502,WC-2022,M-2022-27,T-12,0,1,P-85670,46',second half,0,1
S-9503,WC-2022,M-2022-27,T-18,1,0,P-31643,60',second half,1,0
S-9504,WC-2022,M-2022-27,T-18,1,0,P-46461,60',second half,0,1
S-9505,WC-2022,M-2022-27,T-12,0,1,P-42390,62',second half,1,0
S-9506,WC-2022,M-2022-27,T-12,0,1,P-35706,62',second half,0,1
S-9507,WC-2022,M-2022-27,T-18,1,0,P-65182,72',second half,1,0
S-9508,WC-2022,M-2022-27,T-12,0,1,P-03472,72',second half,1,0
S-9509,WC-2022,M-2022-27,T-12,0,1,P-48340,72',second half,1,0
S-9510,WC-2022,M-2022-27,T-18,1,0,P-22160,72',second half,0,1
S-9511,WC-2022,M-2022-27,T-12,0,1,P-58061,72',second half,0,1
S-9512,WC-2022,M-2022-27,T-12,0,1,P-55821,72',second half,0,1
S-9513,WC-2022,M-2022-27,T-18,1,0,P-29491,86',second half,1,0
S-9514,WC-2022,M-2022-27,T-18,1,0,P-07670,86',second half,1,0
S-9515,WC-2022,M-2022-27,T-18,1,0,P-93884,86',second half,1,0
S-9516,WC-2022,M-2022-27,T-18,1,0,P-26942,86',second half,0,1
S-9517,WC-2022,M-2022-27,T-18,1,0,P-64353,86',second half,0,1
S-9518,WC-2022,M-2022-27,T-18,1,0,P-89948,86',second half,0,1
S-9519,WC-2022,M-2022-28,T-73,1,0,P-31301,54',second half,1,0
S-9520,WC-2022,M-2022-28,T-73,1,0,P-29274,54',second half,0,1
S-9521,WC-2022,M-2022-28,T-73,1,0,P-88433,66',second half,1,0
S-9522,WC-2022,M-2022-28,T-73,1,0,P-09400,66',second half,1,0
S-9523,WC-2022,M-2022-28,T-73,1,0,P-37294,66',second half,0,1
S-9524,WC-2022,M-2022-28,T-73,1,0,P-68218,66',second half,0,1
S-9525,WC-2022,M-2022-28,T-31,0,1,P-11933,70',second half,1,0
S-9526,WC-2022,M-2022-28,T-31,0,1,P-08896,70',second half,1,0
S-9527,WC-2022,M-2022-28,T-31,0,1,P-28154,70',second half,1,0
S-9528,WC-2022,M-2022-28,T-31,0,1,P-46246,70',second half,0,1
S-9529,WC-2022,M-2022-28,T-31,0,1,P-89863,70',second half,0,1
S-9530,WC-2022,M-2022-28,T-31,0,1,P-39464,70',second half,0,1
S-9531,WC-2022,M-2022-28,T-73,1,0,P-01416,82',second half,1,0
S-9532,WC-2022,M-2022-28,T-73,1,0,P-49008,82',second half,0,1
S-9533,WC-2022,M-2022-28,T-31,0,1,P-75989,85',second half,1,0
S-9534,WC-2022,M-2022-28,T-31,0,1,P-18188,85',second half,0,1
S-9535,WC-2022,M-2022-28,T-31,0,1,P-20804,87',second half,1,0
S-9536,WC-2022,M-2022-28,T-31,0,1,P-71859,87',second half,0,1
S-9537,WC-2022,M-2022-29,T-11,1,0,P-34633,55',second half,1,0
S-9538,WC-2022,M-2022-29,T-66,0,1,P-98435,55',second half,1,0
S-9539,WC-2022,M-2022-29,T-11,1,0,P-53452,55',second half,0,1
S-9540,WC-2022,M-2022-29,T-66,0,1,P-19069,55',second half,0,1
S-9541,WC-2022,M-2022-29,T-11,1,0,P-29115,67',second half,1,0
S-9542,WC-2022,M-2022-29,T-11,1,0,P-20259,67',second half,1,0
S-9543,WC-2022,M-2022-29,T-11,1,0,P-51549,67',second half,0,1
S-9544,WC-2022,M-2022-29,T-11,1,0,P-36707,67',second half,0,1
S-9545,WC-2022,M-2022-29,T-66,0,1,P-30283,78',second half,1,0
S-9546,WC-2022,M-2022-29,T-66,0,1,P-58363,78',second half,1,0
S-9547,WC-2022,M-2022-29,T-66,0,1,P-27744,78',second half,1,0
S-9548,WC-2022,M-2022-29,T-66,0,1,P-70515,78',second half,0,1
S-9549,WC-2022,M-2022-29,T-66,0,1,P-79900,78',second half,0,1
S-9550,WC-2022,M-2022-29,T-66,0,1,P-89573,78',second half,0,1
S-9551,WC-2022,M-2022-29,T-11,1,0,P-38355,81',second half,1,0
S-9552,WC-2022,M-2022-29,T-11,1,0,P-39394,81',second half,1,0
S-9553,WC-2022,M-2022-29,T-11,1,0,P-63923,81',second half,0,1
S-9554,WC-2022,M-2022-29,T-11,1,0,P-68058,81',second half,0,1
S-9555,WC-2022,M-2022-29,T-66,0,1,P-80738,90'+2',"second half, stoppage time",1,0
S-9556,WC-2022,M-2022-29,T-66,0,1,P-79754,90'+2',"second half, stoppage time",0,1
S-9557,WC-2022,M-2022-30,T-71,1,0,P-94500,46',second half,1,0
S-9558,WC-2022,M-2022-30,T-71,1,0,P-10357,46',second half,0,1
S-9559,WC-2022,M-2022-30,T-71,1,0,P-88360,57',second half,1,0
S-9560,WC-2022,M-2022-30,T-71,1,0,P-87514,57',second half,0,1
S-9561,WC-2022,M-2022-30,T-71,1,0,P-64292,78',second half,1,0
S-9562,WC-2022,M-2022-30,T-32,0,1,P-12913,78',second half,1,0
S-9563,WC-2022,M-2022-30,T-32,0,1,P-01945,78',second half,1,0
S-9564,WC-2022,M-2022-30,T-32,0,1,P-31765,78',second half,1,0
S-9565,WC-2022,M-2022-30,T-71,1,0,P-92710,78',second half,0,1
S-9566,WC-2022,M-2022-30,T-32,0,1,P-33325,78',second half,0,1
S-9567,WC-2022,M-2022-30,T-32,0,1,P-92252,78',second half,0,1
S-9568,WC-2022,M-2022-30,T-32,0,1,P-08359,78',second half,0,1
S-9569,WC-2022,M-2022-30,T-32,0,1,P-23821,83',second half,1,0
S-9570,WC-2022,M-2022-30,T-32,0,1,P-59808,83',second half,0,1
S-9571,WC-2022,M-2022-30,T-32,0,1,P-28517,88',second half,1,0
S-9572,WC-2022,M-2022-30,T-32,0,1,P-94579,88',second half,0,1
S-9573,WC-2022,M-2022-30,T-71,1,0,P-14360,90'+2',"second half, stoppage time",1,0
S-9574,WC-2022,M-2022-30,T-71,1,0,P-57511,90'+2',"second half, stoppage time",0,1
S-9575,WC-2022,M-2022-31,T-09,1,0,P-05164,46',second half,1,0
S-9576,WC-2022,M-2022-31,T-09,1,0,P-06446,46',second half,0,1
S-9577,WC-2022,M-2022-31,T-09,1,0,P-74941,58',second half,1,0
S-9578,WC-2022,M-2022-31,T-75,0,1,P-25593,58',second half,1,0
S-9579,WC-2022,M-2022-31,T-75,0,1,P-85823,58',second half,1,0
S-9580,WC-2022,M-2022-31,T-09,1,0,P-74688,58',second half,0,1
S-9581,WC-2022,M-2022-31,T-75,0,1,P-29932,58',second half,0,1
S-9582,WC-2022,M-2022-31,T-75,0,1,P-20482,58',second half,0,1
S-9583,WC-2022,M-2022-31,T-09,1,0,P-83169,73',second half,1,0
S-9584,WC-2022,M-2022-31,T-09,1,0,P-68016,73',second half,1,0
S-9585,WC-2022,M-2022-31,T-09,1,0,P-92004,73',second half,0,1
S-9586,WC-2022,M-2022-31,T-09,1,0,P-37860,73',second half,0,1
S-9587,WC-2022,M-2022-31,T-75,0,1,P-11878,76',second half,1,0
S-9588,WC-2022,M-2022-31,T-75,0,1,P-19075,76',second half,1,0
S-9589,WC-2022,M-2022-31,T-75,0,1,P-32222,76',second half,0,1
S-9590,WC-2022,M-2022-31,T-75,0,1,P-07180,76',second half,0,1
S-9591,WC-2022,M-2022-31,T-09,1,0,P-97698,86',second half,1,0
S-9592,WC-2022,M-2022-31,T-75,0,1,P-38927,86',second half,1,0
S-9593,WC-2022,M-2022-31,T-09,1,0,P-26953,86',second half,0,1
S-9594,WC-2022,M-2022-31,T-75,0,1,P-00244,86',second half,0,1
S-9595,WC-2022,M-2022-32,T-58,1,0,P-87003,42',first half,1,0
S-9596,WC-2022,M-2022-32,T-58,1,0,P-67578,42',first half,0,1
S-9597,WC-2022,M-2022-32,T-84,0,1,P-78440,62',second half,1,0
S-9598,WC-2022,M-2022-32,T-84,0,1,P-46785,62',second half,1,0
S-9599,WC-2022,M-2022-32,T-84,0,1,P-95062,62',second half,0,1
S-9600,WC-2022,M-2022-32,T-84,0,1,P-62594,62',second half,0,1
S-9601,WC-2022,M-2022-32,T-58,1,0,P-22983,69',second half,1,0
S-9602,WC-2022,M-2022-32,T-58,1,0,P-27349,69',second half,0,1
S-9603,WC-2022,M-2022-32,T-84,0,1,P-18885,72',second half,1,0
S-9604,WC-2022,M-2022-32,T-84,0,1,P-59138,72',second half,1,0
S-9605,WC-2022,M-2022-32,T-84,0,1,P-70671,72',second half,0,1
S-9606,WC-2022,M-2022-32,T-84,0,1,P-30486,72',second half,0,1
S-9607,WC-2022,M-2022-32,T-58,1,0,P-44689,82',second half,1,0
S-9608,WC-2022,M-2022-32,T-58,1,0,P-70442,82',second half,1,0
S-9609,WC-2022,M-2022-32,T-58,1,0,P-17931,82',second half,1,0
S-9610,WC-2022,M-2022-32,T-58,1,0,P-57759,82',second half,0,1
S-9611,WC-2022,M-2022-32,T-58,1,0,P-41647,82',second half,0,1
S-9612,WC-2022,M-2022-32,T-58,1,0,P-46583,82',second half,0,1
S-9613,WC-2022,M-2022-32,T-84,0,1,P-90796,86',second half,1,0
S-9614,WC-2022,M-2022-32,T-84,0,1,P-18564,86',second half,0,1
S-9615,WC-2022,M-2022-33,T-25,1,0,P-13321,46',second half,1,0
S-9616,WC-2022,M-2022-33,T-25,1,0,P-28364,46',second half,1,0
S-9617,WC-2022,M-2022-33,T-25,1,0,P-75628,46',second half,0,1
S-9618,WC-2022,M-2022-33,T-25,1,0,P-78091,46',second half,0,1
S-9619,WC-2022,M-2022-33,T-25,1,0,P-44851,64',second half,1,0
S-9620,WC-2022,M-2022-33,T-25,1,0,P-69217,64',second half,0,1
S-9621,WC-2022,M-2022-33,T-65,0,1,P-61416,74',second half,1,0
S-9622,WC-2022,M-2022-33,T-65,0,1,P-33958,74',second half,1,0
S-9623,WC-2022,M-2022-33,T-65,0,1,P-96697,74',second half,0,1
S-9624,WC-2022,M-2022-33,T-65,0,1,P-88928,74',second half,0,1
S-9625,WC-2022,M-2022-33,T-25,1,0,P-62543,85',second half,1,0
S-9626,WC-2022,M-2022-33,T-25,1,0,P-73694,85',second half,0,1
S-9627,WC-2022,M-2022-33,T-65,0,1,P-33622,90'+5',"second half, stoppage time",1,0
S-9628,WC-2022,M-2022-33,T-65,0,1,P-90626,90'+5',"second half, stoppage time",0,1
S-9629,WC-2022,M-2022-34,T-59,0,1,P-38732,64',second half,1,0
S-9630,WC-2022,M-2022-34,T-59,0,1,P-63532,64',second half,1,0
S-9631,WC-2022,M-2022-34,T-59,0,1,P-01930,64',second half,1,0
S-9632,WC-2022,M-2022-34,T-59,0,1,P-51678,64',second half,0,1
S-9633,WC-2022,M-2022-34,T-59,0,1,P-95754,64',second half,0,1
S-9634,WC-2022,M-2022-34,T-59,0,1,P-17048,64',second half,0,1
S-9635,WC-2022,M-2022-34,T-48,1,0,P-42078,66',second half,1,0
S-9636,WC-2022,M-2022-34,T-48,1,0,P-27540,66',second half,1,0
S-9637,WC-2022,M-2022-34,T-48,1,0,P-10326,66',second half,0,1
S-9638,WC-2022,M-2022-34,T-48,1,0,P-57087,66',second half,0,1
S-9639,WC-2022,M-2022-34,T-48,1,0,P-55965,82',second half,1,0
S-9640,WC-2022,M-2022-34,T-48,1,0,P-28911,82',second half,1,0
S-9641,WC-2022,M-2022-34,T-48,1,0,P-95036,82',second half,0,1
S-9642,WC-2022,M-2022-34,T-48,1,0,P-35705,82',second half,0,1
S-9643,WC-2022,M-2022-34,T-59,0,1,P-01077,85',second half,1,0
S-9644,WC-2022,M-2022-34,T-59,0,1,P-97800,85',second half,1,0
S-9645,WC-2022,M-2022-34,T-59,0,1,P-32949,85',second half,0,1
S-9646,WC-2022,M-2022-34,T-59,0,1,P-57100,85',second half,0,1
S-9647,WC-2022,M-2022-34,T-48,1,0,P-17688,86',second half,1,0
S-9648,WC-2022,M-2022-34,T-48,1,0,P-95763,86',second half,0,1
S-9649,WC-2022,M-2022-35,T-38,1,0,P-74098,45'+2',"first half, stoppage time",1,0
S-9650,WC-2022,M-2022-35,T-38,1,0,P-68842,45'+2',"first half, stoppage time",0,1
S-9651,WC-2022,M-2022-35,T-38,1,0,P-09113,46',second half,1,0
S-9652,WC-2022,M-2022-35,T-83,0,1,P-11737,46',second half,1,0
S-9653,WC-2022,M-2022-35,T-38,1,0,P-87786,46',second half,0,1
S-9654,WC-2022,M-2022-35,T-83,0,1,P-03484,46',second half,0,1
S-9655,WC-2022,M-2022-35,T-83,0,1,P-68952,65',second half,1,0
S-9656,WC-2022,M-2022-35,T-83,0,1,P-86410,65',second half,0,1
S-9657,WC-2022,M-2022-35,T-38,1,0,P-42215,71',second half,1,0
S-9658,WC-2022,M-2022-35,T-38,1,0,P-75785,71',second half,1,0
S-9659,WC-2022,M-2022-35,T-38,1,0,P-04541,71',second half,0,1
S-9660,WC-2022,M-2022-35,T-38,1,0,P-62858,71',second half,0,1
S-9661,WC-2022,M-2022-35,T-38,1,0,P-45653,77',second half,1,0
S-9662,WC-2022,M-2022-35,T-83,0,1,P-94647,77',second half,1,0
S-9663,WC-2022,M-2022-35,T-38,1,0,P-53957,77',second half,0,1
S-9664,WC-2022,M-2022-35,T-83,0,1,P-68131,77',second half,0,1
S-9665,WC-2022,M-2022-35,T-83,0,1,P-89452,82',second half,1,0
S-9666,WC-2022,M-2022-35,T-83,0,1,P-30252,82',second half,1,0
S-9667,WC-2022,M-2022-35,T-83,0,1,P-48265,82',second half,0,1
S-9668,WC-2022,M-2022-35,T-83,0,1,P-57029,82',second half,0,1
S-9669,WC-2022,M-2022-36,T-85,1,0,P-87190,36',first half,1,0
S-9670,WC-2022,M-2022-36,T-85,1,0,P-56503,36',first half,0,1
S-9671,WC-2022,M-2022-36,T-85,1,0,P-63927,46',second half,1,0
S-9672,WC-2022,M-2022-36,T-85,1,0,P-57098,46',second half,0,1
S-9673,WC-2022,M-2022-36,T-85,1,0,P-41198,57',second half,1,0
S-9674,WC-2022,M-2022-36,T-28,0,1,P-74071,57',second half,1,0
S-9675,WC-2022,M-2022-36,T-28,0,1,P-84787,57',second half,1,0
S-9676,WC-2022,M-2022-36,T-28,0,1,P-58924,57',second half,1,0
S-9677,WC-2022,M-2022-36,T-85,1,0,P-69082,57',second half,0,1
S-9678,WC-2022,M-2022-36,T-28,0,1,P-05318,57',second half,0,1
S-9679,WC-2022,M-2022-36,T-28,0,1,P-22844,57',second half,0,1
S-9680,WC-2022,M-2022-36,T-28,0,1,P-43567,57',second half,0,1
S-9681,WC-2022,M-2022-36,T-28,0,1,P-36400,65',second half,1,0
S-9682,WC-2022,M-2022-36,T-28,0,1,P-25937,65',second half,0,1
S-9683,WC-2022,M-2022-36,T-28,0,1,P-59837,75',second half,1,0
S-9684,WC-2022,M-2022-36,T-28,0,1,P-21153,75',second half,0,1
S-9685,WC-2022,M-2022-36,T-85,1,0,P-74707,77',second half,1,0
S-9686,WC-2022,M-2022-36,T-85,1,0,P-94779,77',second half,0,1
S-9687,WC-2022,M-2022-36,T-85,1,0,P-92761,81',second half,1,0
S-9688,WC-2022,M-2022-36,T-85,1,0,P-07137,81',second half,0,1
S-9689,WC-2022,M-2022-37,T-04,1,0,P-82010,46',second half,1,0
S-9690,WC-2022,M-2022-37,T-22,0,1,P-82877,46',second half,1,0
S-9691,WC-2022,M-2022-37,T-04,1,0,P-27035,46',second half,0,1
S-9692,WC-2022,M-2022-37,T-22,0,1,P-92135,46',second half,0,1
S-9693,WC-2022,M-2022-37,T-22,0,1,P-26593,59',second half,1,0
S-9694,WC-2022,M-2022-37,T-22,0,1,P-85579,59',second half,1,0
S-9695,WC-2022,M-2022-37,T-22,0,1,P-72592,59',second half,0,1
S-9696,WC-2022,M-2022-37,T-22,0,1,P-57782,59',second half,0,1
S-9697,WC-2022,M-2022-37,T-22,0,1,P-39995,69',second half,1,0
S-9698,WC-2022,M-2022-37,T-22,0,1,P-82313,69',second half,1,0
S-9699,WC-2022,M-2022-37,T-22,0,1,P-76468,69',second half,0,1
S-9700,WC-2022,M-2022-37,T-22,0,1,P-29053,69',second half,0,1
S-9701,WC-2022,M-2022-37,T-04,1,0,P-51406,74',second half,1,0
S-9702,WC-2022,M-2022-37,T-04,1,0,P-97422,74',second half,0,1
S-9703,WC-2022,M-2022-37,T-04,1,0,P-91029,82',second half,1,0
S-9704,WC-2022,M-2022-37,T-04,1,0,P-20087,82',second half,0,1
S-9705,WC-2022,M-2022-37,T-04,1,0,P-35837,89',second half,1,0
S-9706,WC-2022,M-2022-37,T-04,1,0,P-82945,89',second half,0,1
S-9707,WC-2022,M-2022-38,T-79,1,0,P-42223,60',second half,1,0
S-9708,WC-2022,M-2022-38,T-79,1,0,P-11346,60',second half,0,1
S-9709,WC-2022,M-2022-38,T-30,0,1,P-42326,63',second half,1,0
S-9710,WC-2022,M-2022-38,T-30,0,1,P-00465,63',second half,1,0
S-9711,WC-2022,M-2022-38,T-30,0,1,P-06614,63',second half,1,0
S-9712,WC-2022,M-2022-38,T-30,0,1,P-07089,63',second half,0,1
S-9713,WC-2022,M-2022-38,T-30,0,1,P-64077,63',second half,0,1
S-9714,WC-2022,M-2022-38,T-30,0,1,P-57401,63',second half,0,1
S-9715,WC-2022,M-2022-38,T-30,0,1,P-23304,73',second half,1,0
S-9716,WC-2022,M-2022-38,T-30,0,1,P-90908,73',second half,0,1
S-9717,WC-2022,M-2022-38,T-79,1,0,P-42575,74',second half,1,0
S-9718,WC-2022,M-2022-38,T-79,1,0,P-09569,74',second half,0,1
S-9719,WC-2022,M-2022-38,T-30,0,1,P-32431,79',second half,1,0
S-9720,WC-2022,M-2022-38,T-30,0,1,P-97778,79',second half,0,1
S-9721,WC-2022,M-2022-38,T-79,1,0,P-45680,83',second half,1,0
S-9722,WC-2022,M-2022-38,T-79,1,0,P-64924,83',second half,0,1
S-9723,WC-2022,M-2022-39,T-57,1,0,P-23437,46',second half,1,0
S-9724,WC-2022,M-2022-39,T-57,1,0,P-85630,46',second half,1,0
S-9725,WC-2022,M-2022-39,T-57,1,0,P-02071,46',second half,0,1
S-9726,WC-2022,M-2022-39,T-57,1,0,P-83610,46',second half,0,1
S-9727,WC-2022,M-2022-39,T-03,0,1,P-73712,59',second half,1,0
S-9728,WC-2022,M-2022-39,T-03,0,1,P-42113,59',second half,1,0
S-9729,WC-2022,M-2022-39,T-03,0,1,P-27582,59',second half,0,1
S-9730,WC-2022,M-2022-39,T-03,0,1,P-35173,59',second half,0,1
S-9731,WC-2022,M-2022-39,T-57,1,0,P-14593,62',second half,1,0
S-9732,WC-2022,M-2022-39,T-57,1,0,P-44699,62',second half,0,1
S-9733,WC-2022,M-2022-39,T-57,1,0,P-42160,72',second half,1,0
S-9734,WC-2022,M-2022-39,T-57,1,0,P-61813,72',second half,0,1
S-9735,WC-2022,M-2022-39,T-03,0,1,P-10739,79',second half,1,0
S-9736,WC-2022,M-2022-39,T-03,0,1,P-19776,79',second half,1,0
S-9737,WC-2022,M-2022-39,T-03,0,1,P-29298,79',second half,0,1
S-9738,WC-2022,M-2022-39,T-03,0,1,P-81505,79',second half,0,1
S-9739,WC-2022,M-2022-39,T-57,1,0,P-45449,83',second half,1,0
S-9740,WC-2022,M-2022-39,T-03,0,1,P-71343,83',second half,1,0
S-9741,WC-2022,M-2022-39,T-57,1,0,P-11013,83',second half,0,1
S-9742,WC-2022,M-2022-39,T-03,0,1,P-56659,83',second half,0,1
S-9743,WC-2022,M-2022-40,T-63,1,0,P-87284,37',first half,1,0
S-9744,WC-2022,M-2022-40,T-63,1,0,P-06750,37',first half,0,1
S-9745,WC-2022,M-2022-40,T-63,1,0,P-45413,46',second half,1,0
S-9746,WC-2022,M-2022-40,T-46,0,1,P-64182,46',second half,1,0
S-9747,WC-2022,M-2022-40,T-63,1,0,P-20388,46',second half,0,1
S-9748,WC-2022,M-2022-40,T-46,0,1,P-81433,46',second half,0,1
S-9749,WC-2022,M-2022-40,T-63,1,0,P-37308,62',second half,1,0
S-9750,WC-2022,M-2022-40,T-63,1,0,P-45581,62',second half,0,1
S-9751,WC-2022,M-2022-40,T-46,0,1,P-95198,77',second half,1,0
S-9752,WC-2022,M-2022-40,T-46,0,1,P-49482,77',second half,1,0
S-9753,WC-2022,M-2022-40,T-46,0,1,P-57865,77',second half,0,1
S-9754,WC-2022,M-2022-40,T-46,0,1,P-19618,77',second half,0,1
S-9755,WC-2022,M-2022-40,T-46,0,1,P-24062,86',second half,1,0
S-9756,WC-2022,M-2022-40,T-46,0,1,P-26546,86',second half,1,0
S-9757,WC-2022,M-2022-40,T-46,0,1,P-09058,86',second half,0,1
S-9758,WC-2022,M-2022-40,T-46,0,1,P-51689,86',second half,0,1
S-9759,WC-2022,M-2022-40,T-63,1,0,P-06789,88',second half,1,0
S-9760,WC-2022,M-2022-40,T-63,1,0,P-84563,88',second half,0,1
S-9761,WC-2022,M-2022-41,T-12,1,0,P-55821,60',second half,1,0
S-9762,WC-2022,M-2022-41,T-12,1,0,P-72399,60',second half,1,0
S-9763,WC-2022,M-2022-41,T-12,1,0,P-01925,60',second half,1,0
S-9764,WC-2022,M-2022-41,T-12,1,0,P-48340,60',second half,0,1
S-9765,WC-2022,M-2022-41,T-12,1,0,P-03472,60',second half,0,1
S-9766,WC-2022,M-2022-41,T-12,1,0,P-85670,60',second half,0,1
S-9767,WC-2022,M-2022-41,T-12,1,0,P-27541,65',second half,1,0
S-9768,WC-2022,M-2022-41,T-47,0,1,P-05265,65',second half,1,0
S-9769,WC-2022,M-2022-41,T-47,0,1,P-59033,65',second half,1,0
S-9770,WC-2022,M-2022-41,T-12,1,0,P-42390,65',second half,0,1
S-9771,WC-2022,M-2022-41,T-47,0,1,P-48295,65',second half,0,1
S-9772,WC-2022,M-2022-41,T-47,0,1,P-23330,65',second half,0,1
S-9773,WC-2022,M-2022-41,T-12,1,0,P-35706,76',second half,1,0
S-9774,WC-2022,M-2022-41,T-47,0,1,P-40619,76',second half,1,0
S-9775,WC-2022,M-2022-41,T-47,0,1,P-70715,76',second half,1,0
S-9776,WC-2022,M-2022-41,T-12,1,0,P-49915,76',second half,0,1
S-9777,WC-2022,M-2022-41,T-47,0,1,P-90423,76',second half,0,1
S-9778,WC-2022,M-2022-41,T-47,0,1,P-14026,76',second half,0,1
S-9779,WC-2022,M-2022-41,T-47,0,1,P-45288,85',second half,1,0
S-9780,WC-2022,M-2022-41,T-47,0,1,P-86644,85',second half,0,1
S-9781,WC-2022,M-2022-42,T-06,0,1,P-84852,46',second half,1,0
S-9782,WC-2022,M-2022-42,T-06,0,1,P-72637,46',second half,0,1
S-9783,WC-2022,M-2022-42,T-06,0,1,P-95312,59',second half,1,0
S-9784,WC-2022,M-2022-42,T-06,0,1,P-74337,59',second half,0,1
S-9785,WC-2022,M-2022-42,T-18,1,0,P-65182,64',second half,1,0
S-9786,WC-2022,M-2022-42,T-18,1,0,P-31643,64',second half,1,0
S-9787,WC-2022,M-2022-42,T-18,1,0,P-46461,64',second half,0,1
S-9788,WC-2022,M-2022-42,T-18,1,0,P-89948,64',second half,0,1
S-9789,WC-2022,M-2022-42,T-06,0,1,P-73834,72',second half,1,0
S-9790,WC-2022,M-2022-42,T-06,0,1,P-06338,72',second half,1,0
S-9791,WC-2022,M-2022-42,T-06,0,1,P-29578,72',second half,0,1
S-9792,WC-2022,M-2022-42,T-06,0,1,P-47906,72',second half,0,1
S-9793,WC-2022,M-2022-42,T-06,0,1,P-22930,87',second half,1,0
S-9794,WC-2022,M-2022-42,T-06,0,1,P-72011,87',second half,0,1
S-9795,WC-2022,M-2022-42,T-18,1,0,P-07670,90'+2',"second half, stoppage time",1,0
S-9796,WC-2022,M-2022-42,T-18,1,0,P-64353,90'+2',"second half, stoppage time",0,1
S-9797,WC-2022,M-2022-43,T-17,1,0,P-44957,46',second half,1,0
S-9798,WC-2022,M-2022-43,T-31,0,1,P-79409,46',second half,1,0
S-9799,WC-2022,M-2022-43,T-17,1,0,P-32622,46',second half,0,1
S-9800,WC-2022,M-2022-43,T-31,0,1,P-89863,46',second half,0,1
S-9801,WC-2022,M-2022-43,T-31,0,1,P-08896,55',second half,1,0
S-9802,WC-2022,M-2022-43,T-31,0,1,P-46246,55',second half,0,1
S-9803,WC-2022,M-2022-43,T-31,0,1,P-20804,66',second half,1,0
S-9804,WC-2022,M-2022-43,T-31,0,1,P-28154,66',second half,1,0
S-9805,WC-2022,M-2022-43,T-31,0,1,P-77743,66',second half,0,1
S-9806,WC-2022,M-2022-43,T-31,0,1,P-63673,66',second half,0,1
S-9807,WC-2022,M-2022-43,T-17,1,0,P-80986,74',second half,1,0
S-9808,WC-2022,M-2022-43,T-17,1,0,P-58669,74',second half,1,0
S-9809,WC-2022,M-2022-43,T-17,1,0,P-37189,74',second half,0,1
S-9810,WC-2022,M-2022-43,T-17,1,0,P-09889,74',second half,0,1
S-9811,WC-2022,M-2022-43,T-17,1,0,P-10740,90'+3',"second half, stoppage time",1,0
S-9812,WC-2022,M-2022-43,T-17,1,0,P-24978,90'+3',"second half, stoppage time",1,0
S-9813,WC-2022,M-2022-43,T-31,0,1,P-48737,90'+3',"second half, stoppage time",1,0
S-9814,WC-2022,M-2022-43,T-17,1,0,P-02556,90'+3',"second half, stoppage time",0,1
S-9815,WC-2022,M-2022-43,T-17,1,0,P-23993,90'+3',"second half, stoppage time",0,1
S-9816,WC-2022,M-2022-43,T-31,0,1,P-36126,90'+3',"second half, stoppage time",0,1
S-9817,WC-2022,M-2022-44,T-44,1,0,P-26303,46',second half,1,0
S-9818,WC-2022,M-2022-44,T-44,1,0,P-39942,46',second half,1,0
S-9819,WC-2022,M-2022-44,T-73,0,1,P-60716,46',second half,1,0
S-9820,WC-2022,M-2022-44,T-44,1,0,P-58907,46',second half,0,1
S-9821,WC-2022,M-2022-44,T-44,1,0,P-22633,46',second half,0,1
S-9822,WC-2022,M-2022-44,T-73,0,1,P-71071,46',second half,0,1
S-9823,WC-2022,M-2022-44,T-73,0,1,P-68218,57',second half,1,0
S-9824,WC-2022,M-2022-44,T-73,0,1,P-29274,57',second half,1,0
S-9825,WC-2022,M-2022-44,T-73,0,1,P-31301,57',second half,0,1
S-9826,WC-2022,M-2022-44,T-73,0,1,P-09400,57',second half,0,1
S-9827,WC-2022,M-2022-44,T-44,1,0,P-30206,62',second half,1,0
S-9828,WC-2022,M-2022-44,T-44,1,0,P-46913,62',second half,0,1
S-9829,WC-2022,M-2022-44,T-44,1,0,P-62952,68',second half,1,0
S-9830,WC-2022,M-2022-44,T-73,0,1,P-49008,68',second half,1,0
S-9831,WC-2022,M-2022-44,T-73,0,1,P-88433,68',second half,1,0
S-9832,WC-2022,M-2022-44,T-44,1,0,P-68429,68',second half,0,1
S-9833,WC-2022,M-2022-44,T-73,0,1,P-33854,68',second half,0,1
S-9834,WC-2022,M-2022-44,T-73,0,1,P-01416,68',second half,0,1
S-9835,WC-2022,M-2022-44,T-44,1,0,P-82447,87',second half,1,0
S-9836,WC-2022,M-2022-44,T-44,1,0,P-53282,87',second half,0,1
S-9837,WC-2022,M-2022-45,T-84,0,1,P-58791,34',first half,1,0
S-9838,WC-2022,M-2022-45,T-84,0,1,P-46785,34',first half,0,1
S-9839,WC-2022,M-2022-45,T-32,1,0,P-01945,46',second half,1,0
S-9840,WC-2022,M-2022-45,T-32,1,0,P-31765,46',second half,1,0
S-9841,WC-2022,M-2022-45,T-32,1,0,P-33325,46',second half,0,1
S-9842,WC-2022,M-2022-45,T-32,1,0,P-72363,46',second half,0,1
S-9843,WC-2022,M-2022-45,T-84,0,1,P-95062,66',second half,1,0
S-9844,WC-2022,M-2022-45,T-84,0,1,P-30486,66',second half,1,0
S-9845,WC-2022,M-2022-45,T-84,0,1,P-59138,66',second half,0,1
S-9846,WC-2022,M-2022-45,T-84,0,1,P-86878,66',second half,0,1
S-9847,WC-2022,M-2022-45,T-32,1,0,P-21820,72',second half,1,0
S-9848,WC-2022,M-2022-45,T-32,1,0,P-53967,72',second half,1,0
S-9849,WC-2022,M-2022-45,T-32,1,0,P-14179,72',second half,0,1
S-9850,WC-2022,M-2022-45,T-32,1,0,P-92252,72',second half,0,1
S-9851,WC-2022,M-2022-45,T-84,0,1,P-62594,80',second half,1,0
S-9852,WC-2022,M-2022-45,T-84,0,1,P-18885,80',second half,1,0
S-9853,WC-2022,M-2022-45,T-84,0,1,P-70671,80',second half,0,1
S-9854,WC-2022,M-2022-45,T-84,0,1,P-24667,80',second half,0,1
S-9855,WC-2022,M-2022-45,T-32,1,0,P-23821,90'+8',"second half, stoppage time",1,0
S-9856,WC-2022,M-2022-45,T-32,1,0,P-62854,90'+8',"second half, stoppage time",0,1
S-9857,WC-2022,M-2022-46,T-71,1,0,P-93920,65',second half,1,0
S-9858,WC-2022,M-2022-46,T-58,0,1,P-22983,65',second half,1,0
S-9859,WC-2022,M-2022-46,T-58,0,1,P-57759,65',second half,1,0
S-9860,WC-2022,M-2022-46,T-58,0,1,P-70442,65',second half,1,0
S-9861,WC-2022,M-2022-46,T-71,1,0,P-58692,65',second half,0,1
S-9862,WC-2022,M-2022-46,T-58,0,1,P-46583,65',second half,0,1
S-9863,WC-2022,M-2022-46,T-58,0,1,P-27349,65',second half,0,1
S-9864,WC-2022,M-2022-46,T-58,0,1,P-33280,65',second half,0,1
S-9865,WC-2022,M-2022-46,T-71,1,0,P-07259,81',second half,1,0
S-9866,WC-2022,M-2022-46,T-71,1,0,P-87514,81',second half,1,0
S-9867,WC-2022,M-2022-46,T-58,0,1,P-89266,81',second half,1,0
S-9868,WC-2022,M-2022-46,T-58,0,1,P-31133,81',second half,1,0
S-9869,WC-2022,M-2022-46,T-71,1,0,P-92710,81',second half,0,1
S-9870,WC-2022,M-2022-46,T-71,1,0,P-61172,81',second half,0,1
S-9871,WC-2022,M-2022-46,T-58,0,1,P-34205,81',second half,0,1
S-9872,WC-2022,M-2022-46,T-58,0,1,P-44689,81',second half,0,1
S-9873,WC-2022,M-2022-46,T-71,1,0,P-87169,90'+3',"second half, stoppage time",1,0
S-9874,WC-2022,M-2022-46,T-71,1,0,P-05917,90'+3',"second half, stoppage time",0,1
S-9875,WC-2022,M-2022-47,T-09,0,1,P-26953,54',second half,1,0
S-9876,WC-2022,M-2022-47,T-09,0,1,P-74941,54',second half,1,0
S-9877,WC-2022,M-2022-47,T-09,0,1,P-06446,54',second half,1,0
S-9878,WC-2022,M-2022-47,T-09,0,1,P-76060,54',second half,0,1
S-9879,WC-2022,M-2022-47,T-09,0,1,P-42740,54',second half,0,1
S-9880,WC-2022,M-2022-47,T-09,0,1,P-74688,54',second half,0,1
S-9881,WC-2022,M-2022-47,T-11,1,0,P-39394,64',second half,1,0
S-9882,WC-2022,M-2022-47,T-09,0,1,P-92004,64',second half,1,0
S-9883,WC-2022,M-2022-47,T-11,1,0,P-20259,64',second half,0,1
S-9884,WC-2022,M-2022-47,T-09,0,1,P-15197,64',second half,0,1
S-9885,WC-2022,M-2022-47,T-11,1,0,P-29115,68',second half,1,0
S-9886,WC-2022,M-2022-47,T-11,1,0,P-62618,68',second half,0,1
S-9887,WC-2022,M-2022-47,T-09,0,1,P-37860,79',second half,1,0
S-9888,WC-2022,M-2022-47,T-09,0,1,P-83169,79',second half,0,1
S-9889,WC-2022,M-2022-47,T-11,1,0,P-27913,86',second half,1,0
S-9890,WC-2022,M-2022-47,T-11,1,0,P-32773,86',second half,0,1
S-9891,WC-2022,M-2022-48,T-66,1,0,P-30283,55',second half,1,0
S-9892,WC-2022,M-2022-48,T-66,1,0,P-63293,55',second half,1,0
S-9893,WC-2022,M-2022-48,T-66,1,0,P-24610,55',second half,0,1
S-9894,WC-2022,M-2022-48,T-66,1,0,P-62033,55',second half,0,1
S-9895,WC-2022,M-2022-48,T-66,1,0,P-27744,68',second half,1,0
S-9896,WC-2022,M-2022-48,T-66,1,0,P-89598,68',second half,0,1
S-9897,WC-2022,M-2022-48,T-75,0,1,P-39460,69',second half,1,0
S-9898,WC-2022,M-2022-48,T-75,0,1,P-11878,69',second half,1,0
S-9899,WC-2022,M-2022-48,T-75,0,1,P-29932,69',second half,0,1
S-9900,WC-2022,M-2022-48,T-75,0,1,P-83560,69',second half,0,1
S-9901,WC-2022,M-2022-48,T-66,1,0,P-58363,78',second half,1,0
S-9902,WC-2022,M-2022-48,T-66,1,0,P-33390,78',second half,1,0
S-9903,WC-2022,M-2022-48,T-66,1,0,P-79754,78',second half,0,1
S-9904,WC-2022,M-2022-48,T-66,1,0,P-79900,78',second half,0,1
S-9905,WC-2022,M-2022-48,T-75,0,1,P-85823,83',second half,1,0
S-9906,WC-2022,M-2022-48,T-75,0,1,P-71875,83',second half,0,1
S-9907,WC-2022,M-2022-48,T-75,0,1,P-19075,90'+6',"second half, stoppage time",1,0
S-9908,WC-2022,M-2022-48,T-75,0,1,P-85577,90'+6',"second half, stoppage time",0,1
S-9909,WC-2022,M-2022-49,T-48,1,0,P-55965,46',second half,1,0
S-9910,WC-2022,M-2022-49,T-48,1,0,P-42078,46',second half,1,0
S-9911,WC-2022,M-2022-49,T-83,0,1,P-34132,46',second half,1,0
S-9912,WC-2022,M-2022-49,T-48,1,0,P-35705,46',second half,0,1
S-9913,WC-2022,M-2022-49,T-48,1,0,P-44799,46',second half,0,1
S-9914,WC-2022,M-2022-49,T-83,0,1,P-85878,46',second half,0,1
S-9915,WC-2022,M-2022-49,T-83,0,1,P-68952,67',second half,1,0
S-9916,WC-2022,M-2022-49,T-83,0,1,P-30252,67',second half,1,0
S-9917,WC-2022,M-2022-49,T-83,0,1,P-03484,67',second half,0,1
S-9918,WC-2022,M-2022-49,T-83,0,1,P-68131,67',second half,0,1
S-9919,WC-2022,M-2022-49,T-83,0,1,P-89452,75',second half,1,0
S-9920,WC-2022,M-2022-49,T-83,0,1,P-95273,75',second half,0,1
S-9921,WC-2022,M-2022-49,T-48,1,0,P-27540,83',second half,1,0
S-9922,WC-2022,M-2022-49,T-48,1,0,P-34458,83',second half,0,1
S-9923,WC-2022,M-2022-49,T-83,0,1,P-70867,90'+2',"second half, stoppage time",1,0
S-9924,WC-2022,M-2022-49,T-83,0,1,P-77402,90'+2',"second half, stoppage time",0,1
S-9925,WC-2022,M-2022-49,T-48,1,0,P-64438,90'+3',"second half, stoppage time",1,0
S-9926,WC-2022,M-2022-49,T-48,1,0,P-28911,90'+3',"second half, stoppage time",1,0
S-9927,WC-2022,M-2022-49,T-48,1,0,P-73572,90'+3',"second half, stoppage time",0,1
S-9928,WC-2022,M-2022-49,T-48,1,0,P-95036,90'+3',"second half, stoppage time",0,1
S-9929,WC-2022,M-2022-50,T-03,1,0,P-10231,50',second half,1,0
S-9930,WC-2022,M-2022-50,T-03,1,0,P-23070,50',second half,0,1
S-9931,WC-2022,M-2022-50,T-04,0,1,P-27035,58',second half,1,0
S-9932,WC-2022,M-2022-50,T-04,0,1,P-51406,58',second half,1,0
S-9933,WC-2022,M-2022-50,T-04,0,1,P-82945,58',second half,0,1
S-9934,WC-2022,M-2022-50,T-04,0,1,P-82010,58',second half,0,1
S-9935,WC-2022,M-2022-50,T-03,1,0,P-73712,71',second half,1,0
S-9936,WC-2022,M-2022-50,T-03,1,0,P-19776,71',second half,1,0
S-9937,WC-2022,M-2022-50,T-04,0,1,P-59727,71',second half,1,0
S-9938,WC-2022,M-2022-50,T-04,0,1,P-35837,71',second half,1,0
S-9939,WC-2022,M-2022-50,T-04,0,1,P-91029,71',second half,1,0
S-9940,WC-2022,M-2022-50,T-03,1,0,P-81505,71',second half,0,1
S-9941,WC-2022,M-2022-50,T-03,1,0,P-35173,71',second half,0,1
S-9942,WC-2022,M-2022-50,T-04,0,1,P-05864,71',second half,0,1
S-9943,WC-2022,M-2022-50,T-04,0,1,P-20087,71',second half,0,1
S-9944,WC-2022,M-2022-50,T-04,0,1,P-24134,71',second half,0,1
S-9945,WC-2022,M-2022-50,T-03,1,0,P-84430,80',second half,1,0
S-9946,WC-2022,M-2022-50,T-03,1,0,P-71343,80',second half,1,0
S-9947,WC-2022,M-2022-50,T-03,1,0,P-40147,80',second half,0,1
S-9948,WC-2022,M-2022-50,T-03,1,0,P-91431,80',second half,0,1
S-9949,WC-2022,M-2022-51,T-57,0,1,P-65512,64',second half,1,0
S-9950,WC-2022,M-2022-51,T-57,0,1,P-12381,64',second half,0,1
S-9951,WC-2022,M-2022-51,T-30,1,0,P-54517,66',second half,1,0
S-9952,WC-2022,M-2022-51,T-30,1,0,P-23304,66',second half,0,1
S-9953,WC-2022,M-2022-51,T-57,0,1,P-45449,71',second half,1,0
S-9954,WC-2022,M-2022-51,T-57,0,1,P-83610,71',second half,1,0
S-9955,WC-2022,M-2022-51,T-57,0,1,P-40498,71',second half,0,1
S-9956,WC-2022,M-2022-51,T-57,0,1,P-14593,71',second half,0,1
S-9957,WC-2022,M-2022-51,T-30,1,0,P-97778,76',second half,1,0
S-9958,WC-2022,M-2022-51,T-30,1,0,P-89750,76',second half,1,0
S-9959,WC-2022,M-2022-51,T-30,1,0,P-06614,76',second half,0,1
S-9960,WC-2022,M-2022-51,T-30,1,0,P-13613,76',second half,0,1
S-9961,WC-2022,M-2022-51,T-57,0,1,P-44780,87',second half,1,0
S-9962,WC-2022,M-2022-51,T-57,0,1,P-23437,87',second half,1,0
S-9963,WC-2022,M-2022-51,T-57,0,1,P-10172,87',second half,0,1
S-9964,WC-2022,M-2022-51,T-57,0,1,P-64261,87',second half,0,1
S-9965,WC-2022,M-2022-51,T-30,1,0,P-78484,90'+2',"second half, stoppage time",1,0
S-9966,WC-2022,M-2022-51,T-30,1,0,P-91324,90'+2',"second half, stoppage time",0,1
S-9967,WC-2022,M-2022-52,T-65,0,1,P-61416,46',second half,1,0
S-9968,WC-2022,M-2022-52,T-65,0,1,P-09292,46',second half,1,0
S-9969,WC-2022,M-2022-52,T-65,0,1,P-33958,46',second half,1,0
S-9970,WC-2022,M-2022-52,T-65,0,1,P-76835,46',second half,0,1
S-9971,WC-2022,M-2022-52,T-65,0,1,P-88928,46',second half,0,1
S-9972,WC-2022,M-2022-52,T-65,0,1,P-45280,46',second half,0,1
S-9973,WC-2022,M-2022-52,T-28,1,0,P-76842,65',second half,1,0
S-9974,WC-2022,M-2022-52,T-28,1,0,P-10501,65',second half,1,0
S-9975,WC-2022,M-2022-52,T-28,1,0,P-59837,65',second half,0,1
S-9976,WC-2022,M-2022-52,T-28,1,0,P-21153,65',second half,0,1
S-9977,WC-2022,M-2022-52,T-65,0,1,P-33622,72',second half,1,0
S-9978,WC-2022,M-2022-52,T-65,0,1,P-27280,72',second half,0,1
S-9979,WC-2022,M-2022-52,T-28,1,0,P-92628,76',second half,1,0
S-9980,WC-2022,M-2022-52,T-28,1,0,P-15674,76',second half,1,0
S-9981,WC-2022,M-2022-52,T-28,1,0,P-90012,76',second half,0,1
S-9982,WC-2022,M-2022-52,T-28,1,0,P-31219,76',second half,0,1
S-9983,WC-2022,M-2022-52,T-28,1,0,P-08169,82',second half,1,0
S-9984,WC-2022,M-2022-52,T-28,1,0,P-43567,82',second half,0,1
S-9985,WC-2022,M-2022-52,T-65,0,1,P-54506,84',second half,1,0
S-9986,WC-2022,M-2022-52,T-65,0,1,P-86095,84',second half,0,1
S-9987,WC-2022,M-2022-53,T-18,0,1,P-46461,62',second half,1,0
S-9988,WC-2022,M-2022-53,T-18,0,1,P-99461,62',second half,0,1
S-9989,WC-2022,M-2022-53,T-44,1,0,P-26303,64',second half,1,0
S-9990,WC-2022,M-2022-53,T-44,1,0,P-30206,64',second half,1,0
S-9991,WC-2022,M-2022-53,T-44,1,0,P-22633,64',second half,0,1
S-9992,WC-2022,M-2022-53,T-44,1,0,P-46913,64',second half,0,1
S-9993,WC-2022,M-2022-53,T-18,0,1,P-65182,68',second half,1,0
S-9994,WC-2022,M-2022-53,T-18,0,1,P-89948,68',second half,0,1
S-9995,WC-2022,M-2022-53,T-44,1,0,P-62952,75',second half,1,0
S-9996,WC-2022,M-2022-53,T-44,1,0,P-56398,75',second half,0,1
S-9997,WC-2022,M-2022-53,T-44,1,0,P-58907,87',second half,1,0
S-9998,WC-2022,M-2022-53,T-44,1,0,P-05559,87',second half,0,1
S-9999,WC-2022,M-2022-53,T-18,0,1,P-29491,99',"extra time, first half",1,0
S-10000,WC-2022,M-2022-53,T-18,0,1,P-07670,99',"extra time, first half",1,0
S-10001,WC-2022,M-2022-53,T-18,0,1,P-22160,99',"extra time, first half",0,1
S-10002,WC-2022,M-2022-53,T-18,0,1,P-64353,99',"extra time, first half",0,1
S-10003,WC-2022,M-2022-53,T-44,1,0,P-75751,106',"extra time, second half",1,0
S-10004,WC-2022,M-2022-53,T-18,0,1,P-93884,106',"extra time, second half",1,0
S-10005,WC-2022,M-2022-53,T-18,0,1,P-99461,106',"extra time, second half",1,0
S-10006,WC-2022,M-2022-53,T-44,1,0,P-82447,106',"extra time, second half",0,1
S-10007,WC-2022,M-2022-53,T-18,0,1,P-31643,106',"extra time, second half",0,1
S-10008,WC-2022,M-2022-53,T-18,0,1,P-26942,106',"extra time, second half",0,1
S-10009,WC-2022,M-2022-54,T-71,0,1,P-82889,46',second half,1,0
S-10010,WC-2022,M-2022-54,T-71,0,1,P-64292,46',second half,1,0
S-10011,WC-2022,M-2022-54,T-71,0,1,P-91889,46',second half,0,1
S-10012,WC-2022,M-2022-54,T-71,0,1,P-61172,46',second half,0,1
S-10013,WC-2022,M-2022-54,T-09,1,0,P-55590,63',second half,1,0
S-10014,WC-2022,M-2022-54,T-09,1,0,P-09441,63',second half,0,1
S-10015,WC-2022,M-2022-54,T-71,0,1,P-67516,65',second half,1,0
S-10016,WC-2022,M-2022-54,T-71,0,1,P-32599,65',second half,0,1
S-10017,WC-2022,M-2022-54,T-09,1,0,P-40137,72',second half,1,0
S-10018,WC-2022,M-2022-54,T-09,1,0,P-92812,72',second half,1,0
S-10019,WC-2022,M-2022-54,T-09,1,0,P-70483,72',second half,0,1
S-10020,WC-2022,M-2022-54,T-09,1,0,P-14060,72',second half,0,1
S-10021,WC-2022,M-2022-54,T-71,0,1,P-93920,74',second half,1,0
S-10022,WC-2022,M-2022-54,T-71,0,1,P-87514,74',second half,0,1
S-10023,WC-2022,M-2022-54,T-09,1,0,P-21531,80',second half,1,0
S-10024,WC-2022,M-2022-54,T-09,1,0,P-87008,80',second half,1,0
S-10025,WC-2022,M-2022-54,T-71,0,1,P-87169,80',second half,1,0
S-10026,WC-2022,M-2022-54,T-09,1,0,P-66020,80',second half,0,1
S-10027,WC-2022,M-2022-54,T-09,1,0,P-06446,80',second half,0,1
S-10028,WC-2022,M-2022-54,T-71,0,1,P-92710,80',second half,0,1
S-10029,WC-2022,M-2022-55,T-73,0,1,P-88433,63',second half,1,0
S-10030,WC-2022,M-2022-55,T-73,0,1,P-09400,63',second half,1,0
S-10031,WC-2022,M-2022-55,T-73,0,1,P-29274,63',second half,0,1
S-10032,WC-2022,M-2022-55,T-73,0,1,P-30405,63',second half,0,1
S-10033,WC-2022,M-2022-55,T-47,1,0,P-59033,66',second half,1,0
S-10034,WC-2022,M-2022-55,T-47,1,0,P-21052,66',second half,0,1
S-10035,WC-2022,M-2022-55,T-73,0,1,P-31301,75',second half,1,0
S-10036,WC-2022,M-2022-55,T-73,0,1,P-68218,75',second half,0,1
S-10037,WC-2022,M-2022-55,T-47,1,0,P-09614,82',second half,1,0
S-10038,WC-2022,M-2022-55,T-47,1,0,P-23330,82',second half,1,0
S-10039,WC-2022,M-2022-55,T-47,1,0,P-42517,82',second half,1,0
S-10040,WC-2022,M-2022-55,T-47,1,0,P-05265,82',second half,0,1
S-10041,WC-2022,M-2022-55,T-47,1,0,P-05216,82',second half,0,1
S-10042,WC-2022,M-2022-55,T-47,1,0,P-91543,82',second half,0,1
S-10043,WC-2022,M-2022-55,T-47,1,0,P-47490,84',second half,1,0
S-10044,WC-2022,M-2022-55,T-47,1,0,P-14026,84',second half,0,1
S-10045,WC-2022,M-2022-55,T-73,0,1,P-01416,98',"extra time, first half",1,0
S-10046,WC-2022,M-2022-55,T-73,0,1,P-40007,98',"extra time, first half",1,0
S-10047,WC-2022,M-2022-55,T-73,0,1,P-49008,98',"extra time, first half",0,1
S-10048,WC-2022,M-2022-55,T-73,0,1,P-33854,98',"extra time, first half",0,1
S-10049,WC-2022,M-2022-55,T-73,0,1,P-68218,118',"extra time, second half",1,0
S-10050,WC-2022,M-2022-55,T-73,0,1,P-81427,118',"extra time, second half",0,1
S-10051,WC-2022,M-2022-55,T-47,1,0,P-40619,120',"extra time, second half",1,0
S-10052,WC-2022,M-2022-55,T-47,1,0,P-00597,120',"extra time, second half",0,1
S-10053,WC-2022,M-2022-56,T-75,0,1,P-25131,46',second half,1,0
S-10054,WC-2022,M-2022-56,T-75,0,1,P-56868,46',second half,0,1
S-10055,WC-2022,M-2022-56,T-75,0,1,P-11878,54',second half,1,0
S-10056,WC-2022,M-2022-56,T-75,0,1,P-68060,54',second half,1,0
S-10057,WC-2022,M-2022-56,T-75,0,1,P-83560,54',second half,0,1
S-10058,WC-2022,M-2022-56,T-75,0,1,P-07180,54',second half,0,1
S-10059,WC-2022,M-2022-56,T-75,0,1,P-85823,66',second half,1,0
S-10060,WC-2022,M-2022-56,T-75,0,1,P-85577,66',second half,0,1
S-10061,WC-2022,M-2022-56,T-58,1,0,P-78787,74',second half,1,0
S-10062,WC-2022,M-2022-56,T-58,1,0,P-41647,74',second half,1,0
S-10063,WC-2022,M-2022-56,T-58,1,0,P-17931,74',second half,1,0
S-10064,WC-2022,M-2022-56,T-58,1,0,P-05304,74',second half,0,1
S-10065,WC-2022,M-2022-56,T-58,1,0,P-89266,74',second half,0,1
S-10066,WC-2022,M-2022-56,T-58,1,0,P-70442,74',second half,0,1
S-10067,WC-2022,M-2022-56,T-58,1,0,P-34205,81',second half,1,0
S-10068,WC-2022,M-2022-56,T-58,1,0,P-22983,81',second half,0,1
S-10069,WC-2022,M-2022-56,T-58,1,0,P-39584,87',second half,1,0
S-10070,WC-2022,M-2022-56,T-58,1,0,P-27349,87',second half,0,1
S-10071,WC-2022,M-2022-56,T-75,0,1,P-19075,89',second half,1,0
S-10072,WC-2022,M-2022-56,T-75,0,1,P-17496,89',second half,0,1
S-10073,WC-2022,M-2022-57,T-09,0,1,P-83169,56',second half,1,0
S-10074,WC-2022,M-2022-57,T-09,0,1,P-37860,56',second half,0,1
S-10075,WC-2022,M-2022-57,T-09,0,1,P-92812,64',second half,1,0
S-10076,WC-2022,M-2022-57,T-09,0,1,P-06446,64',second half,0,1
S-10077,WC-2022,M-2022-57,T-18,1,0,P-89948,72',second half,1,0
S-10078,WC-2022,M-2022-57,T-18,1,0,P-65182,72',second half,1,0
S-10079,WC-2022,M-2022-57,T-18,1,0,P-46461,72',second half,0,1
S-10080,WC-2022,M-2022-57,T-18,1,0,P-22160,72',second half,0,1
S-10081,WC-2022,M-2022-57,T-09,0,1,P-68016,84',second half,1,0
S-10082,WC-2022,M-2022-57,T-09,0,1,P-15197,84',second half,0,1
S-10083,WC-2022,M-2022-57,T-18,1,0,P-07670,106',"extra time, second half",1,0
S-10084,WC-2022,M-2022-57,T-09,0,1,P-55590,106',"extra time, second half",1,0
S-10085,WC-2022,M-2022-57,T-09,0,1,P-05164,106',"extra time, second half",1,0
S-10086,WC-2022,M-2022-57,T-18,1,0,P-64353,106',"extra time, second half",0,1
S-10087,WC-2022,M-2022-57,T-09,0,1,P-97698,106',"extra time, second half",0,1
S-10088,WC-2022,M-2022-57,T-09,0,1,P-74941,106',"extra time, second half",0,1
S-10089,WC-2022,M-2022-57,T-18,1,0,P-84190,110',"extra time, second half",1,0
S-10090,WC-2022,M-2022-57,T-18,1,0,P-99461,110',"extra time, second half",0,1
S-10091,WC-2022,M-2022-57,T-18,1,0,P-79215,114',"extra time, second half",1,0
S-10092,WC-2022,M-2022-57,T-18,1,0,P-26942,114',"extra time, second half",0,1
S-10093,WC-2022,M-2022-58,T-48,1,0,P-55965,46',second half,1,0
S-10094,WC-2022,M-2022-58,T-48,1,0,P-44799,46',second half,1,0
S-10095,WC-2022,M-2022-58,T-48,1,0,P-10326,46',second half,0,1
S-10096,WC-2022,M-2022-58,T-48,1,0,P-35705,46',second half,0,1
S-10097,WC-2022,M-2022-58,T-48,1,0,P-39861,64',second half,1,0
S-10098,WC-2022,M-2022-58,T-48,1,0,P-64551,64',second half,0,1
S-10099,WC-2022,M-2022-58,T-03,0,1,P-37314,67',second half,1,0
S-10100,WC-2022,M-2022-58,T-03,0,1,P-27582,67',second half,0,1
S-10101,WC-2022,M-2022-58,T-48,1,0,P-27540,78',second half,1,0
S-10102,WC-2022,M-2022-58,T-03,0,1,P-79650,78',second half,1,0
S-10103,WC-2022,M-2022-58,T-03,0,1,P-73712,78',second half,1,0
S-10104,WC-2022,M-2022-58,T-48,1,0,P-95036,78',second half,0,1
S-10105,WC-2022,M-2022-58,T-03,0,1,P-35173,78',second half,0,1
S-10106,WC-2022,M-2022-58,T-03,0,1,P-29298,78',second half,0,1
S-10107,WC-2022,M-2022-58,T-03,0,1,P-19776,82',second half,1,0
S-10108,WC-2022,M-2022-58,T-03,0,1,P-81505,82',second half,0,1
S-10109,WC-2022,M-2022-58,T-03,0,1,P-84430,106',"extra time, second half",1,0
S-10110,WC-2022,M-2022-58,T-03,0,1,P-91431,106',"extra time, second half",0,1
S-10111,WC-2022,M-2022-58,T-03,0,1,P-23070,112',"extra time, second half",1,0
S-10112,WC-2022,M-2022-58,T-03,0,1,P-42113,112',"extra time, second half",0,1
S-10113,WC-2022,M-2022-58,T-48,1,0,P-28911,113',"extra time, second half",1,0
S-10114,WC-2022,M-2022-58,T-48,1,0,P-57903,113',"extra time, second half",0,1
S-10115,WC-2022,M-2022-59,T-58,0,1,P-67578,51',second half,1,0
S-10116,WC-2022,M-2022-59,T-58,0,1,P-22983,51',second half,1,0
S-10117,WC-2022,M-2022-59,T-58,0,1,P-16736,51',second half,0,1
S-10118,WC-2022,M-2022-59,T-58,0,1,P-70442,51',second half,0,1
S-10119,WC-2022,M-2022-59,T-47,1,0,P-26068,57',second half,1,0
S-10120,WC-2022,M-2022-59,T-47,1,0,P-52013,57',second half,0,1
S-10121,WC-2022,M-2022-59,T-47,1,0,P-23330,65',second half,1,0
S-10122,WC-2022,M-2022-59,T-47,1,0,P-42517,65',second half,1,0
S-10123,WC-2022,M-2022-59,T-47,1,0,P-05216,65',second half,0,1
S-10124,WC-2022,M-2022-59,T-47,1,0,P-00597,65',second half,0,1
S-10125,WC-2022,M-2022-59,T-58,0,1,P-78787,69',second half,1,0
S-10126,WC-2022,M-2022-59,T-58,0,1,P-41647,69',second half,1,0
S-10127,WC-2022,M-2022-59,T-58,0,1,P-27349,69',second half,0,1
S-10128,WC-2022,M-2022-59,T-58,0,1,P-89266,69',second half,0,1
S-10129,WC-2022,M-2022-59,T-58,0,1,P-41603,79',second half,1,0
S-10130,WC-2022,M-2022-59,T-58,0,1,P-05304,79',second half,0,1
S-10131,WC-2022,M-2022-59,T-47,1,0,P-70715,82',second half,1,0
S-10132,WC-2022,M-2022-59,T-47,1,0,P-59033,82',second half,1,0
S-10133,WC-2022,M-2022-59,T-47,1,0,P-48295,82',second half,0,1
S-10134,WC-2022,M-2022-59,T-47,1,0,P-86644,82',second half,0,1
S-10135,WC-2022,M-2022-60,T-28,1,0,P-08169,79',second half,1,0
S-10136,WC-2022,M-2022-60,T-28,1,0,P-76842,79',second half,1,0
S-10137,WC-2022,M-2022-60,T-30,0,1,P-97778,79',second half,1,0
S-10138,WC-2022,M-2022-60,T-28,1,0,P-90012,79',second half,0,1
S-10139,WC-2022,M-2022-60,T-28,1,0,P-21553,79',second half,0,1
S-10140,WC-2022,M-2022-60,T-30,0,1,P-06614,79',second half,0,1
S-10141,WC-2022,M-2022-60,T-28,1,0,P-10501,85',second half,1,0
S-10142,WC-2022,M-2022-60,T-28,1,0,P-59837,85',second half,0,1
S-10143,WC-2022,M-2022-60,T-28,1,0,P-92628,90'+8',"second half, stoppage time",1,0
S-10144,WC-2022,M-2022-60,T-28,1,0,P-21153,90'+8',"second half, stoppage time",0,1
S-10145,WC-2022,M-2022-61,T-18,0,1,P-84190,46',second half,1,0
S-10146,WC-2022,M-2022-61,T-18,0,1,P-89948,46',second half,1,0
S-10147,WC-2022,M-2022-61,T-18,0,1,P-26942,46',second half,0,1
S-10148,WC-2022,M-2022-61,T-18,0,1,P-22160,46',second half,0,1
S-10149,WC-2022,M-2022-61,T-18,0,1,P-79215,50',second half,1,0
S-10150,WC-2022,M-2022-61,T-18,0,1,P-46461,50',second half,0,1
S-10151,WC-2022,M-2022-61,T-03,1,0,P-27582,62',second half,1,0
S-10152,WC-2022,M-2022-61,T-03,1,0,P-23070,62',second half,0,1
S-10153,WC-2022,M-2022-61,T-18,0,1,P-65182,72',second half,1,0
S-10154,WC-2022,M-2022-61,T-18,0,1,P-31643,72',second half,0,1
S-10155,WC-2022,M-2022-61,T-03,1,0,P-37314,74',second half,1,0
S-10156,WC-2022,M-2022-61,T-03,1,0,P-19776,74',second half,1,0
S-10157,WC-2022,M-2022-61,T-03,1,0,P-40147,74',second half,0,1
S-10158,WC-2022,M-2022-61,T-03,1,0,P-28151,74',second half,0,1
S-10159,WC-2022,M-2022-61,T-18,0,1,P-29491,81',second half,1,0
S-10160,WC-2022,M-2022-61,T-18,0,1,P-64353,81',second half,0,1
S-10161,WC-2022,M-2022-61,T-03,1,0,P-84430,86',second half,1,0
S-10162,WC-2022,M-2022-61,T-03,1,0,P-71343,86',second half,1,0
S-10163,WC-2022,M-2022-61,T-03,1,0,P-92353,86',second half,0,1
S-10164,WC-2022,M-2022-61,T-03,1,0,P-00652,86',second half,0,1
S-10165,WC-2022,M-2022-62,T-47,0,1,P-26068,21',first half,1,0
S-10166,WC-2022,M-2022-62,T-47,0,1,P-23330,21',first half,0,1
S-10167,WC-2022,M-2022-62,T-47,0,1,P-09614,46',second half,1,0
S-10168,WC-2022,M-2022-62,T-47,0,1,P-91543,46',second half,0,1
S-10169,WC-2022,M-2022-62,T-30,1,0,P-89750,65',second half,1,0
S-10170,WC-2022,M-2022-62,T-30,1,0,P-13613,65',second half,0,1
S-10171,WC-2022,M-2022-62,T-47,0,1,P-59033,66',second half,1,0
S-10172,WC-2022,M-2022-62,T-47,0,1,P-42517,66',second half,1,0
S-10173,WC-2022,M-2022-62,T-47,0,1,P-90423,66',second half,0,1
S-10174,WC-2022,M-2022-62,T-47,0,1,P-48295,66',second half,0,1
S-10175,WC-2022,M-2022-62,T-30,1,0,P-97778,78',second half,1,0
S-10176,WC-2022,M-2022-62,T-47,0,1,P-23330,78',second half,1,0
S-10177,WC-2022,M-2022-62,T-30,1,0,P-92987,78',second half,0,1
S-10178,WC-2022,M-2022-62,T-47,0,1,P-21052,78',second half,0,1
S-10179,WC-2022,M-2022-63,T-47,0,1,P-05265,46',second half,1,0
S-10180,WC-2022,M-2022-63,T-47,0,1,P-87409,46',second half,0,1
S-10181,WC-2022,M-2022-63,T-47,0,1,P-80656,56',second half,1,0
S-10182,WC-2022,M-2022-63,T-47,0,1,P-40619,56',second half,0,1
S-10183,WC-2022,M-2022-63,T-18,1,0,P-65182,61',second half,1,0
S-10184,WC-2022,M-2022-63,T-18,1,0,P-22160,61',second half,0,1
S-10185,WC-2022,M-2022-63,T-47,0,1,P-52013,64',second half,1,0
S-10186,WC-2022,M-2022-63,T-47,0,1,P-59033,64',second half,1,0
S-10187,WC-2022,M-2022-63,T-47,0,1,P-94093,64',second half,0,1
S-10188,WC-2022,M-2022-63,T-47,0,1,P-00597,64',second half,0,1
S-10189,WC-2022,M-2022-63,T-18,1,0,P-64353,66',second half,1,0
S-10190,WC-2022,M-2022-63,T-18,1,0,P-31643,66',second half,1,0
S-10191,WC-2022,M-2022-63,T-47,0,1,P-14026,66',second half,1,0
S-10192,WC-2022,M-2022-63,T-18,1,0,P-46461,66',second half,0,1
S-10193,WC-2022,M-2022-63,T-18,1,0,P-89948,66',second half,0,1
S-10194,WC-2022,M-2022-63,T-47,0,1,P-23330,66',second half,0,1
S-10195,WC-2022,M-2022-63,T-18,1,0,P-26942,90'+5',"second half, stoppage time",1,0
S-10196,WC-2022,M-2022-63,T-18,1,0,P-86466,90'+5',"second half, stoppage time",0,1
S-10197,WC-2022,M-2022-64,T-30,0,1,P-97778,41',first half,1,0
S-10198,WC-2022,M-2022-64,T-30,0,1,P-89750,41',first half,1,0
S-10199,WC-2022,M-2022-64,T-30,0,1,P-92987,41',first half,0,1
S-10200,WC-2022,M-2022-64,T-30,0,1,P-13613,41',first half,0,1
S-10201,WC-2022,M-2022-64,T-03,1,0,P-42113,64',second half,1,0
S-10202,WC-2022,M-2022-64,T-03,1,0,P-73712,64',second half,0,1
S-10203,WC-2022,M-2022-64,T-30,0,1,P-09867,71',second half,1,0
S-10204,WC-2022,M-2022-64,T-30,0,1,P-90908,71',second half,1,0
S-10205,WC-2022,M-2022-64,T-30,0,1,P-06614,71',second half,0,1
S-10206,WC-2022,M-2022-64,T-30,0,1,P-80996,71',second half,0,1
S-10207,WC-2022,M-2022-64,T-03,1,0,P-84430,91',"extra time, first half",1,0
S-10208,WC-2022,M-2022-64,T-03,1,0,P-91431,91',"extra time, first half",0,1
S-10209,WC-2022,M-2022-64,T-30,0,1,P-57401,96',"extra time, first half",1,0
S-10210,WC-2022,M-2022-64,T-30,0,1,P-23304,96',"extra time, first half",0,1
S-10211,WC-2022,M-2022-64,T-03,1,0,P-37314,102',"extra time, first half",1,0
S-10212,WC-2022,M-2022-64,T-03,1,0,P-19776,102',"extra time, first half",1,0
S-10213,WC-2022,M-2022-64,T-03,1,0,P-27582,102',"extra time, first half",0,1
S-10214,WC-2022,M-2022-64,T-03,1,0,P-81505,102',"extra time, first half",0,1
S-10215,WC-2022,M-2022-64,T-30,0,1,P-42326,113',"extra time, second half",1,0
S-10216,WC-2022,M-2022-64,T-30,0,1,P-86920,113',"extra time, second half",0,1
S-10217,WC-2022,M-2022-64,T-03,1,0,P-71343,116',"extra time, second half",1,0
S-10218,WC-2022,M-2022-64,T-03,1,0,P-29298,116',"extra time, second half",0,1
S-10219,WC-2022,M-2022-64,T-03,1,0,P-35173,120'+1',"extra time, second half, stoppage time",1,0
S-10220,WC-2022,M-2022-64,T-30,0,1,P-78484,120'+1',"extra time, second half, stoppage time",1,0
S-10221,WC-2022,M-2022-64,T-03,1,0,P-28151,120'+1',"extra time, second half, stoppage time",0,1
S-10222,WC-2022,M-2022-64,T-30,0,1,P-91324,120'+1',"extra time, second half, stoppage time",0,1
